// Generated from GNU Unifont 16x16 BDF.
// Unifont is distributed under GPLv2-or-later and SIL OFL terms with the font embedding exception.
#pragma once
#include <array>
#include <cstddef>
#include <cstdint>

namespace thermal_terminal::unifont_data {
struct Glyph { std::uint16_t codepoint; std::array<std::uint16_t,16> rows; };
inline constexpr Glyph kGlyphs[] = {
  {32, {0x0000, 0x0000, 0x0000, 0x0000, 0x0000, 0x0000, 0x0000, 0x0000, 0x0000, 0x0000, 0x0000, 0x0000, 0x0000, 0x0000, 0x0000, 0x0000}},
  {33, {0x0000, 0x0000, 0x0000, 0x0000, 0x0008, 0x0008, 0x0008, 0x0008, 0x0008, 0x0008, 0x0008, 0x0000, 0x0008, 0x0008, 0x0000, 0x0000}},
  {34, {0x0000, 0x0000, 0x0022, 0x0022, 0x0022, 0x0022, 0x0000, 0x0000, 0x0000, 0x0000, 0x0000, 0x0000, 0x0000, 0x0000, 0x0000, 0x0000}},
  {35, {0x0000, 0x0000, 0x0000, 0x0000, 0x0012, 0x0012, 0x0012, 0x007E, 0x0024, 0x0024, 0x007E, 0x0048, 0x0048, 0x0048, 0x0000, 0x0000}},
  {36, {0x0000, 0x0000, 0x0000, 0x0000, 0x0008, 0x003E, 0x0049, 0x0048, 0x0038, 0x000E, 0x0009, 0x0049, 0x003E, 0x0008, 0x0000, 0x0000}},
  {37, {0x0000, 0x0000, 0x0000, 0x0000, 0x0031, 0x004A, 0x004A, 0x0034, 0x0008, 0x0008, 0x0016, 0x0029, 0x0029, 0x0046, 0x0000, 0x0000}},
  {38, {0x0000, 0x0000, 0x0000, 0x0000, 0x001C, 0x0022, 0x0022, 0x0014, 0x0018, 0x0029, 0x0045, 0x0042, 0x0046, 0x0039, 0x0000, 0x0000}},
  {39, {0x0000, 0x0000, 0x0008, 0x0008, 0x0008, 0x0008, 0x0000, 0x0000, 0x0000, 0x0000, 0x0000, 0x0000, 0x0000, 0x0000, 0x0000, 0x0000}},
  {40, {0x0000, 0x0000, 0x0000, 0x0004, 0x0008, 0x0008, 0x0010, 0x0010, 0x0010, 0x0010, 0x0010, 0x0010, 0x0008, 0x0008, 0x0004, 0x0000}},
  {41, {0x0000, 0x0000, 0x0000, 0x0020, 0x0010, 0x0010, 0x0008, 0x0008, 0x0008, 0x0008, 0x0008, 0x0008, 0x0010, 0x0010, 0x0020, 0x0000}},
  {42, {0x0000, 0x0000, 0x0000, 0x0000, 0x0000, 0x0000, 0x0008, 0x0049, 0x002A, 0x001C, 0x002A, 0x0049, 0x0008, 0x0000, 0x0000, 0x0000}},
  {43, {0x0000, 0x0000, 0x0000, 0x0000, 0x0000, 0x0000, 0x0008, 0x0008, 0x0008, 0x007F, 0x0008, 0x0008, 0x0008, 0x0000, 0x0000, 0x0000}},
  {44, {0x0000, 0x0000, 0x0000, 0x0000, 0x0000, 0x0000, 0x0000, 0x0000, 0x0000, 0x0000, 0x0000, 0x0000, 0x0018, 0x0008, 0x0008, 0x0010}},
  {45, {0x0000, 0x0000, 0x0000, 0x0000, 0x0000, 0x0000, 0x0000, 0x0000, 0x0000, 0x003C, 0x0000, 0x0000, 0x0000, 0x0000, 0x0000, 0x0000}},
  {46, {0x0000, 0x0000, 0x0000, 0x0000, 0x0000, 0x0000, 0x0000, 0x0000, 0x0000, 0x0000, 0x0000, 0x0000, 0x0018, 0x0018, 0x0000, 0x0000}},
  {47, {0x0000, 0x0000, 0x0000, 0x0000, 0x0002, 0x0002, 0x0004, 0x0008, 0x0008, 0x0010, 0x0010, 0x0020, 0x0040, 0x0040, 0x0000, 0x0000}},
  {48, {0x0000, 0x0000, 0x0000, 0x0000, 0x0018, 0x0024, 0x0042, 0x0046, 0x004A, 0x0052, 0x0062, 0x0042, 0x0024, 0x0018, 0x0000, 0x0000}},
  {49, {0x0000, 0x0000, 0x0000, 0x0000, 0x0008, 0x0018, 0x0028, 0x0008, 0x0008, 0x0008, 0x0008, 0x0008, 0x0008, 0x003E, 0x0000, 0x0000}},
  {50, {0x0000, 0x0000, 0x0000, 0x0000, 0x003C, 0x0042, 0x0042, 0x0002, 0x000C, 0x0010, 0x0020, 0x0040, 0x0040, 0x007E, 0x0000, 0x0000}},
  {51, {0x0000, 0x0000, 0x0000, 0x0000, 0x003C, 0x0042, 0x0042, 0x0002, 0x001C, 0x0002, 0x0002, 0x0042, 0x0042, 0x003C, 0x0000, 0x0000}},
  {52, {0x0000, 0x0000, 0x0000, 0x0000, 0x0004, 0x000C, 0x0014, 0x0024, 0x0044, 0x0044, 0x007E, 0x0004, 0x0004, 0x0004, 0x0000, 0x0000}},
  {53, {0x0000, 0x0000, 0x0000, 0x0000, 0x007E, 0x0040, 0x0040, 0x0040, 0x007C, 0x0002, 0x0002, 0x0002, 0x0042, 0x003C, 0x0000, 0x0000}},
  {54, {0x0000, 0x0000, 0x0000, 0x0000, 0x001C, 0x0020, 0x0040, 0x0040, 0x007C, 0x0042, 0x0042, 0x0042, 0x0042, 0x003C, 0x0000, 0x0000}},
  {55, {0x0000, 0x0000, 0x0000, 0x0000, 0x007E, 0x0002, 0x0002, 0x0004, 0x0004, 0x0004, 0x0008, 0x0008, 0x0008, 0x0008, 0x0000, 0x0000}},
  {56, {0x0000, 0x0000, 0x0000, 0x0000, 0x003C, 0x0042, 0x0042, 0x0042, 0x003C, 0x0042, 0x0042, 0x0042, 0x0042, 0x003C, 0x0000, 0x0000}},
  {57, {0x0000, 0x0000, 0x0000, 0x0000, 0x003C, 0x0042, 0x0042, 0x0042, 0x003E, 0x0002, 0x0002, 0x0002, 0x0004, 0x0038, 0x0000, 0x0000}},
  {58, {0x0000, 0x0000, 0x0000, 0x0000, 0x0000, 0x0000, 0x0018, 0x0018, 0x0000, 0x0000, 0x0000, 0x0018, 0x0018, 0x0000, 0x0000, 0x0000}},
  {59, {0x0000, 0x0000, 0x0000, 0x0000, 0x0000, 0x0000, 0x0018, 0x0018, 0x0000, 0x0000, 0x0000, 0x0018, 0x0008, 0x0008, 0x0010, 0x0000}},
  {60, {0x0000, 0x0000, 0x0000, 0x0000, 0x0000, 0x0002, 0x0004, 0x0008, 0x0010, 0x0020, 0x0010, 0x0008, 0x0004, 0x0002, 0x0000, 0x0000}},
  {61, {0x0000, 0x0000, 0x0000, 0x0000, 0x0000, 0x0000, 0x0000, 0x007E, 0x0000, 0x0000, 0x0000, 0x007E, 0x0000, 0x0000, 0x0000, 0x0000}},
  {62, {0x0000, 0x0000, 0x0000, 0x0000, 0x0000, 0x0040, 0x0020, 0x0010, 0x0008, 0x0004, 0x0008, 0x0010, 0x0020, 0x0040, 0x0000, 0x0000}},
  {63, {0x0000, 0x0000, 0x0000, 0x0000, 0x003C, 0x0042, 0x0042, 0x0002, 0x0004, 0x0008, 0x0008, 0x0000, 0x0008, 0x0008, 0x0000, 0x0000}},
  {64, {0x0000, 0x0000, 0x0000, 0x0000, 0x001C, 0x0022, 0x004A, 0x0056, 0x0052, 0x0052, 0x0052, 0x004E, 0x0020, 0x001E, 0x0000, 0x0000}},
  {65, {0x0000, 0x0000, 0x0000, 0x0000, 0x0018, 0x0024, 0x0024, 0x0042, 0x0042, 0x007E, 0x0042, 0x0042, 0x0042, 0x0042, 0x0000, 0x0000}},
  {66, {0x0000, 0x0000, 0x0000, 0x0000, 0x007C, 0x0042, 0x0042, 0x0042, 0x007C, 0x0042, 0x0042, 0x0042, 0x0042, 0x007C, 0x0000, 0x0000}},
  {67, {0x0000, 0x0000, 0x0000, 0x0000, 0x003C, 0x0042, 0x0042, 0x0040, 0x0040, 0x0040, 0x0040, 0x0042, 0x0042, 0x003C, 0x0000, 0x0000}},
  {68, {0x0000, 0x0000, 0x0000, 0x0000, 0x0078, 0x0044, 0x0042, 0x0042, 0x0042, 0x0042, 0x0042, 0x0042, 0x0044, 0x0078, 0x0000, 0x0000}},
  {69, {0x0000, 0x0000, 0x0000, 0x0000, 0x007E, 0x0040, 0x0040, 0x0040, 0x007C, 0x0040, 0x0040, 0x0040, 0x0040, 0x007E, 0x0000, 0x0000}},
  {70, {0x0000, 0x0000, 0x0000, 0x0000, 0x007E, 0x0040, 0x0040, 0x0040, 0x007C, 0x0040, 0x0040, 0x0040, 0x0040, 0x0040, 0x0000, 0x0000}},
  {71, {0x0000, 0x0000, 0x0000, 0x0000, 0x003C, 0x0042, 0x0042, 0x0040, 0x0040, 0x004E, 0x0042, 0x0042, 0x0046, 0x003A, 0x0000, 0x0000}},
  {72, {0x0000, 0x0000, 0x0000, 0x0000, 0x0042, 0x0042, 0x0042, 0x0042, 0x007E, 0x0042, 0x0042, 0x0042, 0x0042, 0x0042, 0x0000, 0x0000}},
  {73, {0x0000, 0x0000, 0x0000, 0x0000, 0x003E, 0x0008, 0x0008, 0x0008, 0x0008, 0x0008, 0x0008, 0x0008, 0x0008, 0x003E, 0x0000, 0x0000}},
  {74, {0x0000, 0x0000, 0x0000, 0x0000, 0x001F, 0x0004, 0x0004, 0x0004, 0x0004, 0x0004, 0x0004, 0x0044, 0x0044, 0x0038, 0x0000, 0x0000}},
  {75, {0x0000, 0x0000, 0x0000, 0x0000, 0x0042, 0x0044, 0x0048, 0x0050, 0x0060, 0x0060, 0x0050, 0x0048, 0x0044, 0x0042, 0x0000, 0x0000}},
  {76, {0x0000, 0x0000, 0x0000, 0x0000, 0x0040, 0x0040, 0x0040, 0x0040, 0x0040, 0x0040, 0x0040, 0x0040, 0x0040, 0x007E, 0x0000, 0x0000}},
  {77, {0x0000, 0x0000, 0x0000, 0x0000, 0x0042, 0x0042, 0x0066, 0x0066, 0x005A, 0x005A, 0x0042, 0x0042, 0x0042, 0x0042, 0x0000, 0x0000}},
  {78, {0x0000, 0x0000, 0x0000, 0x0000, 0x0042, 0x0062, 0x0062, 0x0052, 0x0052, 0x004A, 0x004A, 0x0046, 0x0046, 0x0042, 0x0000, 0x0000}},
  {79, {0x0000, 0x0000, 0x0000, 0x0000, 0x003C, 0x0042, 0x0042, 0x0042, 0x0042, 0x0042, 0x0042, 0x0042, 0x0042, 0x003C, 0x0000, 0x0000}},
  {80, {0x0000, 0x0000, 0x0000, 0x0000, 0x007C, 0x0042, 0x0042, 0x0042, 0x007C, 0x0040, 0x0040, 0x0040, 0x0040, 0x0040, 0x0000, 0x0000}},
  {81, {0x0000, 0x0000, 0x0000, 0x0000, 0x003C, 0x0042, 0x0042, 0x0042, 0x0042, 0x0042, 0x0042, 0x005A, 0x0066, 0x003C, 0x0003, 0x0000}},
  {82, {0x0000, 0x0000, 0x0000, 0x0000, 0x007C, 0x0042, 0x0042, 0x0042, 0x007C, 0x0048, 0x0044, 0x0044, 0x0042, 0x0042, 0x0000, 0x0000}},
  {83, {0x0000, 0x0000, 0x0000, 0x0000, 0x003C, 0x0042, 0x0042, 0x0040, 0x0030, 0x000C, 0x0002, 0x0042, 0x0042, 0x003C, 0x0000, 0x0000}},
  {84, {0x0000, 0x0000, 0x0000, 0x0000, 0x007F, 0x0008, 0x0008, 0x0008, 0x0008, 0x0008, 0x0008, 0x0008, 0x0008, 0x0008, 0x0000, 0x0000}},
  {85, {0x0000, 0x0000, 0x0000, 0x0000, 0x0042, 0x0042, 0x0042, 0x0042, 0x0042, 0x0042, 0x0042, 0x0042, 0x0042, 0x003C, 0x0000, 0x0000}},
  {86, {0x0000, 0x0000, 0x0000, 0x0000, 0x0041, 0x0041, 0x0041, 0x0022, 0x0022, 0x0022, 0x0014, 0x0014, 0x0008, 0x0008, 0x0000, 0x0000}},
  {87, {0x0000, 0x0000, 0x0000, 0x0000, 0x0042, 0x0042, 0x0042, 0x0042, 0x005A, 0x005A, 0x0066, 0x0066, 0x0042, 0x0042, 0x0000, 0x0000}},
  {88, {0x0000, 0x0000, 0x0000, 0x0000, 0x0042, 0x0042, 0x0024, 0x0024, 0x0018, 0x0018, 0x0024, 0x0024, 0x0042, 0x0042, 0x0000, 0x0000}},
  {89, {0x0000, 0x0000, 0x0000, 0x0000, 0x0041, 0x0041, 0x0022, 0x0022, 0x0014, 0x0008, 0x0008, 0x0008, 0x0008, 0x0008, 0x0000, 0x0000}},
  {90, {0x0000, 0x0000, 0x0000, 0x0000, 0x007E, 0x0002, 0x0002, 0x0004, 0x0008, 0x0010, 0x0020, 0x0040, 0x0040, 0x007E, 0x0000, 0x0000}},
  {91, {0x0000, 0x0000, 0x0000, 0x000E, 0x0008, 0x0008, 0x0008, 0x0008, 0x0008, 0x0008, 0x0008, 0x0008, 0x0008, 0x0008, 0x000E, 0x0000}},
  {92, {0x0000, 0x0000, 0x0000, 0x0000, 0x0040, 0x0040, 0x0020, 0x0010, 0x0010, 0x0008, 0x0008, 0x0004, 0x0002, 0x0002, 0x0000, 0x0000}},
  {93, {0x0000, 0x0000, 0x0000, 0x0070, 0x0010, 0x0010, 0x0010, 0x0010, 0x0010, 0x0010, 0x0010, 0x0010, 0x0010, 0x0010, 0x0070, 0x0000}},
  {94, {0x0000, 0x0000, 0x0018, 0x0024, 0x0042, 0x0000, 0x0000, 0x0000, 0x0000, 0x0000, 0x0000, 0x0000, 0x0000, 0x0000, 0x0000, 0x0000}},
  {95, {0x0000, 0x0000, 0x0000, 0x0000, 0x0000, 0x0000, 0x0000, 0x0000, 0x0000, 0x0000, 0x0000, 0x0000, 0x0000, 0x0000, 0x007F, 0x0000}},
  {96, {0x0000, 0x0020, 0x0010, 0x0008, 0x0000, 0x0000, 0x0000, 0x0000, 0x0000, 0x0000, 0x0000, 0x0000, 0x0000, 0x0000, 0x0000, 0x0000}},
  {97, {0x0000, 0x0000, 0x0000, 0x0000, 0x0000, 0x0000, 0x003C, 0x0042, 0x0002, 0x003E, 0x0042, 0x0042, 0x0046, 0x003A, 0x0000, 0x0000}},
  {98, {0x0000, 0x0000, 0x0000, 0x0040, 0x0040, 0x0040, 0x005C, 0x0062, 0x0042, 0x0042, 0x0042, 0x0042, 0x0062, 0x005C, 0x0000, 0x0000}},
  {99, {0x0000, 0x0000, 0x0000, 0x0000, 0x0000, 0x0000, 0x003C, 0x0042, 0x0040, 0x0040, 0x0040, 0x0040, 0x0042, 0x003C, 0x0000, 0x0000}},
  {100, {0x0000, 0x0000, 0x0000, 0x0002, 0x0002, 0x0002, 0x003A, 0x0046, 0x0042, 0x0042, 0x0042, 0x0042, 0x0046, 0x003A, 0x0000, 0x0000}},
  {101, {0x0000, 0x0000, 0x0000, 0x0000, 0x0000, 0x0000, 0x003C, 0x0042, 0x0042, 0x007E, 0x0040, 0x0040, 0x0042, 0x003C, 0x0000, 0x0000}},
  {102, {0x0000, 0x0000, 0x0000, 0x000C, 0x0010, 0x0010, 0x0010, 0x007C, 0x0010, 0x0010, 0x0010, 0x0010, 0x0010, 0x0010, 0x0000, 0x0000}},
  {103, {0x0000, 0x0000, 0x0000, 0x0000, 0x0000, 0x0002, 0x003A, 0x0044, 0x0044, 0x0044, 0x0038, 0x0020, 0x003C, 0x0042, 0x0042, 0x003C}},
  {104, {0x0000, 0x0000, 0x0000, 0x0040, 0x0040, 0x0040, 0x005C, 0x0062, 0x0042, 0x0042, 0x0042, 0x0042, 0x0042, 0x0042, 0x0000, 0x0000}},
  {105, {0x0000, 0x0000, 0x0000, 0x0008, 0x0008, 0x0000, 0x0018, 0x0008, 0x0008, 0x0008, 0x0008, 0x0008, 0x0008, 0x003E, 0x0000, 0x0000}},
  {106, {0x0000, 0x0000, 0x0000, 0x0004, 0x0004, 0x0000, 0x000C, 0x0004, 0x0004, 0x0004, 0x0004, 0x0004, 0x0004, 0x0004, 0x0048, 0x0030}},
  {107, {0x0000, 0x0000, 0x0000, 0x0040, 0x0040, 0x0040, 0x0044, 0x0048, 0x0050, 0x0060, 0x0050, 0x0048, 0x0044, 0x0042, 0x0000, 0x0000}},
  {108, {0x0000, 0x0000, 0x0000, 0x0018, 0x0008, 0x0008, 0x0008, 0x0008, 0x0008, 0x0008, 0x0008, 0x0008, 0x0008, 0x003E, 0x0000, 0x0000}},
  {109, {0x0000, 0x0000, 0x0000, 0x0000, 0x0000, 0x0000, 0x0076, 0x0049, 0x0049, 0x0049, 0x0049, 0x0049, 0x0049, 0x0049, 0x0000, 0x0000}},
  {110, {0x0000, 0x0000, 0x0000, 0x0000, 0x0000, 0x0000, 0x005C, 0x0062, 0x0042, 0x0042, 0x0042, 0x0042, 0x0042, 0x0042, 0x0000, 0x0000}},
  {111, {0x0000, 0x0000, 0x0000, 0x0000, 0x0000, 0x0000, 0x003C, 0x0042, 0x0042, 0x0042, 0x0042, 0x0042, 0x0042, 0x003C, 0x0000, 0x0000}},
  {112, {0x0000, 0x0000, 0x0000, 0x0000, 0x0000, 0x0000, 0x005C, 0x0062, 0x0042, 0x0042, 0x0042, 0x0042, 0x0062, 0x005C, 0x0040, 0x0040}},
  {113, {0x0000, 0x0000, 0x0000, 0x0000, 0x0000, 0x0000, 0x003A, 0x0046, 0x0042, 0x0042, 0x0042, 0x0042, 0x0046, 0x003A, 0x0002, 0x0002}},
  {114, {0x0000, 0x0000, 0x0000, 0x0000, 0x0000, 0x0000, 0x005C, 0x0062, 0x0042, 0x0040, 0x0040, 0x0040, 0x0040, 0x0040, 0x0000, 0x0000}},
  {115, {0x0000, 0x0000, 0x0000, 0x0000, 0x0000, 0x0000, 0x003C, 0x0042, 0x0040, 0x0030, 0x000C, 0x0002, 0x0042, 0x003C, 0x0000, 0x0000}},
  {116, {0x0000, 0x0000, 0x0000, 0x0000, 0x0010, 0x0010, 0x0010, 0x007C, 0x0010, 0x0010, 0x0010, 0x0010, 0x0010, 0x000C, 0x0000, 0x0000}},
  {117, {0x0000, 0x0000, 0x0000, 0x0000, 0x0000, 0x0000, 0x0042, 0x0042, 0x0042, 0x0042, 0x0042, 0x0042, 0x0046, 0x003A, 0x0000, 0x0000}},
  {118, {0x0000, 0x0000, 0x0000, 0x0000, 0x0000, 0x0000, 0x0042, 0x0042, 0x0042, 0x0024, 0x0024, 0x0024, 0x0018, 0x0018, 0x0000, 0x0000}},
  {119, {0x0000, 0x0000, 0x0000, 0x0000, 0x0000, 0x0000, 0x0041, 0x0049, 0x0049, 0x0049, 0x0049, 0x0049, 0x0049, 0x0036, 0x0000, 0x0000}},
  {120, {0x0000, 0x0000, 0x0000, 0x0000, 0x0000, 0x0000, 0x0042, 0x0042, 0x0024, 0x0018, 0x0018, 0x0024, 0x0042, 0x0042, 0x0000, 0x0000}},
  {121, {0x0000, 0x0000, 0x0000, 0x0000, 0x0000, 0x0000, 0x0042, 0x0042, 0x0042, 0x0042, 0x0042, 0x0026, 0x001A, 0x0002, 0x0002, 0x003C}},
  {122, {0x0000, 0x0000, 0x0000, 0x0000, 0x0000, 0x0000, 0x007E, 0x0002, 0x0004, 0x0008, 0x0010, 0x0020, 0x0040, 0x007E, 0x0000, 0x0000}},
  {123, {0x0000, 0x0000, 0x0000, 0x000C, 0x0010, 0x0010, 0x0008, 0x0008, 0x0010, 0x0020, 0x0010, 0x0008, 0x0008, 0x0010, 0x0010, 0x000C}},
  {124, {0x0000, 0x0000, 0x0008, 0x0008, 0x0008, 0x0008, 0x0008, 0x0008, 0x0008, 0x0008, 0x0008, 0x0008, 0x0008, 0x0008, 0x0008, 0x0008}},
  {125, {0x0000, 0x0000, 0x0000, 0x0030, 0x0008, 0x0008, 0x0010, 0x0010, 0x0008, 0x0004, 0x0008, 0x0010, 0x0010, 0x0008, 0x0008, 0x0030}},
  {126, {0x0000, 0x0000, 0x0000, 0x0031, 0x0049, 0x0046, 0x0000, 0x0000, 0x0000, 0x0000, 0x0000, 0x0000, 0x0000, 0x0000, 0x0000, 0x0000}},
  {183, {0x0000, 0x0000, 0x0000, 0x0000, 0x0000, 0x0000, 0x0000, 0x0000, 0x0018, 0x0018, 0x0000, 0x0000, 0x0000, 0x0000, 0x0000, 0x0000}},
  {8220, {0x0000, 0x0000, 0x0022, 0x0044, 0x0044, 0x0066, 0x0000, 0x0000, 0x0000, 0x0000, 0x0000, 0x0000, 0x0000, 0x0000, 0x0000, 0x0000}},
  {8221, {0x0000, 0x0000, 0x0066, 0x0022, 0x0022, 0x0044, 0x0000, 0x0000, 0x0000, 0x0000, 0x0000, 0x0000, 0x0000, 0x0000, 0x0000, 0x0000}},
  {8230, {0x0000, 0x0000, 0x0000, 0x0000, 0x0000, 0x0000, 0x0000, 0x0000, 0x0000, 0x0000, 0x0000, 0x0000, 0x0049, 0x0049, 0x0000, 0x0000}},
  {12289, {0x0000, 0x0000, 0x0000, 0x0000, 0x0000, 0x0000, 0x0000, 0x0000, 0x0000, 0x0000, 0x1000, 0x0C00, 0x0600, 0x0200, 0x0000, 0x0000}},
  {12290, {0x0000, 0x0000, 0x0000, 0x0000, 0x0000, 0x0000, 0x0000, 0x0000, 0x0000, 0x0000, 0x0C00, 0x1200, 0x1200, 0x0C00, 0x0000, 0x0000}},
  {12298, {0x0048, 0x0048, 0x0090, 0x0090, 0x0120, 0x0120, 0x0240, 0x0480, 0x0240, 0x0120, 0x0120, 0x0090, 0x0090, 0x0048, 0x0048, 0x0000}},
  {12299, {0x1200, 0x1200, 0x0900, 0x0900, 0x0480, 0x0480, 0x0240, 0x0120, 0x0240, 0x0480, 0x0480, 0x0900, 0x0900, 0x1200, 0x1200, 0x0000}},
  {12300, {0x00F8, 0x0080, 0x0080, 0x0080, 0x0080, 0x0080, 0x0080, 0x0080, 0x0080, 0x0080, 0x0080, 0x0000, 0x0000, 0x0000, 0x0000, 0x0000}},
  {12301, {0x0000, 0x0000, 0x0000, 0x0000, 0x0100, 0x0100, 0x0100, 0x0100, 0x0100, 0x0100, 0x0100, 0x0100, 0x0100, 0x0100, 0x1F00, 0x0000}},
  {12302, {0x01F8, 0x0108, 0x0178, 0x0140, 0x0140, 0x0140, 0x0140, 0x0140, 0x0140, 0x0140, 0x01C0, 0x0000, 0x0000, 0x0000, 0x0000, 0x0000}},
  {12303, {0x0000, 0x0000, 0x0000, 0x0000, 0x0380, 0x0280, 0x0280, 0x0280, 0x0280, 0x0280, 0x0280, 0x0280, 0x1E80, 0x1080, 0x1F80, 0x0000}},
  {12304, {0x00F8, 0x00F0, 0x00E0, 0x00E0, 0x00E0, 0x00C0, 0x00C0, 0x00C0, 0x00C0, 0x00C0, 0x00C0, 0x00E0, 0x00E0, 0x00F0, 0x00F8, 0x0000}},
  {12305, {0x1F00, 0x0F00, 0x0700, 0x0700, 0x0300, 0x0300, 0x0300, 0x0300, 0x0300, 0x0300, 0x0300, 0x0700, 0x0700, 0x0F00, 0x1F00, 0x0000}},
  {19968, {0x0000, 0x0000, 0x0000, 0x0000, 0x0000, 0x0000, 0x0000, 0xFFFE, 0x0000, 0x0000, 0x0000, 0x0000, 0x0000, 0x0000, 0x0000, 0x0000}},
  {19969, {0x0000, 0x7FFC, 0x0100, 0x0100, 0x0100, 0x0100, 0x0100, 0x0100, 0x0100, 0x0100, 0x0100, 0x0100, 0x0100, 0x0100, 0x0500, 0x0200}},
  {19971, {0x0200, 0x0200, 0x0200, 0x0200, 0x0200, 0x023C, 0x07C0, 0xFA00, 0x0200, 0x0200, 0x0200, 0x0204, 0x0204, 0x0204, 0x01FC, 0x0000}},
  {19975, {0x0000, 0x0000, 0xFFFE, 0x0400, 0x0400, 0x0400, 0x07F0, 0x0410, 0x0410, 0x0810, 0x0810, 0x1010, 0x1010, 0x2010, 0x40A0, 0x8040}},
  {19976, {0x0080, 0x0080, 0x0080, 0x0080, 0x7FFC, 0x0080, 0x1080, 0x1080, 0x0880, 0x0480, 0x0280, 0x0100, 0x0280, 0x0440, 0x1830, 0xE00E}},
  {19977, {0x0000, 0x0000, 0x7FFC, 0x0000, 0x0000, 0x0000, 0x0000, 0x3FF8, 0x0000, 0x0000, 0x0000, 0x0000, 0x0000, 0xFFFE, 0x0000, 0x0000}},
  {19978, {0x0200, 0x0200, 0x0200, 0x0200, 0x0200, 0x0200, 0x03F8, 0x0200, 0x0200, 0x0200, 0x0200, 0x0200, 0x0200, 0x0200, 0xFFFE, 0x0000}},
  {19979, {0x0000, 0xFFFE, 0x0200, 0x0200, 0x0200, 0x0200, 0x0240, 0x0220, 0x0210, 0x0208, 0x0208, 0x0200, 0x0200, 0x0200, 0x0200, 0x0200}},
  {19980, {0x0000, 0xFFFE, 0x0820, 0x0820, 0x0820, 0x0820, 0x0820, 0x0820, 0x0820, 0x0820, 0x0820, 0x1020, 0x1020, 0x2020, 0x4020, 0x8020}},
  {19981, {0x0000, 0x7FFC, 0x0080, 0x0080, 0x0100, 0x0100, 0x0340, 0x0520, 0x0910, 0x1108, 0x2104, 0x4104, 0x8100, 0x0100, 0x0100, 0x0100}},
  {19982, {0x1000, 0x1000, 0x1000, 0x1FFC, 0x1000, 0x2000, 0x2000, 0x3FF8, 0x0008, 0x0008, 0x0008, 0xFFC8, 0x0008, 0x0008, 0x0050, 0x0020}},
  {19984, {0x0000, 0xFFFE, 0x0100, 0x0100, 0x2100, 0x21FC, 0x2100, 0x2100, 0x2100, 0x3FFC, 0x0004, 0x0004, 0x0004, 0x0004, 0x0028, 0x0010}},
  {19985, {0x0000, 0x3FF0, 0x0210, 0x0210, 0x0210, 0x0210, 0x0210, 0x3FF0, 0x0410, 0x0410, 0x0410, 0x0410, 0x0410, 0x0410, 0xFFFE, 0x0000}},
  {19987, {0x0100, 0x0100, 0x0100, 0x3FF8, 0x0200, 0x0200, 0xFFFE, 0x0400, 0x0800, 0x0FF0, 0x0010, 0x0020, 0x0640, 0x0180, 0x0040, 0x0020}},
  {19988, {0x0000, 0x1FF0, 0x1010, 0x1010, 0x1010, 0x1FF0, 0x1010, 0x1010, 0x1010, 0x1FF0, 0x1010, 0x1010, 0x1010, 0x1010, 0xFFFE, 0x0000}},
  {19989, {0x0000, 0x7FFC, 0x0080, 0x0100, 0x0100, 0x0340, 0x0520, 0x0910, 0x3108, 0xC104, 0x0100, 0x0100, 0x0100, 0x0000, 0xFFFE, 0x0000}},
  {19990, {0x0220, 0x1220, 0x1220, 0x1220, 0x1220, 0xFFFE, 0x1220, 0x1220, 0x1220, 0x1220, 0x13E0, 0x1000, 0x1000, 0x1000, 0x1FFC, 0x0000}},
  {19992, {0x0010, 0x0078, 0x1F80, 0x1000, 0x1000, 0x1000, 0x1000, 0x1FFC, 0x1040, 0x1040, 0x1040, 0x1040, 0x1040, 0x1040, 0xFFFE, 0x0000}},
  {19993, {0x0000, 0xFFFE, 0x0100, 0x0100, 0x0100, 0x7FFC, 0x4104, 0x4104, 0x4284, 0x4244, 0x4424, 0x4824, 0x4004, 0x4004, 0x4014, 0x4008}},
  {19994, {0x0440, 0x0440, 0x0440, 0x0440, 0x4444, 0x2444, 0x2448, 0x1448, 0x1450, 0x1460, 0x0440, 0x0440, 0x0440, 0x0440, 0xFFFE, 0x0000}},
  {19995, {0x0820, 0x0820, 0x0820, 0x0820, 0x0820, 0x0820, 0x0820, 0x1450, 0x1250, 0x2288, 0x2088, 0x4104, 0x8202, 0x0000, 0xFFFE, 0x0000}},
  {19996, {0x0200, 0x0200, 0x0200, 0x7FFC, 0x0400, 0x0900, 0x1100, 0x2100, 0x3FF8, 0x0100, 0x0920, 0x1110, 0x2108, 0x4104, 0x0500, 0x0200}},
  {19997, {0x0810, 0x0810, 0x1020, 0x1020, 0x2244, 0x4284, 0x7CF8, 0x0408, 0x0810, 0x1020, 0x2040, 0x7EFC, 0x0000, 0x0000, 0xFFFE, 0x0000}},
  {19998, {0x0000, 0x3FF0, 0x0020, 0x0040, 0x0080, 0x7D04, 0x0588, 0x0950, 0x0920, 0x1110, 0x2108, 0x4106, 0x8500, 0x0200, 0xFFFE, 0x0000}},
  {20002, {0x0010, 0x00F8, 0x3F00, 0x0100, 0x0100, 0x3FF8, 0x0100, 0x0100, 0x0100, 0xFFFE, 0x0200, 0x0400, 0x0820, 0x1010, 0x3FF8, 0x1008}},
  {20004, {0x0000, 0xFFFE, 0x0440, 0x0440, 0x0440, 0x7FFC, 0x4444, 0x4444, 0x4444, 0x4AA4, 0x4A94, 0x5114, 0x4204, 0x4004, 0x4014, 0x4008}},
  {20005, {0x0000, 0x7FFC, 0x0240, 0x1248, 0x0A50, 0x0240, 0x3FFE, 0x2000, 0x2000, 0x2000, 0x2000, 0x2000, 0x2000, 0x4000, 0x4000, 0x8000}},
  {20007, {0x0100, 0x0100, 0x7FFC, 0x0100, 0x1110, 0x0910, 0x0920, 0x0100, 0xFFFE, 0x1200, 0x1110, 0x10A0, 0x1040, 0x1430, 0x180E, 0x1000}},
  {20008, {0x0100, 0x0100, 0x0100, 0x0100, 0x0100, 0x0100, 0x0100, 0x0100, 0x0100, 0x0100, 0x0100, 0x0100, 0x0100, 0x0100, 0x0100, 0x0100}},
  {20010, {0x0100, 0x0100, 0x0280, 0x0440, 0x0820, 0x1010, 0x2108, 0xC106, 0x0100, 0x0100, 0x0100, 0x0100, 0x0100, 0x0100, 0x0100, 0x0100}},
  {20011, {0x0000, 0x2010, 0x1020, 0x0840, 0x0480, 0x0100, 0x0100, 0x0100, 0x0100, 0x0100, 0x0100, 0x0100, 0x0100, 0x0100, 0x0100, 0x0100}},
  {20012, {0x0100, 0x0100, 0x0100, 0x1100, 0x0900, 0x0900, 0x0100, 0x0300, 0x0500, 0x0900, 0x3100, 0x0100, 0x0100, 0x0100, 0x0100, 0x0100}},
  {20013, {0x0100, 0x0100, 0x0100, 0x0100, 0x3FF8, 0x2108, 0x2108, 0x2108, 0x2108, 0x2108, 0x3FF8, 0x2108, 0x0100, 0x0100, 0x0100, 0x0100}},
  {20016, {0x0100, 0x0100, 0x0100, 0x7FFC, 0x0100, 0x0100, 0x0100, 0x3FF8, 0x0100, 0x0100, 0x0100, 0xFFFE, 0x0100, 0x0100, 0x0100, 0x0100}},
  {20018, {0x0100, 0x0100, 0x3FF8, 0x2108, 0x2108, 0x3FF8, 0x0100, 0x0100, 0x7FFC, 0x4104, 0x4104, 0x7FFC, 0x4104, 0x0100, 0x0100, 0x0100}},
  {20020, {0x0880, 0x0880, 0x0880, 0x49FE, 0x4940, 0x4A20, 0x4C20, 0x4800, 0x49FC, 0x4924, 0x4924, 0x4924, 0x4924, 0x09FC, 0x0904, 0x0800}},
  {20022, {0x0000, 0x0000, 0x0000, 0x0000, 0x0000, 0x0400, 0x0200, 0x0100, 0x0080, 0x0040, 0x0040, 0x0000, 0x0000, 0x0000, 0x0000, 0x0000}},
  {20024, {0x0200, 0x0200, 0x0200, 0x0200, 0x7FE0, 0x0220, 0x1220, 0x0A20, 0x0420, 0x0420, 0x0A20, 0x0922, 0x1122, 0x2022, 0x401E, 0x8000}},
  {20025, {0x0000, 0x1FF0, 0x1010, 0x1010, 0x1210, 0x1110, 0x1110, 0x1010, 0xFFFE, 0x1010, 0x1010, 0x1010, 0x2010, 0x2010, 0x4050, 0x8020}},
  {20026, {0x0100, 0x2100, 0x1100, 0x1100, 0x0100, 0x7FF8, 0x0208, 0x0208, 0x0288, 0x0448, 0x0448, 0x0808, 0x1008, 0x2008, 0x4050, 0x8020}},
  {20027, {0x0200, 0x0100, 0x0000, 0x7FFC, 0x0100, 0x0100, 0x0100, 0x0100, 0x3FF8, 0x0100, 0x0100, 0x0100, 0x0100, 0x0100, 0xFFFE, 0x0000}},
  {20029, {0x0000, 0xFFFE, 0x0000, 0x0000, 0x3EF8, 0x2288, 0x2288, 0x2288, 0x32C8, 0x2AA8, 0x2AA8, 0x2288, 0x2288, 0x2288, 0x2AA8, 0x2490}},
  {20030, {0x2208, 0x1108, 0x1110, 0x0020, 0xFFFE, 0x0820, 0x1110, 0x2108, 0xCFE6, 0x0100, 0x0100, 0x7FFC, 0x0100, 0x0100, 0x0100, 0x0100}},
  {20031, {0x0100, 0x0100, 0x0100, 0x0100, 0x0100, 0x0100, 0x0100, 0x0100, 0x0100, 0x0200, 0x0200, 0x0400, 0x0400, 0x0800, 0x1000, 0x2000}},
  {20035, {0x0000, 0x3FF0, 0x0410, 0x0420, 0x0420, 0x0440, 0x047C, 0x0404, 0x0804, 0x0804, 0x0804, 0x1004, 0x1004, 0x2004, 0x4028, 0x8010}},
  {20037, {0x0400, 0x0400, 0x0400, 0x07E0, 0x0820, 0x0820, 0x1040, 0x2040, 0x4080, 0x0080, 0x0140, 0x0240, 0x0420, 0x0810, 0x3008, 0xC006}},
  {20039, {0x0020, 0x03F0, 0x3E00, 0x0200, 0x0200, 0x0200, 0x0200, 0x03FC, 0xFE00, 0x0200, 0x0200, 0x0204, 0x0204, 0x0204, 0x01FC, 0x0000}},
  {20040, {0x0100, 0x0100, 0x0200, 0x0200, 0x0440, 0x0840, 0x1080, 0x2080, 0x4100, 0x0200, 0x0420, 0x0810, 0x1008, 0x3FFC, 0x1004, 0x0000}},
  {20041, {0x0200, 0x0110, 0x2110, 0x2010, 0x1020, 0x1020, 0x0820, 0x0840, 0x0440, 0x0280, 0x0100, 0x0280, 0x0440, 0x0820, 0x3018, 0xC006}},
  {20043, {0x0200, 0x0100, 0x0100, 0x0000, 0x7FF8, 0x0010, 0x0020, 0x0040, 0x0080, 0x0100, 0x0200, 0x0400, 0x1800, 0x2400, 0x43FE, 0x0000}},
  {20044, {0x0100, 0x0200, 0x1FF0, 0x1010, 0x1010, 0x1010, 0x1050, 0x1020, 0x1000, 0x1FFC, 0x0004, 0x0004, 0x7FE4, 0x0004, 0x0028, 0x0010}},
  {20045, {0x0800, 0x0800, 0x0FFE, 0x1200, 0x1200, 0x2200, 0x43F8, 0x8200, 0x0200, 0x0200, 0x03FC, 0x0200, 0x0200, 0x0200, 0x0200, 0x0200}},
  {20046, {0x0010, 0x00F8, 0x3F00, 0x0100, 0x1110, 0x0910, 0x0920, 0x0100, 0xFFFE, 0x0100, 0x0100, 0x0100, 0x0100, 0x0100, 0x0500, 0x0200}},
  {20047, {0x0010, 0x01F8, 0x7E00, 0x0000, 0x0200, 0x0100, 0x0100, 0x7FF8, 0x0030, 0x00C0, 0x0300, 0x0C00, 0x3000, 0x4800, 0x87FE, 0x0000}},
  {20048, {0x0020, 0x00F0, 0x1F00, 0x1000, 0x1100, 0x2100, 0x2100, 0x3FFC, 0x0100, 0x0920, 0x0910, 0x1108, 0x2104, 0x4104, 0x0500, 0x0200}},
  {20050, {0x0020, 0x00F0, 0x1F00, 0x1000, 0x1000, 0x1FF8, 0x1080, 0x1080, 0x1080, 0x1080, 0xFFFE, 0x0000, 0x0800, 0x1000, 0x2000, 0x4000}},
  {20051, {0x0020, 0x00F0, 0x1F00, 0x1000, 0x1000, 0x1FF8, 0x1080, 0x1080, 0x1080, 0x1080, 0xFFFE, 0x0000, 0x0040, 0x0020, 0x0010, 0x0008}},
  {20052, {0x0010, 0x00F8, 0x3F00, 0x0100, 0x0200, 0x7FFC, 0x0440, 0x0820, 0x3018, 0xC826, 0x0820, 0x0820, 0x0820, 0x1020, 0x1020, 0x2020}},
  {20054, {0x0070, 0x1F80, 0x0100, 0x0100, 0xFFFE, 0x0100, 0x0920, 0x0924, 0x7928, 0x0930, 0x0922, 0x1922, 0xE91E, 0x0100, 0x0100, 0x0100}},
  {20056, {0x00F8, 0x3F00, 0x0100, 0x7FFC, 0x0100, 0x0924, 0xF938, 0x0922, 0x3922, 0xCB9E, 0x0540, 0x0920, 0x3118, 0xC106, 0x0100, 0x0100}},
  {20057, {0x0000, 0x7FF0, 0x0020, 0x0040, 0x0080, 0x0100, 0x0200, 0x0400, 0x0800, 0x1000, 0x1000, 0x2004, 0x2004, 0x2004, 0x1FFC, 0x0000}},
  {20060, {0x0000, 0x0000, 0x1000, 0x1030, 0x10D0, 0x1710, 0x3810, 0xD010, 0x1010, 0x1050, 0x1020, 0x1002, 0x1002, 0x1002, 0x0FFE, 0x0000}},
  {20061, {0x0400, 0x0400, 0x0400, 0x0400, 0x7FE0, 0x0420, 0x0420, 0x0420, 0x0820, 0x0820, 0x0820, 0x1022, 0x1022, 0x2022, 0x401E, 0x8000}},
  {20062, {0x0800, 0x0800, 0x1FFC, 0x1000, 0x2000, 0x4000, 0x9FE0, 0x0020, 0x0040, 0x0180, 0x0600, 0x0804, 0x1004, 0x1004, 0x0FFC, 0x0000}},
  {20063, {0x0100, 0x0100, 0x1100, 0x1130, 0x11D0, 0x1710, 0x3910, 0xD110, 0x1110, 0x1150, 0x1120, 0x1102, 0x1002, 0x1002, 0x0FFE, 0x0000}},
  {20064, {0x0000, 0x7FF8, 0x0008, 0x0008, 0x0808, 0x0408, 0x0208, 0x0208, 0x0068, 0x0188, 0x0E08, 0x7008, 0x2008, 0x0008, 0x0050, 0x0020}},
  {20065, {0x0200, 0x0200, 0x0420, 0x0820, 0x1040, 0x3F80, 0x0108, 0x0208, 0x0410, 0x1FE0, 0x0040, 0x0080, 0x0100, 0x0600, 0x1800, 0xE000}},
  {20070, {0x0220, 0x0210, 0x0208, 0x3FE0, 0x0220, 0x0220, 0x0220, 0x0220, 0xFFFC, 0x0204, 0x0204, 0x0204, 0x0204, 0x0228, 0x0210, 0x0200}},
  {20073, {0x0820, 0x0820, 0x0820, 0x0820, 0x0FA0, 0x0820, 0x0820, 0x0820, 0x7F20, 0x4120, 0x4120, 0x4122, 0x4122, 0x4122, 0x7F1E, 0x4100}},
  {20080, {0x0000, 0x7FFC, 0x0004, 0x0888, 0x0480, 0x2480, 0x1080, 0x1080, 0x0100, 0xFFFE, 0x0100, 0x02C0, 0x0420, 0x0810, 0x3008, 0xC004}},
  {20081, {0x0440, 0x0E40, 0x3840, 0x0840, 0x0840, 0xFF40, 0x0840, 0x0840, 0x3E40, 0x2240, 0x2240, 0x2242, 0x2242, 0x3E42, 0x223E, 0x0000}},
  {20083, {0x0220, 0x0F20, 0xF020, 0x0120, 0x9120, 0x4A20, 0x0020, 0xFE20, 0x0420, 0x0820, 0x0F20, 0xF822, 0x4822, 0x0822, 0x281E, 0x1000}},
  {20094, {0x1040, 0x1040, 0x1080, 0xFEFE, 0x1100, 0x7E00, 0x44FC, 0x7C08, 0x4410, 0x7C20, 0x1040, 0xFE80, 0x1102, 0x1102, 0x10FE, 0x1000}},
  {20102, {0x0000, 0x7FF8, 0x0010, 0x0020, 0x0040, 0x0180, 0x0100, 0x0100, 0x0100, 0x0100, 0x0100, 0x0100, 0x0100, 0x0100, 0x0500, 0x0200}},
  {20104, {0x0000, 0x1FF0, 0x0010, 0x0220, 0x0140, 0x0080, 0x7FFE, 0x0082, 0x0084, 0x0080, 0x0080, 0x0080, 0x0080, 0x0080, 0x0280, 0x0100}},
  {20105, {0x0800, 0x0800, 0x1FE0, 0x2020, 0x4040, 0xBFF8, 0x0108, 0x0108, 0x7FFE, 0x0108, 0x0108, 0x3FF8, 0x0108, 0x0100, 0x0500, 0x0200}},
  {20107, {0x0100, 0x0100, 0xFFFE, 0x0100, 0x3FF8, 0x2108, 0x3FF8, 0x0100, 0x3FF8, 0x0108, 0xFFFE, 0x0108, 0x3FF8, 0x0100, 0x0500, 0x0200}},
  {20108, {0x0000, 0x0000, 0x0000, 0x3FF8, 0x0000, 0x0000, 0x0000, 0x0000, 0x0000, 0x0000, 0x0000, 0x0000, 0xFFFE, 0x0000, 0x0000, 0x0000}},
  {20109, {0x0000, 0x3FF8, 0x0000, 0x0000, 0x0000, 0x0000, 0xFFFE, 0x0100, 0x0100, 0x0100, 0x0100, 0x0100, 0x0100, 0x0100, 0x0500, 0x0200}},
  {20110, {0x0000, 0x3FF8, 0x0100, 0x0100, 0x0100, 0x0100, 0xFFFE, 0x0100, 0x0100, 0x0100, 0x0100, 0x0100, 0x0100, 0x0100, 0x0500, 0x0200}},
  {20111, {0x0000, 0x3FF8, 0x0000, 0x0000, 0x0000, 0xFFFE, 0x0400, 0x0400, 0x0800, 0x0FF0, 0x0010, 0x0010, 0x0010, 0x0010, 0x00A0, 0x0040}},
  {20113, {0x0000, 0x3FF8, 0x0000, 0x0000, 0x0000, 0x0000, 0xFFFE, 0x0200, 0x0400, 0x0400, 0x0840, 0x1020, 0x2010, 0x7FF8, 0x2008, 0x0008}},
  {20114, {0x0000, 0x7FFC, 0x0400, 0x0400, 0x0400, 0x0FF0, 0x0810, 0x0810, 0x1010, 0x1020, 0x1FE0, 0x0020, 0x0040, 0x0040, 0xFFFE, 0x0000}},
  {20115, {0x0000, 0x3FF8, 0x0000, 0x0000, 0x0000, 0xFFFE, 0x0820, 0x0820, 0x0820, 0x0820, 0x0820, 0x1020, 0x1020, 0x2020, 0x4020, 0x8020}},
  {20116, {0x0000, 0x7FFC, 0x0200, 0x0200, 0x0200, 0x0200, 0x3FF0, 0x0410, 0x0410, 0x0410, 0x0410, 0x0810, 0x0810, 0x0810, 0xFFFE, 0x0000}},
  {20117, {0x0820, 0x0820, 0x0820, 0x0820, 0x7FFC, 0x0820, 0x0820, 0x0820, 0x0820, 0xFFFE, 0x0820, 0x0820, 0x1020, 0x1020, 0x2020, 0x4020}},
  {20120, {0x0000, 0x7FFC, 0x0000, 0x0000, 0x1FF0, 0x1010, 0x1010, 0x1FF0, 0x1010, 0x1010, 0x1FF0, 0x1010, 0x0000, 0x0000, 0xFFFE, 0x0000}},
  {20122, {0x0000, 0x7FFC, 0x0440, 0x0440, 0x0440, 0x0440, 0x4444, 0x2444, 0x2448, 0x1448, 0x1450, 0x0440, 0x0440, 0x0440, 0xFFFE, 0x0000}},
  {20123, {0x0440, 0x0440, 0x2444, 0x2748, 0x2470, 0x2442, 0x2442, 0x2F42, 0xF03E, 0x4000, 0x0000, 0x1FF0, 0x0000, 0x0000, 0x7FFC, 0x0000}},
  {20127, {0x0000, 0x3FF0, 0x0020, 0x0040, 0x0180, 0x793C, 0x4904, 0x4944, 0x4928, 0x4910, 0x7928, 0x0144, 0x0500, 0x0200, 0xFFFE, 0x0000}},
  {20128, {0x0200, 0x0100, 0x0100, 0xFFFE, 0x0000, 0x0000, 0x0000, 0x0000, 0x0000, 0x0000, 0x0000, 0x0000, 0x0000, 0x0000, 0x0000, 0x0000}},
  {20129, {0x0200, 0x0100, 0x0100, 0x0000, 0xFFFE, 0x1000, 0x1000, 0x1000, 0x1000, 0x1000, 0x1000, 0x1000, 0x1000, 0x1000, 0x1FFC, 0x0000}},
  {20130, {0x0200, 0x0100, 0x0100, 0xFFFE, 0x0000, 0x0000, 0x0FE0, 0x0820, 0x0820, 0x0820, 0x0820, 0x0822, 0x1022, 0x1022, 0x201E, 0x4000}},
  {20132, {0x0200, 0x0100, 0x0100, 0xFFFE, 0x0000, 0x1010, 0x1008, 0x2024, 0x4824, 0x0440, 0x0280, 0x0100, 0x0280, 0x0C40, 0x3030, 0xC00E}},
  {20133, {0x0200, 0x0100, 0x0000, 0x7FFC, 0x0200, 0x0400, 0x0820, 0x1040, 0x3F88, 0x0110, 0x0620, 0x1840, 0x60A0, 0x0310, 0x0C08, 0x7004}},
  {20134, {0x0200, 0x0100, 0x0100, 0xFFFE, 0x0440, 0x0440, 0x2450, 0x2448, 0x2448, 0x4444, 0x4444, 0x8844, 0x0840, 0x1040, 0x2140, 0x4080}},
  {20135, {0x0200, 0x0100, 0x7FFC, 0x0000, 0x0820, 0x0420, 0x0440, 0x3FFE, 0x2000, 0x2000, 0x2000, 0x2000, 0x2000, 0x4000, 0x4000, 0x8000}},
  {20136, {0x0200, 0x0100, 0xFFFE, 0x0000, 0x1FF0, 0x1010, 0x1010, 0x1FF0, 0x0000, 0x3FF0, 0x0060, 0x0180, 0x0100, 0x0100, 0x0500, 0x0200}},
  {20137, {0x0200, 0x0100, 0x0100, 0xFFFE, 0x0000, 0x0000, 0x3FF8, 0x2108, 0x2108, 0x2108, 0x3FF8, 0x2108, 0x2108, 0x2108, 0x3FF8, 0x2008}},
  {20139, {0x0200, 0x0100, 0x7FFC, 0x0000, 0x1FF0, 0x1010, 0x1FF0, 0x0000, 0x1FE0, 0x0040, 0x0180, 0xFFFE, 0x0100, 0x0100, 0x0500, 0x0200}},
  {20140, {0x0200, 0x0100, 0xFFFE, 0x0000, 0x0000, 0x1FF0, 0x1010, 0x1010, 0x1010, 0x1FF0, 0x0100, 0x1110, 0x1108, 0x2104, 0x4504, 0x0200}},
  {20141, {0x0200, 0x0100, 0x7FFC, 0x0000, 0x1FF0, 0x1010, 0x1FF0, 0x0000, 0x7FFE, 0x4002, 0x9FF4, 0x0100, 0x0100, 0x0100, 0x0500, 0x0200}},
  {20142, {0x0200, 0x0100, 0x7FFC, 0x0000, 0x0FE0, 0x0820, 0x0FE0, 0x0000, 0x7FFE, 0x4002, 0x87C4, 0x0440, 0x0440, 0x0842, 0x3042, 0xC03E}},
  {20146, {0x0200, 0x0100, 0x3FF8, 0x0000, 0x0820, 0x0440, 0xFFFE, 0x0100, 0x0100, 0x7FFC, 0x0100, 0x0920, 0x1110, 0x2108, 0x4504, 0x0200}},
  {20147, {0x0100, 0x7FFC, 0x0000, 0x1FF0, 0x1010, 0x1FF0, 0x0000, 0x7FFE, 0x4002, 0x80F4, 0x3F00, 0x0200, 0x03F8, 0x7E02, 0x0202, 0x01FE}},
  {20149, {0x0100, 0xFFFE, 0x0000, 0x0840, 0x7DF8, 0x0848, 0x0CC8, 0x784A, 0x08AA, 0x2906, 0x1302, 0x0488, 0x0C50, 0x3530, 0xC60E, 0x0400}},
  {20154, {0x0100, 0x0100, 0x0100, 0x0100, 0x0100, 0x0100, 0x0280, 0x0280, 0x0440, 0x0440, 0x0820, 0x0820, 0x1010, 0x2008, 0x4004, 0x8002}},
  {20155, {0x0800, 0x0800, 0x0800, 0x1000, 0x1000, 0x3000, 0x3000, 0x5000, 0x9000, 0x1000, 0x1000, 0x1000, 0x1000, 0x1000, 0x1000, 0x1000}},
  {20159, {0x0800, 0x0800, 0x0BFC, 0x1008, 0x1010, 0x3020, 0x3040, 0x5080, 0x9080, 0x1100, 0x1100, 0x1202, 0x1202, 0x1202, 0x11FE, 0x1000}},
  {20160, {0x0820, 0x0820, 0x0820, 0x1020, 0x1020, 0x3020, 0x37FE, 0x5020, 0x9020, 0x1020, 0x1020, 0x1020, 0x1020, 0x1020, 0x1020, 0x1020}},
  {20161, {0x0800, 0x0800, 0x0800, 0x13FC, 0x1000, 0x3000, 0x3000, 0x5000, 0x9000, 0x1000, 0x1000, 0x1000, 0x17FE, 0x1000, 0x1000, 0x1000}},
  {20162, {0x0840, 0x0840, 0x0840, 0x1040, 0x13FC, 0x3044, 0x3044, 0x5044, 0x9044, 0x1084, 0x1084, 0x1084, 0x1104, 0x1104, 0x1228, 0x1410}},
  {20163, {0x0800, 0x0800, 0x0BFE, 0x1020, 0x1020, 0x3020, 0x3020, 0x5020, 0x9020, 0x1020, 0x1020, 0x1020, 0x1020, 0x1020, 0x10A0, 0x1040}},
  {20164, {0x0000, 0x3FFE, 0x2000, 0x2000, 0x2080, 0x2080, 0x2080, 0x2080, 0x2080, 0x2140, 0x2140, 0x2220, 0x4220, 0x4410, 0x8808, 0x1006}},
  {20165, {0x0800, 0x0BFC, 0x0904, 0x1104, 0x1104, 0x3088, 0x3088, 0x5088, 0x9050, 0x1050, 0x1020, 0x1020, 0x1050, 0x1088, 0x1104, 0x1602}},
  {20166, {0x0840, 0x0840, 0x0840, 0x1040, 0x1040, 0x3050, 0x3048, 0x5044, 0x9044, 0x1040, 0x1040, 0x1040, 0x1040, 0x1040, 0x1040, 0x1040}},
  {20167, {0x0900, 0x0900, 0x0900, 0x1100, 0x17F0, 0x3110, 0x3110, 0x5110, 0x9110, 0x1110, 0x1110, 0x1212, 0x1212, 0x1412, 0x180E, 0x1000}},
  {20169, {0x0800, 0x09F0, 0x0910, 0x1110, 0x1110, 0x3110, 0x3110, 0x5110, 0x9110, 0x1110, 0x1110, 0x1112, 0x1112, 0x1212, 0x120E, 0x1400}},
  {20170, {0x0100, 0x0100, 0x0280, 0x0440, 0x0820, 0x1210, 0x2108, 0xC106, 0x0000, 0x1FF0, 0x0010, 0x0020, 0x0020, 0x0040, 0x0080, 0x0100}},
  {20171, {0x0100, 0x0100, 0x0280, 0x0440, 0x0820, 0x1010, 0x2008, 0xC826, 0x0820, 0x0820, 0x0820, 0x0820, 0x1020, 0x1020, 0x2020, 0x4020}},
  {20173, {0x0800, 0x0800, 0x0BF8, 0x1088, 0x1090, 0x3090, 0x30A0, 0x50BC, 0x9084, 0x1084, 0x1104, 0x1104, 0x1104, 0x1204, 0x1228, 0x1410}},
  {20174, {0x0820, 0x0820, 0x0820, 0x0820, 0x0820, 0x0820, 0x0820, 0x0820, 0x0850, 0x1450, 0x1250, 0x1288, 0x2088, 0x2104, 0x4204, 0x8402}},
  {20177, {0x0100, 0x0100, 0x0280, 0x0440, 0x0820, 0x1010, 0x2008, 0xC806, 0x0830, 0x08C0, 0x0F00, 0x0808, 0x0808, 0x0808, 0x07F8, 0x0000}},
  {20179, {0x0100, 0x0100, 0x0280, 0x0440, 0x0820, 0x3018, 0xC006, 0x0FE0, 0x0820, 0x0820, 0x08A0, 0x0844, 0x0804, 0x0804, 0x07FC, 0x0000}},
  {20180, {0x0800, 0x0BF8, 0x0808, 0x1010, 0x1020, 0x3040, 0x3040, 0x57FE, 0x9040, 0x1040, 0x1040, 0x1040, 0x1040, 0x1040, 0x1140, 0x1080}},
  {20181, {0x0840, 0x0840, 0x0840, 0x1040, 0x1040, 0x3FFE, 0x3040, 0x5040, 0x9040, 0x1040, 0x1040, 0x1040, 0x1040, 0x17FC, 0x1000, 0x1000}},
  {20182, {0x0840, 0x0840, 0x0A40, 0x1258, 0x1268, 0x32C8, 0x3348, 0x5E48, 0x9248, 0x1248, 0x1258, 0x1242, 0x1202, 0x1202, 0x11FE, 0x1000}},
  {20183, {0x0810, 0x0810, 0x0810, 0x1010, 0x13FE, 0x3010, 0x3010, 0x5110, 0x9110, 0x1090, 0x1090, 0x1050, 0x1020, 0x1050, 0x1188, 0x1606}},
  {20184, {0x0810, 0x0810, 0x0810, 0x1010, 0x17FE, 0x3010, 0x3010, 0x5010, 0x9110, 0x1090, 0x1090, 0x1010, 0x1010, 0x1010, 0x1050, 0x1020}},
  {20185, {0x1040, 0x1040, 0x1040, 0x2040, 0x2444, 0x6444, 0x6444, 0xA444, 0x2444, 0x2444, 0x2444, 0x2444, 0x2444, 0x27FC, 0x2004, 0x2000}},
  {20189, {0x0100, 0x0100, 0x0280, 0x0440, 0x0820, 0x1010, 0x2008, 0xC006, 0x1FF0, 0x0100, 0x0100, 0x0100, 0x0100, 0x0100, 0x7FFC, 0x0000}},
  {20190, {0x0800, 0x0800, 0x0BFC, 0x1044, 0x1044, 0x3244, 0x3244, 0x5244, 0x9484, 0x1084, 0x1084, 0x1104, 0x1104, 0x1204, 0x1428, 0x1810}},
  {20191, {0x0810, 0x0878, 0x0BC0, 0x1040, 0x1040, 0x3040, 0x3040, 0x57FE, 0x9040, 0x1040, 0x1040, 0x1040, 0x1040, 0x1040, 0x1040, 0x1040}},
  {20193, {0x0880, 0x0880, 0x0900, 0x11FE, 0x1200, 0x3400, 0x31F8, 0x5008, 0x9010, 0x1060, 0x1080, 0x1100, 0x1202, 0x1202, 0x11FE, 0x1000}},
  {20195, {0x0890, 0x0888, 0x0888, 0x1080, 0x10BE, 0x37C0, 0x3080, 0x5040, 0x9040, 0x1040, 0x1020, 0x1022, 0x1012, 0x100A, 0x1006, 0x1002}},
  {20196, {0x0100, 0x0100, 0x0280, 0x0440, 0x0A20, 0x1110, 0x2108, 0xC006, 0x1FF0, 0x0010, 0x0020, 0x0440, 0x0280, 0x0100, 0x0080, 0x0080}},
  {20197, {0x0010, 0x0410, 0x2210, 0x2110, 0x2110, 0x2010, 0x2010, 0x2020, 0x2020, 0x2020, 0x2440, 0x2850, 0x3088, 0x2104, 0x0202, 0x0402}},
  {20200, {0x0800, 0x0800, 0x0BFC, 0x1000, 0x1000, 0x3000, 0x3000, 0x51F8, 0x9000, 0x1000, 0x1000, 0x1000, 0x1000, 0x17FE, 0x1000, 0x1000}},
  {20202, {0x0880, 0x0848, 0x0A48, 0x1208, 0x1208, 0x3110, 0x3110, 0x5110, 0x90A0, 0x10A0, 0x1040, 0x1040, 0x10A0, 0x1110, 0x1208, 0x1406}},
  {20203, {0x0840, 0x0840, 0x0880, 0x1080, 0x1100, 0x3110, 0x3210, 0x5420, 0x9020, 0x1040, 0x1080, 0x1108, 0x1204, 0x17FE, 0x1202, 0x1000}},
  {20204, {0x0900, 0x0880, 0x08BC, 0x1204, 0x1204, 0x3204, 0x3204, 0x5204, 0x9204, 0x1204, 0x1204, 0x1204, 0x1204, 0x1204, 0x1214, 0x1208}},
  {20208, {0x0800, 0x0880, 0x0B3C, 0x1224, 0x1224, 0x3224, 0x3224, 0x5224, 0x9224, 0x1224, 0x12B4, 0x1328, 0x1220, 0x1020, 0x1020, 0x1020}},
  {20210, {0x0840, 0x0840, 0x0840, 0x1040, 0x17FC, 0x3444, 0x3444, 0x5444, 0x9444, 0x1444, 0x17FC, 0x1444, 0x1040, 0x1040, 0x1040, 0x1040}},
  {20211, {0x0820, 0x0A20, 0x0A20, 0x1222, 0x1222, 0x3224, 0x33A8, 0x5230, 0x9220, 0x1220, 0x1220, 0x1222, 0x12A2, 0x1322, 0x121E, 0x1000}},
  {20213, {0x1100, 0x1100, 0x1100, 0x23F8, 0x2240, 0x6240, 0x6440, 0xA040, 0x2040, 0x2FFE, 0x2040, 0x2040, 0x2040, 0x2040, 0x2040, 0x2040}},
  {20214, {0x0820, 0x0820, 0x0920, 0x1120, 0x11FC, 0x3220, 0x3220, 0x5420, 0x9020, 0x17FE, 0x1020, 0x1020, 0x1020, 0x1020, 0x1020, 0x1020}},
  {20215, {0x0840, 0x0840, 0x08A0, 0x10A0, 0x1110, 0x3208, 0x3406, 0x5110, 0x9110, 0x1110, 0x1110, 0x1110, 0x1110, 0x1210, 0x1210, 0x1410}},
  {20219, {0x0810, 0x0878, 0x0BC0, 0x1040, 0x1040, 0x3040, 0x3040, 0x5FFE, 0x9040, 0x1040, 0x1040, 0x1040, 0x1040, 0x1040, 0x17FC, 0x1000}},
  {20221, {0x0810, 0x0890, 0x0890, 0x1088, 0x1108, 0x3104, 0x3204, 0x55FA, 0x9088, 0x1088, 0x1088, 0x1088, 0x1108, 0x1108, 0x1228, 0x1410}},
  {20223, {0x0880, 0x0840, 0x0840, 0x17FE, 0x1100, 0x3100, 0x3100, 0x51F8, 0x9108, 0x1108, 0x1108, 0x1108, 0x1208, 0x1208, 0x1450, 0x1820}},
  {20225, {0x0100, 0x0100, 0x0280, 0x0440, 0x0820, 0x3118, 0xC106, 0x0100, 0x1100, 0x11F8, 0x1100, 0x1100, 0x1100, 0x1100, 0xFFFE, 0x0000}},
  {20233, {0x0880, 0x0840, 0x0840, 0x13FC, 0x1000, 0x3000, 0x31F0, 0x5110, 0x9110, 0x1110, 0x1110, 0x1112, 0x1112, 0x1212, 0x120E, 0x1400}},
  {20234, {0x0800, 0x0BF8, 0x0888, 0x1088, 0x1088, 0x37FE, 0x3088, 0x5088, 0x9088, 0x13F8, 0x1088, 0x1080, 0x1100, 0x1100, 0x1200, 0x1400}},
  {20237, {0x0800, 0x0BFC, 0x0840, 0x1040, 0x1040, 0x3040, 0x33F8, 0x5088, 0x9088, 0x1088, 0x1088, 0x1108, 0x1108, 0x1108, 0x17FE, 0x1000}},
  {20238, {0x0840, 0x0840, 0x0840, 0x17FE, 0x1040, 0x3040, 0x3040, 0x57F8, 0x9208, 0x1208, 0x1110, 0x10A0, 0x1040, 0x10A0, 0x1118, 0x1606}},
  {20239, {0x0840, 0x0850, 0x0848, 0x1048, 0x1040, 0x37FE, 0x3040, 0x5040, 0x90A0, 0x10A0, 0x10A0, 0x1110, 0x1110, 0x1208, 0x1404, 0x1802}},
  {20240, {0x0890, 0x0888, 0x0888, 0x1080, 0x10BE, 0x37C0, 0x3080, 0x5044, 0x9044, 0x1048, 0x1030, 0x1022, 0x1052, 0x118A, 0x1606, 0x1002}},
  {20241, {0x0840, 0x0840, 0x0840, 0x1040, 0x17FE, 0x3040, 0x30E0, 0x50E0, 0x9150, 0x1150, 0x1248, 0x1444, 0x1842, 0x1040, 0x1040, 0x1040}},
  {20247, {0x0100, 0x0100, 0x0280, 0x0440, 0x0820, 0x1010, 0x2828, 0xC826, 0x0820, 0x0820, 0x0820, 0x1450, 0x1250, 0x2288, 0x4104, 0x8202}},
  {20248, {0x0890, 0x0888, 0x0888, 0x1080, 0x17FE, 0x30A0, 0x30A0, 0x50A0, 0x90A0, 0x10A0, 0x1120, 0x1122, 0x1122, 0x1222, 0x121E, 0x1400}},
  {20249, {0x0840, 0x0840, 0x0840, 0x1040, 0x1244, 0x3244, 0x3248, 0x5450, 0x9040, 0x10A0, 0x10A0, 0x1110, 0x1110, 0x1208, 0x1404, 0x1802}},
  {20250, {0x0100, 0x0100, 0x0280, 0x0440, 0x0820, 0x3018, 0xCFE6, 0x0000, 0x0000, 0x7FFC, 0x0200, 0x0400, 0x0820, 0x1010, 0x3FF8, 0x1008}},
  {20251, {0x0800, 0x0BFC, 0x0A00, 0x1208, 0x1288, 0x3250, 0x3250, 0x5220, 0x9220, 0x1250, 0x1250, 0x1288, 0x1308, 0x1200, 0x13FE, 0x1000}},
  {20254, {0x0100, 0x0100, 0x0280, 0x0440, 0x0820, 0x3018, 0xC106, 0x1110, 0x0910, 0x0920, 0x0100, 0xFFFE, 0x0100, 0x0100, 0x0100, 0x0100}},
  {20255, {0x0840, 0x0840, 0x0840, 0x17FE, 0x1040, 0x3040, 0x33FC, 0x5040, 0x9040, 0x17FE, 0x1042, 0x1042, 0x104A, 0x1044, 0x1040, 0x1040}},
  {20256, {0x0840, 0x0840, 0x0840, 0x13F8, 0x1040, 0x3080, 0x37FE, 0x5080, 0x9100, 0x13F8, 0x1008, 0x1110, 0x10A0, 0x1040, 0x1020, 0x1020}},
  {20258, {0x0800, 0x0BFC, 0x0810, 0x1110, 0x1110, 0x3110, 0x3210, 0x53FE, 0x9030, 0x1050, 0x1090, 0x1110, 0x1210, 0x1410, 0x1050, 0x1020}},
  {20260, {0x0880, 0x0880, 0x0900, 0x11FE, 0x1200, 0x3440, 0x3040, 0x53FC, 0x9044, 0x1044, 0x1084, 0x1084, 0x1104, 0x1104, 0x1228, 0x1410}},
  {20261, {0x0900, 0x0908, 0x0908, 0x1110, 0x1120, 0x3140, 0x3100, 0x57FE, 0x9140, 0x1120, 0x1120, 0x1110, 0x1108, 0x1144, 0x1182, 0x1100}},
  {20262, {0x0840, 0x0840, 0x08A0, 0x10A0, 0x1110, 0x3208, 0x3406, 0x5110, 0x9120, 0x1140, 0x1180, 0x1100, 0x1104, 0x1104, 0x10FC, 0x1000}},
  {20263, {0x0840, 0x0840, 0x08A0, 0x1110, 0x1208, 0x3404, 0x3BF2, 0x5210, 0x9210, 0x1210, 0x1250, 0x1220, 0x1204, 0x1204, 0x11FC, 0x1000}},
  {20266, {0x0840, 0x0A40, 0x0940, 0x1140, 0x1040, 0x37FC, 0x3044, 0x5044, 0x9084, 0x10A4, 0x1094, 0x1114, 0x1104, 0x1204, 0x1428, 0x1810}},
  {20267, {0x0840, 0x0820, 0x0820, 0x1000, 0x13FE, 0x3202, 0x3404, 0x5000, 0x9000, 0x1000, 0x1000, 0x1000, 0x1000, 0x13FE, 0x1000, 0x1000}},
  {20271, {0x0840, 0x0840, 0x0880, 0x13FC, 0x1204, 0x3204, 0x3204, 0x5204, 0x93FC, 0x1204, 0x1204, 0x1204, 0x1204, 0x1204, 0x13FC, 0x1204}},
  {20272, {0x0840, 0x0840, 0x0840, 0x1040, 0x17FE, 0x3040, 0x3040, 0x5040, 0x93F8, 0x1208, 0x1208, 0x1208, 0x1208, 0x1208, 0x13F8, 0x1208}},
  {20274, {0x0800, 0x0BFC, 0x0A04, 0x1204, 0x1204, 0x33FC, 0x3200, 0x5240, 0x9244, 0x1248, 0x1270, 0x1240, 0x1442, 0x1442, 0x183E, 0x1000}},
  {20276, {0x0840, 0x0A44, 0x0948, 0x1150, 0x1040, 0x37FC, 0x3040, 0x5040, 0x9040, 0x1FFE, 0x1040, 0x1040, 0x1040, 0x1040, 0x1040, 0x1040}},
  {20278, {0x0840, 0x0840, 0x08A0, 0x10A0, 0x1110, 0x3248, 0x3426, 0x5020, 0x93F8, 0x1008, 0x1010, 0x1110, 0x10A0, 0x1040, 0x1020, 0x1020}},
  {20280, {0x0840, 0x0840, 0x0840, 0x17FC, 0x1444, 0x3444, 0x3444, 0x57FC, 0x9444, 0x1444, 0x1444, 0x17FC, 0x1444, 0x1040, 0x1040, 0x1040}},
  {20282, {0x0800, 0x0BFC, 0x0804, 0x1004, 0x17F4, 0x3004, 0x3004, 0x53E4, 0x9224, 0x1224, 0x1224, 0x13E4, 0x1004, 0x1004, 0x1014, 0x1008}},
  {20284, {0x1008, 0x1108, 0x1088, 0x2448, 0x2448, 0x6408, 0x6408, 0xA408, 0x2410, 0x2410, 0x2410, 0x2528, 0x2624, 0x2444, 0x2082, 0x2102}},
  {20285, {0x1400, 0x1400, 0x1400, 0x243C, 0x2FA4, 0x64A4, 0x64A4, 0xA4A4, 0x24A4, 0x24A4, 0x24A4, 0x24A4, 0x28A4, 0x28BC, 0x32A4, 0x2100}},
  {20291, {0x1000, 0x1000, 0x17FC, 0x2444, 0x2444, 0x6444, 0x6444, 0xA7FC, 0x2444, 0x2444, 0x2444, 0x2444, 0x2444, 0x27FC, 0x2404, 0x2000}},
  {20294, {0x0800, 0x0800, 0x0BFC, 0x1204, 0x1204, 0x3204, 0x33FC, 0x5204, 0x9204, 0x1204, 0x13FC, 0x1204, 0x1000, 0x1000, 0x17FE, 0x1000}},
  {20301, {0x0880, 0x0840, 0x0840, 0x1000, 0x17FC, 0x3000, 0x3008, 0x5208, 0x9208, 0x1110, 0x1110, 0x1110, 0x1120, 0x1020, 0x1FFE, 0x1000}},
  {20302, {0x0808, 0x083C, 0x0BE0, 0x1220, 0x1220, 0x3220, 0x3220, 0x53FE, 0x9220, 0x1210, 0x1210, 0x1212, 0x120A, 0x128A, 0x1326, 0x1212}},
  {20303, {0x0880, 0x0840, 0x0800, 0x17FC, 0x1040, 0x3040, 0x3040, 0x5040, 0x97FC, 0x1040, 0x1040, 0x1040, 0x1040, 0x1040, 0x1FFE, 0x1000}},
  {20304, {0x0880, 0x0880, 0x0880, 0x1080, 0x17FE, 0x3080, 0x3100, 0x5100, 0x91FC, 0x1220, 0x1220, 0x1420, 0x1420, 0x1820, 0x13FE, 0x1000}},
  {20305, {0x0840, 0x0840, 0x0840, 0x1040, 0x17FE, 0x3080, 0x3080, 0x5100, 0x93FC, 0x1504, 0x1904, 0x1104, 0x1104, 0x1104, 0x11FC, 0x1104}},
  {20307, {0x0840, 0x0840, 0x0840, 0x1040, 0x17FC, 0x3040, 0x30E0, 0x50E0, 0x9150, 0x1150, 0x1248, 0x15F4, 0x1842, 0x1040, 0x1040, 0x1040}},
  {20309, {0x0800, 0x0800, 0x17FE, 0x1008, 0x2008, 0x33C8, 0x5248, 0x9248, 0x1248, 0x1248, 0x13C8, 0x1248, 0x1008, 0x1008, 0x1028, 0x1010}},
  {20311, {0x0840, 0x0820, 0x0820, 0x13FE, 0x1202, 0x3404, 0x3100, 0x5108, 0x9110, 0x1120, 0x11C0, 0x1102, 0x1102, 0x1102, 0x10FE, 0x1000}},
  {20312, {0x0100, 0x0100, 0x0280, 0x0440, 0x0820, 0x3018, 0xCFE6, 0x0000, 0x0000, 0x7FFC, 0x0100, 0x1110, 0x1108, 0x2104, 0x4504, 0x0200}},
  {20313, {0x0100, 0x0100, 0x0280, 0x0440, 0x0820, 0x1010, 0x2FE8, 0xC106, 0x0100, 0x3FF8, 0x0100, 0x1110, 0x1108, 0x2104, 0x4504, 0x0200}},
  {20314, {0x1040, 0x1040, 0x1240, 0x2240, 0x23FC, 0x6240, 0x6440, 0xA040, 0x2FFE, 0x2040, 0x20A0, 0x20A0, 0x2110, 0x2208, 0x2404, 0x2802}},
  {20315, {0x1120, 0x1120, 0x1120, 0x2FFC, 0x2124, 0x6124, 0x67FC, 0xA520, 0x2920, 0x2FFE, 0x2122, 0x2122, 0x222A, 0x2224, 0x2420, 0x2820}},
  {20316, {0x0900, 0x0900, 0x0900, 0x11FE, 0x1280, 0x3280, 0x3480, 0x50F8, 0x9080, 0x1080, 0x1080, 0x10FC, 0x1080, 0x1080, 0x1080, 0x1080}},
  {20317, {0x1100, 0x1100, 0x1200, 0x23FC, 0x2404, 0x6804, 0x63E4, 0xA224, 0x2224, 0x2224, 0x2224, 0x23E4, 0x2224, 0x2004, 0x2028, 0x2010}},
  {20318, {0x1000, 0x13F8, 0x1000, 0x2000, 0x2FFE, 0x6080, 0x6080, 0xAFFE, 0x2108, 0x2210, 0x2610, 0x21A0, 0x2060, 0x2090, 0x2308, 0x2C04}},
  {20319, {0x0880, 0x0880, 0x08F8, 0x1108, 0x1310, 0x34A0, 0x3040, 0x50A0, 0x9318, 0x1C06, 0x10C0, 0x1020, 0x1010, 0x1180, 0x1060, 0x1010}},
  {20320, {0x0880, 0x0880, 0x0880, 0x11FE, 0x1102, 0x3204, 0x3420, 0x5020, 0x9128, 0x1124, 0x1224, 0x1222, 0x1422, 0x1020, 0x10A0, 0x1040}},
  {20323, {0x1000, 0x17FC, 0x1444, 0x2444, 0x2444, 0x67FC, 0x6444, 0xA444, 0x2444, 0x27FC, 0x2444, 0x2444, 0x2444, 0x2844, 0x2854, 0x3008}},
  {20324, {0x0800, 0x0800, 0x0FFC, 0x1100, 0x1100, 0x31F0, 0x3110, 0x5110, 0x9190, 0x1250, 0x1250, 0x1210, 0x1212, 0x1292, 0x1312, 0x120E}},
  {20325, {0x0100, 0x0100, 0x0280, 0x0440, 0x0820, 0x1010, 0x2FE8, 0xC006, 0x0210, 0x1110, 0x0910, 0x0920, 0x0820, 0x0040, 0x7FFC, 0x0000}},
  {20327, {0x0840, 0x0840, 0x0840, 0x107C, 0x1040, 0x3040, 0x3040, 0x57FE, 0x9040, 0x1040, 0x1050, 0x1048, 0x1044, 0x1040, 0x1040, 0x1040}},
  {20329, {0x1000, 0x17FC, 0x1404, 0x2404, 0x25F4, 0x6444, 0x6444, 0xA5F4, 0x2554, 0x2554, 0x2554, 0x2554, 0x2574, 0x2446, 0x2446, 0x2842}},
  {20332, {0x0840, 0x0840, 0x0844, 0x13F4, 0x1048, 0x3050, 0x37FE, 0x5040, 0x9080, 0x1184, 0x1298, 0x14E0, 0x1882, 0x1082, 0x107E, 0x1000}},
  {20335, {0x0A08, 0x0908, 0x0910, 0x1000, 0x17FC, 0x3040, 0x3040, 0x53F8, 0x9040, 0x1040, 0x17FE, 0x1040, 0x1040, 0x1040, 0x1040, 0x1040}},
  {20336, {0x0800, 0x0BFE, 0x0820, 0x1020, 0x1040, 0x31FC, 0x3104, 0x5104, 0x9104, 0x11FC, 0x1104, 0x1104, 0x1104, 0x1104, 0x11FC, 0x1104}},
  {20339, {0x0840, 0x0840, 0x0BFC, 0x1040, 0x1040, 0x3040, 0x3FFE, 0x5000, 0x9040, 0x1040, 0x13FC, 0x1040, 0x1040, 0x1040, 0x1FFE, 0x1000}},
  {20340, {0x0800, 0x0BFE, 0x0908, 0x1108, 0x1108, 0x31F8, 0x3108, 0x5108, 0x91F8, 0x1108, 0x1108, 0x111E, 0x17E8, 0x1008, 0x1008, 0x1008}},
  {20342, {0x0840, 0x0840, 0x0840, 0x1FFE, 0x1040, 0x3040, 0x37FC, 0x5000, 0x9000, 0x13F8, 0x1208, 0x1208, 0x1208, 0x1208, 0x13F8, 0x1208}},
  {20347, {0x0890, 0x0890, 0x0890, 0x1492, 0x1294, 0x3098, 0x3090, 0x5198, 0x9294, 0x1492, 0x1090, 0x1090, 0x1112, 0x1112, 0x1212, 0x140E}},
  {20348, {0x1080, 0x1040, 0x1040, 0x27FC, 0x2000, 0x6110, 0x6208, 0xA404, 0x2110, 0x2110, 0x20A0, 0x2040, 0x20A0, 0x2110, 0x2208, 0x2C06}},
  {20350, {0x0810, 0x0910, 0x0908, 0x1208, 0x1404, 0x3BFA, 0x3208, 0x5208, 0x93F8, 0x1208, 0x1208, 0x13F8, 0x1208, 0x1208, 0x1228, 0x1210}},
  {20351, {0x1040, 0x1040, 0x1FFE, 0x2040, 0x2040, 0x67FC, 0x6444, 0xA444, 0x27FC, 0x2040, 0x2240, 0x2140, 0x2080, 0x2140, 0x2230, 0x2C0E}},
  {20355, {0x1000, 0x17FC, 0x1404, 0x2404, 0x2404, 0x67FC, 0x6000, 0xA248, 0x2248, 0x2248, 0x2248, 0x2248, 0x224A, 0x244A, 0x244A, 0x2806}},
  {20356, {0x1000, 0x17FE, 0x1040, 0x2080, 0x2110, 0x6208, 0x67FC, 0xA044, 0x2040, 0x2040, 0x27FC, 0x2040, 0x2040, 0x2040, 0x2FFE, 0x2000}},
  {20360, {0x1080, 0x1080, 0x11F8, 0x2210, 0x2520, 0x60C0, 0x6090, 0xA320, 0x2C7C, 0x2084, 0x2108, 0x2690, 0x2060, 0x2040, 0x2180, 0x2E00}},
  {20361, {0x1040, 0x1040, 0x17FC, 0x20A0, 0x2110, 0x6208, 0x6DF6, 0xA000, 0x27FC, 0x2080, 0x2100, 0x23F8, 0x2008, 0x2008, 0x2050, 0x2020}},
  {20363, {0x1004, 0x1004, 0x17C4, 0x2214, 0x2214, 0x63D4, 0x6254, 0xA454, 0x2654, 0x2554, 0x2894, 0x2094, 0x2104, 0x2204, 0x2414, 0x2808}},
  {20365, {0x0840, 0x0840, 0x0840, 0x13FC, 0x1040, 0x3040, 0x37FE, 0x5010, 0x9010, 0x17FE, 0x1010, 0x1210, 0x1110, 0x1110, 0x1050, 0x1020}},
  {20367, {0x0840, 0x0A40, 0x0A40, 0x13FC, 0x1440, 0x3040, 0x3040, 0x57FE, 0x90E0, 0x1150, 0x1150, 0x1248, 0x1444, 0x1842, 0x1040, 0x1040}},
  {20369, {0x0840, 0x0840, 0x0FFE, 0x1080, 0x1100, 0x31FC, 0x3304, 0x5504, 0x99FC, 0x1104, 0x1104, 0x11FC, 0x1104, 0x1104, 0x1114, 0x1108}},
  {20372, {0x0840, 0x0840, 0x0890, 0x1108, 0x13FC, 0x3024, 0x3120, 0x5120, 0x91FC, 0x1220, 0x1020, 0x17FE, 0x1020, 0x1020, 0x1020, 0x1020}},
  {20375, {0x1000, 0x17FC, 0x1404, 0x2404, 0x25F4, 0x6404, 0x6404, 0xA5F4, 0x2514, 0x2514, 0x2514, 0x25F4, 0x2404, 0x2404, 0x2414, 0x2408}},
  {20379, {0x0910, 0x0910, 0x0910, 0x1110, 0x13FC, 0x3110, 0x3110, 0x5110, 0x9110, 0x17FE, 0x1000, 0x1110, 0x1108, 0x1208, 0x1404, 0x1804}},
  {20381, {0x0880, 0x0840, 0x0840, 0x17FE, 0x1080, 0x3080, 0x3140, 0x5144, 0x9348, 0x1530, 0x1920, 0x1110, 0x1108, 0x1144, 0x1182, 0x1100}},
  {20384, {0x0840, 0x0840, 0x0840, 0x17FC, 0x1040, 0x3248, 0x3150, 0x5040, 0x9FFE, 0x10A0, 0x10A0, 0x1110, 0x1110, 0x1208, 0x1404, 0x1802}},
  {20387, {0x1000, 0x13F8, 0x1208, 0x2208, 0x2208, 0x6208, 0x63F8, 0xA000, 0x2000, 0x27FC, 0x2404, 0x2404, 0x2404, 0x2404, 0x27FC, 0x2404}},
  {20389, {0x0880, 0x0880, 0x08BC, 0x13C0, 0x1050, 0x3024, 0x30D4, 0x530C, 0x9000, 0x17FE, 0x1090, 0x1090, 0x1112, 0x1112, 0x120E, 0x1400}},
  {20390, {0x0840, 0x0840, 0x087E, 0x1040, 0x1040, 0x33F8, 0x3208, 0x5248, 0x9248, 0x1248, 0x1248, 0x1248, 0x10A0, 0x1110, 0x1208, 0x1404}},
  {20391, {0x1004, 0x17C4, 0x1444, 0x2454, 0x2554, 0x6554, 0x6554, 0xA554, 0x2554, 0x2554, 0x2554, 0x2104, 0x2284, 0x2244, 0x2414, 0x2808}},
  {20392, {0x0810, 0x0878, 0x0BC0, 0x1040, 0x1040, 0x37FE, 0x30A0, 0x5110, 0x9208, 0x1516, 0x1110, 0x1110, 0x1110, 0x1210, 0x1210, 0x1410}},
  {20393, {0x0840, 0x0840, 0x08A0, 0x1110, 0x1208, 0x3406, 0x31F0, 0x5000, 0x9000, 0x17FC, 0x1040, 0x1080, 0x1110, 0x1208, 0x17FC, 0x1204}},
  {20394, {0x0880, 0x0840, 0x0FFE, 0x1208, 0x1110, 0x30A0, 0x3040, 0x51B0, 0x960E, 0x1110, 0x1110, 0x1110, 0x1110, 0x1210, 0x1210, 0x1410}},
  {20396, {0x1040, 0x1040, 0x1040, 0x27FC, 0x2484, 0x6888, 0x6140, 0xA144, 0x2348, 0x2530, 0x2920, 0x2110, 0x2108, 0x2144, 0x2182, 0x2100}},
  {20398, {0x0900, 0x0900, 0x09FC, 0x1200, 0x15F8, 0x3108, 0x3148, 0x5128, 0x97FE, 0x1108, 0x1248, 0x1228, 0x13FC, 0x1008, 0x1050, 0x1020}},
  {20399, {0x0800, 0x0BF8, 0x0808, 0x1008, 0x17FE, 0x3100, 0x3100, 0x53F8, 0x9440, 0x1040, 0x1FFE, 0x1040, 0x10A0, 0x1110, 0x1208, 0x1C06}},
  {20405, {0x0800, 0x0BF8, 0x0808, 0x11F8, 0x1008, 0x33F8, 0x3000, 0x57FC, 0x9404, 0x13F0, 0x1110, 0x1110, 0x10A0, 0x1040, 0x11B0, 0x160E}},
  {20415, {0x1000, 0x17FE, 0x1040, 0x27FC, 0x2444, 0x6444, 0x67FC, 0xA444, 0x2444, 0x27FC, 0x2240, 0x2140, 0x2080, 0x2140, 0x2230, 0x2C0E}},
  {20419, {0x0800, 0x0BF8, 0x0A08, 0x1208, 0x1208, 0x3208, 0x33F8, 0x5040, 0x9040, 0x1240, 0x127C, 0x1240, 0x1240, 0x1540, 0x18FE, 0x1000}},
  {20420, {0x1028, 0x11A4, 0x1724, 0x2120, 0x2120, 0x6FFE, 0x6120, 0xA124, 0x21A4, 0x2328, 0x2D28, 0x2110, 0x2112, 0x212A, 0x2546, 0x2282}},
  {20421, {0x0850, 0x0848, 0x0848, 0x1040, 0x17FE, 0x3040, 0x3244, 0x5164, 0x9168, 0x10D0, 0x1150, 0x1248, 0x1444, 0x1042, 0x1140, 0x1080}},
  {20426, {0x0840, 0x0840, 0x0888, 0x1104, 0x13FE, 0x3002, 0x3088, 0x5144, 0x9242, 0x10F8, 0x1188, 0x1250, 0x1020, 0x1050, 0x1188, 0x1606}},
  {20430, {0x1000, 0x11F8, 0x1108, 0x2908, 0x2508, 0x45F8, 0x9108, 0x1108, 0x1108, 0x11F8, 0x2908, 0x2508, 0x4508, 0x8108, 0x07FE, 0x0000}},
  {20431, {0x0840, 0x0A48, 0x0948, 0x1150, 0x1040, 0x33F8, 0x3208, 0x5208, 0x93F8, 0x1208, 0x1208, 0x13F8, 0x1208, 0x1208, 0x1228, 0x1210}},
  {20432, {0x1084, 0x11C4, 0x1704, 0x2114, 0x2114, 0x6114, 0x6FD4, 0xA114, 0x2314, 0x2394, 0x2554, 0x2504, 0x2904, 0x2104, 0x2114, 0x2108}},
  {20433, {0x1000, 0x17F8, 0x1010, 0x21A0, 0x2040, 0x67FC, 0x6444, 0xA444, 0x27FC, 0x2444, 0x2444, 0x27FC, 0x2444, 0x2444, 0x2454, 0x2408}},
  {20439, {0x0910, 0x0908, 0x0A04, 0x1444, 0x1040, 0x30A0, 0x3110, 0x5208, 0x9C06, 0x13F8, 0x1208, 0x1208, 0x1208, 0x1208, 0x13F8, 0x1208}},
  {20440, {0x0808, 0x083C, 0x0BC0, 0x1004, 0x1244, 0x3128, 0x3000, 0x53F8, 0x9010, 0x1020, 0x17FE, 0x1020, 0x1020, 0x1020, 0x10A0, 0x1040}},
  {20442, {0x1000, 0x17FC, 0x1444, 0x2444, 0x27FC, 0x6444, 0x6444, 0xA7FC, 0x2040, 0x2040, 0x27FC, 0x2040, 0x2040, 0x2040, 0x2FFE, 0x2000}},
  {20444, {0x1040, 0x1040, 0x17FC, 0x2444, 0x27FC, 0x6444, 0x67FC, 0xA000, 0x3FFE, 0x2100, 0x2200, 0x23FC, 0x2004, 0x2004, 0x2028, 0x2010}},
  {20445, {0x0800, 0x0BF8, 0x0A08, 0x1208, 0x1208, 0x33F8, 0x3040, 0x5040, 0x97FC, 0x10E0, 0x1150, 0x1248, 0x1444, 0x1842, 0x1040, 0x1040}},
  {20446, {0x0100, 0x0280, 0x0440, 0x0820, 0x3018, 0xCFE6, 0x0000, 0x3E08, 0x2248, 0x3E48, 0x2248, 0x3E48, 0x2248, 0x2208, 0x2A28, 0x2410}},
  {20447, {0x1040, 0x1080, 0x1110, 0x2208, 0x27FC, 0x6104, 0x6100, 0xA3F8, 0x2440, 0x2040, 0x2FFE, 0x2040, 0x20A0, 0x2110, 0x2208, 0x2C06}},
  {20449, {0x0840, 0x0820, 0x0BFE, 0x1000, 0x1000, 0x31FC, 0x3000, 0x5000, 0x91FC, 0x1000, 0x1000, 0x11FC, 0x1104, 0x1104, 0x11FC, 0x1104}},
  {20451, {0x0800, 0x0BF8, 0x0A08, 0x1208, 0x13F8, 0x3000, 0x3000, 0x57FC, 0x9040, 0x1040, 0x1FFE, 0x1040, 0x10A0, 0x1110, 0x1208, 0x1406}},
  {20454, {0x1040, 0x1040, 0x17FC, 0x2040, 0x23F8, 0x6080, 0x67FE, 0xA090, 0x2110, 0x21FE, 0x2210, 0x2290, 0x2450, 0x2810, 0x2050, 0x2020}},
  {20456, {0x0800, 0x0BFC, 0x0890, 0x1294, 0x1198, 0x3090, 0x33FE, 0x5200, 0x9200, 0x1200, 0x1200, 0x1200, 0x1200, 0x1400, 0x1400, 0x1800}},
  {20457, {0x1000, 0x1FFE, 0x1120, 0x2120, 0x2120, 0x6FFC, 0x6924, 0xA924, 0x2924, 0x2AA4, 0x2A54, 0x2C4C, 0x2884, 0x2804, 0x2814, 0x2808}},
  {20458, {0x1000, 0x1FFE, 0x1000, 0x2000, 0x27BC, 0x64A4, 0x64A4, 0xA4A4, 0x26B4, 0x25AC, 0x24A4, 0x24A4, 0x24A4, 0x24A4, 0x24A4, 0x25AC}},
  {20461, {0x0840, 0x0840, 0x08A0, 0x10A0, 0x1110, 0x3208, 0x35F6, 0x5000, 0x9088, 0x1048, 0x1248, 0x1150, 0x1110, 0x1020, 0x17FE, 0x1000}},
  {20462, {0x1080, 0x1080, 0x11F8, 0x2108, 0x2A90, 0x6C60, 0xA998, 0x2E26, 0x28C0, 0x2B10, 0x2820, 0x28C8, 0x2B10, 0x2060, 0x2180, 0x2600}},
  {20463, {0x1040, 0x1020, 0x17FE, 0x2400, 0x2488, 0x6488, 0x6508, 0xA57E, 0x2708, 0x2548, 0x2528, 0x2528, 0x2908, 0x2908, 0x3128, 0x2110}},
  {20465, {0x0800, 0x0BF8, 0x0A08, 0x1208, 0x13F8, 0x3208, 0x33F8, 0x5208, 0x93F8, 0x1208, 0x1208, 0x1FFE, 0x1000, 0x1110, 0x1208, 0x1404}},
  {20467, {0x0890, 0x0890, 0x0890, 0x179E, 0x1090, 0x3090, 0x3090, 0x539C, 0x9090, 0x1090, 0x1090, 0x179E, 0x1090, 0x1090, 0x1090, 0x1090}},
  {20472, {0x0840, 0x0840, 0x0FFC, 0x1040, 0x13F8, 0x3080, 0x37FC, 0x5110, 0x9248, 0x1446, 0x11F0, 0x1040, 0x17FC, 0x1040, 0x1040, 0x1040}},
  {20474, {0x0840, 0x0880, 0x0BFC, 0x1110, 0x1248, 0x3446, 0x33F8, 0x5248, 0x9248, 0x13F8, 0x1248, 0x1248, 0x13F8, 0x1042, 0x1042, 0x103E}},
  {20478, {0x0840, 0x0880, 0x0BFC, 0x1224, 0x1224, 0x33FC, 0x3224, 0x5244, 0x93FC, 0x1090, 0x1110, 0x17FE, 0x1010, 0x1010, 0x1010, 0x1010}},
  {20492, {0x0840, 0x0820, 0x0BFE, 0x1202, 0x1404, 0x31F8, 0x3108, 0x5108, 0x91F8, 0x1100, 0x1100, 0x11FC, 0x1104, 0x1104, 0x11FC, 0x1104}},
  {20493, {0x0880, 0x0840, 0x0BFC, 0x1000, 0x1208, 0x3108, 0x3110, 0x57FE, 0x9000, 0x1000, 0x13FC, 0x1204, 0x1204, 0x1204, 0x13FC, 0x1204}},
  {20495, {0x1080, 0x1080, 0x11F8, 0x2108, 0x2A90, 0x6C60, 0xA998, 0x2E46, 0x2850, 0x2848, 0x2BFC, 0x2840, 0x28A0, 0x2110, 0x2208, 0x2404}},
  {20498, {0x1004, 0x1004, 0x1FC4, 0x2214, 0x2214, 0x6494, 0x67D4, 0xA114, 0x2114, 0x27D4, 0x2114, 0x2114, 0x21C4, 0x2E04, 0x2414, 0x2008}},
  {20500, {0x1000, 0x17FC, 0x1404, 0x2404, 0x27FC, 0x6420, 0x6524, 0xA524, 0x2524, 0x25FC, 0x2420, 0x2524, 0x2524, 0x2924, 0x29FC, 0x3004}},
  {20504, {0x1040, 0x1248, 0x1148, 0x2150, 0x2040, 0x67FC, 0x6404, 0xA404, 0x25F4, 0x2514, 0x2514, 0x2514, 0x25F4, 0x2404, 0x2414, 0x2408}},
  {20505, {0x1000, 0x13F8, 0x1008, 0x2808, 0x2FFE, 0x6900, 0x6900, 0xABF8, 0x2C40, 0x2840, 0x2FFE, 0x2840, 0x28A0, 0x2110, 0x2208, 0x2C06}},
  {20506, {0x0840, 0x0840, 0x0BFC, 0x10A0, 0x1110, 0x3208, 0x37FE, 0x5008, 0x93C8, 0x1248, 0x1248, 0x1248, 0x13C8, 0x1008, 0x1028, 0x1010}},
  {20508, {0x1000, 0x17FC, 0x1444, 0x2444, 0x25F4, 0x6444, 0x6444, 0xA7FC, 0x2404, 0x25F4, 0x2514, 0x2514, 0x25F4, 0x2404, 0x2414, 0x2808}},
  {20511, {0x0910, 0x0910, 0x0910, 0x17FC, 0x1110, 0x3110, 0x3FFE, 0x5000, 0x93F8, 0x1208, 0x1208, 0x13F8, 0x1208, 0x1208, 0x13F8, 0x1208}},
  {20513, {0x09F8, 0x0908, 0x0908, 0x11F8, 0x1108, 0x3108, 0x31F8, 0x5000, 0x93FC, 0x1204, 0x1204, 0x13FC, 0x1204, 0x1204, 0x13FC, 0x1204}},
  {20517, {0x0840, 0x0820, 0x0820, 0x13FE, 0x1202, 0x3494, 0x3108, 0x5204, 0x9000, 0x11FC, 0x1020, 0x1020, 0x1020, 0x1020, 0x17FE, 0x1000}},
  {20518, {0x1040, 0x1248, 0x1150, 0x27FC, 0x2080, 0x6100, 0x6FFE, 0xA210, 0x2408, 0x2BF4, 0x3212, 0x2210, 0x2250, 0x2224, 0x2204, 0x21FC}},
  {20520, {0x0800, 0x0BFC, 0x0A04, 0x1204, 0x13FC, 0x3220, 0x3220, 0x53FE, 0x9220, 0x1220, 0x12FC, 0x1284, 0x1284, 0x1484, 0x14FC, 0x1884}},
  {20521, {0x0840, 0x0840, 0x0FFC, 0x1040, 0x13F8, 0x3040, 0x37FE, 0x5000, 0x93F8, 0x1208, 0x13F8, 0x1208, 0x13F8, 0x1208, 0x1228, 0x1210}},
  {20522, {0x0800, 0x0840, 0x0B9C, 0x1204, 0x1204, 0x339C, 0x3204, 0x5204, 0x93FC, 0x1090, 0x1090, 0x1090, 0x1090, 0x1112, 0x1212, 0x140E}},
  {20524, {0x0840, 0x0840, 0x087E, 0x1040, 0x13FC, 0x3204, 0x33FC, 0x5204, 0x93FC, 0x1244, 0x1040, 0x17FE, 0x1040, 0x1040, 0x1040, 0x1040}},
  {20525, {0x0838, 0x0BC0, 0x0840, 0x1040, 0x17FC, 0x3150, 0x3248, 0x5486, 0x9080, 0x17FC, 0x1110, 0x1210, 0x11A0, 0x1060, 0x1090, 0x1308}},
  {20526, {0x0800, 0x0BF8, 0x0A48, 0x1248, 0x13F8, 0x3248, 0x3248, 0x53F8, 0x9040, 0x17FC, 0x10E0, 0x1150, 0x1248, 0x1446, 0x1040, 0x1040}},
  {20538, {0x0840, 0x0840, 0x0FFC, 0x1040, 0x13F8, 0x3040, 0x37FE, 0x5000, 0x93F8, 0x1208, 0x1248, 0x1248, 0x1248, 0x10A0, 0x1110, 0x1608}},
  {20540, {0x0840, 0x0840, 0x0FFC, 0x1040, 0x1040, 0x33F8, 0x3208, 0x53F8, 0x9208, 0x13F8, 0x1208, 0x13F8, 0x1208, 0x1208, 0x1FFE, 0x1000}},
  {20542, {0x1000, 0x10FE, 0x1410, 0x2420, 0x247C, 0x6444, 0x6754, 0xA454, 0x2454, 0x2454, 0x2554, 0x2654, 0x2420, 0x2028, 0x2044, 0x2082}},
  {20547, {0x0800, 0x0BFE, 0x0A00, 0x12FC, 0x1284, 0x32FC, 0x3284, 0x52FC, 0x9220, 0x13FE, 0x1248, 0x12C8, 0x1230, 0x1248, 0x1284, 0x13FE}},
  {20551, {0x1000, 0x17BC, 0x1484, 0x2484, 0x2484, 0x67BC, 0x6400, 0xA400, 0x27BC, 0x2424, 0x2424, 0x27A8, 0x2410, 0x2428, 0x2444, 0x2482}},
  {20552, {0x0800, 0x0BF8, 0x0A08, 0x13F8, 0x1208, 0x33F8, 0x3100, 0x53FC, 0x9444, 0x1244, 0x12A4, 0x1204, 0x13F4, 0x1004, 0x1028, 0x1010}},
  {20556, {0x1108, 0x1108, 0x17FE, 0x2108, 0x2148, 0x6040, 0x67FE, 0xA080, 0x2100, 0x23FC, 0x2504, 0x2904, 0x2104, 0x2104, 0x21FC, 0x2104}},
  {20558, {0x0800, 0x0BF8, 0x0A48, 0x1248, 0x13F8, 0x3248, 0x3248, 0x53F8, 0x9000, 0x17FE, 0x1240, 0x1244, 0x1228, 0x1290, 0x1308, 0x1206}},
  {20559, {0x1080, 0x1040, 0x17FC, 0x2404, 0x2404, 0x67FC, 0x6400, 0xA400, 0x27FC, 0x26A4, 0x2AA4, 0x2BFC, 0x2AA4, 0x2AA4, 0x32A4, 0x220C}},
  {20565, {0x0A20, 0x0A24, 0x0BA8, 0x1230, 0x12A2, 0x3322, 0x325E, 0x5080, 0x93FC, 0x1204, 0x1204, 0x13FC, 0x1204, 0x1204, 0x13FC, 0x1204}},
  {20570, {0x1210, 0x1210, 0x1210, 0x2FA0, 0x223E, 0x6244, 0x6224, 0xAFA4, 0x28A4, 0x28A8, 0x28A8, 0x2890, 0x2FA8, 0x2828, 0x2044, 0x2082}},
  {20572, {0x1080, 0x1040, 0x17FC, 0x2000, 0x23F8, 0x6208, 0x63F8, 0xA000, 0x2FFE, 0x2802, 0x23F8, 0x2040, 0x2040, 0x2040, 0x2140, 0x2080}},
  {20581, {0x1020, 0x1020, 0x10FC, 0x2E24, 0x23FE, 0x6224, 0x64FC, 0xA420, 0x2EFC, 0x2220, 0x2220, 0x2BFE, 0x2420, 0x2620, 0x29FE, 0x3000}},
  {20588, {0x1100, 0x1100, 0x13FC, 0x2494, 0x2B94, 0x6164, 0x6254, 0xA484, 0x2128, 0x2210, 0x2040, 0x2124, 0x252A, 0x250A, 0x28F8, 0x2000}},
  {20598, {0x1000, 0x17FC, 0x1444, 0x2444, 0x27FC, 0x6444, 0x6444, 0xA7FC, 0x2040, 0x2FFE, 0x2842, 0x2852, 0x2BF2, 0x2912, 0x280A, 0x2804}},
  {20599, {0x0840, 0x08A0, 0x0910, 0x1208, 0x15F6, 0x3000, 0x33C4, 0x5254, 0x9254, 0x13D4, 0x1254, 0x1254, 0x13D4, 0x1244, 0x1254, 0x12C8}},
  {20603, {0x0820, 0x0924, 0x08A8, 0x1020, 0x13FE, 0x30A8, 0x3124, 0x5202, 0x9040, 0x17FE, 0x1088, 0x1108, 0x1190, 0x1060, 0x1198, 0x1604}},
  {20606, {0x1040, 0x1040, 0x17FC, 0x2040, 0x2248, 0x6FFE, 0x6208, 0xA000, 0x27FC, 0x2404, 0x2444, 0x2444, 0x2444, 0x20B0, 0x230C, 0x2C02}},
  {20607, {0x0840, 0x0A48, 0x0950, 0x1040, 0x17FE, 0x3402, 0x3804, 0x51F0, 0x9000, 0x1000, 0x17FC, 0x1080, 0x1110, 0x1208, 0x17FC, 0x1204}},
  {20608, {0x1040, 0x1080, 0x17FC, 0x2444, 0x2444, 0x67FC, 0x6444, 0xA484, 0x27FC, 0x2080, 0x2150, 0x2164, 0x227C, 0x2442, 0x2842, 0x303E}},
  {20613, {0x0850, 0x0848, 0x0FFE, 0x1040, 0x17FC, 0x3444, 0x37FC, 0x5444, 0x97FC, 0x1444, 0x1008, 0x1FFE, 0x1208, 0x1108, 0x1128, 0x1010}},
  {20616, {0x1000, 0x17FC, 0x10A0, 0x20A0, 0x27FC, 0x64A4, 0x64A4, 0xA7FC, 0x2040, 0x2040, 0x27FC, 0x20E0, 0x2150, 0x2248, 0x2C46, 0x2040}},
  {20621, {0x1080, 0x1040, 0x17FC, 0x2208, 0x2110, 0x67FE, 0x6402, 0xA884, 0x2040, 0x27FC, 0x2100, 0x21F8, 0x2108, 0x2208, 0x2228, 0x2410}},
  {20643, {0x0840, 0x0840, 0x0FFC, 0x1040, 0x13F8, 0x3080, 0x37FC, 0x5110, 0x9248, 0x1446, 0x1248, 0x1150, 0x1248, 0x1444, 0x1140, 0x1080}},
  {20645, {0x0840, 0x0A48, 0x0950, 0x1040, 0x17FE, 0x3402, 0x3804, 0x53F8, 0x9208, 0x1208, 0x13F8, 0x10A0, 0x1120, 0x1124, 0x1224, 0x141C}},
  {20647, {0x1080, 0x1040, 0x17FE, 0x2402, 0x2814, 0x63E0, 0x6200, 0xA200, 0x23FC, 0x2210, 0x2210, 0x2FFE, 0x2000, 0x2110, 0x2208, 0x2404}},
  {20648, {0x1020, 0x1020, 0x18FA, 0x2424, 0x2428, 0x61FE, 0x6020, 0xBC40, 0x24FC, 0x2544, 0x2644, 0x247C, 0x2544, 0x2644, 0x247C, 0x2044}},
  {20649, {0x1028, 0x1024, 0x1740, 0x217E, 0x21C8, 0x6948, 0x657E, 0xA548, 0x2248, 0x227E, 0x2548, 0x2548, 0x2948, 0x207E, 0x2040, 0x2040}},
  {20652, {0x0820, 0x0A22, 0x0BFE, 0x1090, 0x1088, 0x31FE, 0x3310, 0x5510, 0x91FE, 0x1110, 0x1110, 0x11FE, 0x1110, 0x1110, 0x11FE, 0x1100}},
  {20658, {0x1210, 0x1210, 0x1FD0, 0x2220, 0x2FBE, 0x6244, 0xBFA4, 0x2424, 0x2424, 0x27A8, 0x24A8, 0x2490, 0x24A8, 0x29A8, 0x2844, 0x3082}},
  {20666, {0x0900, 0x0910, 0x0BDC, 0x1254, 0x1554, 0x3288, 0x3108, 0x52F4, 0x9402, 0x1000, 0x13FC, 0x1040, 0x1150, 0x1248, 0x1544, 0x1080}},
  {20667, {0x0840, 0x0880, 0x0BFC, 0x1294, 0x1264, 0x3294, 0x33FC, 0x5090, 0x9108, 0x1284, 0x14FA, 0x1108, 0x1290, 0x1060, 0x1198, 0x1606}},
  {20687, {0x0900, 0x09F0, 0x0A10, 0x17FC, 0x1A24, 0x3244, 0x33FC, 0x5080, 0x9144, 0x16A8, 0x1130, 0x1668, 0x10A8, 0x1124, 0x16A2, 0x1040}},
  {20694, {0x1040, 0x17FC, 0x1040, 0x23F8, 0x2000, 0x63F8, 0x6208, 0xA3F8, 0x2110, 0x2FFE, 0x2000, 0x23F8, 0x2208, 0x2208, 0x23F8, 0x2208}},
  {20698, {0x1040, 0x1040, 0x17FC, 0x20A0, 0x2514, 0x6208, 0x67FC, 0xAA0A, 0x23F8, 0x2208, 0x23F8, 0x2040, 0x2248, 0x2444, 0x2944, 0x2080}},
  {20710, {0x1414, 0x1212, 0x1F92, 0x2010, 0x207E, 0x6F90, 0x6890, 0xA890, 0x2F90, 0x2228, 0x2B28, 0x2AA8, 0x3228, 0x224A, 0x2A4A, 0x2486}},
  {20711, {0x0904, 0x0888, 0x0800, 0x13FE, 0x1222, 0x32AA, 0x3272, 0x5222, 0x93FE, 0x1000, 0x11FC, 0x1104, 0x11FC, 0x1104, 0x11FC, 0x1104}},
  {20716, {0x1140, 0x1120, 0x13FE, 0x2220, 0x2620, 0x6BFC, 0x6220, 0xA220, 0x23FC, 0x2220, 0x2220, 0x23FE, 0x2200, 0x2524, 0x2492, 0x2892}},
  {20717, {0x1000, 0x17BC, 0x1108, 0x2528, 0x27BC, 0x6318, 0x65AA, 0xA946, 0x2000, 0x23F8, 0x2208, 0x2208, 0x23F8, 0x2208, 0x2208, 0x23F8}},
  {20718, {0x0840, 0x0BF8, 0x0910, 0x10A0, 0x17FC, 0x3000, 0x33F8, 0x5248, 0x93F8, 0x1248, 0x13F8, 0x1040, 0x13F8, 0x1040, 0x17FE, 0x1000}},
  {20723, {0x1000, 0x17FC, 0x10A0, 0x20A0, 0x27FC, 0x64A4, 0x64A4, 0xA7FC, 0x2248, 0x2150, 0x27FC, 0x20E0, 0x2150, 0x2248, 0x2C46, 0x2040}},
  {20725, {0x1000, 0x1FFE, 0x1000, 0x27FC, 0x2444, 0x67FC, 0x6444, 0xAFFE, 0x2000, 0x27FC, 0x2444, 0x27FC, 0x2444, 0x27FC, 0x2000, 0x2FFE}},
  {20731, {0x1010, 0x1008, 0x1788, 0x24BE, 0x2480, 0x6494, 0x6788, 0xA47E, 0x2408, 0x2788, 0x26BE, 0x2A88, 0x2A88, 0x2B88, 0x3288, 0x2008}},
  {20742, {0x1288, 0x1288, 0x17E8, 0x2290, 0x241E, 0x67E4, 0x6454, 0xA854, 0x2754, 0x2554, 0x2554, 0x2748, 0x2548, 0x2054, 0x2294, 0x2122}},
  {20743, {0x0800, 0x0BFC, 0x0A94, 0x1294, 0x13FC, 0x3000, 0x37FE, 0x5000, 0x93FC, 0x1204, 0x13FC, 0x10A2, 0x1114, 0x1308, 0x1D44, 0x1182}},
  {20747, {0x1200, 0x13F8, 0x1410, 0x27FE, 0x2D48, 0x7624, 0x67FE, 0xA400, 0x25FC, 0x2400, 0x25FC, 0x2400, 0x25FC, 0x2904, 0x29FC, 0x3104}},
  {20754, {0x1000, 0x17FC, 0x1040, 0x2FFE, 0x2842, 0x6358, 0x6040, 0xA358, 0x2000, 0x2FFE, 0x2040, 0x27FC, 0x24A4, 0x24A4, 0x24A4, 0x240C}},
  {20769, {0x13F8, 0x1248, 0x1248, 0x23F8, 0x2248, 0x6248, 0x63F8, 0xA000, 0x2FBE, 0x2AAA, 0x2AAA, 0x2FBE, 0x2AAA, 0x2AAA, 0x2FBE, 0x28A2}},
  {20799, {0x0840, 0x0840, 0x0840, 0x0840, 0x0840, 0x0840, 0x0840, 0x0840, 0x0840, 0x0840, 0x0840, 0x1042, 0x1042, 0x2042, 0x403E, 0x8000}},
  {20800, {0x0000, 0x0000, 0xFFFE, 0x0840, 0x0840, 0x0840, 0x0840, 0x0840, 0x0840, 0x0840, 0x0840, 0x1044, 0x1044, 0x2044, 0x403C, 0x8000}},
  {20801, {0x0100, 0x0100, 0x0200, 0x0440, 0x0820, 0x1010, 0x3FF8, 0x0448, 0x0440, 0x0440, 0x0440, 0x0840, 0x0842, 0x1042, 0x2042, 0xC03E}},
  {20803, {0x0000, 0x3FF8, 0x0000, 0x0000, 0x0000, 0xFFFE, 0x0440, 0x0440, 0x0440, 0x0440, 0x0840, 0x0842, 0x1042, 0x2042, 0x403E, 0x8000}},
  {20804, {0x0000, 0x3FF8, 0x2008, 0x2008, 0x2008, 0x2008, 0x2008, 0x3FF8, 0x0440, 0x0440, 0x0440, 0x0840, 0x0840, 0x1042, 0x2042, 0xC03E}},
  {20805, {0x0200, 0x0100, 0xFFFE, 0x0400, 0x0400, 0x0820, 0x1010, 0x3FF8, 0x0448, 0x0440, 0x0440, 0x0440, 0x0844, 0x0844, 0x1044, 0x603C}},
  {20806, {0x0440, 0x0440, 0x4444, 0x2448, 0x1450, 0x1440, 0x0460, 0x0C50, 0x1448, 0x2444, 0x4440, 0x0842, 0x0842, 0x1042, 0x203E, 0x4000}},
  {20808, {0x0100, 0x1100, 0x1100, 0x1FF8, 0x2100, 0x4100, 0x0100, 0xFFFE, 0x0440, 0x0440, 0x0440, 0x0840, 0x0842, 0x1042, 0x203E, 0xC000}},
  {20809, {0x0100, 0x2108, 0x1108, 0x0910, 0x0920, 0x0100, 0xFFFE, 0x0440, 0x0440, 0x0440, 0x0440, 0x0842, 0x0842, 0x1042, 0x203E, 0xC000}},
  {20811, {0x0100, 0x0100, 0xFFFE, 0x0100, 0x0100, 0x3FF8, 0x2008, 0x2008, 0x2008, 0x3FF8, 0x0440, 0x0440, 0x0840, 0x1042, 0x2042, 0xC03E}},
  {20813, {0x0800, 0x0800, 0x0FE0, 0x1020, 0x2040, 0x7FF8, 0xA108, 0x2108, 0x2108, 0x3FF8, 0x2288, 0x0480, 0x0880, 0x1082, 0x2082, 0xC07E}},
  {20817, {0x1010, 0x0820, 0x0440, 0x0000, 0x1FF0, 0x1010, 0x1010, 0x1010, 0x1FF0, 0x1450, 0x0440, 0x0440, 0x0844, 0x0844, 0x1044, 0x603C}},
  {20820, {0x0800, 0x0800, 0x0FE0, 0x1020, 0x2040, 0x7FF8, 0xA108, 0x2108, 0x2108, 0x3FF8, 0x2288, 0x04A0, 0x0890, 0x1092, 0x2082, 0xC07E}},
  {20821, {0x0000, 0x3C78, 0x2448, 0x2448, 0x2448, 0x27C8, 0x2008, 0x2008, 0x3FF8, 0x2448, 0x0440, 0x0440, 0x0840, 0x1042, 0x2042, 0xC03E}},
  {20822, {0x0200, 0x0100, 0xFFFE, 0x0820, 0x1110, 0x2208, 0x4444, 0x0820, 0x1FF0, 0x0450, 0x0440, 0x0840, 0x0840, 0x1042, 0x2042, 0xC03E}},
  {20826, {0x0100, 0x1110, 0x0910, 0x0920, 0x7FFE, 0x4002, 0x8004, 0x1FF0, 0x1010, 0x1010, 0x1FF0, 0x0440, 0x0440, 0x0842, 0x3042, 0xC03E}},
  {20828, {0x0100, 0x1200, 0x67DC, 0x4444, 0x4444, 0x47C4, 0x4444, 0x4444, 0x57C4, 0x601C, 0x0440, 0x0440, 0x0440, 0x0844, 0x1044, 0x603C}},
  {20834, {0x0820, 0x0820, 0x0820, 0x7EFE, 0x0820, 0x0820, 0x7EFC, 0x4284, 0x4284, 0x7EFC, 0x1450, 0x1450, 0x2550, 0x2692, 0x4492, 0x810E}},
  {20837, {0x0400, 0x0200, 0x0100, 0x0100, 0x0100, 0x0280, 0x0280, 0x0280, 0x0440, 0x0440, 0x0820, 0x0820, 0x1010, 0x2010, 0x4008, 0x8006}},
  {20840, {0x0100, 0x0100, 0x0280, 0x0440, 0x0820, 0x1010, 0x2FE8, 0xC106, 0x0100, 0x0100, 0x1FF0, 0x0100, 0x0100, 0x0100, 0x7FFC, 0x0000}},
  {20843, {0x0000, 0x0040, 0x0440, 0x0440, 0x0440, 0x0440, 0x0440, 0x0420, 0x0820, 0x0820, 0x0810, 0x1010, 0x1008, 0x2008, 0x2004, 0x4002}},
  {20844, {0x0080, 0x0480, 0x0480, 0x0840, 0x0840, 0x1020, 0x2010, 0x4208, 0x8206, 0x0400, 0x0440, 0x0820, 0x1020, 0x3FF0, 0x1010, 0x0000}},
  {20845, {0x0200, 0x0100, 0x0080, 0x0080, 0x0000, 0xFFFE, 0x0000, 0x0000, 0x0440, 0x0420, 0x0810, 0x0808, 0x1008, 0x2004, 0x4004, 0x0000}},
  {20846, {0x0440, 0x0440, 0x0820, 0x0820, 0x1010, 0x2008, 0xDFF6, 0x0400, 0x0800, 0x0FE0, 0x0020, 0x0020, 0x0020, 0x0020, 0x0140, 0x0080}},
  {20848, {0x1010, 0x0810, 0x0420, 0x0440, 0x0000, 0x7FFC, 0x0000, 0x0000, 0x0000, 0x3FF8, 0x0000, 0x0000, 0x0000, 0x0000, 0xFFFE, 0x0000}},
  {20849, {0x0420, 0x0420, 0x0420, 0x0420, 0x3FFC, 0x0420, 0x0420, 0x0420, 0x0420, 0x0420, 0x7FFE, 0x0000, 0x0420, 0x0810, 0x1008, 0x2004}},
  {20851, {0x1010, 0x0810, 0x0820, 0x0000, 0x3FF8, 0x0100, 0x0100, 0x0100, 0xFFFE, 0x0100, 0x0280, 0x0280, 0x0440, 0x0820, 0x3018, 0xC006}},
  {20852, {0x0408, 0x0208, 0x2108, 0x1110, 0x0810, 0x0820, 0x0040, 0xFFFE, 0x0000, 0x0440, 0x0420, 0x0810, 0x0808, 0x1008, 0x2004, 0x4004}},
  {20853, {0x0020, 0x00F0, 0x1F00, 0x1000, 0x1000, 0x1FF8, 0x1080, 0x1080, 0x1080, 0x1080, 0xFFFE, 0x0000, 0x0840, 0x1020, 0x2010, 0x4008}},
  {20854, {0x0820, 0x0820, 0x7FFC, 0x0820, 0x0820, 0x0FE0, 0x0820, 0x0820, 0x0FE0, 0x0820, 0x0820, 0xFFFE, 0x0000, 0x0820, 0x1010, 0x2008}},
  {20855, {0x0000, 0x1FF0, 0x1010, 0x1010, 0x1FF0, 0x1010, 0x1FF0, 0x1010, 0x1FF0, 0x1010, 0x1010, 0xFFFE, 0x0440, 0x0820, 0x1010, 0x2008}},
  {20856, {0x0440, 0x0440, 0x0440, 0x3FF8, 0x2448, 0x2448, 0x2448, 0x3FF8, 0x2448, 0x2448, 0x2448, 0xFFFE, 0x0440, 0x0820, 0x1010, 0x2008}},
  {20857, {0x0820, 0x0420, 0x0440, 0xFFFE, 0x1020, 0x1020, 0x2040, 0x2448, 0x4488, 0x78F0, 0x0810, 0x1020, 0x1428, 0x2244, 0x7EFC, 0x0204}},
  {20859, {0x0820, 0x0440, 0x0000, 0x7FFC, 0x0100, 0x3FF8, 0x0200, 0xFFFE, 0x0440, 0x0820, 0x3458, 0xC446, 0x0440, 0x0440, 0x0840, 0x1040}},
  {20860, {0x1020, 0x0840, 0x7FFC, 0x0480, 0x0480, 0x3FF0, 0x0490, 0xFFFE, 0x0490, 0x3FF0, 0x0CC0, 0x14A0, 0x2498, 0xC486, 0x0480, 0x0480}},
  {20861, {0x0820, 0x0440, 0x3FF8, 0x2108, 0x3FF8, 0x2108, 0x3FF8, 0x0000, 0xFFFE, 0x0000, 0x1FF0, 0x1010, 0x1010, 0x1010, 0x1FF0, 0x1010}},
  {20864, {0x0444, 0x7C78, 0x0442, 0x1C3E, 0xE400, 0x3FF8, 0x2108, 0x3FF8, 0x2108, 0x3FF8, 0x0440, 0x3FF8, 0x0440, 0xFFFE, 0x1010, 0x2008}},
  {20865, {0x4400, 0x25FE, 0x2902, 0x7D02, 0x55FE, 0x5524, 0x7D24, 0x557E, 0x5524, 0x7D24, 0x11FE, 0x1152, 0xFD54, 0x1248, 0x1264, 0x1442}},
  {20866, {0x0000, 0x7FFC, 0x4004, 0x4004, 0x4004, 0x4004, 0x4004, 0x4004, 0x4004, 0x4004, 0x4004, 0x4004, 0x4004, 0x4004, 0x4014, 0x4008}},
  {20869, {0x0100, 0x0100, 0x0100, 0x7FFC, 0x4104, 0x4104, 0x4104, 0x4284, 0x4244, 0x4424, 0x4814, 0x5014, 0x4004, 0x4004, 0x4014, 0x4008}},
  {20872, {0x0000, 0x7FFC, 0x4004, 0x4004, 0x4004, 0x4824, 0x4444, 0x4284, 0x4104, 0x4284, 0x4444, 0x4824, 0x4004, 0x4004, 0x4014, 0x4008}},
  {20873, {0x0100, 0x0100, 0x0100, 0x3FF8, 0x2108, 0x2108, 0x3FF8, 0x2108, 0x2108, 0x2108, 0xFFFE, 0x2008, 0x2008, 0x2008, 0x2028, 0x2010}},
  {20876, {0x0000, 0x1E78, 0x1248, 0x1248, 0x1248, 0x1248, 0x1248, 0xFFFE, 0x1248, 0x1248, 0x1248, 0x1248, 0x1248, 0x1288, 0x26A8, 0x4110}},
  {20877, {0x0000, 0xFFFE, 0x0100, 0x0100, 0x3FF8, 0x2108, 0x2108, 0x3FF8, 0x2108, 0x2108, 0xFFFE, 0x2008, 0x2008, 0x2008, 0x2028, 0x2010}},
  {20882, {0x0000, 0x3FF8, 0x2008, 0x2FE8, 0x2008, 0x2FE8, 0x2008, 0x0000, 0x1FF0, 0x1010, 0x1FF0, 0x1010, 0x1FF0, 0x1010, 0x1FF0, 0x1010}},
  {20885, {0x7FFC, 0x4004, 0x5FF4, 0x4004, 0x5FF4, 0x0400, 0x0FE0, 0x1020, 0x3FF8, 0x5108, 0x1108, 0x1FF8, 0x0280, 0x0482, 0x1882, 0x607E}},
  {20886, {0x0000, 0x7FFE, 0x4002, 0x8004, 0x0000, 0x0000, 0x0000, 0x0000, 0x0000, 0x0000, 0x0000, 0x0000, 0x0000, 0x0000, 0x0000, 0x0000}},
  {20887, {0x0000, 0x0000, 0x7FFE, 0x4002, 0x8004, 0x0000, 0x0FC0, 0x0840, 0x0840, 0x0840, 0x0840, 0x1042, 0x1042, 0x2042, 0x403E, 0x8000}},
  {20889, {0x0000, 0x7FFE, 0x4002, 0x9004, 0x1000, 0x1FF8, 0x1000, 0x2000, 0x3FF8, 0x0008, 0x0008, 0xFFC8, 0x0008, 0x0008, 0x0050, 0x0020}},
  {20891, {0x0000, 0x7FFE, 0x4002, 0x8204, 0x0200, 0x3FF8, 0x0400, 0x0900, 0x1100, 0x3FF8, 0x0100, 0x0100, 0xFFFE, 0x0100, 0x0100, 0x0100}},
  {20892, {0x0100, 0x0100, 0x0100, 0x7FFC, 0x4204, 0x8208, 0x0500, 0x0508, 0x0890, 0x18A0, 0x2840, 0x4820, 0x8810, 0x0A08, 0x0C06, 0x0800}},
  {20896, {0x0000, 0x7FFE, 0x4002, 0x8004, 0x3E08, 0x0008, 0x00FE, 0x7E08, 0x1448, 0x1428, 0x1408, 0x142A, 0x2412, 0x2402, 0x43FE, 0x8000}},
  {20898, {0x0000, 0x7FFE, 0x4002, 0x8004, 0x7FFC, 0x0200, 0x0608, 0x1910, 0x6AA0, 0x04C0, 0x1BA0, 0x6298, 0x0C86, 0x3080, 0xC280, 0x0100}},
  {20900, {0x0000, 0x7FFE, 0x4002, 0x8804, 0x0FE0, 0x1020, 0x2040, 0x5FF8, 0x1108, 0x1108, 0x1FF8, 0x0280, 0x04A0, 0x0892, 0x1082, 0x607E}},
  {20901, {0x0000, 0x7FFE, 0x4002, 0x8004, 0x1FF0, 0x1010, 0x1FF0, 0x1010, 0x1FF0, 0x1210, 0x0100, 0xFFFE, 0x0000, 0x0820, 0x1010, 0x2008}},
  {20907, {0x0000, 0x4000, 0x2000, 0x2000, 0x0000, 0x0800, 0x0800, 0x1000, 0x1000, 0xE000, 0x2000, 0x2000, 0x2000, 0x2000, 0x2000, 0x0000}},
  {20908, {0x0400, 0x0400, 0x0FF0, 0x1010, 0x2820, 0x4440, 0x0380, 0x0C60, 0x3018, 0xC006, 0x0700, 0x00C0, 0x0020, 0x0E00, 0x0180, 0x0040}},
  {20911, {0x0000, 0x47F0, 0x2010, 0x2010, 0x0210, 0x0A10, 0x0A10, 0x13FC, 0x1004, 0xE004, 0x2004, 0x27F4, 0x2004, 0x2004, 0x2028, 0x0010}},
  {20912, {0x0040, 0x4040, 0x2040, 0x2044, 0x0068, 0x0770, 0x1160, 0x1150, 0x2150, 0xE248, 0x2248, 0x2444, 0x2842, 0x2040, 0x2140, 0x0080}},
  {20913, {0x0000, 0x47FE, 0x2080, 0x2080, 0x0080, 0x08F8, 0x0908, 0x1108, 0x1108, 0x2208, 0xE3F8, 0x2010, 0x2010, 0x2010, 0x27FE, 0x0000}},
  {20914, {0x0040, 0x4040, 0x2040, 0x2040, 0x07FC, 0x0444, 0x1444, 0x1444, 0x2444, 0xE444, 0x27FC, 0x2444, 0x2040, 0x2040, 0x2040, 0x0040}},
  {20915, {0x0080, 0x4080, 0x2080, 0x27F8, 0x0088, 0x0088, 0x1088, 0x1088, 0x2FFE, 0xE080, 0x2140, 0x2140, 0x2220, 0x2410, 0x2808, 0x1006}},
  {20917, {0x0000, 0x47F8, 0x2408, 0x2408, 0x0408, 0x0408, 0x17F8, 0x1120, 0x2120, 0xE120, 0x2120, 0x2220, 0x2222, 0x2422, 0x281E, 0x1000}},
  {20918, {0x0040, 0x4040, 0x2080, 0x2110, 0x0208, 0x07FC, 0x1004, 0x1000, 0x23F8, 0xE208, 0x2208, 0x2208, 0x2208, 0x2208, 0x23F8, 0x0208}},
  {20919, {0x0040, 0x4040, 0x20A0, 0x20A0, 0x0110, 0x0248, 0x1426, 0x1020, 0x23F8, 0xE008, 0x2010, 0x2110, 0x20A0, 0x2040, 0x2020, 0x0020}},
  {20923, {0x0040, 0x4040, 0x2040, 0x27FE, 0x0080, 0x0920, 0x0920, 0x1220, 0x13FC, 0xE020, 0x2128, 0x2124, 0x2222, 0x2422, 0x20A0, 0x0040}},
  {20924, {0x0040, 0x4240, 0x2240, 0x23FC, 0x0440, 0x0040, 0x1040, 0x17FE, 0x2120, 0xE120, 0x2120, 0x2120, 0x2222, 0x2222, 0x241E, 0x0800}},
  {20925, {0x0004, 0x4004, 0x2FC4, 0x2224, 0x0224, 0x03A4, 0x12A4, 0x14A4, 0x26A4, 0xE5A4, 0x2924, 0x2124, 0x2204, 0x2204, 0x2414, 0x0808}},
  {20928, {0x0100, 0x4100, 0x23F0, 0x2410, 0x0020, 0x17FC, 0x1044, 0x1044, 0x2FFE, 0x2044, 0xE044, 0x27FC, 0x2044, 0x2040, 0x2140, 0x0080}},
  {20932, {0x0040, 0x4040, 0x27FC, 0x2040, 0x03F8, 0x0048, 0x17FE, 0x1048, 0x23F8, 0xE080, 0x27FE, 0x2108, 0x2390, 0x2060, 0x2198, 0x0604}},
  {20934, {0x0140, 0x4120, 0x2120, 0x23FE, 0x0220, 0x1620, 0x1BFC, 0x1220, 0x2220, 0x23FC, 0xE220, 0x2220, 0x2220, 0x23FE, 0x2200, 0x0200}},
  {20935, {0x0208, 0x4228, 0x2228, 0x2228, 0x0FA4, 0x0244, 0x1254, 0x1692, 0x2710, 0xEAA0, 0x2A20, 0x3228, 0x2244, 0x22FC, 0x2244, 0x0200}},
  {20937, {0x0080, 0x4040, 0x2FFE, 0x2000, 0x0000, 0x03F8, 0x1208, 0x1208, 0x23F8, 0xE040, 0x2250, 0x2248, 0x2444, 0x2844, 0x2140, 0x0080}},
  {20939, {0x0000, 0x47FC, 0x2444, 0x2444, 0x05F4, 0x0444, 0x1444, 0x17FC, 0x2404, 0xE5F4, 0x2514, 0x2514, 0x25F4, 0x2404, 0x2414, 0x0808}},
  {20940, {0x0040, 0x4040, 0x23F8, 0x2040, 0x0040, 0x07FE, 0x1110, 0x1288, 0x2484, 0xE1F0, 0x2310, 0x24A0, 0x2040, 0x20A0, 0x2310, 0x0C0C}},
  {20943, {0x0014, 0x4012, 0x2010, 0x27FE, 0x0410, 0x0410, 0x15D0, 0x1412, 0x2412, 0xE5D4, 0x2554, 0x2548, 0x25DA, 0x242A, 0x2846, 0x1082}},
  {20945, {0x0040, 0x4040, 0x27FC, 0x2040, 0x03F8, 0x0080, 0x17FC, 0x1110, 0x2208, 0xE5F6, 0x2040, 0x23F8, 0x2040, 0x20A0, 0x2110, 0x0608}},
  {20955, {0x0040, 0x4FFE, 0x2000, 0x27FC, 0x0404, 0x05F4, 0x1514, 0x15F4, 0x2404, 0xE7FC, 0x2000, 0x23F8, 0x2000, 0x2FFE, 0x2248, 0x04C4}},
  {20957, {0x0400, 0x457C, 0x2604, 0x24A8, 0x0390, 0x107C, 0x1414, 0x1794, 0x2A50, 0x2250, 0xEFDC, 0x2250, 0x2550, 0x24B0, 0x289E, 0x0100}},
  {20960, {0x0000, 0x0FE0, 0x0820, 0x0820, 0x0820, 0x0820, 0x0820, 0x0820, 0x0820, 0x0820, 0x1020, 0x1022, 0x2022, 0x2022, 0x401E, 0x8000}},
  {20961, {0x0000, 0x0FE0, 0x0820, 0x0820, 0x0820, 0x0A20, 0x0920, 0x08A0, 0x08A0, 0x0820, 0x1020, 0x1022, 0x2022, 0x2022, 0x401E, 0x8000}},
  {20964, {0x0000, 0x3FF8, 0x2008, 0x2008, 0x2FC8, 0x2048, 0x2848, 0x2488, 0x2288, 0x2108, 0x2288, 0x244A, 0x284A, 0x400A, 0x4006, 0x8002}},
  {20971, {0x0200, 0x0400, 0x3FE0, 0x2020, 0x2420, 0x22A0, 0x2040, 0x3FF8, 0x0008, 0x1F88, 0x10A8, 0x1090, 0x1082, 0x2082, 0x407E, 0x8000}},
  {20973, {0x0838, 0x0BC0, 0x1040, 0x3040, 0x57FE, 0x9040, 0x1040, 0x1040, 0x13F8, 0x0000, 0x0FE0, 0x0820, 0x0820, 0x1022, 0x2022, 0xC01E}},
  {20975, {0x1000, 0x92F0, 0x9290, 0x9290, 0xFE90, 0x0090, 0xFE90, 0x0290, 0x0290, 0x7E90, 0x4090, 0x4092, 0x4692, 0x5912, 0x610E, 0x0200}},
  {20976, {0x0000, 0x3FF8, 0x2208, 0x27C8, 0x2448, 0x27C8, 0x2448, 0x27C8, 0x2008, 0x2FE8, 0x2108, 0x27CA, 0x210A, 0x4FEA, 0x4006, 0x8002}},
  {20979, {0x0090, 0x7EA0, 0x0444, 0x2BA8, 0x1010, 0x2FE8, 0xC826, 0x0FE0, 0x0440, 0x7FFC, 0x0000, 0x0FE0, 0x0820, 0x0822, 0x1022, 0x601E}},
  {20981, {0x0000, 0x0000, 0x0000, 0x0000, 0x4004, 0x4004, 0x4004, 0x4004, 0x4004, 0x4004, 0x4004, 0x4004, 0x4004, 0x4004, 0x7FFC, 0x0004}},
  {20982, {0x0000, 0x0010, 0x1010, 0x0820, 0x4444, 0x4284, 0x4104, 0x4284, 0x4444, 0x4824, 0x5014, 0x6014, 0x4004, 0x4004, 0x7FFC, 0x0004}},
  {20984, {0x0000, 0x0FE0, 0x0820, 0x0820, 0x0820, 0x0820, 0x0820, 0x783C, 0x4004, 0x4004, 0x4004, 0x4004, 0x4004, 0x4004, 0x7FFC, 0x4004}},
  {20985, {0x0000, 0x7C7C, 0x4444, 0x4444, 0x4444, 0x4444, 0x4444, 0x4444, 0x4444, 0x47C4, 0x4004, 0x4004, 0x4004, 0x4004, 0x7FFC, 0x4004}},
  {20986, {0x0100, 0x0100, 0x2108, 0x2108, 0x2108, 0x2108, 0x3FF8, 0x0108, 0x0100, 0x0100, 0x4104, 0x4104, 0x4104, 0x4104, 0x7FFC, 0x0004}},
  {20987, {0x0100, 0x0100, 0x0100, 0x3FF8, 0x0100, 0x0100, 0x0100, 0xFFFE, 0x0100, 0x0100, 0x2108, 0x2108, 0x2108, 0x2108, 0x3FF8, 0x0008}},
  {20988, {0x0100, 0x0100, 0x0100, 0x0110, 0x5D24, 0x4544, 0x4584, 0x4944, 0x4924, 0x5114, 0x6114, 0x4504, 0x4204, 0x4004, 0x7FFC, 0x0004}},
  {20989, {0x0000, 0x3FF0, 0x0020, 0x0040, 0x5194, 0x4924, 0x4544, 0x4104, 0x4544, 0x4924, 0x5114, 0x4504, 0x4204, 0x4004, 0x7FFC, 0x0004}},
  {20991, {0x0440, 0x2448, 0x1450, 0x0440, 0xFFFE, 0x0000, 0x0440, 0x2288, 0x2FE8, 0x2108, 0x2108, 0x2FE8, 0x2108, 0x2108, 0x3FF8, 0x0008}},
  {20992, {0x0000, 0x0000, 0x3FF8, 0x0208, 0x0208, 0x0208, 0x0208, 0x0208, 0x0208, 0x0408, 0x0408, 0x0808, 0x0808, 0x1008, 0x2050, 0x4020}},
  {20993, {0x0000, 0x3FF8, 0x0008, 0x0008, 0x0008, 0x0048, 0x0088, 0x0108, 0x0208, 0x0408, 0x0808, 0x1008, 0x6008, 0x0008, 0x0050, 0x0020}},
  {20994, {0x0004, 0x0004, 0x0004, 0x0044, 0x0044, 0x0044, 0x0044, 0x0044, 0x0044, 0x0044, 0x0044, 0x0004, 0x0004, 0x0004, 0x0014, 0x0008}},
  {20995, {0x0000, 0x3FF8, 0x0208, 0x0208, 0x0208, 0x2208, 0x2208, 0x2208, 0x4208, 0x0208, 0x0408, 0x0408, 0x0808, 0x0808, 0x1050, 0x6020}},
  {20998, {0x0040, 0x0440, 0x0420, 0x0820, 0x1010, 0x2008, 0x4004, 0x9FE2, 0x0420, 0x0420, 0x0420, 0x0820, 0x0820, 0x1020, 0x2140, 0x4080}},
  {20999, {0x1000, 0x1000, 0x11FC, 0x1044, 0x1044, 0x1E44, 0xF044, 0x1044, 0x1044, 0x1244, 0x1444, 0x1884, 0x1084, 0x0104, 0x0228, 0x0410}},
  {21000, {0x0004, 0x0104, 0x0104, 0x2124, 0x1124, 0x0A24, 0x0A24, 0x0424, 0x0424, 0x0A24, 0x0A24, 0x1124, 0x2104, 0x4004, 0x8014, 0x0008}},
  {21002, {0x0004, 0x7F04, 0x0804, 0x0824, 0x0824, 0x0824, 0x0824, 0xFFA4, 0x0824, 0x0824, 0x0824, 0x0824, 0x0804, 0x0804, 0x0814, 0x0808}},
  {21005, {0x0400, 0x0400, 0x0FF0, 0x1010, 0x2020, 0x4040, 0xBFF8, 0x0008, 0x0008, 0x0008, 0x1FF8, 0x0008, 0x0008, 0x0008, 0x3FF8, 0x0008}},
  {21006, {0x2004, 0x2004, 0x2004, 0x3FA4, 0x54A4, 0x94A4, 0x14A4, 0x24A4, 0x24A4, 0x48A4, 0x88A4, 0x10A4, 0x2084, 0x4084, 0x8514, 0x0208}},
  {21009, {0x0004, 0x7F84, 0x1204, 0x1224, 0x1224, 0x1224, 0x1224, 0xFFE4, 0x1224, 0x1224, 0x1224, 0x1224, 0x2204, 0x2204, 0x4214, 0x8208}},
  {21010, {0x1004, 0x1404, 0x1204, 0x1024, 0x13A4, 0xFC24, 0x1024, 0x1124, 0x1124, 0x1224, 0x0C24, 0x08A4, 0x1484, 0x2284, 0xC194, 0x0088}},
  {21014, {0x0004, 0x3F04, 0x2104, 0x2124, 0x2124, 0x3F24, 0x2124, 0x2124, 0x2124, 0x3F24, 0x2124, 0x2124, 0x2104, 0x4104, 0x4514, 0x8208}},
  {21015, {0x0004, 0x7F84, 0x0804, 0x0824, 0x1F24, 0x1124, 0x2124, 0x2124, 0x5224, 0x8A24, 0x0424, 0x0424, 0x0804, 0x1004, 0x2014, 0x4008}},
  {21016, {0x1004, 0x0804, 0x0804, 0xFFA4, 0x0224, 0x4224, 0x2224, 0x1424, 0x1424, 0x0824, 0x0824, 0x1424, 0x2404, 0x4204, 0x8214, 0x0008}},
  {21017, {0x0004, 0x7F04, 0x4104, 0x4124, 0x4924, 0x4924, 0x4924, 0x4924, 0x4924, 0x4924, 0x4924, 0x1424, 0x1204, 0x2104, 0x4094, 0x8088}},
  {21018, {0x0004, 0x7F04, 0x4104, 0x4124, 0x6524, 0x5524, 0x5524, 0x4924, 0x4924, 0x5524, 0x5524, 0x6524, 0x4104, 0x4104, 0x4514, 0x4208}},
  {21019, {0x0804, 0x0804, 0x1404, 0x1224, 0x2124, 0x40A4, 0xBE24, 0x2224, 0x2224, 0x2224, 0x2A24, 0x2424, 0x2084, 0x2084, 0x1F94, 0x0008}},
  {21021, {0x2000, 0x1000, 0x01FC, 0xFC44, 0x0844, 0x1044, 0x1044, 0x3444, 0x5844, 0x9444, 0x1444, 0x1084, 0x1084, 0x1104, 0x1228, 0x1410}},
  {21024, {0x0002, 0x7BC2, 0x4A42, 0x4A4A, 0x4A4A, 0x4A4A, 0x4A4A, 0xFFEA, 0x4A4A, 0x4A4A, 0x4A4A, 0x4A4A, 0x4A42, 0x5A42, 0x854A, 0x0884}},
  {21028, {0x0404, 0x4484, 0x2484, 0x2524, 0x0424, 0x7FA4, 0x0424, 0x0424, 0x0424, 0xFFE4, 0x0424, 0x0824, 0x0804, 0x1004, 0x2014, 0x4008}},
  {21032, {0x1004, 0x1004, 0x3F04, 0x2124, 0x4124, 0xBD24, 0x2524, 0x2524, 0x3D24, 0x2124, 0x2524, 0x2224, 0x2084, 0x2084, 0x1F94, 0x0008}},
  {21033, {0x0104, 0x0784, 0x7C04, 0x0424, 0x0424, 0x0424, 0xFFA4, 0x0C24, 0x1624, 0x1524, 0x24A4, 0x2424, 0x4404, 0x8404, 0x0414, 0x0408}},
  {21035, {0x0004, 0x7F04, 0x4104, 0x4124, 0x4124, 0x7F24, 0x1024, 0x1024, 0xFF24, 0x1124, 0x1124, 0x1124, 0x2104, 0x2104, 0x4A14, 0x8408}},
  {21037, {0x0004, 0x7F04, 0x0204, 0x0424, 0x0C24, 0x1224, 0x2124, 0xC0A4, 0x0024, 0x7F24, 0x0824, 0x0824, 0x0804, 0x0F04, 0xF014, 0x4008}},
  {21038, {0x0204, 0x0F04, 0x7804, 0x0824, 0x0824, 0xFFA4, 0x0824, 0x0824, 0x0824, 0x7F24, 0x4124, 0x4124, 0x4104, 0x4104, 0x7F14, 0x4108}},
  {21040, {0x0004, 0xFF84, 0x0804, 0x1024, 0x2224, 0x4124, 0xFFA4, 0x08A4, 0x0824, 0x0824, 0x7F24, 0x0824, 0x0804, 0x0F84, 0xF814, 0x4008}},
  {21043, {0x0804, 0x0804, 0xFF84, 0x1424, 0x2224, 0x4124, 0xBEA4, 0x0024, 0xFFA4, 0x1024, 0x2024, 0x7F24, 0x0104, 0x0104, 0x0A14, 0x0408}},
  {21046, {0x0404, 0x2404, 0x2404, 0x3FA4, 0x4424, 0x0424, 0xFFE4, 0x0424, 0x0424, 0x3FA4, 0x24A4, 0x24A4, 0x2684, 0x2504, 0x0414, 0x0408}},
  {21047, {0x0002, 0x3FC2, 0x2042, 0x2042, 0x3FD2, 0x2212, 0x2212, 0x2212, 0x3FD2, 0x5252, 0x5252, 0x5252, 0x9342, 0x1282, 0x020A, 0x0204}},
  {21048, {0x0100, 0x1110, 0x0920, 0x3FF8, 0x0200, 0x0200, 0x7FFC, 0x0820, 0x1010, 0x2FE8, 0xC426, 0x0420, 0x0820, 0x0820, 0x1140, 0x2080}},
  {21049, {0x0104, 0x6204, 0x1404, 0x0824, 0x1424, 0x2224, 0x4924, 0x0824, 0xFFA4, 0x0824, 0x2A24, 0x2924, 0x4884, 0x8884, 0x2814, 0x1008}},
  {21050, {0x0804, 0x0804, 0xFF84, 0x0824, 0x0824, 0x7F24, 0x4924, 0x4924, 0x4D24, 0x4A24, 0x1C24, 0x2A24, 0x4904, 0x8884, 0x0814, 0x0808}},
  {21051, {0x1004, 0x0804, 0x0004, 0xFFA4, 0x0824, 0x1124, 0x2124, 0x7E24, 0x0424, 0x0924, 0x1224, 0x2424, 0xCC04, 0x1204, 0x2114, 0xC088}},
  {21053, {0x0804, 0x0804, 0x1404, 0x2224, 0x4124, 0xBEA4, 0x0024, 0x0024, 0xFFA4, 0x1024, 0x1024, 0x2224, 0x4104, 0xFF04, 0x4114, 0x0008}},
  {21055, {0x0804, 0x4904, 0x4904, 0x4924, 0x7F24, 0x1024, 0x1024, 0x3F24, 0x4124, 0xA124, 0x1224, 0x1424, 0x0804, 0x1004, 0x2014, 0xC008}},
  {21056, {0x0804, 0x4904, 0x4904, 0x4924, 0x7F24, 0x0024, 0x7F24, 0x0124, 0x0124, 0x3F24, 0x2024, 0x2024, 0x2304, 0x2C04, 0x3014, 0x0008}},
  {21057, {0x0004, 0x3E04, 0x2204, 0x2224, 0x2224, 0x49A4, 0x8824, 0x0824, 0xFFA4, 0x0824, 0x1C24, 0x2A24, 0x4904, 0x8884, 0x0814, 0x0808}},
  {21058, {0x1004, 0x0804, 0xFF84, 0x0224, 0x6424, 0x1824, 0x2624, 0xC124, 0x22A4, 0x2224, 0x2224, 0x2224, 0x2204, 0x4204, 0x4214, 0x8208}},
  {21059, {0x4204, 0x2204, 0x2404, 0xFF24, 0x0924, 0x0924, 0xFF24, 0x8824, 0x8824, 0xFFA4, 0x18A4, 0x28A4, 0x4A84, 0x8904, 0x0814, 0x0808}},
  {21066, {0x0804, 0x4904, 0x2904, 0x2A24, 0x0824, 0x7F24, 0x4124, 0x4124, 0x7F24, 0x4124, 0x4124, 0x7F24, 0x4104, 0x4104, 0x4514, 0x4208}},
  {21068, {0x0804, 0x0804, 0xFF84, 0x0824, 0x0824, 0x7F24, 0x4924, 0x4924, 0x7F24, 0x0824, 0x1C24, 0x2A24, 0x4904, 0x8804, 0x0814, 0x0808}},
  {21069, {0x1010, 0x0810, 0x0820, 0xFFFE, 0x0000, 0x3E08, 0x2248, 0x2248, 0x3E48, 0x2248, 0x2248, 0x3E48, 0x2208, 0x2208, 0x2A28, 0x2410}},
  {21072, {0x0004, 0x7F04, 0x4104, 0x4124, 0x4124, 0x7F24, 0x0824, 0x0824, 0xFFA4, 0x88A4, 0x94A4, 0xA2A4, 0xC284, 0x8084, 0x8294, 0x8108}},
  {21073, {0x0804, 0x0804, 0x1404, 0x1224, 0x2124, 0x40A4, 0xBE24, 0x0024, 0x1124, 0x0924, 0x4924, 0x2224, 0x2204, 0x0784, 0x7814, 0x2008}},
  {21076, {0x0004, 0x3F04, 0x2104, 0x2124, 0x3F24, 0x2124, 0x2124, 0x3F24, 0x1024, 0x3FA4, 0x4AA4, 0x92A4, 0x2484, 0x4884, 0x1294, 0x2108}},
  {21078, {0x1004, 0x0804, 0x7F84, 0x0024, 0x2124, 0x1224, 0xFFE4, 0x0024, 0x0024, 0x3F24, 0x2124, 0x2124, 0x2104, 0x3F04, 0x2114, 0x0008}},
  {21084, {0x0804, 0x0404, 0x7F84, 0x40A4, 0x2024, 0x3BA4, 0x2AA4, 0x2AA4, 0x2AA4, 0x5AA4, 0x4BA4, 0x8A24, 0x1204, 0x1284, 0x2314, 0x4208}},
  {21086, {0x0804, 0x0804, 0x7F84, 0x1424, 0x2224, 0x4124, 0xFFE4, 0x0124, 0x7924, 0x4924, 0x4924, 0x4924, 0x7904, 0x0104, 0x0514, 0x0208}},
  {21089, {0x0804, 0x0904, 0x4904, 0x4A24, 0x8824, 0x1424, 0x2224, 0x4924, 0x8824, 0x4924, 0x4924, 0x8A24, 0x1404, 0x2204, 0x4114, 0x8088}},
  {21093, {0x0004, 0x7E04, 0x0204, 0x3E24, 0x0224, 0xFFA4, 0x0824, 0x0924, 0x4924, 0x2A24, 0x1C24, 0x2A24, 0xC904, 0x0904, 0x2814, 0x1008}},
  {21095, {0x0004, 0x3F84, 0x2084, 0x20A4, 0x3FA4, 0x2424, 0x2424, 0x3FA4, 0x2424, 0x2424, 0x3FA4, 0x50A4, 0x5084, 0x9084, 0x1F94, 0x1088}},
  {21097, {0x0702, 0x7802, 0x0802, 0xFF82, 0x2A12, 0x2A92, 0xEB12, 0x2A92, 0x6A92, 0xA992, 0x1C12, 0x2A12, 0x4902, 0x8882, 0x080A, 0x0804}},
  {21098, {0x0820, 0xFFFE, 0x0000, 0x3E08, 0x2248, 0x3E48, 0x2248, 0x3E48, 0x2208, 0x2618, 0x0000, 0x7FF8, 0x0408, 0x0808, 0x1050, 0x6020}},
  {21103, {0x0002, 0x7FC2, 0x0002, 0x3F82, 0x2092, 0x2092, 0x3F92, 0x0012, 0x7FD2, 0x4452, 0x4452, 0x7FD2, 0x4442, 0x4442, 0x7FCA, 0x4044}},
  {21106, {0x1004, 0x0804, 0xFF84, 0x80A4, 0x0924, 0x7F24, 0x0824, 0x7F24, 0x0824, 0xFFA4, 0x0824, 0x7F24, 0x4104, 0x4104, 0x7F14, 0x4108}},
  {21117, {0x0002, 0xFFE2, 0x0A02, 0x7FC2, 0x4A52, 0x4A52, 0x7FD2, 0x0012, 0x7FD2, 0x0012, 0xFFF2, 0x0412, 0x2482, 0x4442, 0x942A, 0x0804}},
  {21119, {0x4904, 0x9204, 0x4904, 0x0024, 0x7F24, 0x4924, 0x7F24, 0x4924, 0x7F24, 0x0824, 0xFFA4, 0x1C24, 0x2A04, 0x4904, 0x8814, 0x0808}},
  {21121, {0x1202, 0x1102, 0x3FC2, 0x2202, 0x6212, 0xBFD2, 0x2212, 0x2212, 0x3FD2, 0x2212, 0x2212, 0x3FD2, 0x2002, 0x5482, 0x4A4A, 0x8A44}},
  {21122, {0x0002, 0x7FF2, 0x4002, 0x514A, 0x4A4A, 0x5F7A, 0x449A, 0x442A, 0x550A, 0x554A, 0x5F4A, 0x444A, 0x44A2, 0x48A2, 0x492A, 0x9204}},
  {21128, {0x0040, 0x7C20, 0x45FC, 0x4488, 0x7C50, 0x43FE, 0x7C20, 0xA5FC, 0x2420, 0x3C20, 0x0000, 0x7FF8, 0x0408, 0x0808, 0x1050, 0x6020}},
  {21136, {0x1102, 0x7FC2, 0x1502, 0x1202, 0x3FD2, 0x6412, 0xBF92, 0x2412, 0x3F92, 0x2412, 0x3FD2, 0x2012, 0x7F82, 0x1102, 0x0E0A, 0x7184}},
  {21139, {0x0802, 0x3F82, 0x2082, 0x3F82, 0x2092, 0x3F92, 0x0012, 0x7FD2, 0x4452, 0x7FD2, 0x4452, 0x7FD2, 0x0002, 0xFFE2, 0x110A, 0x2104}},
  {21147, {0x0200, 0x0200, 0x0200, 0x0200, 0x7FF8, 0x0208, 0x0208, 0x0208, 0x0208, 0x0408, 0x0408, 0x0808, 0x0808, 0x1088, 0x2050, 0x4020}},
  {21149, {0x0040, 0x0040, 0x0040, 0xFC40, 0x05FC, 0x0444, 0x4844, 0x2844, 0x1044, 0x1084, 0x2884, 0x2484, 0x4504, 0x8104, 0x0228, 0x0410}},
  {21150, {0x0200, 0x0200, 0x0200, 0x0200, 0x7FF0, 0x0210, 0x0210, 0x1218, 0x1214, 0x2412, 0x4412, 0x0810, 0x0810, 0x1010, 0x20A0, 0x4040}},
  {21151, {0x0040, 0x0040, 0x0040, 0xFE40, 0x11FC, 0x1044, 0x1044, 0x1044, 0x1044, 0x1084, 0x1084, 0x1E84, 0xF104, 0x4104, 0x0228, 0x0410}},
  {21152, {0x1000, 0x1000, 0x1000, 0x107C, 0xFE44, 0x1244, 0x1244, 0x1244, 0x1244, 0x1244, 0x1244, 0x1244, 0x2244, 0x227C, 0x4A44, 0x8400}},
  {21153, {0x0400, 0x0400, 0x0FF0, 0x1820, 0x24C0, 0x0300, 0x0CC0, 0x3230, 0xC20E, 0x1FF0, 0x0210, 0x0410, 0x0410, 0x0810, 0x10A0, 0x2040}},
  {21154, {0x0020, 0x0020, 0xFF20, 0x2020, 0x20FC, 0x2024, 0x3E24, 0x2224, 0x2224, 0x2224, 0x2224, 0x2224, 0x4244, 0x4244, 0x94A8, 0x0910}},
  {21155, {0x0100, 0x1110, 0x1108, 0x2124, 0x4144, 0x0180, 0x0E00, 0xF100, 0x0100, 0x3FF8, 0x0208, 0x0208, 0x0408, 0x0808, 0x1050, 0x6020}},
  {21160, {0x0040, 0x0040, 0x7C40, 0x0040, 0x01FC, 0x0044, 0xFE44, 0x2044, 0x2044, 0x2084, 0x4884, 0x4484, 0xFD04, 0x4504, 0x0228, 0x0410}},
  {21161, {0x0020, 0x7C20, 0x4420, 0x4420, 0x44FC, 0x7C24, 0x4424, 0x4424, 0x7C24, 0x4424, 0x4424, 0x4444, 0x4E44, 0xF084, 0x0128, 0x0210}},
  {21162, {0x1000, 0x1000, 0xFEFC, 0x2284, 0x4488, 0x2850, 0x1020, 0x2858, 0xC586, 0x0200, 0x0200, 0x7FF8, 0x0408, 0x0808, 0x1050, 0x6020}},
  {21163, {0x0820, 0x0820, 0x0820, 0x7E20, 0x08FC, 0x0824, 0x0824, 0xFF24, 0x1024, 0x1024, 0x2024, 0x4444, 0xFE44, 0x4284, 0x0128, 0x0210}},
  {21164, {0x2020, 0x2020, 0x2020, 0x7E20, 0x42FC, 0x8224, 0x7A24, 0x4A24, 0x4A24, 0x4A24, 0x7A24, 0x4A44, 0x0244, 0x0284, 0x1528, 0x0A10}},
  {21165, {0x0020, 0x7E20, 0x1220, 0x1220, 0x22FC, 0x2A24, 0x4424, 0x8024, 0x3E24, 0x2224, 0x2224, 0x2224, 0x2244, 0x3E44, 0x22A8, 0x0110}},
  {21169, {0x0010, 0x7FD0, 0x4010, 0x4010, 0x5F7E, 0x4812, 0x4812, 0x4F12, 0x4912, 0x4912, 0x4912, 0x4912, 0x4912, 0x5122, 0x952A, 0x2244}},
  {21170, {0x0020, 0x7E20, 0x0420, 0x0820, 0x18FC, 0x2424, 0x4224, 0x8124, 0x0024, 0x7E24, 0x0824, 0x0844, 0x0844, 0x0E84, 0xF128, 0x4210}},
  {21171, {0x0820, 0x0820, 0xFFFE, 0x0820, 0x0000, 0x7FFE, 0x4202, 0x8204, 0x3FF0, 0x0210, 0x0210, 0x0410, 0x0410, 0x0810, 0x10A0, 0x2040}},
  {21182, {0x1020, 0x0820, 0x0820, 0xFF20, 0x08FC, 0x1024, 0x2224, 0x7C24, 0x0924, 0x1224, 0x2424, 0xC824, 0x1444, 0x2244, 0xC0A8, 0x0110}},
  {21183, {0x0840, 0x0840, 0x7DF8, 0x0848, 0x0C48, 0x19C8, 0x684A, 0x08AA, 0x2886, 0x1302, 0x0200, 0x7FF8, 0x0408, 0x0808, 0x1050, 0x6020}},
  {21187, {0x0820, 0x0820, 0x7F20, 0x0820, 0x08FC, 0x7F24, 0x4124, 0x8224, 0x3C24, 0x0424, 0x0824, 0x0F44, 0x7844, 0x0884, 0x2928, 0x1210}},
  {21191, {0x3FF0, 0x0660, 0x0180, 0x3FF8, 0x2108, 0x3FF8, 0x2108, 0x3FF8, 0x2108, 0x2208, 0x0200, 0x7FF8, 0x0408, 0x0808, 0x1050, 0x6020}},
  {21193, {0x2020, 0x2020, 0x3E20, 0x4420, 0x88FC, 0x7F24, 0x4924, 0x4924, 0x4924, 0x7F44, 0x1444, 0x1494, 0x250A, 0x2402, 0x43FE, 0x8000}},
  {21195, {0x0020, 0x3E20, 0x2220, 0x2220, 0x3EFC, 0x0024, 0x7F24, 0x4124, 0x4924, 0x4924, 0x4924, 0x4944, 0x1444, 0x1284, 0x2128, 0xC210}},
  {21200, {0x0020, 0x3E20, 0x0420, 0x0820, 0x7EFC, 0x0824, 0x0824, 0x2824, 0x1024, 0x7F24, 0x5524, 0x5544, 0x5544, 0x5784, 0xFD28, 0x0210}},
  {21202, {0x2220, 0x2220, 0xFFA0, 0x2220, 0x3EFC, 0x0824, 0x7F24, 0x4924, 0x4924, 0x7F24, 0x0824, 0xFFC4, 0x0844, 0x0884, 0x0928, 0x0A10}},
  {21206, {0x0020, 0xFF20, 0x8120, 0xBD20, 0x81FC, 0xBD24, 0x8124, 0x0024, 0x7E24, 0x4224, 0x7E24, 0x4224, 0x7E44, 0x4244, 0x7EA8, 0x4310}},
  {21208, {0x2220, 0x2220, 0xFF20, 0x2220, 0x3EFC, 0x2224, 0x3E24, 0x2224, 0x2224, 0xFF24, 0x4024, 0x5444, 0x6244, 0x4084, 0x7F28, 0x0210}},
  {21215, {0x0440, 0x7FFC, 0x0440, 0x1FF0, 0x1010, 0x1FF0, 0x1010, 0x1FF0, 0x0400, 0xFFFE, 0x1010, 0x2208, 0xDFF6, 0x0410, 0x0850, 0x3020}},
  {21220, {0x2220, 0x2220, 0xFFA0, 0x2220, 0x3EFC, 0x0824, 0x7F24, 0x4924, 0x7F24, 0x0824, 0x7F24, 0x0844, 0x7F44, 0x0884, 0x0F28, 0xF210}},
  {21232, {0x1000, 0x10FE, 0x7E92, 0x1292, 0x22FE, 0x2A92, 0x4492, 0x80FE, 0x4410, 0xFF08, 0x5528, 0x5520, 0x5564, 0x55AA, 0x5928, 0xB318}},
  {21241, {0x1000, 0x1000, 0x3FFC, 0x2004, 0x4004, 0x8004, 0x0004, 0x0004, 0x0004, 0x0004, 0x0004, 0x0004, 0x0004, 0x0004, 0x0028, 0x0010}},
  {21242, {0x0800, 0x0800, 0x1000, 0x1FF8, 0x2008, 0x4008, 0x8008, 0x0408, 0x0208, 0x0108, 0x0108, 0x0008, 0x0008, 0x0008, 0x0050, 0x0020}},
  {21246, {0x0800, 0x0800, 0x1000, 0x1FF8, 0x2008, 0x4208, 0x8208, 0x0408, 0x0408, 0x0888, 0x1048, 0x3FE8, 0x1028, 0x0008, 0x0050, 0x0020}},
  {21247, {0x0800, 0x0800, 0x0800, 0x1FFC, 0x1244, 0x2244, 0x4244, 0x8444, 0x0444, 0x0884, 0x1084, 0x2104, 0x4204, 0x0404, 0x0828, 0x1010}},
  {21248, {0x0800, 0x0800, 0x0FFC, 0x1004, 0x2004, 0x4804, 0x8404, 0x0204, 0x0024, 0x00C4, 0x0304, 0x1C04, 0x0804, 0x0004, 0x0028, 0x0010}},
  {21253, {0x0800, 0x0800, 0x1FF0, 0x1010, 0x2010, 0x5F90, 0x9090, 0x1090, 0x1090, 0x1F90, 0x1050, 0x1020, 0x1004, 0x1004, 0x0FFC, 0x0000}},
  {21254, {0x0800, 0x0800, 0x0800, 0x1FFC, 0x1244, 0x2244, 0x4244, 0x9C44, 0x0644, 0x0984, 0x10C4, 0x2124, 0x4214, 0x0404, 0x0828, 0x1010}},
  {21256, {0x0800, 0x0800, 0x1000, 0x1FF8, 0x2008, 0x4088, 0x8888, 0x2528, 0x2228, 0x2528, 0x28A8, 0x2028, 0x3FE8, 0x0008, 0x0050, 0x0020}},
  {21261, {0x1000, 0x1000, 0x1FFC, 0x2244, 0x4224, 0xBFF4, 0x0204, 0x3FE4, 0x2224, 0x3FE4, 0x2224, 0x3FE4, 0x2224, 0x2224, 0x22B4, 0x2048}},
  {21263, {0x1040, 0x1040, 0xFEFC, 0x2884, 0x4504, 0x82F4, 0x7C94, 0x0094, 0xFEF4, 0x2084, 0x4094, 0x7C88, 0x0482, 0x0482, 0x287E, 0x1000}},
  {21264, {0x1000, 0x1000, 0x1FFC, 0x2004, 0x7FE4, 0x8004, 0x1FC4, 0x1044, 0x1FC4, 0x0004, 0x3FE4, 0x2224, 0x3FE4, 0x2224, 0x3FF4, 0x2028}},
  {21269, {0x1000, 0x1000, 0x1000, 0x1008, 0x1030, 0x10C0, 0x1300, 0x1C00, 0x1000, 0x1000, 0x1000, 0x1004, 0x1004, 0x1004, 0x0FFC, 0x0000}},
  {21270, {0x0880, 0x0880, 0x0884, 0x1088, 0x1090, 0x30A0, 0x30C0, 0x5080, 0x9180, 0x1280, 0x1480, 0x1082, 0x1082, 0x1082, 0x107E, 0x1000}},
  {21271, {0x0440, 0x0440, 0x0440, 0x0444, 0x0448, 0x7C50, 0x0460, 0x0440, 0x0440, 0x0440, 0x0440, 0x0442, 0x1C42, 0xE442, 0x443E, 0x0400}},
  {21273, {0x0000, 0x3E40, 0x2240, 0x3E44, 0x2248, 0x3E50, 0x0060, 0xFF40, 0x0844, 0x0844, 0x2F44, 0x283C, 0x2800, 0x5800, 0x4FFE, 0x8000}},
  {21274, {0x0000, 0x7FFC, 0x4000, 0x4000, 0x4000, 0x4000, 0x4000, 0x4000, 0x4000, 0x4000, 0x4000, 0x4000, 0x4000, 0x4000, 0x7FFE, 0x0000}},
  {21277, {0x0000, 0x7FFC, 0x4080, 0x4080, 0x4080, 0x4FF8, 0x4888, 0x4888, 0x4888, 0x4888, 0x48A8, 0x4890, 0x4080, 0x4080, 0x7FFE, 0x0000}},
  {21280, {0x0000, 0x7FFC, 0x4000, 0x4038, 0x47C0, 0x4400, 0x4400, 0x47FC, 0x4420, 0x4420, 0x4420, 0x4820, 0x4820, 0x5020, 0x7FFE, 0x0000}},
  {21281, {0x0000, 0x7FFC, 0x4000, 0x4000, 0x4FF8, 0x4080, 0x4080, 0x47F0, 0x4080, 0x4080, 0x4080, 0x4FF8, 0x4000, 0x4000, 0x7FFE, 0x0000}},
  {21283, {0x0000, 0x7FFC, 0x4000, 0x4000, 0x4FF8, 0x4888, 0x4888, 0x4FF8, 0x4888, 0x4888, 0x4FF8, 0x4888, 0x4080, 0x4080, 0x7FFE, 0x0000}},
  {21286, {0x0000, 0x7FFC, 0x4420, 0x4420, 0x5FA0, 0x4878, 0x5228, 0x5FA8, 0x4228, 0x43A8, 0x5E2A, 0x4A2A, 0x4246, 0x4280, 0x7FFE, 0x0000}},
  {21290, {0x0000, 0x7FFC, 0x4240, 0x4240, 0x7E7C, 0x4240, 0x4240, 0x5E78, 0x4240, 0x4240, 0x7E7C, 0x4240, 0x4240, 0x4240, 0x7FFE, 0x0000}},
  {21294, {0x0000, 0x7FFC, 0x4080, 0x4FF8, 0x4888, 0x4FF8, 0x4080, 0x7FFE, 0x4000, 0x4FF8, 0x4888, 0x4968, 0x4210, 0x4C08, 0x7FFE, 0x0000}},
  {21305, {0x0000, 0x7FFC, 0x4440, 0x4440, 0x4440, 0x4440, 0x4440, 0x4440, 0x4444, 0x4444, 0x4844, 0x483C, 0x5000, 0x4000, 0x7FFE, 0x0000}},
  {21306, {0x0000, 0x7FFC, 0x4000, 0x4010, 0x4410, 0x4220, 0x4140, 0x4080, 0x4140, 0x4220, 0x4410, 0x4810, 0x4000, 0x4000, 0x7FFE, 0x0000}},
  {21307, {0x0000, 0x7FFC, 0x4400, 0x4400, 0x4FF8, 0x5080, 0x4080, 0x5FFC, 0x4080, 0x4140, 0x4220, 0x4410, 0x5808, 0x4000, 0x7FFE, 0x0000}},
  {21310, {0x0000, 0x7FFC, 0x4080, 0x4FF8, 0x4808, 0x4FF8, 0x4800, 0x4FFC, 0x5924, 0x6924, 0x4FFC, 0x4924, 0x492C, 0x4000, 0x7FFE, 0x0000}},
  {21311, {0x0000, 0x7FFE, 0x4220, 0x4220, 0x5FFC, 0x4220, 0x4100, 0x5FFC, 0x4200, 0x47F8, 0x4A08, 0x5208, 0x43F8, 0x4000, 0x7FFE, 0x0000}},
  {21313, {0x0100, 0x0100, 0x0100, 0x0100, 0x0100, 0x0100, 0xFFFE, 0x0100, 0x0100, 0x0100, 0x0100, 0x0100, 0x0100, 0x0100, 0x0100, 0x0100}},
  {21315, {0x0010, 0x00F8, 0x3F00, 0x0100, 0x0100, 0x0100, 0x0100, 0xFFFE, 0x0100, 0x0100, 0x0100, 0x0100, 0x0100, 0x0100, 0x0100, 0x0100}},
  {21317, {0x1010, 0x1110, 0x1110, 0x1110, 0x1110, 0x1110, 0xFFFE, 0x1110, 0x1110, 0x1110, 0x1110, 0x1110, 0x1110, 0x2110, 0x2010, 0x4010}},
  {21319, {0x0120, 0x07A0, 0x3C20, 0x0420, 0x0420, 0x0420, 0x0420, 0xFFFE, 0x0420, 0x0420, 0x0420, 0x0820, 0x0820, 0x1020, 0x2020, 0x4020}},
  {21320, {0x0800, 0x0800, 0x0800, 0x1FF8, 0x1100, 0x2100, 0x4100, 0x0100, 0x0100, 0xFFFE, 0x0100, 0x0100, 0x0100, 0x0100, 0x0100, 0x0100}},
  {21321, {0x0100, 0x0100, 0x0100, 0x7FFC, 0x0100, 0x0100, 0x0920, 0x0820, 0x0820, 0xFFFE, 0x0820, 0x0820, 0x1020, 0x1020, 0x2020, 0x4020}},
  {21322, {0x0100, 0x2108, 0x1108, 0x0910, 0x0920, 0x0100, 0x3FF8, 0x0100, 0x0100, 0x0100, 0xFFFE, 0x0100, 0x0100, 0x0100, 0x0100, 0x0100}},
  {21326, {0x0880, 0x0888, 0x1090, 0x30E0, 0x5180, 0x9684, 0x1084, 0x107C, 0x1100, 0x0100, 0xFFFE, 0x0100, 0x0100, 0x0100, 0x0100, 0x0100}},
  {21327, {0x2080, 0x2080, 0x2080, 0x2080, 0xFBF0, 0x2090, 0x2090, 0x2298, 0x2294, 0x2492, 0x2892, 0x2090, 0x2110, 0x2110, 0x2250, 0x2420}},
  {21329, {0x0200, 0x0400, 0x3FF8, 0x2108, 0x2108, 0x3FF8, 0x2208, 0x2208, 0x3FF8, 0x0880, 0x1080, 0xFFFE, 0x0080, 0x0080, 0x0080, 0x0080}},
  {21330, {0x0200, 0x0100, 0x7FFC, 0x0820, 0x0820, 0x0820, 0x1450, 0x2288, 0x0100, 0x0100, 0xFFFE, 0x0100, 0x0100, 0x0100, 0x0100, 0x0100}},
  {21331, {0x0100, 0x01FC, 0x0100, 0x0100, 0x1FF0, 0x1010, 0x1FF0, 0x1010, 0x1FF0, 0x1110, 0x0100, 0xFFFE, 0x0100, 0x0100, 0x0100, 0x0100}},
  {21333, {0x1010, 0x0820, 0x0440, 0x3FF8, 0x2108, 0x2108, 0x3FF8, 0x2108, 0x2108, 0x3FF8, 0x0100, 0x0100, 0xFFFE, 0x0100, 0x0100, 0x0100}},
  {21334, {0x0100, 0x0100, 0x3FF8, 0x0100, 0x0100, 0x7FFC, 0x0404, 0x0288, 0x1280, 0x0880, 0x0900, 0xFFFE, 0x0240, 0x0420, 0x1810, 0x6008}},
  {21335, {0x0100, 0x0100, 0xFFFE, 0x0100, 0x0100, 0x7FFC, 0x4824, 0x4444, 0x4FE4, 0x4104, 0x4104, 0x5FF4, 0x4104, 0x4104, 0x4114, 0x4008}},
  {21338, {0x2050, 0x2048, 0x2FFE, 0x2040, 0x27FC, 0xFC44, 0x27FC, 0x2444, 0x27FC, 0x2444, 0x2008, 0x2FFE, 0x2208, 0x2108, 0x2128, 0x2010}},
  {21340, {0x0200, 0x0200, 0x0200, 0x0200, 0x0200, 0x0280, 0x0240, 0x0220, 0x0210, 0x0210, 0x0200, 0x0200, 0x0200, 0x0200, 0x0200, 0x0200}},
  {21342, {0x0200, 0x0100, 0x0100, 0x0000, 0xFFFE, 0x0200, 0x0200, 0x0240, 0x0220, 0x0210, 0x0210, 0x0200, 0x0200, 0x0200, 0x0200, 0x0200}},
  {21343, {0x0040, 0x0040, 0x7C40, 0x4440, 0x4440, 0x4460, 0x4450, 0x4448, 0x4444, 0x4444, 0x7C40, 0x4440, 0x0040, 0x0040, 0x0040, 0x0040}},
  {21344, {0x0100, 0x0100, 0x0100, 0x01FE, 0x0100, 0x0100, 0x0100, 0x0100, 0x3FF8, 0x2008, 0x2008, 0x2008, 0x2008, 0x2008, 0x3FF8, 0x2008}},
  {21345, {0x0200, 0x0200, 0x03F8, 0x0200, 0x0200, 0x0200, 0xFFFE, 0x0200, 0x0200, 0x0240, 0x0220, 0x0210, 0x0208, 0x0200, 0x0200, 0x0200}},
  {21346, {0x0100, 0x0100, 0x01FC, 0x0100, 0x0100, 0x1FF8, 0x1008, 0x1008, 0x1008, 0x1FF8, 0x1008, 0x1000, 0x2000, 0x2000, 0x4000, 0x8000}},
  {21347, {0x0100, 0x0100, 0x01FE, 0x0100, 0x0100, 0x3FF8, 0x2008, 0x2008, 0x3F88, 0x2088, 0x2088, 0x3F88, 0x2008, 0x2008, 0x3FF8, 0x2008}},
  {21348, {0x0100, 0x0100, 0x01FE, 0x0100, 0x0100, 0x3FF8, 0x2008, 0x2448, 0x2288, 0x2108, 0x2288, 0x2448, 0x2828, 0x2008, 0x3FF8, 0x2008}},
  {21350, {0x0840, 0x0840, 0x0840, 0x7F40, 0x0840, 0x0860, 0xFFD0, 0x0848, 0x0844, 0x7F44, 0x0840, 0x0840, 0x0840, 0x0FC0, 0xF040, 0x0040}},
  {21351, {0x0020, 0x7FA0, 0x4820, 0x4820, 0x4820, 0x7F30, 0x4128, 0x4124, 0x4122, 0x7F22, 0x4820, 0x4820, 0x4820, 0x7FA0, 0x0020, 0x0020}},
  {21353, {0x0000, 0x03F8, 0x0208, 0x0208, 0x0208, 0x0208, 0x0208, 0x0208, 0x0208, 0x0208, 0x0228, 0x0210, 0x0200, 0x0200, 0x0200, 0x0200}},
  {21355, {0x0000, 0x7FF8, 0x0208, 0x0208, 0x0208, 0x0208, 0x0208, 0x0208, 0x0228, 0x0210, 0x0200, 0x0200, 0x0200, 0x0200, 0xFFFE, 0x0000}},
  {21358, {0x007C, 0x3F80, 0x2000, 0x2000, 0x3FFE, 0x2000, 0x2000, 0x27F0, 0x2410, 0x2410, 0x2450, 0x2424, 0x2404, 0x4404, 0x43FC, 0x8000}},
  {21359, {0x0C00, 0x70FC, 0x4484, 0x4484, 0x4484, 0x4484, 0x4484, 0x4484, 0x4484, 0x4C84, 0x74A8, 0x0490, 0x0880, 0x0880, 0x1080, 0x2080}},
  {21360, {0x0000, 0x0600, 0x78FC, 0x4084, 0x4084, 0x4084, 0x7E84, 0x4084, 0x4084, 0x4084, 0x4084, 0x4EA8, 0x7090, 0x0080, 0x0080, 0x0080}},
  {21361, {0x0400, 0x0400, 0x0FF0, 0x1010, 0x2020, 0x5FFC, 0x1000, 0x13F0, 0x1210, 0x1210, 0x1250, 0x1220, 0x2204, 0x2204, 0x41FC, 0x8000}},
  {21363, {0x0000, 0x7E7C, 0x4244, 0x4244, 0x7E44, 0x4244, 0x4244, 0x7E44, 0x4044, 0x4844, 0x4454, 0x4A48, 0x5240, 0x6040, 0x0040, 0x0040}},
  {21364, {0x0800, 0x0800, 0x087C, 0x7F44, 0x0844, 0x0844, 0x0844, 0xFFC4, 0x1044, 0x1044, 0x2444, 0x4254, 0xFF48, 0x4140, 0x0040, 0x0040}},
  {21365, {0x0C00, 0x70FC, 0x4484, 0x4484, 0x64A4, 0x5494, 0x5494, 0x4484, 0x4484, 0x4C84, 0x74A8, 0x0490, 0x0880, 0x0880, 0x1080, 0x2080}},
  {21367, {0x0100, 0x1110, 0x0920, 0x3FF8, 0x0200, 0x0200, 0x7FFC, 0x0820, 0x1010, 0x2FE8, 0xC826, 0x0820, 0x08A8, 0x0848, 0x0808, 0x07F8}},
  {21368, {0x2000, 0x2000, 0x3F7C, 0x4844, 0x8844, 0x0844, 0x7F44, 0x0844, 0x0844, 0x2E44, 0x2844, 0x2854, 0x2F48, 0xF040, 0x4040, 0x0040}},
  {21370, {0x1FC0, 0x0044, 0x7D88, 0x0550, 0x0920, 0x3118, 0xC506, 0x0200, 0x3FF8, 0x0000, 0x1FF0, 0x1010, 0x1050, 0x1024, 0x1004, 0x0FFC}},
  {21375, {0x0800, 0x73DE, 0x4252, 0x4A52, 0x4A52, 0x4BD2, 0x4A52, 0x4A52, 0x4A52, 0x5BD2, 0x6A12, 0x4A9A, 0x1254, 0x12B0, 0x2310, 0x4210}},
  {21378, {0x0000, 0x3FFE, 0x2000, 0x2000, 0x2000, 0x2000, 0x2000, 0x2000, 0x2000, 0x2000, 0x2000, 0x2000, 0x2000, 0x4000, 0x4000, 0x8000}},
  {21380, {0x0000, 0x3FFE, 0x2000, 0x2000, 0x27F0, 0x2410, 0x2410, 0x2410, 0x2410, 0x2450, 0x2420, 0x2404, 0x2404, 0x4404, 0x43FC, 0x8000}},
  {21381, {0x0000, 0x3FFE, 0x2000, 0x2000, 0x2000, 0x2FFE, 0x2040, 0x2040, 0x2040, 0x2040, 0x2040, 0x2040, 0x2040, 0x4040, 0x4140, 0x8080}},
  {21382, {0x0000, 0x3FFE, 0x2000, 0x2080, 0x2080, 0x2080, 0x2FFC, 0x2084, 0x2084, 0x2104, 0x2104, 0x2204, 0x2204, 0x4404, 0x4828, 0x9010}},
  {21385, {0x0000, 0x3FFE, 0x2000, 0x2000, 0x2FFE, 0x2100, 0x2100, 0x21F8, 0x2108, 0x2108, 0x2108, 0x2208, 0x2208, 0x4408, 0x4850, 0x9020}},
  {21387, {0x0000, 0x3FFE, 0x2000, 0x2080, 0x2080, 0x2080, 0x2080, 0x2FFC, 0x2080, 0x2080, 0x2090, 0x2088, 0x2088, 0x4080, 0x5FFE, 0x8000}},
  {21388, {0x0000, 0x3FFE, 0x2000, 0x2080, 0x2090, 0x2088, 0x2080, 0x2FFC, 0x2080, 0x2140, 0x2140, 0x2220, 0x2220, 0x4410, 0x4808, 0x9006}},
  {21389, {0x0000, 0x3FFE, 0x2000, 0x2080, 0x2080, 0x2FFC, 0x2100, 0x2240, 0x2440, 0x27FC, 0x2040, 0x2040, 0x4FFE, 0x4040, 0x8040, 0x0040}},
  {21397, {0x0000, 0x3FFE, 0x2000, 0x2F84, 0x28A4, 0x28A4, 0x2AA4, 0x2AA4, 0x2AA4, 0x2AA4, 0x2AA4, 0x2224, 0x2504, 0x4484, 0x4894, 0x9008}},
  {21400, {0x0000, 0x3FFE, 0x2000, 0x27FC, 0x2444, 0x2444, 0x27FC, 0x2444, 0x2444, 0x27FC, 0x2040, 0x2040, 0x27FC, 0x4040, 0x4040, 0x8FFE}},
  {21402, {0x0000, 0x3FFE, 0x2000, 0x27F8, 0x2408, 0x27F8, 0x2408, 0x27F8, 0x2000, 0x27F8, 0x2010, 0x2020, 0x2FFE, 0x4040, 0x4140, 0x8080}},
  {21405, {0x0000, 0x3FFE, 0x2210, 0x2210, 0x2FFC, 0x2210, 0x2210, 0x3FFE, 0x2000, 0x27F8, 0x2408, 0x2408, 0x47F8, 0x4408, 0x8408, 0x07F8}},
  {21407, {0x0000, 0x3FFE, 0x2080, 0x2100, 0x27F0, 0x2410, 0x2410, 0x27F0, 0x2410, 0x2410, 0x27F0, 0x2080, 0x2490, 0x4888, 0x5284, 0x8100}},
  {21410, {0x0000, 0x3FFE, 0x2200, 0x2200, 0x227C, 0x2F44, 0x2244, 0x267C, 0x2744, 0x2AC4, 0x2A7C, 0x3244, 0x2244, 0x4244, 0x427C, 0x8244}},
  {21411, {0x0000, 0x3FFE, 0x20A0, 0x2090, 0x3FFE, 0x2140, 0x2630, 0x380E, 0x2FF8, 0x2888, 0x2FF8, 0x2888, 0x4FF8, 0x4888, 0x8080, 0x0080}},
  {21413, {0x0000, 0x3FFE, 0x2000, 0x2890, 0x2510, 0x2FBE, 0x2222, 0x2244, 0x2A90, 0x2A90, 0x2F90, 0x2210, 0x4228, 0x4428, 0x8444, 0x0882}},
  {21414, {0x3FFE, 0x2000, 0x3FFC, 0x2100, 0x27F8, 0x2408, 0x27F8, 0x2408, 0x27F8, 0x2408, 0x27F8, 0x2200, 0x47F8, 0x4A08, 0x81F0, 0x1E0E}},
  {21416, {0x0000, 0x3FFE, 0x2008, 0x3F88, 0x2008, 0x2F08, 0x297E, 0x2908, 0x2908, 0x2F48, 0x2028, 0x2908, 0x2608, 0x4388, 0x5C28, 0x8810}},
  {21417, {0x0000, 0x3FFE, 0x2000, 0x2F7E, 0x2910, 0x2910, 0x2F50, 0x2950, 0x297E, 0x2F10, 0x2828, 0x2A28, 0x2928, 0x4B4A, 0x4D4A, 0x8886}},
  {21422, {0x0000, 0x3FFE, 0x2900, 0x290C, 0x3FB0, 0x2920, 0x2920, 0x2F3E, 0x2928, 0x2F28, 0x2928, 0x2928, 0x5FA8, 0x4048, 0x8A88, 0x1108}},
  {21430, {0x0200, 0x0200, 0x0200, 0x0200, 0x0400, 0x0400, 0x0400, 0x0800, 0x0840, 0x1020, 0x1010, 0x2010, 0x7FF8, 0x2008, 0x0008, 0x0000}},
  {21435, {0x0100, 0x0100, 0x0100, 0x3FF8, 0x0100, 0x0100, 0x0100, 0x0100, 0xFFFE, 0x0200, 0x0200, 0x0400, 0x0820, 0x1010, 0x3FF8, 0x0008}},
  {21439, {0x0000, 0x1FF0, 0x1010, 0x1010, 0x1FF0, 0x1010, 0x1010, 0x1FF0, 0x1010, 0x1010, 0xFFFE, 0x0400, 0x0820, 0x1010, 0x3FF8, 0x1008}},
  {21441, {0x0200, 0x0440, 0x0820, 0x1FF0, 0x0200, 0x7FFC, 0x0820, 0x1010, 0x27C8, 0xC006, 0x0000, 0x0FE0, 0x0000, 0x0000, 0x3FF8, 0x0000}},
  {21442, {0x0200, 0x0440, 0x0820, 0x1FF0, 0x0200, 0x7FFC, 0x0820, 0x1090, 0x2308, 0xCC46, 0x0180, 0x0610, 0x1820, 0x00C0, 0x0700, 0x7800}},
  {21448, {0x0000, 0x3FF0, 0x1010, 0x1010, 0x1020, 0x0820, 0x0820, 0x0440, 0x0440, 0x0280, 0x0100, 0x0280, 0x0440, 0x0820, 0x3018, 0xC006}},
  {21449, {0x0000, 0x3FF0, 0x1010, 0x1210, 0x1120, 0x0920, 0x0820, 0x0440, 0x0440, 0x0280, 0x0100, 0x0280, 0x0440, 0x0820, 0x3018, 0xC006}},
  {21450, {0x0000, 0x3FE0, 0x0820, 0x0820, 0x0840, 0x0840, 0x0CF8, 0x0A08, 0x0A08, 0x0910, 0x1110, 0x10A0, 0x2040, 0x20A0, 0x4318, 0x8C06}},
  {21451, {0x0200, 0x0200, 0x0200, 0xFFFE, 0x0400, 0x0400, 0x0FF0, 0x0A10, 0x1210, 0x1120, 0x2140, 0x4080, 0x8140, 0x0620, 0x1818, 0x6006}},
  {21452, {0x0000, 0x0000, 0xFDFC, 0x0484, 0x4484, 0x4484, 0x2888, 0x2888, 0x1050, 0x1050, 0x2820, 0x2820, 0x4450, 0x4488, 0x8104, 0x0202}},
  {21453, {0x0010, 0x00F8, 0x3F00, 0x2000, 0x2000, 0x3FF8, 0x2408, 0x2410, 0x2210, 0x2220, 0x2140, 0x2080, 0x4140, 0x4220, 0x8C18, 0x3006}},
  {21457, {0x0100, 0x1110, 0x1108, 0x2200, 0x3FFC, 0x0200, 0x0400, 0x07F8, 0x0A08, 0x0908, 0x1110, 0x10A0, 0x2040, 0x40A0, 0x0318, 0x1C06}},
  {21460, {0x0800, 0x0800, 0x0EFC, 0x0844, 0x0844, 0x0844, 0xFF44, 0x0028, 0x0828, 0x0828, 0x4A10, 0x4910, 0x8928, 0x0848, 0x2884, 0x1102}},
  {21462, {0x0000, 0xFF80, 0x22FC, 0x2244, 0x3E44, 0x2244, 0x2244, 0x3E44, 0x2228, 0x2228, 0x27A8, 0xFA10, 0x4210, 0x0228, 0x0244, 0x0282}},
  {21463, {0x0008, 0x007C, 0x3F88, 0x1108, 0x0890, 0x7FFE, 0x4002, 0x8004, 0x3FF0, 0x0820, 0x0440, 0x0280, 0x0100, 0x06C0, 0x1830, 0xE00E}},
  {21464, {0x0200, 0x0100, 0xFFFE, 0x0440, 0x1450, 0x2448, 0x4444, 0x0000, 0x3FF0, 0x0820, 0x0440, 0x0280, 0x0100, 0x06C0, 0x1830, 0xE00E}},
  {21465, {0x0800, 0x0800, 0x14FC, 0x2244, 0x4144, 0xBE44, 0x0844, 0x0828, 0x7F28, 0x0828, 0x2A10, 0x2910, 0x4928, 0x8848, 0x2884, 0x1102}},
  {21467, {0x1008, 0x101C, 0x95E0, 0x5900, 0x1100, 0x7DFC, 0x1144, 0x1144, 0xFF44, 0x1128, 0x1128, 0x1110, 0x2110, 0x2228, 0x4244, 0x8482}},
  {21471, {0x0100, 0x0500, 0x3978, 0x2108, 0x2108, 0x3D78, 0x2108, 0x2108, 0x3FF8, 0x0100, 0x3FF0, 0x0820, 0x0440, 0x0380, 0x1C70, 0xE00E}},
  {21472, {0x1FE0, 0x0440, 0x0380, 0x0C40, 0x7EFC, 0x2244, 0x1C38, 0x6244, 0x0000, 0xFFFE, 0x9012, 0x1FF0, 0x1010, 0x1FF0, 0x1010, 0xFFFE}},
  {21475, {0x0000, 0x0000, 0x3FF8, 0x2008, 0x2008, 0x2008, 0x2008, 0x2008, 0x2008, 0x2008, 0x2008, 0x2008, 0x2008, 0x3FF8, 0x2008, 0x0000}},
  {21476, {0x0100, 0x0100, 0x0100, 0x0100, 0xFFFE, 0x0100, 0x0100, 0x0100, 0x1FF0, 0x1010, 0x1010, 0x1010, 0x1010, 0x1010, 0x1FF0, 0x1010}},
  {21477, {0x0800, 0x0800, 0x1000, 0x1FF8, 0x2008, 0x4008, 0x9F88, 0x1088, 0x1088, 0x1088, 0x1088, 0x1F88, 0x1088, 0x0008, 0x0050, 0x0020}},
  {21478, {0x0000, 0x1FF0, 0x1010, 0x1010, 0x1010, 0x1FF0, 0x0200, 0x0200, 0x7FF8, 0x0208, 0x0408, 0x0408, 0x0808, 0x1008, 0x2050, 0x4020}},
  {21480, {0x0000, 0x0000, 0x7DFC, 0x4444, 0x4444, 0x4444, 0x4444, 0x4444, 0x4444, 0x4444, 0x7C44, 0x4484, 0x0084, 0x0104, 0x0228, 0x0410}},
  {21481, {0x0000, 0x00FC, 0x7C84, 0x4484, 0x4484, 0x4484, 0x4484, 0x4484, 0x4484, 0x4484, 0x7C94, 0x4488, 0x0080, 0x0080, 0x0080, 0x0080}},
  {21482, {0x0000, 0x1FF0, 0x1010, 0x1010, 0x1010, 0x1010, 0x1010, 0x1010, 0x1FF0, 0x1010, 0x0000, 0x0820, 0x0810, 0x1008, 0x2004, 0x4004}},
  {21483, {0x0004, 0x0004, 0x7C84, 0x4484, 0x4484, 0x4484, 0x4484, 0x4484, 0x448C, 0x44B4, 0x7CC4, 0x4484, 0x0004, 0x0004, 0x0004, 0x0004}},
  {21484, {0x0000, 0x7FF8, 0x0408, 0x0408, 0x0808, 0x0808, 0x1050, 0x2020, 0x4000, 0x9FF8, 0x1008, 0x1008, 0x1008, 0x1008, 0x1FF8, 0x1008}},
  {21485, {0x0000, 0x0020, 0x7920, 0x4920, 0x4920, 0x4920, 0x4920, 0x4920, 0x4920, 0x4910, 0x7910, 0x4A10, 0x0208, 0x0408, 0x0804, 0x1002}},
  {21486, {0x0000, 0x0000, 0x7BFE, 0x4820, 0x4820, 0x4820, 0x4820, 0x4820, 0x4820, 0x4820, 0x7820, 0x4820, 0x0020, 0x0020, 0x00A0, 0x0040}},
  {21487, {0x0000, 0x7FFE, 0x0010, 0x0010, 0x1F10, 0x1110, 0x1110, 0x1110, 0x1110, 0x1110, 0x1F10, 0x1110, 0x0010, 0x0010, 0x0050, 0x0020}},
  {21488, {0x0200, 0x0200, 0x0400, 0x0820, 0x1010, 0x2008, 0x7FFC, 0x2004, 0x0000, 0x1FF0, 0x1010, 0x1010, 0x1010, 0x1010, 0x1FF0, 0x1010}},
  {21489, {0x0040, 0x0040, 0x7C40, 0x4442, 0x4444, 0x4448, 0x4450, 0x4460, 0x4440, 0x44C0, 0x7D40, 0x4442, 0x0042, 0x0042, 0x003E, 0x0000}},
  {21490, {0x0100, 0x0100, 0x0100, 0x3FF8, 0x2108, 0x2108, 0x2108, 0x3FF8, 0x2108, 0x0100, 0x1100, 0x0900, 0x0600, 0x0580, 0x1870, 0xE00E}},
  {21491, {0x0200, 0x0200, 0x0200, 0xFFFE, 0x0400, 0x0400, 0x0800, 0x0800, 0x1FF8, 0x2808, 0x4808, 0x8808, 0x0808, 0x0808, 0x0FF8, 0x0808}},
  {21493, {0x0000, 0x7FFC, 0x4000, 0x4000, 0x4000, 0x47F0, 0x4410, 0x4410, 0x4410, 0x4410, 0x47F0, 0x4410, 0x4000, 0x4000, 0x7FFE, 0x0000}},
  {21494, {0x0020, 0x0020, 0x7820, 0x4820, 0x4820, 0x4820, 0x4BFE, 0x4820, 0x4820, 0x4820, 0x7820, 0x4820, 0x0020, 0x0020, 0x0020, 0x0020}},
  {21495, {0x0000, 0x1FF0, 0x1010, 0x1010, 0x1010, 0x1FF0, 0x0000, 0xFFFE, 0x0800, 0x1000, 0x1FF0, 0x0010, 0x0010, 0x0010, 0x00A0, 0x0040}},
  {21496, {0x0000, 0x3FF8, 0x0008, 0x0008, 0x7FE8, 0x0008, 0x0008, 0x1F88, 0x1088, 0x1088, 0x1088, 0x1088, 0x1F88, 0x1088, 0x0028, 0x0010}},
  {21497, {0x0000, 0x07F8, 0x7A08, 0x4A08, 0x4A08, 0x4910, 0x4910, 0x4910, 0x48A0, 0x48A0, 0x7840, 0x4840, 0x00A0, 0x0110, 0x0208, 0x0C06}},
  {21499, {0x0040, 0x0040, 0x7840, 0x4840, 0x4BFC, 0x4844, 0x4844, 0x4844, 0x4844, 0x4884, 0x7884, 0x4884, 0x0104, 0x0104, 0x0228, 0x0410}},
  {21500, {0x0000, 0x03FC, 0x7804, 0x4804, 0x4804, 0x4814, 0x4824, 0x4844, 0x4884, 0x4904, 0x4A04, 0x7804, 0x4804, 0x0004, 0x0028, 0x0010}},
  {21501, {0x0000, 0x01F0, 0x7910, 0x4910, 0x4910, 0x4910, 0x4910, 0x4910, 0x4910, 0x4910, 0x7A10, 0x4A12, 0x0212, 0x0412, 0x040E, 0x0800}},
  {21505, {0x0000, 0x01FC, 0x7820, 0x4820, 0x4820, 0x4820, 0x4820, 0x4BFE, 0x4820, 0x4820, 0x7820, 0x4820, 0x0020, 0x0020, 0x00A0, 0x0040}},
  {21507, {0x0080, 0x0080, 0x7900, 0x49FE, 0x4A00, 0x4C00, 0x49F8, 0x4808, 0x4810, 0x4860, 0x7880, 0x4900, 0x0202, 0x0202, 0x01FE, 0x0000}},
  {21508, {0x0400, 0x0400, 0x0FE0, 0x0820, 0x1440, 0x2280, 0x4100, 0x06C0, 0x1830, 0xE00E, 0x1FF0, 0x1010, 0x1010, 0x1010, 0x1FF0, 0x1010}},
  {21510, {0x0020, 0x0020, 0x7840, 0x4840, 0x4884, 0x4884, 0x4908, 0x4BF8, 0x4910, 0x4810, 0x7820, 0x4840, 0x0088, 0x0104, 0x03FE, 0x0102}},
  {21512, {0x0100, 0x0100, 0x0280, 0x0440, 0x0820, 0x3018, 0xCFE6, 0x0000, 0x0000, 0x1FF0, 0x1010, 0x1010, 0x1010, 0x1010, 0x1FF0, 0x1010}},
  {21513, {0x0100, 0x0100, 0x0100, 0xFFFE, 0x0100, 0x0100, 0x0100, 0x3FF8, 0x0000, 0x0000, 0x1FF0, 0x1010, 0x1010, 0x1010, 0x1FF0, 0x1010}},
  {21514, {0x0000, 0x1FF0, 0x1010, 0x1010, 0x1010, 0x1FF0, 0x0100, 0x0100, 0x3FF8, 0x2108, 0x2108, 0x2108, 0x2128, 0x2110, 0x0100, 0x0100}},
  {21516, {0x0000, 0x3FFC, 0x2004, 0x2004, 0x2FF4, 0x2004, 0x2004, 0x27E4, 0x2424, 0x2424, 0x2424, 0x27E4, 0x2424, 0x2004, 0x2014, 0x2008}},
  {21517, {0x0200, 0x0200, 0x07F0, 0x0810, 0x1420, 0x6240, 0x0280, 0x0100, 0x0600, 0x1FF8, 0xE808, 0x0808, 0x0808, 0x0808, 0x0FF8, 0x0808}},
  {21518, {0x0010, 0x00F8, 0x1F00, 0x1000, 0x1000, 0x1FFE, 0x1000, 0x1000, 0x1000, 0x17F8, 0x1408, 0x2408, 0x2408, 0x4408, 0x87F8, 0x0408}},
  {21519, {0x0100, 0x0100, 0xFFFE, 0x0100, 0x0100, 0x3FF8, 0x2108, 0x2108, 0x2108, 0x3FF8, 0x1100, 0x0900, 0x0600, 0x0580, 0x1870, 0xE00E}},
  {21520, {0x0040, 0x0040, 0x7840, 0x4840, 0x4840, 0x4840, 0x4FFC, 0x4840, 0x4840, 0x4840, 0x7840, 0x4840, 0x0040, 0x0040, 0x0FFE, 0x0000}},
  {21521, {0x0200, 0x0400, 0x0800, 0x7FFC, 0x4004, 0x4004, 0x47C4, 0x4444, 0x4444, 0x4444, 0x4444, 0x47C4, 0x4444, 0x4004, 0x4014, 0x4008}},
  {21522, {0x0008, 0x003C, 0x7BC0, 0x4840, 0x4840, 0x4840, 0x4840, 0x487E, 0x4BC0, 0x4840, 0x7840, 0x4842, 0x0042, 0x0042, 0x003E, 0x0000}},
  {21523, {0x0000, 0x07FE, 0x7840, 0x4840, 0x4840, 0x4840, 0x4850, 0x4848, 0x4844, 0x4844, 0x7840, 0x4840, 0x0040, 0x0040, 0x0040, 0x0040}},
  {21525, {0x0000, 0x1FF0, 0x1010, 0x1010, 0x1010, 0x1010, 0x1FF0, 0x0000, 0x0000, 0x3FF8, 0x2008, 0x2008, 0x2008, 0x2008, 0x3FF8, 0x2008}},
  {21526, {0x0000, 0x0202, 0x7904, 0x4888, 0x4850, 0x4820, 0x4820, 0x4820, 0x4820, 0x4820, 0x7820, 0x4820, 0x0020, 0x0020, 0x0020, 0x0020}},
  {21527, {0x0000, 0x03F0, 0x7810, 0x4810, 0x4910, 0x4910, 0x4910, 0x49FC, 0x4804, 0x4804, 0x7804, 0x4BF4, 0x0004, 0x0004, 0x0028, 0x0010}},
  {21531, {0x0000, 0x3FF8, 0x0408, 0x0408, 0xFFFE, 0x0408, 0x0408, 0x3FF8, 0x0800, 0x0800, 0x1FF8, 0x1808, 0x2808, 0x4808, 0x8FF8, 0x0808}},
  {21533, {0x0200, 0x0100, 0x7FFC, 0x0820, 0x0440, 0x0380, 0x0C60, 0x3018, 0xC006, 0x1FF0, 0x1010, 0x1010, 0x1010, 0x1010, 0x1FF0, 0x1010}},
  {21534, {0x0000, 0x3FF8, 0x0100, 0x0100, 0xFFFE, 0x0280, 0x0440, 0x0820, 0x3018, 0xDFF6, 0x1010, 0x1010, 0x1010, 0x1010, 0x1FF0, 0x1010}},
  {21535, {0x0040, 0x0040, 0x78A0, 0x48A0, 0x4910, 0x4A88, 0x4C46, 0x4840, 0x4800, 0x4BF8, 0x7808, 0x4810, 0x0010, 0x0020, 0x0020, 0x0040}},
  {21536, {0x0040, 0x0050, 0x7848, 0x4848, 0x4840, 0x4FFE, 0x4840, 0x4840, 0x48A0, 0x48A0, 0x48A0, 0x7910, 0x4910, 0x0208, 0x0404, 0x0802}},
  {21537, {0x0020, 0x0220, 0x7A20, 0x4A22, 0x4A22, 0x4A24, 0x4BA8, 0x4A30, 0x4A20, 0x4A20, 0x7A20, 0x4A22, 0x02A2, 0x0322, 0x021E, 0x0000}},
  {21539, {0x0000, 0x0040, 0xF020, 0x9010, 0x9090, 0x9080, 0x9080, 0x9284, 0x9282, 0x9282, 0xF282, 0x9488, 0x0088, 0x0088, 0x0078, 0x0000}},
  {21542, {0x0000, 0x7FFC, 0x0080, 0x0100, 0x0300, 0x0560, 0x0918, 0x3104, 0xC102, 0x0000, 0x1FF0, 0x1010, 0x1010, 0x1010, 0x1FF0, 0x1010}},
  {21543, {0x0000, 0x03F8, 0x7A48, 0x4A48, 0x4A48, 0x4A48, 0x4A48, 0x4BF8, 0x4A08, 0x4A00, 0x7A00, 0x4A02, 0x0202, 0x0202, 0x01FE, 0x0000}},
  {21544, {0x0040, 0x0040, 0x7840, 0x4BFC, 0x4840, 0x4A48, 0x4A48, 0x4A48, 0x4A48, 0x4BF8, 0x7848, 0x4840, 0x0042, 0x0042, 0x003E, 0x0000}},
  {21545, {0x0010, 0x0090, 0x7890, 0x4888, 0x4908, 0x4904, 0x4A04, 0x4DFA, 0x4888, 0x4888, 0x4888, 0x7888, 0x4908, 0x0108, 0x0228, 0x0410}},
  {21547, {0x0100, 0x0100, 0x0280, 0x0440, 0x0A20, 0x3118, 0xC106, 0x0FE0, 0x0040, 0x0080, 0x1FF0, 0x1010, 0x1010, 0x1010, 0x1FF0, 0x1010}},
  {21548, {0x0008, 0x001C, 0x79E0, 0x4900, 0x4900, 0x4900, 0x49FE, 0x4910, 0x4910, 0x4910, 0x7910, 0x4910, 0x0110, 0x0210, 0x0210, 0x0410}},
  {21549, {0x0080, 0x0040, 0x7840, 0x4FFC, 0x4800, 0x4800, 0x49F0, 0x4910, 0x4910, 0x4910, 0x7910, 0x4912, 0x0212, 0x0212, 0x040E, 0x0800}},
  {21550, {0x0080, 0x0080, 0x7900, 0x4910, 0x4A08, 0x4FFC, 0x4804, 0x4920, 0x4920, 0x4920, 0x7920, 0x4920, 0x0222, 0x0222, 0x041E, 0x0800}},
  {21551, {0x0100, 0x0080, 0x1FFC, 0x1004, 0x1004, 0x1004, 0x1FFC, 0x1000, 0x1000, 0x1000, 0x17FC, 0x2404, 0x2404, 0x4404, 0x87FC, 0x0404}},
  {21553, {0x0020, 0x0020, 0x7820, 0x4BFE, 0x4820, 0x4820, 0x4820, 0x49FC, 0x4884, 0x4888, 0x7848, 0x4850, 0x0020, 0x0050, 0x0188, 0x0606}},
  {21554, {0x0004, 0x03E4, 0x7824, 0x4824, 0x4824, 0x49E4, 0x4904, 0x4904, 0x4A04, 0x4BE4, 0x7824, 0x4824, 0x0024, 0x0024, 0x0144, 0x0084}},
  {21556, {0x0000, 0x1FF0, 0x1010, 0x1010, 0x1FF0, 0x0000, 0x0000, 0x3FF8, 0x0100, 0x0100, 0xFFFE, 0x0280, 0x0440, 0x0820, 0x3018, 0xC006}},
  {21557, {0x0040, 0x0040, 0x7840, 0x4948, 0x4944, 0x4A42, 0x4A42, 0x4C48, 0x4848, 0x4848, 0x7810, 0x4810, 0x0020, 0x0040, 0x0180, 0x0600}},
  {21560, {0x0000, 0x07F8, 0x7908, 0x4910, 0x4910, 0x4920, 0x493C, 0x4904, 0x4904, 0x4A88, 0x7A88, 0x4A50, 0x0420, 0x0450, 0x0888, 0x0306}},
  {21561, {0x0080, 0x0080, 0x7880, 0x48FC, 0x4904, 0x4908, 0x4A40, 0x4C40, 0x4840, 0x48A0, 0x78A0, 0x4910, 0x0110, 0x0208, 0x0404, 0x0802}},
  {21563, {0x0100, 0x0100, 0x7900, 0x49FC, 0x4AA4, 0x4CA4, 0x48A4, 0x4924, 0x4924, 0x4A44, 0x7C44, 0x4884, 0x0104, 0x0204, 0x0428, 0x0010}},
  {21564, {0x0010, 0x07D0, 0x7850, 0x4890, 0x4910, 0x4910, 0x4950, 0x4990, 0x4910, 0x4F10, 0x7910, 0x4912, 0x0112, 0x0112, 0x050E, 0x0200}},
  {21566, {0x0000, 0x7FFC, 0x0200, 0x0200, 0x3FF0, 0x0410, 0x0410, 0x0810, 0xFFFE, 0x0000, 0x1FF0, 0x1010, 0x1010, 0x1010, 0x1FF0, 0x1010}},
  {21568, {0x0000, 0x03FC, 0x7810, 0x4910, 0x4910, 0x4910, 0x4A10, 0x4BFE, 0x4830, 0x4850, 0x7890, 0x4910, 0x0210, 0x0410, 0x0050, 0x0020}},
  {21571, {0x0000, 0x03FE, 0x7A00, 0x4A00, 0x4AF8, 0x4A88, 0x4A88, 0x4A88, 0x4A88, 0x4AA8, 0x7A90, 0x4A82, 0x0482, 0x0482, 0x087E, 0x1000}},
  {21574, {0x0000, 0x1FF0, 0x1010, 0x1010, 0x1010, 0x1FF0, 0x0100, 0x0100, 0x7FFC, 0x0380, 0x0540, 0x0920, 0x1110, 0x2108, 0xC106, 0x0100}},
  {21576, {0x0000, 0x1FF0, 0x1010, 0x1010, 0x1010, 0x1FF0, 0x0000, 0x0000, 0x7FFC, 0x0100, 0x0100, 0x3FF8, 0x0100, 0x0100, 0xFFFE, 0x0000}},
  {21578, {0x0100, 0x1100, 0x1100, 0x1FF8, 0x2100, 0x4100, 0x0100, 0xFFFE, 0x0000, 0x0000, 0x1FF0, 0x1010, 0x1010, 0x1010, 0x1FF0, 0x1010}},
  {21579, {0x0040, 0x0040, 0x7840, 0x4BFC, 0x4840, 0x4840, 0x4840, 0x4FFE, 0x4840, 0x48A0, 0x78A0, 0x4910, 0x0110, 0x0208, 0x0404, 0x0802}},
  {21584, {0x0040, 0x0040, 0x7840, 0x4BFC, 0x4A44, 0x4A44, 0x4A44, 0x4A44, 0x4AA4, 0x4A94, 0x7B14, 0x4A04, 0x0204, 0x0204, 0x0214, 0x0208}},
  {21586, {0x0000, 0x03FC, 0x7840, 0x4840, 0x4840, 0x4840, 0x4FFE, 0x4840, 0x48A0, 0x48A0, 0x78A0, 0x4920, 0x0122, 0x0222, 0x041E, 0x0800}},
  {21587, {0x0090, 0x0090, 0x7BFE, 0x4890, 0x4890, 0x4800, 0x4BF8, 0x4810, 0x4820, 0x4840, 0x7880, 0x4900, 0x0202, 0x0202, 0x01FE, 0x0000}},
  {21588, {0x0040, 0x0040, 0x7840, 0x4840, 0x4FFE, 0x4840, 0x4840, 0x48A0, 0x48A0, 0x48A0, 0x7910, 0x4910, 0x0288, 0x0248, 0x0444, 0x0802}},
  {21589, {0x0000, 0x03FC, 0x7A00, 0x4A08, 0x4A88, 0x4A50, 0x4A50, 0x4A20, 0x4A20, 0x4A50, 0x7A50, 0x4A88, 0x0308, 0x0200, 0x03FE, 0x0000}},
  {21590, {0x0000, 0x03FE, 0x7A00, 0x4A20, 0x4A20, 0x4A20, 0x4AFC, 0x4A24, 0x4A24, 0x4A24, 0x7A44, 0x4A44, 0x0484, 0x0484, 0x0928, 0x1210}},
  {21591, {0x0000, 0x01FC, 0x7904, 0x4904, 0x4924, 0x4924, 0x4924, 0x4924, 0x4924, 0x4924, 0x7924, 0x4850, 0x0048, 0x0084, 0x0102, 0x0602}},
  {21592, {0x0000, 0x1FF0, 0x1010, 0x1010, 0x1FF0, 0x0000, 0x3FF8, 0x2008, 0x2108, 0x2108, 0x2108, 0x2108, 0x22C8, 0x0430, 0x1808, 0x6004}},
  {21593, {0x0000, 0x1FF0, 0x1010, 0x1010, 0x1010, 0x1FF0, 0x0100, 0x0100, 0x7FFC, 0x4104, 0x4284, 0x4444, 0x4824, 0x4004, 0x4014, 0x4008}},
  {21595, {0x0040, 0x0040, 0x78A0, 0x48A0, 0x4910, 0x4A08, 0x4C06, 0x49F0, 0x4910, 0x4910, 0x7950, 0x4920, 0x0104, 0x0104, 0x00FC, 0x0000}},
  {21596, {0x0020, 0x0040, 0x79FC, 0x4904, 0x4904, 0x4904, 0x4914, 0x4908, 0x4900, 0x49FE, 0x7802, 0x4802, 0x03FA, 0x0002, 0x0014, 0x0008}},
  {21602, {0x0000, 0x03FC, 0x7A04, 0x4A04, 0x4A04, 0x4BFC, 0x4A00, 0x4A40, 0x4A44, 0x4A48, 0x7A70, 0x4A40, 0x0442, 0x0442, 0x083E, 0x1000}},
  {21604, {0x0040, 0x0040, 0x78A0, 0x48A0, 0x4910, 0x4A48, 0x4C26, 0x4820, 0x4BF8, 0x4808, 0x7810, 0x4910, 0x00A0, 0x0040, 0x0020, 0x0020}},
  {21606, {0x0020, 0x0120, 0x7120, 0x5220, 0x52FC, 0x54A4, 0x5724, 0x5124, 0x5224, 0x5224, 0x74A4, 0x47A4, 0x00C4, 0x0044, 0x0094, 0x0108}},
  {21608, {0x0000, 0x3FF8, 0x2108, 0x2108, 0x2FE8, 0x2108, 0x2108, 0x3FF8, 0x2008, 0x27C8, 0x2448, 0x2448, 0x27C8, 0x4008, 0x4028, 0x8010}},
  {21617, {0x0008, 0x003C, 0x7BD0, 0x4A90, 0x4A90, 0x4A90, 0x4A90, 0x4A90, 0x4A90, 0x4A88, 0x7A88, 0x4AC8, 0x02A4, 0x04D4, 0x0492, 0x0800}},
  {21618, {0x0090, 0x0090, 0x7890, 0x4A90, 0x4A92, 0x4AD4, 0x4A98, 0x4A90, 0x4A90, 0x4A90, 0x7A90, 0x4A92, 0x03D2, 0x0E12, 0x040E, 0x0000}},
  {21619, {0x0040, 0x0040, 0x7840, 0x4BFC, 0x4840, 0x4840, 0x4840, 0x4FFE, 0x48E0, 0x4950, 0x7950, 0x4A48, 0x0444, 0x0842, 0x0040, 0x0040}},
  {21621, {0x0000, 0x0000, 0x7BFE, 0x4808, 0x4808, 0x49E8, 0x4928, 0x4928, 0x4928, 0x4928, 0x79E8, 0x4928, 0x0008, 0x0008, 0x0028, 0x0010}},
  {21622, {0x0200, 0x0200, 0xE27C, 0xA224, 0xAFA4, 0xA4A4, 0xA4A4, 0xA4A8, 0xA4A8, 0xA928, 0xE510, 0xA210, 0x0528, 0x0948, 0x1084, 0x0102}},
  {21623, {0x0000, 0x07FC, 0xF444, 0x9444, 0x9444, 0x97FC, 0x9444, 0x9444, 0x9444, 0x97FC, 0xF444, 0x9040, 0x0040, 0x0040, 0x0040, 0x0040}},
  {21624, {0x0000, 0x03FC, 0x7820, 0x4820, 0x4840, 0x4840, 0x48D0, 0x4948, 0x4A44, 0x4C44, 0x7840, 0x4840, 0x0040, 0x0000, 0x07FE, 0x0000}},
  {21627, {0x0040, 0x0040, 0x7840, 0x4BF8, 0x4A48, 0x4A48, 0x4A48, 0x4BF8, 0x4A48, 0x4A48, 0x7A48, 0x4BF8, 0x0248, 0x0040, 0x0040, 0x0040}},
  {21628, {0x0008, 0x003C, 0x7BE0, 0x4820, 0x4924, 0x48A4, 0x48A8, 0x4820, 0x4BFE, 0x4820, 0x7820, 0x4820, 0x0020, 0x0020, 0x00A0, 0x0040}},
  {21629, {0x0100, 0x0100, 0x0280, 0x0440, 0x0820, 0x37D8, 0xC006, 0x0000, 0x3EF8, 0x2288, 0x2288, 0x2288, 0x3EA8, 0x2290, 0x0080, 0x0080}},
  {21632, {0x0000, 0x01F8, 0x7908, 0x4908, 0x4908, 0x49F8, 0x4908, 0x4908, 0x4908, 0x49F8, 0x7908, 0x4908, 0x0108, 0x0108, 0x07FE, 0x0000}},
  {21634, {0x0000, 0x03FE, 0x7A10, 0x4A10, 0x4A10, 0x4AFE, 0x4A92, 0x4A92, 0x4A92, 0x4A92, 0x7A9A, 0x4A94, 0x0210, 0x0210, 0x03FE, 0x0000}},
  {21636, {0x0020, 0x0020, 0x7924, 0x4924, 0x4924, 0x4924, 0x49FC, 0x4824, 0x4820, 0x4820, 0x7A22, 0x4A22, 0x0222, 0x0222, 0x03FE, 0x0002}},
  {21638, {0x0080, 0x0080, 0x79FC, 0x4904, 0x4A04, 0x4DF4, 0x4914, 0x4914, 0x4914, 0x49F4, 0x7904, 0x4928, 0x0112, 0x0102, 0x00FE, 0x0000}},
  {21643, {0x0100, 0x0100, 0x7900, 0x49FE, 0x4A80, 0x4A80, 0x4C80, 0x48F8, 0x4880, 0x4880, 0x7880, 0x48FC, 0x0080, 0x0080, 0x0080, 0x0080}},
  {21644, {0x0400, 0x0E00, 0x7800, 0x087C, 0x0844, 0xFF44, 0x0844, 0x1844, 0x1C44, 0x2A44, 0x2A44, 0x4844, 0x887C, 0x0844, 0x0800, 0x0800}},
  {21646, {0x1040, 0x1040, 0x1E50, 0x2248, 0x2244, 0x5444, 0x0840, 0x1440, 0x23FE, 0xC000, 0x1FF0, 0x1010, 0x1010, 0x1010, 0x1FF0, 0x1010}},
  {21647, {0x0040, 0x0020, 0x7810, 0x49E0, 0x4822, 0x4834, 0x4BB8, 0x48B0, 0x48A8, 0x48A8, 0x7928, 0x4924, 0x0224, 0x0422, 0x00A0, 0x0040}},
  {21648, {0x0088, 0x0088, 0x7888, 0x4908, 0x497E, 0x4B08, 0x4D08, 0x4948, 0x4928, 0x4928, 0x7908, 0x4908, 0x0108, 0x0108, 0x0128, 0x0110}},
  {21650, {0x0000, 0x7CF8, 0x4488, 0x4488, 0x4488, 0x7CF8, 0x0000, 0x0000, 0x0FC0, 0x0840, 0x0840, 0x0840, 0x1040, 0x1042, 0x2042, 0xC03E}},
  {21652, {0x0040, 0x0040, 0x7840, 0x487C, 0x4840, 0x4840, 0x4840, 0x4FFE, 0x4840, 0x4840, 0x7850, 0x4848, 0x0044, 0x0040, 0x0040, 0x0040}},
  {21653, {0x0020, 0x0020, 0x7820, 0x4820, 0x4BFE, 0x4820, 0x4820, 0x4820, 0x49FC, 0x4904, 0x7904, 0x4904, 0x0104, 0x0104, 0x01FC, 0x0104}},
  {21654, {0x0400, 0x0400, 0xF400, 0x943C, 0x9FA4, 0x94A4, 0x94A4, 0x94A4, 0x94A4, 0x94A4, 0xF4A4, 0x94A4, 0x08A4, 0x08BC, 0x12A4, 0x2100}},
  {21657, {0x0090, 0x0088, 0x7888, 0x4880, 0x4BFE, 0x48A0, 0x48A0, 0x48A4, 0x48A4, 0x4928, 0x7928, 0x4932, 0x0222, 0x0262, 0x049E, 0x0800}},
  {21658, {0x0080, 0x0080, 0x78F8, 0x4908, 0x4B10, 0x4CA0, 0x4840, 0x48A0, 0x4B18, 0x4C06, 0x78C0, 0x4820, 0x0010, 0x0180, 0x0060, 0x0010}},
  {21659, {0x0040, 0x0020, 0x7820, 0x4BFE, 0x4A02, 0x4C04, 0x4800, 0x4800, 0x4BFE, 0x4820, 0x7820, 0x4820, 0x0020, 0x0020, 0x00A0, 0x0040}},
  {21661, {0x0108, 0x0108, 0x7108, 0x5210, 0x5294, 0x54A4, 0x57BC, 0x5108, 0x5108, 0x5210, 0x7420, 0x57BC, 0x0000, 0x0000, 0x0FFE, 0x0000}},
  {21667, {0x0040, 0x0044, 0x7A44, 0x4948, 0x4950, 0x4840, 0x4FFE, 0x4890, 0x4890, 0x4890, 0x7890, 0x4892, 0x0112, 0x0112, 0x020E, 0x0400}},
  {21668, {0x0040, 0x0020, 0x7820, 0x4BFE, 0x4A02, 0x4C04, 0x4838, 0x4BC0, 0x4840, 0x4840, 0x787E, 0x4FC0, 0x0040, 0x0042, 0x0042, 0x003E}},
  {21670, {0x0040, 0x0040, 0xF7FE, 0x9040, 0x97FC, 0x9044, 0x93FC, 0x9240, 0x9440, 0x97FE, 0xF042, 0x90AA, 0x00A4, 0x0110, 0x0208, 0x0C06}},
  {21671, {0x0004, 0x0004, 0xEFC4, 0xA214, 0xA214, 0xA3D4, 0xA254, 0xA454, 0xA654, 0xA554, 0xE894, 0xA094, 0x0104, 0x0204, 0x0414, 0x0808}},
  {21672, {0x4080, 0x2080, 0x09FC, 0x1204, 0x2448, 0xE040, 0x20A0, 0x2318, 0x2C06, 0x0000, 0x1FF0, 0x1010, 0x1010, 0x1010, 0x1FF0, 0x1010}},
  {21673, {0x0104, 0x0084, 0x7888, 0x4800, 0x4BFE, 0x4820, 0x4820, 0x49FC, 0x4820, 0x4820, 0x7BFE, 0x4820, 0x0020, 0x0020, 0x0020, 0x0020}},
  {21674, {0x0040, 0x0040, 0x7A48, 0x4948, 0x4950, 0x4840, 0x4FFE, 0x4840, 0x48E0, 0x4950, 0x7950, 0x4A48, 0x0444, 0x0842, 0x0040, 0x0040}},
  {21675, {0x0000, 0x3E7C, 0x2244, 0x2244, 0x2244, 0x2244, 0x3E7C, 0x2A00, 0x2828, 0x2824, 0x2844, 0x2442, 0x2482, 0x4200, 0x4180, 0x807E}},
  {21676, {0x0080, 0x0040, 0xF040, 0x97FC, 0x9000, 0x9110, 0x9208, 0x9404, 0x9110, 0x9110, 0xF0A0, 0x9040, 0x00A0, 0x0110, 0x0208, 0x0C06}},
  {21677, {0x0020, 0x0020, 0x7820, 0x4BFE, 0x4820, 0x4820, 0x49FC, 0x4800, 0x4800, 0x49FC, 0x7904, 0x4904, 0x0104, 0x0104, 0x01FC, 0x0104}},
  {21679, {0x0080, 0x0080, 0x78F8, 0x4908, 0x4B10, 0x4CA0, 0x4840, 0x48A0, 0x4918, 0x4A06, 0x7DF8, 0x4908, 0x0108, 0x0108, 0x01F8, 0x0108}},
  {21681, {0x0020, 0x0040, 0x79FC, 0x4904, 0x4904, 0x4904, 0x49FC, 0x4904, 0x4904, 0x4904, 0x49FC, 0x7904, 0x4904, 0x0104, 0x01FC, 0x0104}},
  {21683, {0x0040, 0x0020, 0xF020, 0x97FE, 0x9040, 0x9084, 0x9108, 0x93F0, 0x9022, 0x9044, 0xF188, 0x9610, 0x0020, 0x0050, 0x0188, 0x0604}},
  {21684, {0x0040, 0x0040, 0x7840, 0x4BFE, 0x4880, 0x4890, 0x4890, 0x4912, 0x4952, 0x4954, 0x7A90, 0x4A28, 0x0428, 0x0044, 0x0084, 0x0102}},
  {21688, {0x0050, 0x0048, 0x0040, 0x3FFE, 0x2040, 0x2040, 0x2F44, 0x2044, 0x2044, 0x2F28, 0x2928, 0x2912, 0x2F32, 0x494A, 0x4086, 0x8102}},
  {21691, {0x0090, 0x0090, 0x7890, 0x4910, 0x49FE, 0x4B10, 0x4D10, 0x4938, 0x4938, 0x4954, 0x7954, 0x4992, 0x0110, 0x0110, 0x0110, 0x0110}},
  {21693, {0x0000, 0x07FC, 0xF404, 0x9444, 0x9444, 0x9444, 0x97FC, 0x9444, 0x9444, 0x94A4, 0xF494, 0x9514, 0x0604, 0x0404, 0x07FC, 0x0404}},
  {21695, {0x0100, 0x017C, 0xF124, 0x9224, 0x9224, 0x96FE, 0x9A24, 0x9224, 0x9224, 0x927C, 0xF224, 0x9220, 0x0220, 0x0220, 0x0240, 0x0280}},
  {21696, {0x0200, 0x0100, 0xFFFE, 0x0000, 0x0000, 0x1FF0, 0x1010, 0x1010, 0x1FF0, 0x0280, 0x0444, 0x0C28, 0x3410, 0xC508, 0x0606, 0x0400}},
  {21697, {0x0000, 0x1FF0, 0x1010, 0x1010, 0x1010, 0x1010, 0x1FF0, 0x0000, 0x0000, 0x7C7C, 0x4444, 0x4444, 0x4444, 0x4444, 0x7C7C, 0x4444}},
  {21698, {0x0000, 0x07FE, 0x7890, 0x4890, 0x4890, 0x4BFC, 0x4A94, 0x4A94, 0x4A94, 0x4A94, 0x7A9C, 0x4B04, 0x0204, 0x0204, 0x03FC, 0x0204}},
  {21700, {0x0110, 0x0110, 0x7910, 0x4910, 0x4BFC, 0x4910, 0x4910, 0x4910, 0x4910, 0x4FFE, 0x7800, 0x4910, 0x0108, 0x0208, 0x0404, 0x0804}},
  {21702, {0x0080, 0x0080, 0xF1F8, 0x9210, 0x9520, 0x90C0, 0x9090, 0x9320, 0x9C7C, 0x9084, 0xF108, 0x9690, 0x0060, 0x0040, 0x0180, 0x0E00}},
  {21703, {0x0020, 0x0020, 0x79FC, 0x4820, 0x4820, 0x4820, 0x4BFE, 0x4800, 0x4820, 0x4820, 0x79FC, 0x4820, 0x0020, 0x0020, 0x03FE, 0x0000}},
  {21704, {0x0040, 0x0040, 0x00A0, 0x7910, 0x4A08, 0x4C06, 0x4BF8, 0x4800, 0x4800, 0x4BF8, 0x7A08, 0x4A08, 0x0208, 0x0208, 0x03F8, 0x0208}},
  {21705, {0x0840, 0x0848, 0x0844, 0x7F44, 0x0840, 0x0840, 0xFFFE, 0x0040, 0x0044, 0x3E44, 0x2228, 0x222A, 0x2212, 0x3E2A, 0x2246, 0x0082}},
  {21708, {0x0008, 0x003C, 0xF7C0, 0x9400, 0x941C, 0x95E0, 0x9520, 0x9522, 0x9524, 0x9528, 0xF510, 0x9510, 0x0508, 0x0944, 0x0982, 0x1100}},
  {21709, {0x0040, 0x0040, 0x7880, 0x4BFC, 0x4A04, 0x4A04, 0x4AF4, 0x4A94, 0x4A94, 0x4A94, 0x7A94, 0x4AF4, 0x0204, 0x0204, 0x0214, 0x0208}},
  {21710, {0x0110, 0x0110, 0x7BFC, 0x4910, 0x4910, 0x4800, 0x4A08, 0x4A08, 0x4910, 0x4910, 0x78A0, 0x4840, 0x00A0, 0x0110, 0x0208, 0x0C06}},
  {21711, {0x0000, 0x03F8, 0x7A08, 0x4A08, 0x4BF8, 0x4A08, 0x4A08, 0x4BF8, 0x4A44, 0x4A48, 0x7A30, 0x4A20, 0x0210, 0x0288, 0x0306, 0x0200}},
  {21712, {0x0000, 0x03FE, 0x7A00, 0x4A00, 0x4BFC, 0x4A20, 0x4A20, 0x4AF8, 0x4A20, 0x4A20, 0x7A20, 0x4BFC, 0x0200, 0x0200, 0x03FE, 0x0000}},
  {21713, {0x0000, 0x03FC, 0x7890, 0x4890, 0x4890, 0x4892, 0x4C92, 0x4A94, 0x4A94, 0x4A98, 0x7890, 0x4890, 0x0090, 0x0090, 0x07FE, 0x0000}},
  {21714, {0x0010, 0x0210, 0x7910, 0x4910, 0x48FE, 0x4810, 0x4B10, 0x4928, 0x4924, 0x4944, 0x7942, 0x4982, 0x0100, 0x0280, 0x047E, 0x0000}},
  {21715, {0x0080, 0x0080, 0x78BC, 0x4BC0, 0x4850, 0x4824, 0x48D4, 0x4B0C, 0x4800, 0x4BFE, 0x7890, 0x4890, 0x0112, 0x0112, 0x020E, 0x0400}},
  {21716, {0x0110, 0x0112, 0x7914, 0x49D8, 0x4910, 0x4912, 0x4952, 0x498E, 0x4920, 0x4820, 0x7BFE, 0x4820, 0x0020, 0x0020, 0x0020, 0x0020}},
  {21717, {0x0020, 0x0124, 0x7924, 0x4924, 0x49FC, 0x4840, 0x4840, 0x48FC, 0x4904, 0x4A84, 0x7848, 0x4850, 0x0020, 0x0040, 0x0080, 0x0300}},
  {21719, {0x0090, 0x0094, 0x7914, 0x4918, 0x4B10, 0x4D32, 0x4952, 0x490E, 0x4920, 0x4820, 0x7BFE, 0x4820, 0x0020, 0x0020, 0x0020, 0x0020}},
  {21721, {0x0040, 0x0040, 0x78A0, 0x4910, 0x4A08, 0x4C06, 0x49F0, 0x4800, 0x4800, 0x4FFC, 0x7840, 0x4880, 0x0110, 0x0208, 0x07FC, 0x0204}},
  {21722, {0x0000, 0x01F0, 0x7910, 0x4910, 0x4910, 0x4910, 0x4A4E, 0x4C40, 0x4BFC, 0x4840, 0x78E0, 0x4950, 0x0248, 0x0446, 0x0040, 0x0040}},
  {21724, {0x0040, 0x0020, 0x7BFE, 0x4904, 0x4888, 0x4850, 0x4820, 0x48D8, 0x4B06, 0x4888, 0x7888, 0x4888, 0x0088, 0x0108, 0x0108, 0x0208}},
  {21725, {0x0040, 0x0040, 0xF040, 0x97FC, 0x9484, 0x9888, 0x9140, 0x9144, 0x9348, 0x9530, 0xF920, 0x9110, 0x0108, 0x0144, 0x0182, 0x0100}},
  {21726, {0x0040, 0x0040, 0x7890, 0x4908, 0x4BFC, 0x4824, 0x4920, 0x4920, 0x49FC, 0x4A20, 0x7820, 0x4FFE, 0x0020, 0x0020, 0x0020, 0x0020}},
  {21727, {0x0220, 0x0220, 0xF220, 0x943C, 0x9544, 0x9F44, 0x9284, 0x9224, 0x9414, 0x9F94, 0xF404, 0x9004, 0x0184, 0x0E04, 0x0428, 0x0010}},
  {21733, {0x0000, 0x7FFC, 0x0010, 0x1F90, 0x1090, 0x1090, 0x1F90, 0x0000, 0xFFFE, 0x0010, 0x1F90, 0x1090, 0x1090, 0x1F90, 0x0050, 0x0020}},
  {21734, {0x0028, 0x01A4, 0xF724, 0x9120, 0x9120, 0x9FFE, 0x9120, 0x9124, 0x91A4, 0x9328, 0xFD28, 0x9110, 0x0112, 0x012A, 0x0546, 0x0282}},
  {21735, {0x0020, 0x0020, 0x79FC, 0x4820, 0x4820, 0x4820, 0x4BFE, 0x4848, 0x4848, 0x494C, 0x794A, 0x4A4A, 0x0088, 0x0088, 0x0128, 0x0210}},
  {21736, {0x0020, 0x0124, 0x78A4, 0x48A8, 0x4820, 0x49FC, 0x4904, 0x4904, 0x49FC, 0x4904, 0x7904, 0x49FC, 0x0104, 0x0104, 0x0114, 0x0108}},
  {21737, {0x0000, 0x07FC, 0xF444, 0x9444, 0x97FC, 0x9444, 0x9444, 0x97FC, 0x9040, 0x9040, 0xF7FC, 0x9040, 0x0040, 0x0040, 0x0FFE, 0x0000}},
  {21738, {0x0000, 0x0FDE, 0x7252, 0x5252, 0x5254, 0x57D4, 0x5258, 0x5254, 0x5252, 0x5FD2, 0x7252, 0x525A, 0x0254, 0x0450, 0x0550, 0x0890}},
  {21741, {0x0000, 0x3C78, 0x2448, 0x2448, 0x2448, 0x3C78, 0x0000, 0x0110, 0x0108, 0xFFFE, 0x0100, 0x0280, 0x0440, 0x0820, 0x3018, 0xC006}},
  {21742, {0x0040, 0x0044, 0x7BF4, 0x4848, 0x4848, 0x4FFE, 0x4820, 0x4840, 0x4BF8, 0x4910, 0x7A20, 0x4DFE, 0x0820, 0x0020, 0x00A0, 0x0040}},
  {21746, {0x080C, 0x08F0, 0x7E80, 0x0880, 0x0EFE, 0x7888, 0x0888, 0x2908, 0x1208, 0x0000, 0x1FF0, 0x1010, 0x1010, 0x1010, 0x1FF0, 0x1010}},
  {21747, {0x0208, 0x021C, 0x7260, 0x5240, 0x5FC0, 0x5240, 0x527E, 0x52C8, 0x5348, 0x5E48, 0x7248, 0x5248, 0x0248, 0x0248, 0x0A88, 0x0508}},
  {21754, {0x0048, 0x0044, 0xF7FE, 0x9040, 0x9040, 0x93FC, 0x9244, 0x9244, 0x93FC, 0x9244, 0xF244, 0x93FC, 0x0244, 0x0244, 0x0254, 0x0208}},
  {21756, {0x0040, 0x0020, 0x7BFE, 0x4800, 0x49F8, 0x4908, 0x4908, 0x49F8, 0x4800, 0x4BFC, 0x7808, 0x4830, 0x0020, 0x0020, 0x00A0, 0x0040}},
  {21757, {0x0000, 0x07FE, 0xF040, 0x97FC, 0x9444, 0x9444, 0x97FC, 0x9444, 0x9444, 0x97FC, 0xF240, 0x9140, 0x0080, 0x0140, 0x0230, 0x0C0E}},
  {21759, {0x0800, 0x0800, 0x7F7C, 0x1144, 0x1144, 0x2544, 0x427C, 0x0000, 0xFFFE, 0x0010, 0x1F90, 0x1090, 0x1090, 0x1F90, 0x0050, 0x0020}},
  {21761, {0x0040, 0x0020, 0x7BFE, 0x4800, 0x4800, 0x49FC, 0x4800, 0x4800, 0x49FC, 0x4800, 0x7800, 0x49FC, 0x0104, 0x0104, 0x01FC, 0x0104}},
  {21766, {0x0040, 0x0040, 0x7888, 0x4904, 0x4BFE, 0x4802, 0x4888, 0x4944, 0x4A42, 0x48F8, 0x7988, 0x4A50, 0x0020, 0x0050, 0x0188, 0x0606}},
  {21767, {0x0000, 0x3FFC, 0x2000, 0x2FF8, 0x2000, 0x3FFE, 0x2488, 0x2450, 0x2530, 0x260E, 0x2000, 0x2FF8, 0x4808, 0x4808, 0x8FF8, 0x0808}},
  {21769, {0x0040, 0x0080, 0xF110, 0x9208, 0x97FC, 0x9104, 0x9100, 0x93F8, 0x9440, 0x9040, 0x9FFE, 0xF040, 0x90A0, 0x0110, 0x0208, 0x0C06}},
  {21775, {0x0184, 0x0068, 0x7830, 0x48C8, 0x4B04, 0x4840, 0x4BFE, 0x48A0, 0x4920, 0x4BFC, 0x7D24, 0x4924, 0x0134, 0x0128, 0x0020, 0x0020}},
  {21776, {0x0100, 0x0080, 0x3FFE, 0x2080, 0x2FF8, 0x2088, 0x3FFE, 0x2088, 0x2FF8, 0x2080, 0x2FF8, 0x2808, 0x4808, 0x4808, 0x8FF8, 0x0808}},
  {21777, {0x0040, 0x0040, 0xF248, 0x9248, 0x9248, 0x9554, 0x98E2, 0x9040, 0x9040, 0x97FC, 0xF040, 0x9040, 0x0040, 0x0040, 0x0FFE, 0x0000}},
  {21780, {0x0000, 0x07FC, 0xF040, 0x9040, 0x93F8, 0x9088, 0x9088, 0x97FE, 0x9000, 0x9000, 0xF3F8, 0x9208, 0x0208, 0x0208, 0x03F8, 0x0208}},
  {21787, {0x0040, 0x0040, 0xF7FC, 0x9040, 0x93F8, 0x9040, 0x97FE, 0x9080, 0x90F8, 0x9108, 0xF310, 0x94A0, 0x0040, 0x00A0, 0x0318, 0x0C06}},
  {21792, {0x0088, 0x0088, 0x7BFE, 0x4888, 0x4800, 0x4BFE, 0x4A02, 0x4C44, 0x4840, 0x4BFC, 0x7844, 0x4884, 0x0084, 0x0104, 0x0228, 0x0410}},
  {21794, {0x0020, 0x0124, 0x78A4, 0x48A8, 0x4820, 0x49FC, 0x4904, 0x4924, 0x4924, 0x4924, 0x7924, 0x4924, 0x0050, 0x0088, 0x0104, 0x0202}},
  {21795, {0x0020, 0x0040, 0x79FC, 0x4904, 0x4904, 0x49FC, 0x4904, 0x4904, 0x49FC, 0x4840, 0x7840, 0x487E, 0x07C0, 0x0042, 0x0042, 0x003E}},
  {21796, {0x0100, 0x0100, 0xF1F0, 0x9210, 0x9420, 0x9BF8, 0x9248, 0x9248, 0x9248, 0x9248, 0xF7FE, 0x90A0, 0x00A0, 0x0110, 0x0208, 0x0C06}},
  {21799, {0x0000, 0x07BC, 0x74A4, 0x54A4, 0x54A4, 0x57A4, 0x54A4, 0x54A4, 0x54A4, 0x57A4, 0x7434, 0x5528, 0x04A0, 0x0560, 0x0620, 0x0020}},
  {21802, {0x0040, 0x0040, 0xF7FC, 0x9040, 0x93F8, 0x9080, 0x97FC, 0x9110, 0x9248, 0x9446, 0xF1F0, 0x9040, 0x07FC, 0x0040, 0x0040, 0x0040}},
  {21804, {0x0040, 0x0040, 0x787C, 0x4840, 0x4BFC, 0x4A44, 0x4A70, 0x4BC0, 0x4A44, 0x4A3C, 0x7A00, 0x4AF0, 0x0490, 0x0492, 0x0912, 0x120E}},
  {21806, {0x0900, 0x0880, 0x0FFC, 0x1080, 0x3FF8, 0x5080, 0x9FF8, 0x1080, 0x1FFC, 0x0000, 0x1FF8, 0x1008, 0x1008, 0x1008, 0x1FF8, 0x1008}},
  {21807, {0x00A0, 0x0090, 0x7880, 0x49FE, 0x4910, 0x4B10, 0x4DFC, 0x4910, 0x4910, 0x49FC, 0x7910, 0x4910, 0x0110, 0x01FE, 0x0100, 0x0100}},
  {21808, {0x0002, 0x07E2, 0x7422, 0x542A, 0x57EA, 0x548A, 0x548A, 0x548A, 0x57EA, 0x56AA, 0x76AA, 0x5AAA, 0x0AA2, 0x12E2, 0x008A, 0x0084}},
  {21809, {0x01F8, 0x0108, 0x7908, 0x49F8, 0x4908, 0x4908, 0x49F8, 0x4800, 0x4BFC, 0x4A04, 0x7A04, 0x4BFC, 0x0204, 0x0204, 0x03FC, 0x0204}},
  {21811, {0x0040, 0x0020, 0x7BFC, 0x4A04, 0x4A04, 0x4BFC, 0x4A00, 0x4A28, 0x4A24, 0x4BFE, 0x7A20, 0x4A50, 0x0250, 0x0488, 0x0504, 0x0A02}},
  {21815, {0x0040, 0x0020, 0x7BFE, 0x4880, 0x4904, 0x4BFE, 0x4802, 0x49FC, 0x4904, 0x49FC, 0x7904, 0x49FC, 0x0104, 0x0104, 0x0114, 0x0108}},
  {21820, {0x0080, 0x0040, 0x7BFC, 0x4800, 0x4908, 0x4890, 0x4FFE, 0x4840, 0x4840, 0x4FFE, 0x7888, 0x4908, 0x0090, 0x0060, 0x0198, 0x0604}},
  {21822, {0x0010, 0x0078, 0xF3C0, 0x9040, 0x9040, 0x97FC, 0x9248, 0x9248, 0x97FE, 0x9248, 0xF248, 0x97FC, 0x0040, 0x0040, 0x07FC, 0x0000}},
  {21823, {0x0100, 0x0100, 0xF3FC, 0x9494, 0x9894, 0x9124, 0x9244, 0x9484, 0x9128, 0x9210, 0xF040, 0x9124, 0x052A, 0x050A, 0x08F8, 0x0000}},
  {21825, {0x0000, 0x07FC, 0xF444, 0x9444, 0x95F4, 0x9444, 0x9444, 0x97FC, 0x9404, 0x95F4, 0xF514, 0x9514, 0x05F4, 0x0404, 0x0414, 0x0808}},
  {21827, {0x0020, 0x0120, 0x793C, 0x4920, 0x4920, 0x4FFE, 0x4800, 0x4BFC, 0x4A04, 0x4BFC, 0x7A04, 0x4BFC, 0x0204, 0x0204, 0x0214, 0x0208}},
  {21828, {0x0000, 0x03FE, 0x7840, 0x4880, 0x4944, 0x4A24, 0x4868, 0x4AB0, 0x4930, 0x4AA8, 0x7868, 0x48A4, 0x0122, 0x0220, 0x00A0, 0x0040}},
  {21830, {0x0200, 0x0100, 0x7FFC, 0x0820, 0x0440, 0x3FF8, 0x2008, 0x2448, 0x2828, 0x37D8, 0x2448, 0x2448, 0x27C8, 0x2008, 0x2028, 0x2010}},
  {21833, {0x0110, 0x0110, 0x7110, 0x5110, 0x57BC, 0x5110, 0x5110, 0x5338, 0x53B8, 0x5554, 0x7554, 0x5992, 0x0110, 0x0110, 0x0110, 0x0110}},
  {21834, {0x0000, 0x0EFC, 0xEA08, 0xAA08, 0xAAE8, 0xAAA8, 0xACA8, 0xAAA8, 0xAAA8, 0xAAA8, 0xEAE8, 0xAAA8, 0x0C08, 0x0808, 0x0828, 0x0810}},
  {21840, {0x0080, 0x0040, 0xF7FC, 0x9000, 0x9110, 0x9110, 0x92A8, 0x9444, 0x9000, 0x9040, 0xF7FE, 0x9040, 0x0040, 0x0040, 0x0040, 0x0040}},
  {21845, {0x0100, 0x0100, 0x79FC, 0x4A04, 0x4D04, 0x49E4, 0x4A84, 0x4884, 0x4FF4, 0x4884, 0x7AA4, 0x4AA4, 0x03E4, 0x0004, 0x0028, 0x0010}},
  {21846, {0x0040, 0x0244, 0xF244, 0x9448, 0x90A0, 0x9110, 0x9608, 0x9044, 0x9040, 0x9248, 0xF248, 0x9450, 0x00A0, 0x0110, 0x0208, 0x0C06}},
  {21852, {0x0000, 0x07BC, 0x7084, 0x5294, 0x5108, 0x5294, 0x54A4, 0x5840, 0x5000, 0x57BC, 0x70A4, 0x52A4, 0x0128, 0x0290, 0x04A8, 0x0846}},
  {21857, {0x0090, 0x0090, 0xF090, 0x979E, 0x9090, 0x9090, 0x9090, 0x939C, 0x9090, 0x9090, 0xF090, 0x979E, 0x0090, 0x0090, 0x0090, 0x0090}},
  {21860, {0x0040, 0x0080, 0x7BFC, 0x4A24, 0x4A24, 0x4BFC, 0x4A24, 0x4A44, 0x4BFC, 0x4890, 0x7910, 0x4FFE, 0x0010, 0x0010, 0x0010, 0x0010}},
  {21861, {0x0040, 0x0040, 0x78A0, 0x4910, 0x4A08, 0x4DF6, 0x4840, 0x4840, 0x4FFC, 0x4840, 0x7840, 0x4BF8, 0x0208, 0x0208, 0x03F8, 0x0208}},
  {21862, {0x0120, 0x0110, 0x7110, 0x517E, 0x5780, 0x5104, 0x5144, 0x51C4, 0x5124, 0x5324, 0x7528, 0x5128, 0x0108, 0x0110, 0x057E, 0x0200}},
  {21863, {0x0020, 0x0020, 0x7BFE, 0x4820, 0x49FC, 0x4820, 0x4BFE, 0x4800, 0x49FC, 0x4904, 0x7924, 0x4924, 0x0124, 0x0050, 0x0088, 0x0304}},
  {21866, {0x0210, 0x0210, 0x7220, 0x527C, 0x5FC4, 0x5244, 0x5244, 0x52C4, 0x537C, 0x5E44, 0x7244, 0x5244, 0x0244, 0x0244, 0x0A7C, 0x0444}},
  {21868, {0x0100, 0x0100, 0x7FFC, 0x0100, 0x1110, 0x0920, 0xFFFE, 0x0000, 0x3FF8, 0x2008, 0x27C8, 0x2448, 0x27C8, 0x2008, 0x3FF8, 0x2008}},
  {21869, {0x0210, 0x0210, 0x7210, 0x5FBC, 0x5210, 0x5510, 0x557E, 0x5790, 0x5120, 0x513C, 0x71C4, 0x5F08, 0x0528, 0x0110, 0x0108, 0x0104}},
  {21870, {0x0040, 0x0040, 0xF27C, 0x9240, 0x9240, 0x9240, 0x9FFE, 0x9000, 0x9444, 0x9444, 0xF4A4, 0x9494, 0x0514, 0x0404, 0x07FC, 0x0004}},
  {21877, {0x0010, 0x0410, 0x7210, 0x52FE, 0x5892, 0x5494, 0x5490, 0x52FC, 0x52A4, 0x54A4, 0x7CA8, 0x54A8, 0x0490, 0x0528, 0x0544, 0x0282}},
  {21878, {0x0040, 0x0020, 0x7BFE, 0x4A02, 0x4C04, 0x4800, 0x4BFE, 0x4820, 0x4820, 0x4920, 0x793C, 0x4920, 0x02A0, 0x0260, 0x043E, 0x0800}},
  {21879, {0x0100, 0x009E, 0x7BD2, 0x4A52, 0x4A54, 0x4BD4, 0x4A58, 0x4A54, 0x4BD2, 0x4A12, 0x7A92, 0x4A5A, 0x02D4, 0x0350, 0x0210, 0x0010}},
  {21880, {0x0040, 0x0040, 0x7BF8, 0x4848, 0x4FFE, 0x4848, 0x4BF8, 0x4840, 0x4A48, 0x4A48, 0x7AE8, 0x4B58, 0x0248, 0x0248, 0x0448, 0x0848}},
  {21883, {0x0100, 0x3FF8, 0x0820, 0x0440, 0x7FFE, 0x4102, 0x9FF4, 0x1110, 0x1150, 0x1120, 0x0100, 0x3FF8, 0x2008, 0x2008, 0x3FF8, 0x2008}},
  {21884, {0x0040, 0x0020, 0x79FC, 0x4800, 0x4888, 0x4850, 0x4BFE, 0x4A22, 0x4C24, 0x49FC, 0x4924, 0x7924, 0x4934, 0x0128, 0x0020, 0x0020}},
  {21886, {0x0088, 0x01C8, 0x7708, 0x5108, 0x512A, 0x512A, 0x57AC, 0x5148, 0x5308, 0x5388, 0x7554, 0x5514, 0x0914, 0x0124, 0x0124, 0x0142}},
  {21888, {0x0040, 0x0020, 0x7BFE, 0x4A02, 0x4880, 0x48F8, 0x4908, 0x4A90, 0x4860, 0x4998, 0x7E06, 0x49F8, 0x0108, 0x0108, 0x01F8, 0x0108}},
  {21889, {0x01FC, 0x0124, 0x7924, 0x49FC, 0x4924, 0x4924, 0x49FC, 0x4820, 0x4820, 0x4BFE, 0x7A22, 0x4A2A, 0x02FA, 0x020A, 0x0202, 0x0206}},
  {21890, {0x0000, 0x03F8, 0x7A48, 0x4A48, 0x4BF8, 0x4A48, 0x4A48, 0x4BF8, 0x4800, 0x4FFE, 0x7A40, 0x4A44, 0x0228, 0x0290, 0x0308, 0x0206}},
  {21891, {0x0040, 0x0040, 0xF7FC, 0x9040, 0x9040, 0x97FC, 0x9514, 0x94A4, 0x95F4, 0x9444, 0xF444, 0x95F4, 0x0444, 0x0444, 0x0454, 0x0408}},
  {21892, {0x0820, 0x0440, 0x7FFC, 0x0100, 0x3FF8, 0x0100, 0x7FFC, 0x1110, 0x0920, 0xFFFE, 0x0000, 0x1FF0, 0x1010, 0x1010, 0x1FF0, 0x1010}},
  {21895, {0x0104, 0x0104, 0x77C4, 0x5104, 0x5114, 0x57D4, 0x5554, 0x5554, 0x57D4, 0x5114, 0x7394, 0x5554, 0x0944, 0x0104, 0x0114, 0x0108}},
  {21896, {0x0220, 0x0224, 0x7BA8, 0x4A30, 0x4AA2, 0x4B22, 0x4A5E, 0x4880, 0x4BFC, 0x4A04, 0x7A04, 0x4BFC, 0x0204, 0x0204, 0x03FC, 0x0204}},
  {21897, {0x0100, 0x0178, 0x7108, 0x5208, 0x52FE, 0x5640, 0x5A40, 0x527C, 0x5290, 0x5210, 0x72FE, 0x5210, 0x0228, 0x0228, 0x0244, 0x0282}},
  {21898, {0x0014, 0x0012, 0x7010, 0x57FE, 0x5410, 0x5410, 0x55D0, 0x5412, 0x5412, 0x55D4, 0x7554, 0x5548, 0x05DA, 0x042A, 0x0846, 0x1082}},
  {21899, {0x0048, 0x0148, 0x7948, 0x4BFE, 0x4948, 0x4948, 0x4978, 0x4900, 0x49FE, 0x4820, 0x7BFE, 0x4870, 0x00A8, 0x0124, 0x0622, 0x0020}},
  {21903, {0x0108, 0x0108, 0xF7FE, 0x9108, 0x9148, 0x9040, 0x97FE, 0x9080, 0x9100, 0x93FC, 0xF504, 0x9904, 0x0104, 0x0104, 0x01FC, 0x0104}},
  {21905, {0x0080, 0x0040, 0x7BFC, 0x4800, 0x4908, 0x4890, 0x4FFE, 0x4800, 0x49F8, 0x4908, 0x7908, 0x49F8, 0x0108, 0x0108, 0x01F8, 0x0108}},
  {21908, {0x0000, 0x03FC, 0x7A04, 0x4A04, 0x4BFC, 0x4A00, 0x4BFC, 0x4A40, 0x4A88, 0x4BFC, 0x7A24, 0x4A20, 0x05FC, 0x0420, 0x0820, 0x13FE}},
  {21912, {0x0040, 0x0444, 0xF444, 0x9444, 0x97FC, 0x9000, 0x9FFE, 0x9040, 0x9080, 0x97FC, 0xF4A4, 0x94A4, 0x04A4, 0x04A4, 0x04A4, 0x040C}},
  {21913, {0x0100, 0x01F8, 0xF208, 0x93F0, 0x9010, 0x97FE, 0x9080, 0x9144, 0x9668, 0x90B0, 0xF128, 0x9668, 0x00A4, 0x0122, 0x06A0, 0x0040}},
  {21916, {0x0100, 0x7FFC, 0x0100, 0x3FF8, 0x0000, 0x3FF8, 0x2008, 0x3FF8, 0x0820, 0xFFFE, 0x0000, 0x3FF8, 0x2008, 0x2008, 0x3FF8, 0x2008}},
  {21917, {0x0000, 0x03F8, 0x7A08, 0x4BF8, 0x4A08, 0x4BF8, 0x4900, 0x4BFC, 0x4C44, 0x4A44, 0x7AA4, 0x4A04, 0x03F4, 0x0004, 0x0028, 0x0010}},
  {21919, {0x0000, 0x03FE, 0x7A22, 0x4BFE, 0x4A22, 0x4BFE, 0x4800, 0x49FC, 0x4904, 0x49FC, 0x7904, 0x49FC, 0x0104, 0x0104, 0x0114, 0x0108}},
  {21927, {0x0040, 0x0020, 0x7BFE, 0x4A02, 0x4C04, 0x49FC, 0x4800, 0x49FC, 0x4904, 0x49FC, 0x7904, 0x49FC, 0x0104, 0x0000, 0x03FE, 0x0000}},
  {21937, {0x0000, 0x07FE, 0xF400, 0x95FC, 0x9524, 0x9524, 0x95FC, 0x9524, 0x9524, 0x95FC, 0xF420, 0x9420, 0x05FC, 0x0820, 0x0820, 0x13FE}},
  {21939, {0x0040, 0x0040, 0xF7FC, 0x90E0, 0x9150, 0x9248, 0x9446, 0x93F8, 0x9208, 0x93F8, 0xF208, 0x93F8, 0x0208, 0x0000, 0x0FFE, 0x0000}},
  {21941, {0x0088, 0x0088, 0x7BFE, 0x4888, 0x4888, 0x4800, 0x49FC, 0x4924, 0x4924, 0x4924, 0x79FC, 0x4924, 0x0124, 0x0124, 0x01FC, 0x0104}},
  {21943, {0x0020, 0x01FC, 0x7820, 0x4888, 0x4BFE, 0x4888, 0x4800, 0x49FC, 0x4904, 0x4924, 0x7924, 0x4924, 0x0124, 0x0050, 0x0088, 0x0304}},
  {21945, {0x0040, 0x0040, 0xF7FC, 0x90A0, 0x9110, 0x9248, 0x9DF6, 0x9040, 0x9040, 0x97FC, 0xF000, 0x9040, 0x03F8, 0x0040, 0x0040, 0x0FFE}},
  {21947, {0x0040, 0x00A0, 0x7910, 0x4A08, 0x4DF6, 0x4800, 0x4BC4, 0x4A54, 0x4A54, 0x4BD4, 0x7A54, 0x4A54, 0x03D4, 0x0244, 0x0254, 0x02C8}},
  {21949, {0x0020, 0x0124, 0x78A8, 0x4820, 0x4BFE, 0x48A8, 0x4924, 0x4A02, 0x4840, 0x4FFE, 0x7888, 0x4908, 0x0190, 0x0060, 0x0198, 0x0604}},
  {21950, {0x2208, 0x1110, 0x0020, 0x7FFE, 0x4102, 0x9104, 0x1FF0, 0x2100, 0x0100, 0xFFFE, 0x0000, 0x1FF0, 0x1010, 0x1010, 0x1FF0, 0x1010}},
  {21956, {0x07FC, 0x0080, 0xF3F8, 0x9208, 0x93F8, 0x9208, 0x93F8, 0x9208, 0x93F8, 0x9080, 0xF1F8, 0x9310, 0x04A0, 0x0040, 0x01B0, 0x0E0E}},
  {21957, {0x0040, 0x0080, 0x7BF8, 0x4A08, 0x4BF8, 0x4A08, 0x4BF8, 0x4A08, 0x4BF8, 0x4850, 0x7848, 0x4FFE, 0x00A0, 0x0110, 0x0208, 0x0C06}},
  {21961, {0x0020, 0x0020, 0x7BFE, 0x4820, 0x49FC, 0x4820, 0x4BFE, 0x4840, 0x4888, 0x49F0, 0x7824, 0x4BFE, 0x0022, 0x0124, 0x02A2, 0x0040}},
  {21964, {0x0208, 0x0108, 0xF110, 0x9000, 0x97FC, 0x9000, 0x9110, 0x9208, 0x9404, 0x93F8, 0xF2A8, 0x92A8, 0x02A8, 0x02A8, 0x0FFE, 0x0000}},
  {21965, {0x0440, 0x025E, 0x7292, 0x5012, 0x57D2, 0x511E, 0x5552, 0x5552, 0x5552, 0x57DE, 0x7152, 0x5112, 0x0212, 0x0222, 0x042A, 0x0844}},
  {21969, {0x0020, 0x0020, 0x79FC, 0x4820, 0x4820, 0x4BFE, 0x4880, 0x4904, 0x4BFE, 0x4802, 0x7BFC, 0x4A94, 0x0294, 0x0294, 0x07FE, 0x0000}},
  {21970, {0x0110, 0x0110, 0xF7FC, 0x9110, 0x9040, 0x90A0, 0x9110, 0x9208, 0x95F6, 0x9000, 0xF000, 0x93F8, 0x0208, 0x0208, 0x03F8, 0x0208}},
  {21971, {0x03F0, 0x0110, 0xF0E0, 0x9318, 0x9000, 0x97BC, 0x94A4, 0x9318, 0x94A4, 0x9040, 0xF7FC, 0x90E0, 0x0150, 0x0248, 0x0C46, 0x0040}},
  {21972, {0x0040, 0x0040, 0xF7FC, 0x9040, 0x93F8, 0x9208, 0x93F8, 0x9208, 0x93F8, 0x9208, 0xF3F8, 0x9208, 0x0FFE, 0x0110, 0x0208, 0x0404}},
  {21974, {0x0140, 0x065C, 0xF444, 0x9444, 0x975C, 0x9444, 0x9444, 0x97FC, 0x9040, 0x97FC, 0xF208, 0x9110, 0x00A0, 0x0040, 0x01B0, 0x0E0E}},
  {21980, {0x0040, 0x0044, 0x79F8, 0x4850, 0x4BFE, 0x4840, 0x48F8, 0x4982, 0x4A7E, 0x4C00, 0x79FC, 0x4904, 0x01FC, 0x0104, 0x01FC, 0x0104}},
  {21981, {0x0000, 0x0FFE, 0xF000, 0x93F8, 0x9208, 0x9208, 0x93F8, 0x9000, 0x97FC, 0x9514, 0xF4A4, 0x97FC, 0x0444, 0x0444, 0x0454, 0x0408}},
  {21983, {0x0108, 0x0088, 0x7890, 0x4BFC, 0x4840, 0x49F8, 0x4840, 0x4BFE, 0x4880, 0x4900, 0x79FC, 0x4A20, 0x0420, 0x0820, 0x03FE, 0x0000}},
  {21985, {0x0090, 0x0088, 0x7904, 0x4A42, 0x4C88, 0x49FC, 0x4804, 0x4800, 0x4BDE, 0x4842, 0x7A52, 0x494A, 0x0252, 0x0042, 0x014A, 0x0084}},
  {21987, {0x0000, 0x3E7C, 0x2204, 0x2204, 0x3EF4, 0x0004, 0x7F04, 0x5574, 0x5554, 0x5554, 0x7F54, 0x5554, 0x5574, 0x5504, 0x5114, 0x4308}},
  {21988, {0x0020, 0x0124, 0x7924, 0x49FC, 0x4820, 0x4BFE, 0x4800, 0x4820, 0x49FC, 0x4924, 0x7924, 0x49FC, 0x0020, 0x0024, 0x03FE, 0x0102}},
  {21989, {0x0040, 0x0080, 0xF3F8, 0x9208, 0x93F8, 0x9208, 0x93F8, 0x9080, 0x97FC, 0x9110, 0xF248, 0x9444, 0x0BFA, 0x0040, 0x0040, 0x0040}},
  {21990, {0x0040, 0x0040, 0xF7FC, 0x9040, 0x97FC, 0x9484, 0x9918, 0x93E0, 0x9040, 0x9088, 0xF7FC, 0x9044, 0x0250, 0x0448, 0x0948, 0x0080}},
  {21992, {0x0080, 0x0880, 0xE4FE, 0xA100, 0xAAFC, 0xA484, 0xA4A4, 0xA094, 0xA3FE, 0xA484, 0xED24, 0xA514, 0x05FE, 0x0404, 0x0428, 0x0010}},
  {21994, {0x0040, 0x0040, 0xF7FC, 0x9040, 0x93F8, 0x9080, 0x97FC, 0x9110, 0x9268, 0x95C6, 0xF040, 0x93F8, 0x00E0, 0x0158, 0x0644, 0x0040}},
  {21995, {0x0000, 0x03FC, 0x7908, 0x49F8, 0x4908, 0x49F8, 0x490E, 0x4FF8, 0x4808, 0x4FBC, 0x78A4, 0x4AA4, 0x0128, 0x0290, 0x04A8, 0x0846}},
  {21996, {0x0110, 0x0110, 0xF7FE, 0x9110, 0x9100, 0x92FE, 0x9208, 0x9608, 0x9AE8, 0x92A8, 0xF2A8, 0x92E8, 0x02A8, 0x0208, 0x0228, 0x0210}},
  {21999, {0x0000, 0x07FC, 0xF444, 0x9444, 0x97FC, 0x9444, 0x94A4, 0x9514, 0x9404, 0x97FC, 0xF040, 0x9024, 0x0522, 0x050A, 0x0908, 0x00F8}},
  {22002, {0x0090, 0x0108, 0xF294, 0x9060, 0x9198, 0x9646, 0x90FC, 0x9308, 0x90B0, 0x90D0, 0xF73E, 0x90C2, 0x0324, 0x0018, 0x0060, 0x0780}},
  {22003, {0x000E, 0x03F0, 0x7844, 0x4A24, 0x4908, 0x4BFE, 0x4A42, 0x4840, 0x4BFE, 0x4880, 0x78FC, 0x4944, 0x0128, 0x0210, 0x0468, 0x0186}},
  {22005, {0x01FC, 0x0808, 0xE450, 0xA420, 0xA1FC, 0xA124, 0xBD24, 0xA5FC, 0xA524, 0xA5FC, 0xE524, 0xA524, 0x052C, 0x0A00, 0x11FE, 0x0000}},
  {22007, {0x0108, 0x0108, 0x7108, 0x57D0, 0x511E, 0x5794, 0x5124, 0x5FD4, 0x5214, 0x53D4, 0x7254, 0x5248, 0x0248, 0x04D4, 0x0424, 0x0842}},
  {22013, {0x0108, 0x0108, 0xF7C8, 0x9108, 0x911E, 0x97D2, 0x9564, 0x9540, 0x97C8, 0x9108, 0xF388, 0x9548, 0x0954, 0x0114, 0x0124, 0x0142}},
  {22014, {0x0420, 0x0220, 0x723E, 0x5F40, 0x54A0, 0x5420, 0x573C, 0x5550, 0x5510, 0x5510, 0x75FE, 0x5510, 0x0528, 0x0928, 0x0B44, 0x1082}},
  {22016, {0x0080, 0x0040, 0xF7FC, 0x9110, 0x90A0, 0x97FC, 0x9444, 0x95F4, 0x9444, 0x95F4, 0xF514, 0x9514, 0x05F4, 0x0404, 0x0414, 0x0408}},
  {22017, {0x0014, 0x0012, 0x7010, 0x57FE, 0x5410, 0x5490, 0x54D2, 0x5492, 0x57F2, 0x5494, 0x7494, 0x55C8, 0x0AAA, 0x089A, 0x11A6, 0x0042}},
  {22024, {0x00A0, 0x00A0, 0x77FE, 0x50A0, 0x57FC, 0x54A4, 0x57FC, 0x54A4, 0x57FC, 0x5000, 0x73F8, 0x5208, 0x03F8, 0x0208, 0x03F8, 0x0208}},
  {22025, {0x0100, 0xFFFE, 0x0100, 0x3FF8, 0x0000, 0x1FF0, 0x1010, 0x1FF0, 0x0820, 0xFFFE, 0x1000, 0x7F7C, 0x1144, 0x2144, 0x457C, 0x8244}},
  {22028, {0x0000, 0x0FFE, 0xE0A0, 0xA7FC, 0xA4A4, 0xA4A4, 0xA7FC, 0xA000, 0xA7FC, 0xA000, 0xEFFE, 0xA040, 0x0248, 0x0444, 0x0942, 0x0080}},
  {22030, {0x07FC, 0x0080, 0x7BF8, 0x4A08, 0x4BF8, 0x4A08, 0x4BF8, 0x4A08, 0x4BF8, 0x4910, 0x797C, 0x4F80, 0x0090, 0x0062, 0x01B2, 0x0E0E}},
  {22031, {0x1000, 0x11DC, 0x1144, 0x1144, 0xFD44, 0x11DC, 0x1100, 0x1100, 0x7DDC, 0x4514, 0x4514, 0x45D4, 0x4508, 0x7D08, 0x4514, 0x0122}},
  {22040, {0x0040, 0x007C, 0x7840, 0x4BFE, 0x4A42, 0x4A78, 0x4BC4, 0x4A3C, 0x4A00, 0x4A50, 0x7A54, 0x4B54, 0x04D8, 0x0450, 0x09FE, 0x0000}},
  {22043, {0x0040, 0x0020, 0xF7FE, 0x9490, 0x9490, 0x9490, 0x97FC, 0x9490, 0x94D8, 0x95B8, 0xF5B4, 0x96D4, 0x0892, 0x0890, 0x1090, 0x0090}},
  {22046, {0x0290, 0x0290, 0x77D0, 0x5290, 0x53BC, 0x5114, 0x57D4, 0x5554, 0x5554, 0x57D4, 0x7114, 0x57D4, 0x0124, 0x0124, 0x0154, 0x0188}},
  {22047, {0x0200, 0x023E, 0xEF62, 0xA264, 0xA2A4, 0xAFE8, 0xA124, 0xA224, 0xA7A2, 0xACA2, 0xF4A2, 0xA7B4, 0x04A8, 0x04A0, 0x07A0, 0x04A0}},
  {22051, {0x0040, 0x0444, 0x7444, 0x57FC, 0x5000, 0x57BC, 0x54A4, 0x54A4, 0x57BC, 0x54A4, 0x74A4, 0x57BC, 0x04A4, 0x04A4, 0x0AB4, 0x1148}},
  {22052, {0x0000, 0x0FBE, 0xE8A2, 0xAAAA, 0xAAAA, 0xAAAA, 0xA514, 0xA8A2, 0xA080, 0xAFFE, 0xE110, 0xA210, 0x03A0, 0x0060, 0x0198, 0x0E04}},
  {22055, {0x0080, 0x0040, 0xF7FE, 0x9402, 0x9894, 0x9050, 0x9524, 0x954A, 0x98FA, 0x9300, 0xF040, 0x9444, 0x0444, 0x0444, 0x07FC, 0x0004}},
  {22060, {0x0000, 0x03F8, 0xF208, 0x93F8, 0x9208, 0x93F8, 0x9000, 0x9FFE, 0x9480, 0x97BC, 0xF494, 0x9794, 0x04D4, 0x0F88, 0x0094, 0x00A2}},
  {22061, {0x0104, 0x0104, 0x77E8, 0x5110, 0x5100, 0x57C4, 0x5004, 0x57C8, 0x5450, 0x5442, 0x77C2, 0x5444, 0x0284, 0x00E8, 0x0F10, 0x0420}},
  {22065, {0x0000, 0x07FC, 0xF404, 0x97FC, 0x9400, 0x95FC, 0x9420, 0x95FC, 0x9524, 0x95FC, 0xF420, 0x97FE, 0x062A, 0x06FA, 0x0A0A, 0x1206}},
  {22066, {0x0200, 0x023C, 0x0FA4, 0xE224, 0xA224, 0xAFBC, 0xA8A4, 0xAFA4, 0xA8A4, 0xAFBC, 0xA224, 0xE224, 0xAFA4, 0x0224, 0x0244, 0x028C}},
  {22068, {0x0090, 0x0294, 0xF2D8, 0x9292, 0x92D2, 0x970E, 0x91F0, 0x9210, 0x97FC, 0x9A44, 0xF3FC, 0x9244, 0x03FC, 0x0444, 0x0454, 0x0808}},
  {22070, {0x0480, 0x0482, 0xE49C, 0xAFD0, 0xA490, 0xA790, 0xA49E, 0xA794, 0xA494, 0xA494, 0xEFD4, 0xA014, 0x0514, 0x08A4, 0x1024, 0x0044}},
  {22073, {0x0040, 0x0040, 0xF7FC, 0x90A0, 0x9514, 0x9208, 0x97FC, 0x9A0A, 0x93F8, 0x9208, 0xF3F8, 0x9040, 0x0248, 0x0444, 0x0944, 0x0080}},
  {22075, {0x0040, 0x07FC, 0xF040, 0x93F8, 0x9000, 0x93F8, 0x9208, 0x93F8, 0x9110, 0x9FFE, 0xF000, 0x93F8, 0x0208, 0x0208, 0x03F8, 0x0208}},
  {22079, {0x0000, 0x07FC, 0xF444, 0x9554, 0x94E4, 0x9444, 0x97FC, 0x9040, 0x97FC, 0x9040, 0xF040, 0x9FFE, 0x0000, 0x0524, 0x0492, 0x0892}},
  {22092, {0x0208, 0x0110, 0xF000, 0x97FC, 0x9444, 0x9554, 0x94E4, 0x9444, 0x97FC, 0x9000, 0xF3F8, 0x9208, 0x03F8, 0x0208, 0x03F8, 0x0208}},
  {22093, {0x0140, 0x0120, 0xF3FE, 0x9220, 0x9620, 0x9BFC, 0x9220, 0x9220, 0x93FC, 0x9220, 0xF220, 0x93FE, 0x0200, 0x0524, 0x0492, 0x0892}},
  {22094, {0x0020, 0x03FE, 0x7820, 0x49FC, 0x4800, 0x4BFE, 0x4A02, 0x49FC, 0x4800, 0x49FC, 0x7904, 0x49FC, 0x0104, 0x0088, 0x03FE, 0x0000}},
  {22100, {0x0020, 0x07A4, 0xF0A8, 0x9292, 0x9114, 0x9208, 0x95F4, 0x9802, 0x93F8, 0x9208, 0xF208, 0x93F8, 0x0208, 0x0110, 0x0FFE, 0x0000}},
  {22103, {0x00A0, 0x04A4, 0xF2A8, 0x90A0, 0x97FC, 0x9110, 0x90A0, 0x97FC, 0x9040, 0x93F8, 0xF040, 0x97FC, 0x00A0, 0x0110, 0x0208, 0x0C06}},
  {22104, {0x0000, 0x0FFE, 0xE800, 0xAA28, 0xA948, 0xABEE, 0xA892, 0xA884, 0xAAA0, 0xAAA8, 0xEBE8, 0xA888, 0x0894, 0x0914, 0x0924, 0x1242}},
  {22105, {0x0040, 0x00A0, 0xF110, 0x9248, 0x9DF6, 0x90A0, 0x9248, 0x92A8, 0x93F8, 0x9040, 0xF7FC, 0x9484, 0x0524, 0x05F4, 0x0414, 0x040C}},
  {22108, {0x0100, 0x03F0, 0xF410, 0x9FFC, 0x9444, 0x97FC, 0x9444, 0x97FC, 0x9000, 0x9FFE, 0xF000, 0x93F8, 0x0208, 0x03F8, 0x0208, 0x03F8}},
  {22114, {0x0080, 0x0100, 0xF7FC, 0x9444, 0x9554, 0x9444, 0x97FC, 0x94E4, 0x9554, 0x9404, 0xF040, 0x97FE, 0x00A0, 0x0110, 0x0208, 0x0C06}},
  {22116, {0x0110, 0x0110, 0xF7BC, 0x9110, 0x93B8, 0x9554, 0x9912, 0x9000, 0x93F8, 0x9000, 0xF7FC, 0x9040, 0x0248, 0x0444, 0x0942, 0x0080}},
  {22120, {0x0000, 0x3E7C, 0x2244, 0x2244, 0x3E7C, 0x0120, 0x0110, 0xFFFE, 0x0280, 0x0C60, 0x3018, 0xC006, 0x3E7C, 0x2244, 0x2244, 0x3E7C}},
  {22121, {0x0000, 0x7FFC, 0x0100, 0x3D78, 0x2548, 0x2548, 0x3D78, 0x0100, 0x7FFC, 0x0100, 0x3D78, 0x2548, 0x2548, 0x3D78, 0x0100, 0xFFFE}},
  {22122, {0x03F8, 0x0208, 0xF208, 0x93F8, 0x9000, 0x97BC, 0x94A4, 0x94A4, 0x97BC, 0x9040, 0xFFFE, 0x9160, 0x0250, 0x0448, 0x1846, 0x0040}},
  {22123, {0x0080, 0x0040, 0x7BFC, 0x4908, 0x4890, 0x4FFE, 0x4800, 0x4BFC, 0x4A04, 0x4BFC, 0x7A04, 0x4BFC, 0x0040, 0x0524, 0x050A, 0x08FA}},
  {22124, {0x0210, 0x0210, 0xF3DE, 0x9528, 0x9884, 0x9000, 0x97FC, 0x9040, 0x9248, 0x9248, 0xF248, 0x9554, 0x08E2, 0x0040, 0x0FFE, 0x0000}},
  {22129, {0x0040, 0x007C, 0x7840, 0x4BFE, 0x4A42, 0x4A78, 0x4BC4, 0x4A3C, 0x4A00, 0x4BFE, 0x7A40, 0x4BA4, 0x0258, 0x05B4, 0x0452, 0x09B0}},
  {22134, {0x0088, 0x03FE, 0x7888, 0x49FC, 0x4904, 0x49FC, 0x4904, 0x49FC, 0x4880, 0x49FE, 0x7A22, 0x4D52, 0x0102, 0x01FA, 0x000A, 0x0004}},
  {22139, {0x0080, 0x0040, 0xF7FE, 0x9512, 0x9BFC, 0x9110, 0x97FC, 0x9110, 0x97FE, 0x9110, 0xF248, 0x95F4, 0x0842, 0x0040, 0x07FC, 0x0000}},
  {22140, {0x0010, 0x0008, 0x7788, 0x54BE, 0x5480, 0x5494, 0x5788, 0x547E, 0x5408, 0x5788, 0x76BE, 0x5A88, 0x0A88, 0x0B88, 0x1288, 0x0008}},
  {22149, {0x0000, 0x07FC, 0xE040, 0xAFFE, 0xA842, 0xA358, 0xA040, 0xA358, 0xA000, 0xAFFE, 0xE040, 0xA7FC, 0x04A4, 0x04A4, 0x04A4, 0x040C}},
  {22150, {0x0108, 0x07FE, 0xF108, 0x9020, 0x97FE, 0x9000, 0x91F8, 0x9108, 0x91F8, 0x9000, 0xF7FE, 0x9402, 0x05FA, 0x050A, 0x05FA, 0x0406}},
  {22158, {0x0040, 0x07FE, 0xF000, 0x91F8, 0x9108, 0x91F8, 0x9000, 0x97FE, 0x9402, 0x93F8, 0xF180, 0x9644, 0x01B8, 0x0668, 0x01A6, 0x0E60}},
  {22159, {0x0040, 0x07FC, 0xF040, 0x97FE, 0x9402, 0x9BFC, 0x9248, 0x93F8, 0x9248, 0x93F8, 0xF000, 0x97FC, 0x0244, 0x0278, 0x0540, 0x08FE}},
  {22163, {0x0080, 0x0040, 0x77FE, 0x5402, 0x5A24, 0x53BC, 0x54A4, 0x5AA8, 0x5510, 0x52E8, 0x7404, 0x5BFA, 0x0040, 0x0248, 0x0444, 0x00C0}},
  {22179, {0x3EF8, 0x2288, 0x3EF8, 0x0000, 0xFFFE, 0x0100, 0x1FF0, 0x1010, 0x1110, 0x02C0, 0x0C30, 0x7008, 0x0000, 0x3EF8, 0x2288, 0x3EF8}},
  {22191, {0x07FC, 0x0040, 0xF7FE, 0x9442, 0x9B5C, 0x9040, 0x975C, 0x9120, 0x93FC, 0x9620, 0xFBFC, 0x9220, 0x03FC, 0x0220, 0x03FE, 0x0200}},
  {22199, {0x0040, 0x07FC, 0xF000, 0x93B8, 0x92A8, 0x93B8, 0x9110, 0x97FC, 0x9110, 0x97FC, 0xF110, 0x9FFE, 0x0128, 0x0310, 0x0D48, 0x0186}},
  {22204, {0x003C, 0x07C0, 0x7244, 0x5128, 0x57FC, 0x54A4, 0x57FC, 0x5008, 0x5788, 0x54FE, 0x7788, 0x54A8, 0x0798, 0x0508, 0x05A8, 0x0690}},
  {22218, {0x0100, 0x7FFC, 0x1110, 0x1FF0, 0x0100, 0xFFFE, 0x9292, 0x1EF0, 0x0440, 0x3FF8, 0x0440, 0xFFFE, 0x0488, 0x0C50, 0x3530, 0xC60E}},
  {22228, {0x0040, 0x07FC, 0x7248, 0x53F8, 0x5040, 0x5FFE, 0x5AAA, 0x53B8, 0x5110, 0x57FC, 0x7110, 0x4FFE, 0x0128, 0x0310, 0x0D48, 0x0186}},
  {22231, {0x0000, 0x7FFC, 0x4004, 0x4004, 0x4004, 0x4004, 0x4004, 0x4004, 0x4004, 0x4004, 0x4004, 0x4004, 0x4004, 0x4004, 0x7FFC, 0x4004}},
  {22234, {0x0000, 0x7FFC, 0x4004, 0x4104, 0x4104, 0x4104, 0x4104, 0x4284, 0x4244, 0x4444, 0x4424, 0x4824, 0x5024, 0x4004, 0x7FFC, 0x4004}},
  {22235, {0x0000, 0x0000, 0x7FFC, 0x4444, 0x4444, 0x4444, 0x4444, 0x4444, 0x4844, 0x483C, 0x5004, 0x6004, 0x4004, 0x7FFC, 0x4004, 0x0000}},
  {22237, {0x0000, 0x7FFC, 0x4004, 0x4004, 0x4FE4, 0x4044, 0x4084, 0x4104, 0x5FF4, 0x4104, 0x4104, 0x4104, 0x4504, 0x4204, 0x7FFC, 0x4004}},
  {22238, {0x0000, 0x3FFC, 0x2004, 0x2004, 0x27E4, 0x2424, 0x2424, 0x2424, 0x2424, 0x2424, 0x27E4, 0x2004, 0x2004, 0x3FFC, 0x2004, 0x0000}},
  {22239, {0x0200, 0x0200, 0x0400, 0x7FFC, 0x4004, 0x4824, 0x4444, 0x4284, 0x4104, 0x4284, 0x4444, 0x4824, 0x4004, 0x4004, 0x7FFC, 0x4004}},
  {22240, {0x0000, 0x7FFC, 0x4004, 0x4104, 0x4104, 0x4104, 0x5FF4, 0x4104, 0x4284, 0x4244, 0x4424, 0x4814, 0x5014, 0x4004, 0x7FFC, 0x4004}},
  {22241, {0x0000, 0x7FFC, 0x4204, 0x4204, 0x4204, 0x7FFC, 0x4444, 0x4444, 0x4884, 0x4684, 0x4104, 0x4284, 0x4444, 0x4824, 0x7FFC, 0x4004}},
  {22242, {0x0000, 0x7FFC, 0x4004, 0x4084, 0x4084, 0x5FF4, 0x4084, 0x4184, 0x4284, 0x4484, 0x4884, 0x5084, 0x4284, 0x4104, 0x7FFC, 0x4004}},
  {22244, {0x0000, 0x7FFC, 0x4104, 0x4104, 0x5FF4, 0x4104, 0x4924, 0x4924, 0x4FE4, 0x4114, 0x4114, 0x4114, 0x40F4, 0x4004, 0x7FFC, 0x4004}},
  {22251, {0x0000, 0x7FFC, 0x4404, 0x4404, 0x47F4, 0x4954, 0x4954, 0x5254, 0x4294, 0x4494, 0x4914, 0x42A4, 0x4444, 0x4004, 0x7FFC, 0x4004}},
  {22253, {0x0000, 0x7FFC, 0x4004, 0x4FE4, 0x4004, 0x4004, 0x5FF4, 0x4484, 0x4484, 0x4484, 0x4894, 0x4894, 0x5074, 0x4004, 0x7FFC, 0x4004}},
  {22256, {0x0000, 0x7FFC, 0x4104, 0x4104, 0x4104, 0x5FF4, 0x4104, 0x4384, 0x4344, 0x4524, 0x4914, 0x5114, 0x4104, 0x4104, 0x7FFC, 0x4004}},
  {22257, {0x0400, 0x0800, 0x7FFC, 0x4204, 0x4204, 0x47F4, 0x4814, 0x5224, 0x4144, 0x4084, 0x4144, 0x4624, 0x5804, 0x4004, 0x7FFC, 0x4004}},
  {22260, {0x0000, 0x7FFC, 0x4104, 0x4104, 0x5FF4, 0x4104, 0x4FE4, 0x4104, 0x5FF4, 0x4114, 0x4114, 0x4154, 0x4124, 0x4104, 0x7FFC, 0x4004}},
  {22261, {0x0000, 0x7FFC, 0x4104, 0x4104, 0x4284, 0x4444, 0x4824, 0x549C, 0x6504, 0x4604, 0x4424, 0x4424, 0x43E4, 0x4004, 0x7FFC, 0x4004}},
  {22265, {0x0000, 0x7FFC, 0x4104, 0x4104, 0x4284, 0x4444, 0x4A24, 0x511C, 0x6FE4, 0x4024, 0x4044, 0x4284, 0x4104, 0x4084, 0x7FFC, 0x4004}},
  {22266, {0x0000, 0x7FFC, 0x4104, 0x4104, 0x5FF4, 0x4104, 0x4104, 0x4FE4, 0x4824, 0x4824, 0x4824, 0x4FE4, 0x4824, 0x4004, 0x7FFC, 0x4004}},
  {22269, {0x0000, 0x7FFC, 0x4004, 0x4004, 0x5FF4, 0x4104, 0x4104, 0x4FE4, 0x4104, 0x4144, 0x4124, 0x5FF4, 0x4004, 0x4004, 0x7FFC, 0x4004}},
  {22270, {0x0000, 0x7FFC, 0x4204, 0x4204, 0x47E4, 0x4C44, 0x5284, 0x4104, 0x46C4, 0x783C, 0x4304, 0x4084, 0x4604, 0x4184, 0x7FFC, 0x4004}},
  {22271, {0x0000, 0x7FFC, 0x4204, 0x4204, 0x5FF4, 0x4404, 0x4FE4, 0x5424, 0x67E4, 0x4424, 0x47E4, 0x4424, 0x44A4, 0x4444, 0x7FFC, 0x4004}},
  {22275, {0x0000, 0x7FFC, 0x4144, 0x4124, 0x5FF4, 0x4104, 0x4FE4, 0x4924, 0x4FE4, 0x4924, 0x4FE4, 0x4924, 0x4964, 0x4004, 0x7FFC, 0x4004}},
  {22276, {0x0000, 0x7FFC, 0x4004, 0x5FF4, 0x4204, 0x4FE4, 0x4424, 0x7FFC, 0x4004, 0x4FE4, 0x4824, 0x4824, 0x4FE4, 0x4004, 0x7FFC, 0x4004}},
  {22278, {0x0000, 0x7FFC, 0x4004, 0x4FE4, 0x4824, 0x4FE4, 0x4004, 0x5FF4, 0x5014, 0x5114, 0x5114, 0x5294, 0x4444, 0x4824, 0x7FFC, 0x4004}},
  {22280, {0x0000, 0x7FFC, 0x4924, 0x4544, 0x5FF4, 0x4204, 0x7FFC, 0x4824, 0x57D4, 0x644C, 0x44C4, 0x4424, 0x43E4, 0x4004, 0x7FFC, 0x4004}},
  {22281, {0x0000, 0x7FFC, 0x4104, 0x4104, 0x4FE4, 0x4104, 0x5FF4, 0x4444, 0x4284, 0x4FE4, 0x4104, 0x5FF4, 0x4104, 0x4104, 0x7FFC, 0x4004}},
  {22282, {0x7FFC, 0x4104, 0x4FE4, 0x4104, 0x4FE4, 0x4104, 0x7FFC, 0x4004, 0x4FE4, 0x4824, 0x4FE4, 0x4824, 0x4FE4, 0x4824, 0x4864, 0x7FFC}},
  {22300, {0x7FFC, 0x4004, 0x5FF4, 0x5294, 0x5FF4, 0x4004, 0x7FFC, 0x4004, 0x4FE4, 0x4824, 0x4FE4, 0x4514, 0x4CA4, 0x7444, 0x4624, 0x7FFC}},
  {22303, {0x0100, 0x0100, 0x0100, 0x0100, 0x0100, 0x0100, 0x3FF8, 0x0100, 0x0100, 0x0100, 0x0100, 0x0100, 0x0100, 0x0100, 0xFFFE, 0x0000}},
  {22307, {0x0000, 0x3FF0, 0x0820, 0x0440, 0x0280, 0x0100, 0x06C0, 0x1830, 0xE10E, 0x0100, 0x1FF0, 0x0100, 0x0100, 0x0100, 0x7FFC, 0x0000}},
  {22312, {0x0200, 0x0200, 0x0400, 0xFFFE, 0x0800, 0x0840, 0x1040, 0x3040, 0x57FC, 0x9040, 0x1040, 0x1040, 0x1040, 0x1040, 0x1FFE, 0x1000}},
  {22313, {0x1000, 0x11FC, 0x1020, 0x1020, 0x1020, 0xFC20, 0x1020, 0x13FE, 0x1020, 0x1020, 0x1020, 0x1C20, 0xE020, 0x4020, 0x00A0, 0x0040}},
  {22314, {0x1040, 0x1040, 0x1080, 0x10FE, 0x1100, 0xFE00, 0x10FC, 0x1008, 0x1010, 0x1020, 0x1040, 0x1C80, 0xE102, 0x4102, 0x00FE, 0x0000}},
  {22316, {0x2000, 0x21FC, 0x2000, 0x2000, 0x2000, 0xFBFE, 0x2080, 0x2080, 0x2100, 0x21FC, 0x2004, 0x3804, 0xE004, 0x4004, 0x0028, 0x0010}},
  {22317, {0x0100, 0x0100, 0x3FF8, 0x0100, 0x0100, 0x0100, 0xFFFE, 0x0000, 0x0100, 0x0100, 0x3FF8, 0x0100, 0x0100, 0x0100, 0xFFFE, 0x0000}},
  {22318, {0x1000, 0x1000, 0x11F8, 0x1008, 0x1008, 0xFC08, 0x1008, 0x11F8, 0x1108, 0x1100, 0x1100, 0x1D00, 0xE102, 0x4102, 0x00FE, 0x0000}},
  {22319, {0x1000, 0x11FC, 0x1104, 0x1104, 0x1104, 0xFD04, 0x1104, 0x11FC, 0x1100, 0x1100, 0x1100, 0x1D00, 0xE102, 0x4102, 0x00FE, 0x0000}},
  {22320, {0x1020, 0x1020, 0x1020, 0x1120, 0x112C, 0xFD34, 0x1164, 0x13A4, 0x1124, 0x1134, 0x1128, 0x1D22, 0xE122, 0x4102, 0x00FE, 0x0000}},
  {22323, {0x1104, 0x1124, 0x1124, 0x1124, 0x1124, 0xFD24, 0x1124, 0x1124, 0x1124, 0x1124, 0x1124, 0x1D24, 0xE124, 0x4224, 0x0204, 0x0404}},
  {22329, {0x1040, 0x1020, 0x1020, 0x13FE, 0x1200, 0xFE00, 0x1200, 0x1200, 0x1200, 0x1200, 0x1E00, 0xE200, 0x4200, 0x0400, 0x0400, 0x0800}},
  {22330, {0x2000, 0x23F0, 0x2020, 0x2040, 0x2080, 0xF900, 0x23FC, 0x2124, 0x2124, 0x2124, 0x2224, 0x3A44, 0xE444, 0x4884, 0x0128, 0x0210}},
  {22331, {0x1008, 0x101C, 0x11E0, 0x1100, 0x1100, 0xFD00, 0x11FE, 0x1110, 0x1110, 0x1110, 0x1110, 0x1D10, 0xE110, 0x4210, 0x0210, 0x0410}},
  {22334, {0x1000, 0x17F8, 0x1108, 0x1110, 0x1110, 0xFD20, 0x113C, 0x1104, 0x1104, 0x1288, 0x1E88, 0xE250, 0x4420, 0x0450, 0x0888, 0x0306}},
  {22336, {0x1020, 0x1020, 0x1020, 0x1120, 0x1120, 0xFD20, 0x113C, 0x1120, 0x1120, 0x1120, 0x1120, 0x1D20, 0xE120, 0x4120, 0x07FE, 0x0000}},
  {22338, {0x1008, 0x101C, 0x11E0, 0x1100, 0x1100, 0xFDFC, 0x1144, 0x1144, 0x1144, 0x1128, 0x1128, 0x1D10, 0xE110, 0x4228, 0x0244, 0x0482}},
  {22343, {0x1040, 0x1040, 0x1080, 0x10FC, 0x1104, 0xFE04, 0x1084, 0x1044, 0x1044, 0x1014, 0x1024, 0x1C44, 0xE184, 0x4004, 0x0028, 0x0010}},
  {22346, {0x1040, 0x1020, 0x1020, 0x13FE, 0x1080, 0xFC80, 0x1080, 0x10FC, 0x1084, 0x1084, 0x1084, 0x1C84, 0xE104, 0x4104, 0x0228, 0x0410}},
  {22348, {0x0440, 0x0820, 0x1010, 0x2FE8, 0xC426, 0x0420, 0x0820, 0x10A0, 0x6140, 0x0100, 0x3FF8, 0x0100, 0x0100, 0x0100, 0xFFFE, 0x0000}},
  {22349, {0x1000, 0x11F8, 0x1108, 0x1108, 0x1148, 0xFD28, 0x1128, 0x1108, 0x17FE, 0x1108, 0x1108, 0x1D08, 0xE108, 0x4208, 0x0228, 0x0410}},
  {22350, {0x1080, 0x1080, 0x1080, 0x10FC, 0x1104, 0xFD08, 0x1240, 0x1440, 0x1040, 0x10A0, 0x10A0, 0x1D10, 0xE110, 0x4208, 0x0404, 0x0802}},
  {22351, {0x1000, 0x1000, 0x13FE, 0x1010, 0x1010, 0xFC20, 0x1020, 0x1068, 0x1064, 0x10A4, 0x1D22, 0xE222, 0x4420, 0x0020, 0x0020, 0x0020}},
  {22352, {0x0100, 0x1110, 0x1110, 0x1110, 0x1110, 0x2928, 0x2524, 0x4544, 0x8100, 0x0100, 0x3FF8, 0x0100, 0x0100, 0x0100, 0xFFFE, 0x0000}},
  {22353, {0x1080, 0x1040, 0x1040, 0x13FC, 0x1000, 0xFC00, 0x11F0, 0x1110, 0x1110, 0x1110, 0x1110, 0x1D12, 0xE112, 0x4212, 0x020E, 0x0400}},
  {22359, {0x1040, 0x1040, 0x1040, 0x13FC, 0x1044, 0xFC44, 0x1044, 0x1044, 0x13FE, 0x1040, 0x10A0, 0x1CA0, 0xE110, 0x4208, 0x0404, 0x0802}},
  {22362, {0x0400, 0x25FC, 0x2504, 0x2488, 0x2450, 0x2420, 0x2458, 0x2586, 0x0400, 0x0100, 0x0100, 0x3FF8, 0x0100, 0x0100, 0xFFFE, 0x0000}},
  {22363, {0x1000, 0x1000, 0x11FC, 0x1000, 0x1000, 0xFC00, 0x13FE, 0x1020, 0x1020, 0x1040, 0x1040, 0x1C88, 0xE104, 0x43FE, 0x0102, 0x0000}},
  {22364, {0x2000, 0x23FE, 0x2200, 0x2220, 0x2220, 0xFA20, 0x22FC, 0x2224, 0x2224, 0x2224, 0x2244, 0x3A44, 0xE484, 0x4484, 0x0928, 0x1210}},
  {22365, {0x1000, 0x11FC, 0x1104, 0x1104, 0x1124, 0xFD24, 0x1124, 0x1124, 0x1124, 0x1124, 0x1124, 0x1C50, 0xE048, 0x4084, 0x0102, 0x0602}},
  {22366, {0x1020, 0x1040, 0x11FC, 0x1104, 0x1104, 0xFD04, 0x1114, 0x1108, 0x1100, 0x11FE, 0x1002, 0x1C02, 0xE3FA, 0x4002, 0x0014, 0x0008}},
  {22367, {0x1080, 0x1040, 0x1040, 0x17FC, 0x1110, 0xFD10, 0x1110, 0x1110, 0x1110, 0x10A0, 0x10A0, 0x1C40, 0xE0A0, 0x4110, 0x0208, 0x0C06}},
  {22368, {0x0040, 0x7C40, 0x4440, 0x4840, 0x44A0, 0x44A0, 0x5510, 0x4908, 0x4204, 0x4502, 0x0100, 0x3FF8, 0x0100, 0x0100, 0xFFFE, 0x0000}},
  {22369, {0x2020, 0x2020, 0x2020, 0x23FE, 0x2222, 0xFA24, 0x2220, 0x23FC, 0x2284, 0x2288, 0x2248, 0x3A50, 0xE220, 0x4450, 0x0488, 0x0906}},
  {22372, {0x1020, 0x1020, 0x1020, 0x11FC, 0x1124, 0xFD24, 0x1124, 0x11FC, 0x1124, 0x1124, 0x1124, 0x1DFC, 0xE124, 0x4020, 0x0020, 0x0020}},
  {22374, {0x1000, 0x1000, 0x11FC, 0x1104, 0x1104, 0xFD04, 0x11FC, 0x1104, 0x1104, 0x1104, 0x11FC, 0x1D04, 0xE000, 0x4000, 0x03FE, 0x0000}},
  {22376, {0x1040, 0x1020, 0x1020, 0x13FE, 0x1202, 0xFC04, 0x1100, 0x1108, 0x1110, 0x1120, 0x11C0, 0x1D02, 0xE102, 0x4102, 0x00FE, 0x0000}},
  {22377, {0x1108, 0x1108, 0x1108, 0x1108, 0x17FE, 0xFD08, 0x1108, 0x1108, 0x1108, 0x11F8, 0x1108, 0x1D08, 0xE108, 0x4108, 0x01F8, 0x0108}},
  {22378, {0x1000, 0x11FC, 0x1020, 0x1020, 0x1124, 0xFCA4, 0x10A8, 0x1020, 0x13FE, 0x1020, 0x1020, 0x1C20, 0xE020, 0x4020, 0x0020, 0x0020}},
  {22379, {0x1020, 0x1020, 0x1020, 0x1020, 0x103E, 0xFC20, 0x1020, 0x1020, 0x11FC, 0x1104, 0x1104, 0x1D04, 0xE104, 0x4104, 0x01FC, 0x0104}},
  {22381, {0x1000, 0x11FC, 0x1104, 0x1104, 0x1104, 0xFDFC, 0x1100, 0x1140, 0x1144, 0x1148, 0x1170, 0x1D40, 0xE142, 0x4242, 0x023E, 0x0400}},
  {22383, {0x1000, 0x13FC, 0x1020, 0x1020, 0x1040, 0xFE40, 0x10D0, 0x1148, 0x1244, 0x1444, 0x1640, 0x1840, 0xE040, 0x4000, 0x07FE, 0x0000}},
  {22387, {0x2020, 0x2120, 0x2120, 0x2220, 0x22FC, 0xF4A4, 0x2724, 0x2124, 0x2224, 0x2224, 0x24A4, 0x37A4, 0xE0C4, 0x4044, 0x0094, 0x0108}},
  {22390, {0x2000, 0x21F8, 0x2108, 0x2148, 0x2128, 0xF908, 0x2108, 0x27FE, 0x2208, 0x2288, 0x2248, 0x3A08, 0xE3FE, 0x4008, 0x0050, 0x0020}},
  {22391, {0x2000, 0x2000, 0x27FE, 0x2008, 0x2008, 0xFBC8, 0x2248, 0x2248, 0x2248, 0x2248, 0x23C8, 0x3A48, 0xE008, 0x4008, 0x0028, 0x0010}},
  {22395, {0x1008, 0x103C, 0x13E0, 0x1220, 0x1220, 0xFE20, 0x1220, 0x13FE, 0x1220, 0x1210, 0x1210, 0x1E12, 0xE20A, 0x428A, 0x0326, 0x0212}},
  {22396, {0x1008, 0x101C, 0x11E0, 0x1100, 0x1100, 0xFD00, 0x11FE, 0x1110, 0x1110, 0x1130, 0x1118, 0x1D14, 0xE112, 0x4210, 0x0210, 0x0410}},
  {22402, {0x0010, 0x00F8, 0x3F00, 0x0100, 0x0100, 0x7FFC, 0x0920, 0x0920, 0xFFFE, 0x0920, 0x0920, 0x7FFC, 0x0100, 0x0100, 0x3FF8, 0x0000}},
  {22403, {0x1080, 0x1040, 0x1040, 0x1000, 0x13FC, 0xFC00, 0x1008, 0x1108, 0x1108, 0x1090, 0x1090, 0x1C90, 0xE0A0, 0x4020, 0x07FE, 0x0000}},
  {22404, {0x0440, 0x0420, 0xFFFE, 0x0910, 0x1120, 0x11C0, 0x2304, 0x4D04, 0x80FC, 0x0100, 0x0100, 0x3FF8, 0x0100, 0x0100, 0xFFFE, 0x0000}},
  {22405, {0x1090, 0x1088, 0x1088, 0x1080, 0x13FE, 0xFCA0, 0x10A0, 0x10A4, 0x10A4, 0x10A8, 0x1128, 0x1D32, 0xE122, 0x4262, 0x029E, 0x0400}},
  {22406, {0x2040, 0x2040, 0x207E, 0x2040, 0x2040, 0xFBFC, 0x2204, 0x2204, 0x2204, 0x23FC, 0x2204, 0x3A00, 0xE200, 0x4400, 0x0400, 0x0800}},
  {22411, {0x0004, 0x7F84, 0x1224, 0x1224, 0x1224, 0xFFA4, 0x1224, 0x2204, 0x2214, 0x4108, 0x8100, 0x3FF8, 0x0100, 0x0100, 0xFFFE, 0x0000}},
  {22412, {0x2000, 0x23FE, 0x2202, 0x2202, 0x22FA, 0xFA02, 0x2202, 0x22FA, 0x228A, 0x228A, 0x228A, 0x3AFA, 0xE202, 0x4202, 0x020A, 0x0204}},
  {22418, {0x0400, 0x0820, 0x1010, 0x3FF8, 0x0810, 0x1020, 0x2448, 0x7EFC, 0x0204, 0x0100, 0x0100, 0x3FF8, 0x0100, 0x0100, 0xFFFE, 0x0000}},
  {22419, {0x2040, 0x2020, 0x2020, 0x27FE, 0x2040, 0xF884, 0x2108, 0x23F0, 0x2022, 0x2044, 0x3988, 0xE610, 0x4020, 0x0050, 0x0188, 0x0604}},
  {22427, {0x1000, 0x11F0, 0x1110, 0x1110, 0x1110, 0xFD10, 0x124E, 0x1440, 0x13FC, 0x1040, 0x1CE0, 0xE150, 0x4248, 0x0446, 0x0040, 0x0040}},
  {22432, {0x1000, 0x11F8, 0x1108, 0x1108, 0x11F8, 0xFD08, 0x1108, 0x11F8, 0x1144, 0x1148, 0x1130, 0x1D20, 0xE110, 0x4148, 0x0186, 0x0100}},
  {22433, {0x08A0, 0x0890, 0x1080, 0x30FC, 0x5780, 0x9048, 0x1050, 0x1024, 0x1054, 0x118C, 0x1604, 0x0100, 0x3FF8, 0x0100, 0x0100, 0xFFFE}},
  {22434, {0x1008, 0x101C, 0x11E0, 0x1100, 0x1100, 0xFDFE, 0x1100, 0x1100, 0x117C, 0x1144, 0x1144, 0x1D44, 0xE144, 0x427C, 0x0244, 0x0400}},
  {22435, {0x1000, 0x13FE, 0x1000, 0x1000, 0x11FC, 0xFD04, 0x1104, 0x11FC, 0x1104, 0x1104, 0x11FC, 0x1D04, 0xE000, 0x4000, 0x03FE, 0x0000}},
  {22436, {0x2000, 0x27FE, 0x2040, 0x2080, 0x2110, 0xFA08, 0x27FC, 0x2044, 0x2040, 0x2040, 0x27FC, 0x3840, 0xE040, 0x4040, 0x0FFE, 0x0000}},
  {22438, {0x0000, 0x3FF0, 0x2010, 0x3FF0, 0x2010, 0x3FF0, 0x2208, 0x2190, 0x2C60, 0x311C, 0x0100, 0x3FF8, 0x0100, 0x0100, 0xFFFE, 0x0000}},
  {22439, {0x2040, 0x2040, 0x2080, 0x23FC, 0x2204, 0xFA04, 0x22F4, 0x2294, 0x2294, 0x2294, 0x2294, 0x3AF4, 0xE204, 0x4204, 0x0214, 0x0208}},
  {22441, {0x0000, 0x7FFC, 0x0440, 0x2448, 0x1448, 0x1450, 0x0440, 0xFFFE, 0x0000, 0x0100, 0x0100, 0x3FF8, 0x0100, 0x0100, 0xFFFE, 0x0000}},
  {22443, {0x0840, 0x0840, 0x7DF8, 0x0848, 0x0C48, 0x19C8, 0x684A, 0x08AA, 0x2886, 0x1102, 0x0100, 0x3FF8, 0x0100, 0x0100, 0xFFFE, 0x0000}},
  {22445, {0x2000, 0x23FC, 0x2090, 0x2090, 0x2090, 0xF892, 0x2492, 0x2294, 0x2294, 0x2298, 0x2090, 0x3890, 0xE090, 0x4090, 0x07FE, 0x0000}},
  {22446, {0x2040, 0x2040, 0x27FC, 0x20A0, 0x2110, 0xFA08, 0x2DF6, 0x2000, 0x27FC, 0x2080, 0x2100, 0x3BF8, 0xE008, 0x4008, 0x0050, 0x0020}},
  {22450, {0x1020, 0x1124, 0x1124, 0x1124, 0x11FC, 0xFC00, 0x11FC, 0x1004, 0x1004, 0x11FC, 0x1100, 0x1D00, 0xE102, 0x4102, 0x00FE, 0x0000}},
  {22452, {0x2040, 0x2020, 0x2020, 0x27FE, 0x2000, 0xF800, 0x2090, 0x2254, 0x2224, 0x2224, 0x2254, 0x3A94, 0xE204, 0x4204, 0x03FC, 0x0004}},
  {22456, {0x1040, 0x1020, 0x13FE, 0x1202, 0x1404, 0xFDF8, 0x1000, 0x1000, 0x13FE, 0x1090, 0x1090, 0x1C90, 0xE112, 0x4112, 0x020E, 0x0400}},
  {22466, {0x1000, 0x13FE, 0x1020, 0x1020, 0x11FC, 0xFD24, 0x1124, 0x11FC, 0x1124, 0x1124, 0x11FC, 0x1D20, 0xE0A0, 0x4040, 0x00B0, 0x030E}},
  {22467, {0x2040, 0x2080, 0x2110, 0x2208, 0x27FC, 0xF904, 0x2100, 0x23F8, 0x2440, 0x2040, 0x27FE, 0x3840, 0xE0A0, 0x4110, 0x0208, 0x0C06}},
  {22475, {0x1000, 0x11FC, 0x1124, 0x1124, 0x11FC, 0xFD24, 0x1124, 0x11FC, 0x1020, 0x1020, 0x11FC, 0x1C20, 0xE020, 0x4020, 0x03FE, 0x0000}},
  {22478, {0x2028, 0x2024, 0x2020, 0x27FE, 0x2420, 0xFC20, 0x2424, 0x27A4, 0x24A4, 0x24A8, 0x24A8, 0x3C90, 0xE692, 0x492A, 0x0846, 0x1082}},
  {22479, {0x2008, 0x201C, 0x2770, 0x2110, 0x2110, 0xFA50, 0x225C, 0x2750, 0x2150, 0x2550, 0x2550, 0x3A7C, 0xE200, 0x4500, 0x08FE, 0x1000}},
  {22482, {0x1008, 0x103C, 0x13C0, 0x1044, 0x1224, 0xFD28, 0x1100, 0x1010, 0x13FE, 0x1010, 0x1110, 0x1C90, 0xE090, 0x4010, 0x0050, 0x0020}},
  {22484, {0x2048, 0x2044, 0x27FE, 0x2040, 0x2040, 0xFBFC, 0x2244, 0x2244, 0x23FC, 0x2244, 0x2244, 0x3BFC, 0xE244, 0x4244, 0x0254, 0x0208}},
  {22485, {0x1000, 0x11FC, 0x1104, 0x1104, 0x1104, 0xFDFC, 0x1000, 0x1000, 0x13FE, 0x1020, 0x1020, 0x1DFC, 0xE020, 0x4020, 0x03FE, 0x0000}},
  {22488, {0x2008, 0x2008, 0x2788, 0x2488, 0x24FE, 0xFC88, 0x2488, 0x27C8, 0x24A8, 0x24A8, 0x2488, 0x3C88, 0xE788, 0x4488, 0x0028, 0x0010}},
  {22489, {0x2000, 0x23F8, 0x2208, 0x2208, 0x23F8, 0xF800, 0x2000, 0x27FC, 0x2404, 0x2444, 0x2444, 0x3C44, 0xE4B4, 0x4108, 0x0604, 0x1802}},
  {22490, {0x2000, 0x23F8, 0x2208, 0x2208, 0x2208, 0xFBF8, 0x2040, 0x2040, 0x27FC, 0x2444, 0x24A4, 0x3D14, 0xE614, 0x4404, 0x0414, 0x0408}},
  {22493, {0x2020, 0x2020, 0x2050, 0x2088, 0x2144, 0xFA22, 0x21F8, 0x2008, 0x2050, 0x2020, 0x20A4, 0x3A82, 0xE28A, 0x428A, 0x0478, 0x0000}},
  {22495, {0x2014, 0x2012, 0x2010, 0x27FE, 0x2010, 0xF810, 0x23D2, 0x2252, 0x2252, 0x2254, 0x23D4, 0x3808, 0xE0EA, 0x471A, 0x0226, 0x0042}},
  {22496, {0x1020, 0x1040, 0x11FC, 0x1104, 0x11FC, 0xFD00, 0x11FC, 0x1104, 0x11FC, 0x1020, 0x1C20, 0xE3FE, 0x4020, 0x0020, 0x0020, 0x0020}},
  {22500, {0x2040, 0x2080, 0x23FC, 0x2224, 0x2224, 0xFBFC, 0x2224, 0x2244, 0x23FC, 0x2090, 0x3910, 0xE7FE, 0x4010, 0x0010, 0x0010, 0x0010}},
  {22509, {0x2040, 0x2040, 0x23F8, 0x2048, 0xF848, 0x27FE, 0x2048, 0x2048, 0x23F8, 0x2444, 0x22E8, 0x3950, 0xE248, 0x4446, 0x0140, 0x0080}},
  {22511, {0x2040, 0x2080, 0x27FE, 0x2110, 0x2248, 0xFC46, 0x23F8, 0x2248, 0x2248, 0x23F8, 0x2248, 0x3A48, 0xE3F8, 0x4042, 0x0042, 0x003E}},
  {22516, {0x2040, 0x2040, 0x27FC, 0x2040, 0x2040, 0xFBF8, 0x2208, 0x23F8, 0x2208, 0x23F8, 0x2208, 0x3BF8, 0xE208, 0x4208, 0x0FFE, 0x0000}},
  {22520, {0x1000, 0x11FC, 0x1104, 0x11FC, 0x1104, 0xFDFC, 0x1080, 0x1080, 0x11FE, 0x124A, 0x144A, 0x1C92, 0xE122, 0x4242, 0x0094, 0x0108}},
  {22521, {0x1040, 0x1020, 0x11FC, 0x1000, 0x1108, 0xFC90, 0x1000, 0x13FE, 0x1000, 0x1000, 0x11FC, 0x1D04, 0xE104, 0x4104, 0x01FC, 0x0104}},
  {22522, {0x0820, 0x0820, 0x7FFC, 0x0820, 0x0FE0, 0x0820, 0x0FE0, 0x0820, 0xFFFE, 0x0820, 0x1110, 0x2108, 0xCFE6, 0x0100, 0x0100, 0x3FF8}},
  {22525, {0x2000, 0x23F8, 0x2008, 0x21F8, 0x2008, 0xFBF8, 0x2000, 0x27FE, 0x2442, 0x2844, 0x23F8, 0x3A48, 0xE248, 0x4248, 0x0258, 0x0040}},
  {22528, {0x1000, 0x13FE, 0x1202, 0x1202, 0x13FE, 0xFE10, 0x1292, 0x1292, 0x1292, 0x12FE, 0x1210, 0x1E92, 0xE292, 0x4492, 0x04FE, 0x0802}},
  {22530, {0x0100, 0x1110, 0x0920, 0x7FFE, 0x4002, 0x9FF4, 0x1010, 0x1010, 0x1FF0, 0x0100, 0x0100, 0x3FF8, 0x0100, 0x0100, 0xFFFE, 0x0000}},
  {22534, {0x2140, 0x2120, 0x2120, 0x23FE, 0x2220, 0xFE20, 0x2BFC, 0x2220, 0x2220, 0x23FC, 0x2220, 0x3A20, 0xE220, 0x43FE, 0x0200, 0x0200}},
  {22535, {0x0820, 0x0820, 0xFFFE, 0x0820, 0x0FE0, 0x0100, 0x3FF8, 0x2108, 0x3FF8, 0x0100, 0x7FFC, 0x0100, 0x3FF8, 0x0100, 0xFFFE, 0x0000}},
  {22539, {0x2000, 0x23DE, 0x2252, 0x2252, 0x2252, 0xFBDE, 0x2252, 0x2252, 0x2252, 0x23DE, 0x2252, 0x3A52, 0xE252, 0x4252, 0x0552, 0x08A6}},
  {22541, {0x2100, 0x2100, 0x21F0, 0x2210, 0xFA20, 0x27FC, 0x2A44, 0x2244, 0x2244, 0x23FC, 0x22A4, 0x38B0, 0xE128, 0x422A, 0x0422, 0x081E}},
  {22545, {0x100C, 0xFEF0, 0x2080, 0x4880, 0x7EFE, 0x0888, 0x0E88, 0xF908, 0x4A08, 0x0908, 0x0100, 0x3FF8, 0x0100, 0x0100, 0xFFFE, 0x0000}},
  {22549, {0x0020, 0x7BFE, 0x4840, 0x48FC, 0x5184, 0x4AFC, 0x4884, 0x68FC, 0x5084, 0x418C, 0x0100, 0x3FF8, 0x0100, 0x0100, 0xFFFE, 0x0000}},
  {22553, {0x2000, 0x27FC, 0x20A0, 0x20A0, 0x27FC, 0xFCA4, 0x24A4, 0x24A4, 0x27FC, 0x2040, 0x3840, 0xE7FC, 0x4040, 0x0040, 0x0FFE, 0x0000}},
  {22558, {0x2090, 0x2290, 0x2290, 0x27FE, 0x2290, 0xFA90, 0x22F0, 0x2200, 0x23FC, 0x2040, 0x27FE, 0x38E0, 0xE150, 0x4248, 0x0C46, 0x0040}},
  {22560, {0x2100, 0x2178, 0x2108, 0x2208, 0xFAFE, 0x2640, 0x2A40, 0x227C, 0x2290, 0x2210, 0x22FE, 0x3A10, 0xE228, 0x4228, 0x0244, 0x0282}},
  {22561, {0x0800, 0x0BF8, 0x1208, 0x33F8, 0x5040, 0x97FC, 0x1150, 0x1248, 0x1446, 0x1140, 0x0100, 0x3FF8, 0x0100, 0x0100, 0xFFFE, 0x0000}},
  {22564, {0x1000, 0x11FC, 0x1104, 0x1104, 0x11FC, 0xFD04, 0x1104, 0x11FC, 0x1000, 0x13FE, 0x1020, 0x1D20, 0xE13C, 0x4120, 0x02A0, 0x047E}},
  {22570, {0x1088, 0x1088, 0x13FE, 0x1088, 0x10F8, 0xFC88, 0x10F8, 0x1088, 0x1088, 0x13FE, 0x1100, 0x1D48, 0xE184, 0x4100, 0x01FE, 0x0000}},
  {22576, {0x2000, 0x23FE, 0x2200, 0x22FC, 0x2284, 0xFAFC, 0x2284, 0x22FC, 0x2220, 0x23FE, 0x2248, 0x3AC8, 0xE230, 0x4248, 0x0284, 0x03FE}},
  {22581, {0x2040, 0x2044, 0x23F4, 0x2048, 0xF850, 0x27FE, 0x2040, 0x2080, 0x21F8, 0x2B08, 0x3508, 0x21F8, 0xC108, 0x0108, 0x01F8, 0x0108}},
  {22596, {0x2000, 0x23FC, 0x2294, 0x2294, 0x2294, 0xFBFC, 0x2080, 0x2040, 0x27FE, 0x2080, 0x20F8, 0x3888, 0xE108, 0x4108, 0x0228, 0x0410}},
  {22604, {0x2000, 0x23F8, 0x2208, 0x23F8, 0x2208, 0xFBF8, 0x2000, 0x2000, 0x27BC, 0x2084, 0x24A4, 0x3A94, 0xE4A4, 0x4084, 0x0294, 0x0108}},
  {22605, {0x0020, 0x7924, 0x48A8, 0x4820, 0x49FC, 0x7840, 0x4BFE, 0x4888, 0x4924, 0x7A22, 0x4C20, 0x49FC, 0x4820, 0x4820, 0x4BFE, 0x9800}},
  {22609, {0x2200, 0x147C, 0xFF44, 0x087C, 0x4944, 0x497C, 0x7F44, 0x0844, 0x1094, 0x2108, 0x4100, 0x3FF8, 0x0100, 0x0100, 0xFFFE, 0x0000}},
  {22612, {0x2110, 0x2110, 0x27FC, 0x2110, 0x2040, 0xF8A0, 0x2110, 0x2208, 0x25F6, 0x2000, 0x2000, 0x3BF8, 0xE208, 0x4208, 0x03F8, 0x0208}},
  {22616, {0x2040, 0x2020, 0x27FE, 0x2420, 0x25FC, 0xFC24, 0x27FE, 0x2424, 0x25FC, 0x2420, 0x25FC, 0x3D04, 0xE504, 0x4904, 0x09FC, 0x1104}},
  {22622, {0x0200, 0x0100, 0x7FFE, 0x4442, 0x9FF4, 0x0440, 0x3FF8, 0x0440, 0xFFFE, 0x0820, 0x1110, 0x2108, 0xDFF6, 0x0100, 0x0100, 0x7FFC}},
  {22629, {0x2000, 0x23FE, 0x2000, 0x21FC, 0x2104, 0xF904, 0x21FC, 0x2000, 0x23FE, 0x228A, 0x2252, 0x3BFE, 0xE222, 0x4222, 0x022A, 0x0204}},
  {22635, {0x2040, 0x2040, 0x27FC, 0x2040, 0x23F8, 0xFA08, 0x23F8, 0x2208, 0x23F8, 0x2208, 0x23F8, 0x3A08, 0xEFFE, 0x4110, 0x0208, 0x0404}},
  {22636, {0x2000, 0x27FE, 0x2420, 0x2440, 0x25FC, 0xFD04, 0x25FC, 0x2504, 0x25FC, 0x2524, 0x3C20, 0xE4A8, 0x4924, 0x0A22, 0x10A0, 0x0040}},
  {22654, {0x1040, 0xFE40, 0x0040, 0x7DF8, 0x4448, 0x7C48, 0x00C8, 0x7C48, 0x08AA, 0xFEAA, 0x1106, 0x5202, 0x2100, 0x3FF8, 0x0100, 0xFFFE}},
  {22656, {0x2000, 0x27FC, 0x2404, 0x27FC, 0x2420, 0xFCA8, 0x2470, 0x24A8, 0x2504, 0x24A0, 0x3CFC, 0xE520, 0x4420, 0x0BFE, 0x0820, 0x1020}},
  {22657, {0x23F8, 0x2208, 0x23F8, 0x2208, 0x23F8, 0xF800, 0x27FC, 0x24A4, 0x24A4, 0x27FC, 0x2000, 0x3BF8, 0xE110, 0x40E0, 0x0318, 0x0C06}},
  {22659, {0x2080, 0x2040, 0x23F8, 0x2110, 0xF8A0, 0x27FE, 0x2000, 0x23F8, 0x2208, 0x23F8, 0x2208, 0x3BF8, 0xE120, 0x4122, 0x0222, 0x0C1E}},
  {22661, {0x7F7C, 0x4904, 0x7F28, 0x4910, 0x7F7E, 0x0812, 0x7F14, 0x0810, 0x0F50, 0xF020, 0x0100, 0x3FF8, 0x0100, 0x0100, 0xFFFE, 0x0000}},
  {22665, {0x2020, 0x27FE, 0x2420, 0x25FC, 0xF424, 0x27FE, 0x2424, 0x25FC, 0x2420, 0x25FC, 0x3524, 0xE5FC, 0x4524, 0x09FC, 0x0924, 0x112C}},
  {22674, {0x2040, 0x2020, 0x23FE, 0x2088, 0x2050, 0xFBFE, 0x2252, 0x228A, 0x2306, 0x22FA, 0x228A, 0x3A8A, 0xE2FA, 0x4202, 0x020A, 0x0204}},
  {22675, {0x0440, 0x7FFC, 0x0440, 0x1FF0, 0x1010, 0x1FF0, 0x1010, 0x1FF0, 0x0400, 0xFFFE, 0x1010, 0x2108, 0xCFE6, 0x0100, 0x0100, 0x3FF8}},
  {22681, {0x2040, 0x2040, 0x27FC, 0x2040, 0x2248, 0xF950, 0x27FE, 0x2000, 0x23F8, 0x2208, 0x22E8, 0x3AA8, 0xE2E8, 0x4208, 0x03F8, 0x0208}},
  {22682, {0x2278, 0x2128, 0x246C, 0x22AA, 0x202A, 0xF948, 0x2298, 0x2040, 0x2040, 0x27FC, 0x20E0, 0x3950, 0xE248, 0x4C46, 0x0040, 0x0040}},
  {22686, {0x2208, 0x2110, 0x2000, 0x27FC, 0x2444, 0xFD54, 0x24E4, 0x2444, 0x27FC, 0x2000, 0x23F8, 0x3A08, 0xE3F8, 0x4208, 0x03F8, 0x0208}},
  {22687, {0x2040, 0x207C, 0x2040, 0x23FE, 0x2242, 0xFA78, 0x23C4, 0x223C, 0x2200, 0x2250, 0x2254, 0x3B54, 0xE4D8, 0x4450, 0x09FE, 0x0000}},
  {22696, {0x0000, 0x3FF8, 0x2928, 0x2548, 0x3FF8, 0x0100, 0x3FF8, 0x0100, 0xFFFE, 0x2448, 0x4224, 0x0100, 0x3FF8, 0x0100, 0x0100, 0xFFFE}},
  {22697, {0x2210, 0x2110, 0x2FD0, 0x2010, 0x27BE, 0xFCA4, 0x27D4, 0x2014, 0x2794, 0x2094, 0x2114, 0x39C8, 0xEF08, 0x4114, 0x0514, 0x0222}},
  {22716, {0x0800, 0xFF78, 0x0848, 0x7F48, 0x4986, 0x7F00, 0x4978, 0x7F48, 0x0828, 0xFF90, 0x4928, 0x7F44, 0x0100, 0x3FF8, 0x0100, 0xFFFE}},
  {22721, {0x0040, 0x7C20, 0x45FC, 0x4488, 0x7C50, 0x43FE, 0x7C20, 0xA5FC, 0x2420, 0x3D20, 0x0100, 0x3FF8, 0x0100, 0x0100, 0xFFFE, 0x0000}},
  {22725, {0x0200, 0x0100, 0xFFFE, 0x1048, 0x24FE, 0x7990, 0x10FC, 0x2290, 0x7CFC, 0x0890, 0x30FE, 0xC080, 0x0100, 0x3FF8, 0x0100, 0xFFFE}},
  {22737, {0x0800, 0x0F00, 0x087C, 0xFFA4, 0x80A4, 0x7F24, 0x4924, 0x94A8, 0x2210, 0x7F28, 0xA244, 0x3E02, 0x0100, 0x3FF8, 0x0100, 0xFFFE}},
  {22741, {0x2040, 0x27FE, 0x2000, 0x21F8, 0xF908, 0x21F8, 0x2000, 0x27FE, 0x2402, 0x23F8, 0x2980, 0x3644, 0xE1B8, 0x4668, 0x01A6, 0x0E60}},
  {22756, {0x2040, 0x27FC, 0x2000, 0x23B8, 0xF2A8, 0x23B8, 0x2110, 0x27FC, 0x2110, 0x27FC, 0x3110, 0xEFFE, 0x4128, 0x0310, 0x0D48, 0x0186}},
  {22763, {0x0100, 0x0100, 0x0100, 0x0100, 0x0100, 0x0100, 0xFFFE, 0x0100, 0x0100, 0x0100, 0x0100, 0x0100, 0x0100, 0x0100, 0x3FF8, 0x0000}},
  {22764, {0x0010, 0x00F8, 0x3F00, 0x0100, 0x0100, 0x0100, 0x0100, 0xFFFE, 0x0100, 0x0100, 0x0100, 0x0100, 0x0100, 0x0100, 0x3FF8, 0x0000}},
  {22766, {0x0820, 0x0820, 0x0820, 0x4820, 0x2820, 0x2820, 0x0BFE, 0x1820, 0x2820, 0x4820, 0x8820, 0x0820, 0x0820, 0x0820, 0x09FC, 0x0800}},
  {22768, {0x0100, 0x0100, 0xFFFE, 0x0100, 0x7FFC, 0x0000, 0x3FF8, 0x2108, 0x2108, 0x3FF8, 0x2000, 0x2000, 0x2000, 0x4000, 0x4000, 0x8000}},
  {22771, {0x0100, 0x0100, 0x7FFC, 0x0100, 0x0100, 0x1FF0, 0x0000, 0x7FFE, 0x4002, 0x8004, 0x0FE0, 0x0820, 0x0820, 0x1022, 0x2022, 0xC01E}},
  {22774, {0x0100, 0x0100, 0x7FFC, 0x0100, 0x0100, 0x1FF0, 0x0000, 0x7FFE, 0x4002, 0x8444, 0x0440, 0x2448, 0x1448, 0x1450, 0x0440, 0x7FFC}},
  {22777, {0x0100, 0x0100, 0x7FFC, 0x0100, 0x1FF0, 0x0000, 0x7FFE, 0x4002, 0x9FF4, 0x0000, 0x1FF0, 0x1010, 0x1FF0, 0x0820, 0x0440, 0xFFFE}},
  {22786, {0x0400, 0x0400, 0x0400, 0x0FF0, 0x0810, 0x1010, 0x3020, 0x4820, 0x8440, 0x0280, 0x0100, 0x0280, 0x0440, 0x0820, 0x3018, 0xC006}},
  {22788, {0x1040, 0x1040, 0x1040, 0x1E40, 0x1260, 0x2250, 0x2248, 0x5244, 0x9444, 0x1440, 0x0840, 0x0840, 0x1440, 0x2300, 0x40FE, 0x8000}},
  {22791, {0x0400, 0x0400, 0x0FF0, 0x1820, 0x6440, 0x0380, 0x1C70, 0xE00E, 0x1FF0, 0x1110, 0x1110, 0x1FF0, 0x1110, 0x1110, 0x1FF0, 0x1010}},
  {22797, {0x1000, 0x1000, 0x1FFC, 0x2000, 0x5FF0, 0x9010, 0x1FF0, 0x1010, 0x1FF0, 0x0400, 0x0FF0, 0x1820, 0x6440, 0x0380, 0x1C70, 0xE00E}},
  {22799, {0x7FFC, 0x0200, 0x1FF0, 0x1010, 0x1FF0, 0x1010, 0x1FF0, 0x1010, 0x1FF0, 0x0800, 0x1FF0, 0x2820, 0x4440, 0x0380, 0x1C70, 0xE00E}},
  {22804, {0x0440, 0xFFFE, 0x1100, 0x13DC, 0x5254, 0x5BD4, 0x525C, 0x53D0, 0x5A52, 0xE3CE, 0x2408, 0x4FE4, 0x9442, 0x0380, 0x1C70, 0xE00E}},
  {22805, {0x0200, 0x0200, 0x0200, 0x0200, 0x07F8, 0x0408, 0x0808, 0x1010, 0x2410, 0x4220, 0x0140, 0x0080, 0x0100, 0x0200, 0x0C00, 0x7000}},
  {22806, {0x1040, 0x1040, 0x1040, 0x1040, 0x3E40, 0x2260, 0x4250, 0x4248, 0xA444, 0x1444, 0x0840, 0x0840, 0x1040, 0x2040, 0x4040, 0x8040}},
  {22809, {0x0000, 0x3FF8, 0x2008, 0x2008, 0x2FE8, 0x2208, 0x2208, 0x27C8, 0x2448, 0x2848, 0x3488, 0x228A, 0x210A, 0x420A, 0x4406, 0x8802}},
  {22810, {0x0200, 0x0200, 0x07F0, 0x0820, 0x3840, 0x0480, 0x0340, 0x0C80, 0x71F8, 0x0208, 0x0C10, 0x3220, 0x0140, 0x0180, 0x0E00, 0x7000}},
  {22812, {0x0200, 0x0100, 0xFFFE, 0x0880, 0x0880, 0x10F8, 0x1108, 0x3148, 0x5228, 0x9510, 0x1110, 0x10A0, 0x1040, 0x10A0, 0x1118, 0x1606}},
  {22815, {0x2020, 0x2020, 0x407C, 0x7E44, 0x82A8, 0x0210, 0x7A20, 0x4AD0, 0x4A1E, 0x4A22, 0x7A64, 0x4A94, 0x0208, 0x0210, 0x1420, 0x08C0}},
  {22820, {0x0200, 0x0FF0, 0x3460, 0x0380, 0x1D00, 0x7FFE, 0x4002, 0xBFFC, 0x0100, 0x3FF8, 0x2108, 0x3FF8, 0x2108, 0x3FF8, 0x1010, 0x2008}},
  {22821, {0x0020, 0x7E20, 0x4A7C, 0x4A44, 0x7EA8, 0x4A10, 0x4A20, 0x7ED0, 0x081E, 0xFF22, 0x1864, 0x2C94, 0x2A08, 0x4A10, 0x8820, 0x08C0}},
  {22823, {0x0100, 0x0100, 0x0100, 0x0100, 0x0100, 0xFFFE, 0x0100, 0x0100, 0x0280, 0x0280, 0x0440, 0x0440, 0x0820, 0x1010, 0x2008, 0xC006}},
  {22825, {0x0000, 0x3FF8, 0x0100, 0x0100, 0x0100, 0x0100, 0xFFFE, 0x0100, 0x0280, 0x0280, 0x0440, 0x0440, 0x0820, 0x1010, 0x2008, 0xC006}},
  {22826, {0x0100, 0x0100, 0x0100, 0x0100, 0x0100, 0xFFFE, 0x0100, 0x0100, 0x0280, 0x0280, 0x0440, 0x0440, 0x0A20, 0x1110, 0x2108, 0xC006}},
  {22827, {0x0100, 0x0100, 0x0100, 0x0100, 0x3FF8, 0x0100, 0x0100, 0x0100, 0xFFFE, 0x0280, 0x0440, 0x0440, 0x0820, 0x1010, 0x2008, 0xC006}},
  {22829, {0x0010, 0x00F8, 0x3F00, 0x0100, 0x0100, 0x0100, 0x0100, 0xFFFE, 0x0100, 0x0280, 0x0280, 0x0440, 0x0820, 0x1010, 0x2008, 0xC006}},
  {22830, {0x0100, 0x0100, 0x0100, 0x1FF0, 0x1110, 0x1110, 0x1110, 0x1110, 0x1110, 0xFFFE, 0x0280, 0x0280, 0x0440, 0x0820, 0x3018, 0xC006}},
  {22831, {0x0100, 0x0100, 0x7FFC, 0x0280, 0x0440, 0x0820, 0x3018, 0xC106, 0x0100, 0x3FF8, 0x0208, 0x0208, 0x0408, 0x0808, 0x1050, 0x6020}},
  {22833, {0x0100, 0x1100, 0x1100, 0x1100, 0x1FF8, 0x2100, 0x4100, 0x0100, 0xFFFE, 0x0100, 0x0280, 0x0280, 0x0440, 0x0820, 0x1010, 0x600C}},
  {22836, {0x0080, 0x0080, 0x0880, 0x0480, 0x2480, 0x1080, 0x1080, 0x0080, 0xFFFE, 0x0100, 0x0140, 0x0220, 0x0410, 0x0808, 0x3004, 0xC004}},
  {22839, {0x0100, 0x0100, 0xFFFE, 0x0100, 0x3FF8, 0x0108, 0x0108, 0x3FF8, 0x2100, 0x2100, 0x3FFC, 0x0284, 0x044C, 0x0820, 0x3018, 0xC006}},
  {22840, {0x0100, 0x0100, 0x7FFC, 0x0440, 0x0820, 0x17D0, 0x2008, 0xC006, 0x3FF8, 0x0400, 0x0800, 0x0FF0, 0x0010, 0x0010, 0x00A0, 0x0040}},
  {22841, {0x0100, 0x0100, 0x0100, 0x7FFC, 0x0100, 0x1110, 0x0920, 0x0100, 0xFFFE, 0x0100, 0x0280, 0x0280, 0x0440, 0x0820, 0x3018, 0xC006}},
  {22842, {0x0100, 0x0100, 0x7FFC, 0x0280, 0x0440, 0x0820, 0x3018, 0xC046, 0x0040, 0xFFFE, 0x0040, 0x1040, 0x0840, 0x0840, 0x0140, 0x0080}},
  {22844, {0x0100, 0x0100, 0x7FFC, 0x0280, 0x0440, 0x0820, 0x3018, 0xC926, 0x0920, 0x0920, 0x0920, 0x0920, 0x1120, 0x1120, 0x2120, 0x4020}},
  {22849, {0x0200, 0x0200, 0x7FFC, 0x0440, 0x0820, 0x3018, 0xDFF6, 0x1000, 0x1220, 0x1140, 0x1080, 0x1140, 0x1220, 0x1000, 0x1FF8, 0x0000}},
  {22850, {0x0800, 0x0800, 0x0FE0, 0x1020, 0x2040, 0x5FF0, 0x9110, 0x1110, 0x1110, 0x1110, 0xFFFE, 0x0280, 0x0440, 0x0820, 0x3018, 0xC006}},
  {22852, {0x0200, 0x0200, 0x7FFC, 0x0440, 0x0920, 0x3118, 0xDFF6, 0x1110, 0x1110, 0x1FF0, 0x1110, 0x1110, 0x1FF4, 0x0104, 0x0104, 0x00FC}},
  {22855, {0x0100, 0x0100, 0x3FF8, 0x0280, 0x0440, 0x0820, 0xFFFE, 0x0010, 0x0010, 0x1F90, 0x1090, 0x1090, 0x1F90, 0x0010, 0x0050, 0x0020}},
  {22856, {0x0200, 0x0200, 0x7FFC, 0x0440, 0x0820, 0x3018, 0xCFE6, 0x0000, 0x0000, 0x7FFC, 0x0100, 0x1110, 0x1108, 0x2104, 0x4504, 0x0200}},
  {22857, {0x0100, 0x0100, 0x7FFC, 0x0100, 0x3FF8, 0x0200, 0xFFFE, 0x0440, 0x0920, 0x3118, 0xCFE6, 0x0100, 0x0100, 0x3FF8, 0x0100, 0x0100}},
  {22859, {0x0100, 0x0100, 0x7FFC, 0x0280, 0x0440, 0x0820, 0x3018, 0xC006, 0x1FF0, 0x1110, 0x1110, 0x1FF0, 0x1110, 0x1110, 0x1FF0, 0x1010}},
  {22862, {0x0200, 0x0200, 0x7FFC, 0x0440, 0x0920, 0x3118, 0xCFE6, 0x0100, 0x0100, 0x7FFC, 0x0000, 0x0100, 0x3FF8, 0x0100, 0x0100, 0xFFFE}},
  {22863, {0x0100, 0x0100, 0x7FFC, 0x0100, 0x3FF8, 0x0200, 0xFFFE, 0x0440, 0x0820, 0x37D8, 0xC106, 0x1FF0, 0x0100, 0x02C0, 0x0C30, 0x3008}},
  {22865, {0x0800, 0x0800, 0x7F7C, 0x0824, 0x3E24, 0x0824, 0x7F44, 0x0854, 0x0988, 0x0100, 0xFFFE, 0x0280, 0x0440, 0x0820, 0x3018, 0xC006}},
  {22868, {0x0200, 0x0200, 0x7FFC, 0x0440, 0x0920, 0x3118, 0xCFE6, 0x0100, 0x0920, 0x0820, 0x7FFC, 0x0820, 0x0820, 0x1020, 0x1020, 0x2020}},
  {22869, {0x0200, 0x0100, 0x7FFC, 0x0440, 0x2450, 0x4448, 0x8944, 0x1080, 0x0100, 0x0100, 0xFFFE, 0x0280, 0x0440, 0x0820, 0x3018, 0xC006}},
  {22870, {0x0840, 0x4840, 0x28FC, 0x0904, 0x1A88, 0x2850, 0x4820, 0x8840, 0x0980, 0x0100, 0xFFFE, 0x0280, 0x0440, 0x0820, 0x3018, 0xC006}},
  {22871, {0x0100, 0x0100, 0x7FFC, 0x0280, 0x0440, 0x0FF0, 0x3418, 0xC7E6, 0x0400, 0x07E0, 0x0400, 0xFFFE, 0x0400, 0x0810, 0x1FF8, 0x0008}},
  {22872, {0x2420, 0x2420, 0x2420, 0x3DFC, 0x0420, 0xFC20, 0x2420, 0x24F8, 0x4500, 0x0100, 0xFFFE, 0x0280, 0x0440, 0x0820, 0x3018, 0xC006}},
  {22874, {0x00FC, 0x7F00, 0x2208, 0x1510, 0x0840, 0x1F80, 0x0320, 0x0C10, 0x3FF8, 0x0108, 0x0100, 0x7FFC, 0x0280, 0x0440, 0x1830, 0xE00E}},
  {22880, {0x0820, 0x0440, 0xFFFE, 0x0440, 0x3FF8, 0x2848, 0x3038, 0x27C8, 0x2008, 0x3FF8, 0x0100, 0x7FFC, 0x0280, 0x0440, 0x1830, 0xE00E}},
  {22882, {0x0200, 0x0200, 0x7FFC, 0x0440, 0x0820, 0x3218, 0xDFD6, 0x0220, 0xFFFE, 0x0300, 0x0FF0, 0x3810, 0xCFF0, 0x0810, 0x0FF0, 0x0810}},
  {22885, {0x0200, 0x0400, 0x3FF8, 0x2008, 0x2928, 0x2548, 0x2FE8, 0x2548, 0x2928, 0x2008, 0x0100, 0xFFFE, 0x0280, 0x0C60, 0x3018, 0xC006}},
  {22899, {0x0200, 0x0200, 0x0200, 0x0200, 0x0400, 0xFFFE, 0x0420, 0x0820, 0x0820, 0x1040, 0x1840, 0x0680, 0x0180, 0x0660, 0x1810, 0x6008}},
  {22900, {0x1000, 0x1000, 0x11FC, 0x1084, 0xFC84, 0x2484, 0x2488, 0x2488, 0x2450, 0x4850, 0x2820, 0x1020, 0x2850, 0x4488, 0x8104, 0x0202}},
  {22902, {0x1000, 0x1000, 0x13F8, 0x1088, 0xFC90, 0x2490, 0x24A0, 0x24BC, 0x2484, 0x4884, 0x2904, 0x1104, 0x2904, 0x4604, 0x8228, 0x0410}},
  {22904, {0x1000, 0x11FC, 0x1020, 0x1020, 0xFE20, 0x2220, 0x2220, 0x23FE, 0x4220, 0x2420, 0x1420, 0x0820, 0x1420, 0x2220, 0x4220, 0x8020}},
  {22905, {0x1020, 0x1020, 0x1020, 0x1120, 0xFD2C, 0x2534, 0x2564, 0x27A4, 0x2524, 0x4934, 0x2928, 0x1122, 0x2922, 0x4502, 0x84FE, 0x0000}},
  {22909, {0x1000, 0x10FC, 0x1004, 0x1008, 0xFC10, 0x2420, 0x2420, 0x25FE, 0x2420, 0x4820, 0x2820, 0x1020, 0x2820, 0x4420, 0x84A0, 0x0040}},
  {22913, {0x1040, 0x1040, 0x1080, 0x10FC, 0xFD04, 0x2604, 0x2404, 0x2504, 0x2484, 0x4844, 0x2844, 0x1004, 0x2804, 0x4404, 0x8428, 0x0010}},
  {22914, {0x1000, 0x1000, 0x1000, 0x107C, 0xFE44, 0x2244, 0x2244, 0x2244, 0x4244, 0x2444, 0x1444, 0x0844, 0x1444, 0x227C, 0x4244, 0x8000}},
  {22915, {0x1000, 0x1000, 0x11F8, 0x1008, 0xFC08, 0x2408, 0x2408, 0x25F8, 0x2508, 0x4900, 0x2900, 0x1100, 0x2902, 0x4502, 0x84FE, 0x0000}},
  {22916, {0x0200, 0x0100, 0xFFFE, 0x1000, 0x1000, 0x1FF8, 0x0200, 0x0200, 0xFFFE, 0x0420, 0x0820, 0x1E40, 0x0180, 0x0660, 0x1818, 0x6004}},
  {22918, {0x0840, 0x0840, 0x0840, 0x4840, 0x2BFE, 0x2888, 0x0888, 0x0888, 0x1888, 0x2908, 0xC890, 0x0850, 0x0820, 0x0850, 0x0888, 0x0B04}},
  {22919, {0x1000, 0x1000, 0x11FC, 0x1004, 0xFC04, 0x2404, 0x2404, 0x25FC, 0x2404, 0x4804, 0x2804, 0x1004, 0x2804, 0x45FC, 0x8004, 0x0000}},
  {22920, {0x1000, 0x13F0, 0x1010, 0x1010, 0xFD10, 0x2510, 0x2510, 0x25FC, 0x2404, 0x4804, 0x2804, 0x13F4, 0x2804, 0x4404, 0x8428, 0x0010}},
  {22922, {0x1008, 0x103C, 0x11E0, 0x1020, 0xFC20, 0x2420, 0x2420, 0x27FE, 0x2420, 0x4820, 0x2820, 0x1020, 0x2820, 0x4420, 0x85FC, 0x0000}},
  {22925, {0x1000, 0x13FE, 0x1088, 0x1088, 0xFC88, 0x2488, 0x2488, 0x27FE, 0x2488, 0x4888, 0x2888, 0x1088, 0x2888, 0x4488, 0x8108, 0x0208}},
  {22930, {0x1040, 0x1020, 0x1020, 0x11FE, 0xFD02, 0x2502, 0x2502, 0x25FE, 0x2502, 0x4900, 0x2900, 0x1100, 0x2A00, 0x4600, 0x8400, 0x0800}},
  {22931, {0x1020, 0x1020, 0x1020, 0x13FE, 0xFC20, 0x2420, 0x2420, 0x25FC, 0x2484, 0x4888, 0x2848, 0x1050, 0x2820, 0x4450, 0x8188, 0x0606}},
  {22934, {0x1008, 0x103C, 0x11E0, 0x1020, 0xFC20, 0x2420, 0x25FE, 0x2420, 0x2420, 0x4850, 0x2850, 0x1050, 0x2888, 0x4488, 0x8104, 0x0202}},
  {22935, {0x1020, 0x1020, 0x1050, 0x1050, 0xFC88, 0x2544, 0x2622, 0x2420, 0x2400, 0x49FC, 0x2804, 0x1008, 0x2808, 0x4410, 0x8410, 0x0020}},
  {22937, {0x1020, 0x1020, 0x1020, 0x10A8, 0xFCA4, 0x24A2, 0x2522, 0x2520, 0x2624, 0x4824, 0x2828, 0x1008, 0x2810, 0x4420, 0x80C0, 0x0300}},
  {22942, {0x1000, 0x11F8, 0x1048, 0x1048, 0xFC48, 0x2448, 0x2448, 0x25F8, 0x2488, 0x4888, 0x2888, 0x1088, 0x2888, 0x4488, 0x83FE, 0x0000}},
  {22947, {0x1010, 0x1110, 0x1110, 0x1112, 0xFD12, 0x2514, 0x25D8, 0x2510, 0x2510, 0x4910, 0x2910, 0x1112, 0x2952, 0x4592, 0x850E, 0x0000}},
  {22948, {0x1000, 0x11F8, 0x1008, 0x1050, 0xFC20, 0x2410, 0x27FE, 0x2422, 0x2424, 0x4820, 0x2820, 0x1020, 0x2820, 0x4420, 0x84A0, 0x0040}},
  {22949, {0x00FC, 0x7F00, 0x0208, 0x2108, 0x1110, 0x1020, 0x0200, 0x0200, 0xFFFE, 0x0420, 0x0820, 0x1E40, 0x0180, 0x0660, 0x1818, 0x6004}},
  {22952, {0x1040, 0x1020, 0x1020, 0x11FE, 0xFC40, 0x2440, 0x2440, 0x247C, 0x2444, 0x4844, 0x2844, 0x1044, 0x2884, 0x4484, 0x8128, 0x0210}},
  {22953, {0x2000, 0x23FC, 0x2040, 0x2040, 0xF840, 0x4840, 0x4FFE, 0x4840, 0x88A0, 0x48A0, 0x30A0, 0x1120, 0x2922, 0x4A22, 0x841E, 0x0800}},
  {22954, {0x1000, 0x11FE, 0x1100, 0x1104, 0xFD44, 0x2528, 0x2528, 0x2510, 0x2510, 0x4928, 0x2928, 0x1144, 0x2984, 0x4500, 0x85FE, 0x0000}},
  {22955, {0x1020, 0x1120, 0x10A0, 0x10A0, 0xFC20, 0x27FE, 0x2422, 0x2422, 0x2442, 0x4852, 0x284A, 0x108A, 0x2882, 0x4502, 0x8214, 0x0408}},
  {22958, {0x1000, 0x11FC, 0x1104, 0x1104, 0xFD04, 0x25FC, 0x2500, 0x2540, 0x2544, 0x4948, 0x2970, 0x1140, 0x2942, 0x4642, 0x823E, 0x0400}},
  {22959, {0x1020, 0x1020, 0x1020, 0x1020, 0xFDFC, 0x2524, 0x2524, 0x2524, 0x2524, 0x49FC, 0x2924, 0x1124, 0x2924, 0x4524, 0x85FC, 0x0104}},
  {22962, {0x1000, 0x1000, 0x10FC, 0x1084, 0xFC84, 0x2484, 0x24FC, 0x2484, 0x2484, 0x4884, 0x28FC, 0x1084, 0x2800, 0x4400, 0x85FE, 0x0000}},
  {22969, {0x1020, 0x1020, 0x1020, 0x11FC, 0xFC20, 0x2420, 0x2420, 0x27FE, 0x2470, 0x48A8, 0x28A8, 0x1124, 0x2924, 0x4622, 0x8420, 0x0020}},
  {22971, {0x0100, 0x0100, 0x7FFC, 0x0100, 0x3FF8, 0x0108, 0xFFFE, 0x0108, 0x3FF8, 0x0200, 0xFFFE, 0x0820, 0x1C40, 0x0380, 0x0C70, 0x7008}},
  {22974, {0x0200, 0x0100, 0x3FF8, 0x0000, 0x0820, 0x0440, 0xFFFE, 0x0200, 0x0200, 0x7FFC, 0x0420, 0x0840, 0x1C80, 0x0380, 0x0C70, 0x7008}},
  {22982, {0x1000, 0x10FC, 0x1084, 0x10A4, 0xFC94, 0x2484, 0x2484, 0x27FE, 0x2504, 0x4944, 0x2924, 0x1104, 0x29FE, 0x4404, 0x8428, 0x0010}},
  {22986, {0x1020, 0x1020, 0x102E, 0x11F0, 0xFD20, 0x2520, 0x2520, 0x25FE, 0x2422, 0x4862, 0x28A2, 0x112A, 0x2E24, 0x4420, 0x8420, 0x0020}},
  {22987, {0x1020, 0x1020, 0x1020, 0x1040, 0xFC48, 0x2484, 0x25FE, 0x2482, 0x2400, 0x48FC, 0x2884, 0x1084, 0x2884, 0x4484, 0x80FC, 0x0084}},
  {22992, {0x1000, 0x11F8, 0x1108, 0x1108, 0xFD08, 0x25F8, 0x2508, 0x2508, 0x2508, 0x49F8, 0x2908, 0x1108, 0x2908, 0x4508, 0x87FE, 0x0000}},
  {22993, {0x1020, 0x1020, 0x1020, 0x1020, 0xFDFE, 0x2420, 0x2420, 0x2420, 0x25FC, 0x4904, 0x2904, 0x1104, 0x2904, 0x4504, 0x85FC, 0x0104}},
  {22994, {0x1008, 0x1048, 0x1128, 0x1128, 0xFD28, 0x2508, 0x2508, 0x2508, 0x2508, 0x4908, 0x2948, 0x1194, 0x2914, 0x4422, 0x8442, 0x0082}},
  {22995, {0x1020, 0x1020, 0x1120, 0x1120, 0xFDFC, 0x2520, 0x2620, 0x2420, 0x2420, 0x49FC, 0x2820, 0x1020, 0x2820, 0x4420, 0x83FE, 0x0000}},
  {22996, {0x0070, 0x1F80, 0x0100, 0x0100, 0xFFFE, 0x0540, 0x0920, 0x3118, 0xC206, 0x0200, 0xFFFE, 0x0820, 0x1C40, 0x0380, 0x0C70, 0x7008}},
  {22999, {0x1000, 0x11DC, 0x1154, 0x1154, 0xFD54, 0x2554, 0x2554, 0x27FE, 0x2554, 0x4954, 0x2954, 0x1154, 0x2954, 0x46D4, 0x8224, 0x044C}},
  {23000, {0x1104, 0x1084, 0x1088, 0x1000, 0xFDFE, 0x2488, 0x2488, 0x2488, 0x2488, 0x4BFE, 0x2888, 0x1088, 0x2908, 0x4508, 0x8208, 0x0408}},
  {23002, {0x2090, 0x2090, 0x2090, 0x2292, 0xF994, 0x4898, 0x4890, 0x4998, 0x8A94, 0x4C92, 0x3090, 0x1090, 0x2912, 0x4912, 0x8212, 0x040E}},
  {23004, {0x0820, 0x0440, 0x7FFC, 0x0100, 0x3FF8, 0x0100, 0xFFFE, 0x0200, 0x0400, 0xFFFE, 0x0820, 0x1020, 0x1C40, 0x0380, 0x0C70, 0x7008}},
  {23005, {0x2020, 0x2120, 0x2120, 0x21FC, 0xF920, 0x4A20, 0x4820, 0x4BFE, 0x4870, 0x90A8, 0x50A8, 0x2124, 0x3124, 0x4A22, 0x4820, 0x8020}},
  {23011, {0x1040, 0x1020, 0x1020, 0x11FE, 0xFC00, 0x2488, 0x2504, 0x2602, 0x2488, 0x4888, 0x2850, 0x1050, 0x2820, 0x4450, 0x8088, 0x0306}},
  {23013, {0x1040, 0x1040, 0x1044, 0x11F4, 0xFC48, 0x2450, 0x27FE, 0x2440, 0x2480, 0x4984, 0x2A98, 0x10E0, 0x2882, 0x4482, 0x847E, 0x0000}},
  {23016, {0x2040, 0x2040, 0x27FC, 0x2040, 0xFBF8, 0x4848, 0x4BF8, 0x4A40, 0x8BFC, 0x4844, 0x3054, 0x10A8, 0x28A0, 0x4910, 0x8208, 0x0406}},
  {23020, {0x1000, 0x11FE, 0x1110, 0x1110, 0xFD10, 0x257C, 0x2544, 0x2544, 0x2544, 0x4944, 0x297C, 0x1110, 0x2910, 0x4510, 0x85FE, 0x0000}},
  {23033, {0x1040, 0x1020, 0x1020, 0x11FE, 0xFD02, 0x2604, 0x2418, 0x25E0, 0x2440, 0x4840, 0x287E, 0x13C0, 0x2840, 0x4444, 0x8444, 0x003C}},
  {23035, {0x1000, 0x11FC, 0x1104, 0x1124, 0xFD24, 0x2524, 0x25FC, 0x2524, 0x2524, 0x4954, 0x294C, 0x118C, 0x2904, 0x4504, 0x81FC, 0x0104}},
  {23039, {0x4080, 0x2080, 0x09FC, 0x1204, 0x2448, 0xE040, 0x20A0, 0x2318, 0x2C06, 0x0400, 0xFFFE, 0x0820, 0x1C40, 0x0380, 0x0C70, 0x7008}},
  {23041, {0x0028, 0x0024, 0x0020, 0x3FFE, 0x2020, 0x2020, 0x3FE4, 0x2224, 0x2224, 0x3FA8, 0x24A8, 0x2890, 0x2512, 0x422A, 0x4546, 0x9882}},
  {23043, {0x1020, 0x1020, 0x11FC, 0x1020, 0xFC20, 0x2420, 0x27FE, 0x2400, 0x2420, 0x4820, 0x29FC, 0x1020, 0x2820, 0x4420, 0x83FE, 0x0000}},
  {23044, {0x0100, 0x1110, 0x0920, 0xFFFE, 0x0540, 0x0920, 0x3118, 0xC006, 0x0200, 0xFFFE, 0x0420, 0x0820, 0x1C40, 0x0380, 0x0C70, 0x7008}},
  {23045, {0x2000, 0x23FC, 0x2090, 0x2090, 0xF890, 0x4892, 0x4C92, 0x4A94, 0x8A94, 0x4A98, 0x3090, 0x1090, 0x2890, 0x4890, 0x87FE, 0x0000}},
  {23046, {0x2080, 0x2080, 0x20BC, 0x23C0, 0xF850, 0x4824, 0x48D4, 0x4B0C, 0x8800, 0x4BFE, 0x3090, 0x1090, 0x2912, 0x4912, 0x820E, 0x0400}},
  {23047, {0x1008, 0x101C, 0x10E0, 0x1020, 0xFC20, 0x25FE, 0x2450, 0x2488, 0x2504, 0x4A8A, 0x2888, 0x1088, 0x2888, 0x4488, 0x8488, 0x0108}},
  {23048, {0x0200, 0x0100, 0xFFFE, 0x0440, 0x1450, 0x1448, 0x2444, 0x4204, 0x0200, 0x7FFC, 0x0420, 0x0840, 0x1C80, 0x0380, 0x0C70, 0x7008}},
  {23049, {0x1020, 0x1020, 0x11FC, 0x1124, 0xFDFC, 0x2524, 0x25FC, 0x2400, 0x27FE, 0x4880, 0x2900, 0x11FC, 0x2804, 0x4404, 0x8428, 0x0010}},
  {23052, {0x1000, 0x11FC, 0x1124, 0x1124, 0xFDFC, 0x2524, 0x2524, 0x25FC, 0x2420, 0x4820, 0x29FC, 0x1020, 0x2820, 0x4420, 0x87FE, 0x0000}},
  {23057, {0x1020, 0x0820, 0x40A8, 0x24A4, 0x092A, 0x7230, 0x10C0, 0x1700, 0x0200, 0x7FFC, 0x0420, 0x0840, 0x1C80, 0x0380, 0x0C70, 0x7008}},
  {23059, {0x2000, 0x23FC, 0x2204, 0x2204, 0xFBFC, 0x4A00, 0x4A18, 0x4AE0, 0x8A38, 0x4AE0, 0x323C, 0x13E0, 0x2A22, 0x4C22, 0x841E, 0x0800}},
  {23064, {0x1040, 0x1020, 0x11FC, 0x1104, 0xFD04, 0x25FC, 0x2504, 0x2504, 0x25FC, 0x4920, 0x2922, 0x1114, 0x2908, 0x4544, 0x8582, 0x0100}},
  {23068, {0x2000, 0x2FDE, 0x2252, 0x2252, 0xF254, 0x57D4, 0x5258, 0x5254, 0x5252, 0x9FD2, 0x5252, 0x225A, 0x2254, 0x5450, 0x5550, 0x8890}},
  {23071, {0x2000, 0x21F8, 0x2108, 0x2108, 0xF9F8, 0x4800, 0x4BFC, 0x4A04, 0x4A04, 0x93FC, 0x5204, 0x2204, 0x33FC, 0x4A04, 0x4A14, 0x8208}},
  {23072, {0x2000, 0x23FC, 0x2200, 0x2200, 0xFAF8, 0x4A00, 0x4A00, 0x4BFC, 0x8AA0, 0x4AA4, 0x32A8, 0x1290, 0x2A90, 0x4C88, 0x84A4, 0x08C2}},
  {23075, {0x1108, 0x1088, 0x1090, 0x11FC, 0xFC24, 0x2424, 0x25FC, 0x2520, 0x2520, 0x49FE, 0x2862, 0x10A2, 0x292A, 0x4624, 0x8420, 0x0020}},
  {23077, {0x1010, 0x10D8, 0x1394, 0x1094, 0xFC90, 0x27FE, 0x2490, 0x2494, 0x2494, 0x48D8, 0x2B98, 0x1090, 0x28AA, 0x44CA, 0x8486, 0x0182}},
  {23081, {0x1080, 0x1080, 0x10F8, 0x1108, 0xFE10, 0x25FC, 0x2524, 0x2524, 0x2524, 0x49FC, 0x2850, 0x1050, 0x2890, 0x4492, 0x8112, 0x020E}},
  {23089, {0x2000, 0x23F8, 0x2208, 0x2208, 0xFBF8, 0x4800, 0x4800, 0x4BF8, 0x8840, 0x4840, 0x37FE, 0x1040, 0x28A0, 0x4910, 0x8208, 0x0406}},
  {23090, {0x2000, 0x21FC, 0x2104, 0x2104, 0xF904, 0x49FC, 0x4820, 0x4820, 0x4BFE, 0x9222, 0x5252, 0x228A, 0x330A, 0x4A02, 0x4A0A, 0x8204}},
  {23092, {0x1100, 0x10BC, 0x1004, 0x1124, 0xFD24, 0x2524, 0x25FC, 0x2524, 0x2574, 0x49AC, 0x2924, 0x1124, 0x2924, 0x4504, 0x8514, 0x0108}},
  {23094, {0x0000, 0x7F7C, 0x2244, 0x3E44, 0x2228, 0x3E10, 0x23A8, 0xFE44, 0x0282, 0x0400, 0xFFFE, 0x0820, 0x1C40, 0x0380, 0x0C70, 0x7008}},
  {23100, {0x10FC, 0x1084, 0x1084, 0x10FC, 0xFC84, 0x2484, 0x24FC, 0x2400, 0x25FE, 0x4902, 0x2902, 0x11FE, 0x2902, 0x4502, 0x85FE, 0x0102}},
  {23104, {0x2000, 0x277E, 0x2504, 0x2504, 0xF574, 0x5554, 0x5654, 0x5554, 0x5554, 0x9554, 0x5574, 0x2554, 0x2604, 0x5404, 0x5414, 0x8408}},
  {23110, {0x2020, 0x13FE, 0x9222, 0x4220, 0x4BFC, 0x1284, 0xE448, 0x2430, 0x29CE, 0x0400, 0xFFFE, 0x0820, 0x1C40, 0x0380, 0x0C70, 0x7008}},
  {23113, {0x2040, 0x2020, 0x23FE, 0x2202, 0xFD04, 0x4900, 0x49DE, 0x4A52, 0x8A52, 0x4B52, 0x349A, 0x1094, 0x2910, 0x4912, 0x8212, 0x040E}},
  {23114, {0x1020, 0x1020, 0x13FE, 0x1020, 0xFC20, 0x25FC, 0x2420, 0x2420, 0x27FE, 0x4840, 0x28A4, 0x11A8, 0x2A90, 0x4488, 0x84C6, 0x0080}},
  {23125, {0x2020, 0x2020, 0x23FE, 0x2020, 0xF9FC, 0x4824, 0x4BFE, 0x4824, 0x89FC, 0x4820, 0x3120, 0x113E, 0x2920, 0x4AA0, 0x827E, 0x0400}},
  {23130, {0x201C, 0x23E0, 0x2220, 0x23FE, 0xFA20, 0x4A92, 0x4B0A, 0x4A06, 0x49FC, 0x9104, 0x5104, 0x21FC, 0x3104, 0x4904, 0x49FC, 0x8104}},
  {23138, {0x1040, 0x1080, 0x11FC, 0x1124, 0xFD24, 0x25FC, 0x2524, 0x2544, 0x25FC, 0x4890, 0x2910, 0x13FE, 0x2810, 0x4410, 0x8410, 0x0010}},
  {23143, {0x1020, 0x1020, 0x13FE, 0x1020, 0xFDFC, 0x2420, 0x27FE, 0x2400, 0x25FC, 0x4904, 0x29FC, 0x1104, 0x29FC, 0x4504, 0x8514, 0x0108}},
  {23146, {0x0820, 0x0820, 0x7EFC, 0x0830, 0x1C68, 0x2AA4, 0xC922, 0x0820, 0x0A20, 0x7FFC, 0x0420, 0x0840, 0x1C80, 0x0380, 0x0670, 0x3808}},
  {23156, {0x0000, 0x3EF8, 0x2288, 0x2AA8, 0x2AA8, 0x2AA8, 0x1450, 0x6288, 0x0200, 0x7FFC, 0x0420, 0x0840, 0x1C80, 0x0380, 0x0670, 0x3808}},
  {23157, {0x1104, 0x1088, 0x1050, 0x11FC, 0xFD24, 0x2524, 0x25FC, 0x2524, 0x2524, 0x49FC, 0x2820, 0x1020, 0x2BFE, 0x4420, 0x8420, 0x0020}},
  {23158, {0x2040, 0x2020, 0x23FE, 0x2222, 0xF820, 0x49FC, 0x4924, 0x4924, 0x49FC, 0x9124, 0x5124, 0x21FC, 0x3124, 0x4820, 0x4820, 0x8020}},
  {23159, {0x1040, 0x1020, 0x13FE, 0x1000, 0xFDFC, 0x2504, 0x25FC, 0x2400, 0x27FE, 0x4A02, 0x29FC, 0x1020, 0x2820, 0x4420, 0x84A0, 0x0040}},
  {23162, {0x0020, 0x7E20, 0x247E, 0x18A4, 0xFF28, 0x2910, 0x4A28, 0x98C6, 0x0200, 0x7FFC, 0x0420, 0x0840, 0x1C80, 0x0380, 0x0670, 0x3808}},
  {23167, {0x1000, 0x13FE, 0x1022, 0x1120, 0xFD3C, 0x2520, 0x26FE, 0x2400, 0x25FC, 0x4904, 0x29FC, 0x1104, 0x29FC, 0x4504, 0x8114, 0x0108}},
  {23186, {0x1088, 0x1088, 0x13FE, 0x1088, 0xFC88, 0x24F8, 0x2488, 0x2488, 0x24F8, 0x4820, 0x2BFE, 0x1070, 0x28A8, 0x4524, 0x8222, 0x0020}},
  {23194, {0x1000, 0x11FC, 0x1124, 0x1124, 0xFDFC, 0x2500, 0x257C, 0x2544, 0x2544, 0x497C, 0x2944, 0x117C, 0x2944, 0x4644, 0x827C, 0x0444}},
  {23195, {0x203C, 0x27C0, 0x2244, 0x2128, 0xF800, 0x4BFC, 0x4880, 0x4880, 0x4FFE, 0x9100, 0x51F8, 0x2288, 0x3250, 0x4C20, 0x48D8, 0x8306}},
  {23210, {0x2000, 0x21F8, 0x2108, 0x2108, 0xF9F8, 0x4908, 0x4908, 0x49F8, 0x8800, 0x4BFC, 0x3294, 0x1294, 0x2A94, 0x4A94, 0x87FE, 0x0000}},
  {23218, {0x1020, 0x1040, 0x11FC, 0x1154, 0xFD24, 0x2554, 0x2504, 0x25FC, 0x2400, 0x4912, 0x29D4, 0x1118, 0x2910, 0x4552, 0x8592, 0x010E}},
  {23219, {0x2020, 0x2040, 0x21FC, 0x2104, 0xF9FC, 0x4904, 0x49FC, 0x4904, 0x89FC, 0x4840, 0x3020, 0x10A4, 0x2A8A, 0x4A8A, 0x8478, 0x0000}},
  {23221, {0x0020, 0x7924, 0x48A8, 0x4820, 0x49FC, 0x7840, 0x4BFE, 0x4888, 0x4944, 0x7A42, 0x4DFC, 0x4888, 0x49D0, 0x4830, 0x4848, 0x9984}},
  {23224, {0x2020, 0x2124, 0x2124, 0x21FC, 0xF820, 0x4BFE, 0x4800, 0x4820, 0x49FC, 0x9124, 0x5124, 0x21FC, 0x3020, 0x4824, 0x4BFE, 0x8102}},
  {23230, {0x1088, 0x1088, 0x13FE, 0x1088, 0xFDFC, 0x2488, 0x27FE, 0x2420, 0x25FC, 0x4924, 0x29FC, 0x1124, 0x2BFE, 0x4504, 0x8514, 0x0108}},
  {23233, {0x2040, 0x2020, 0x23FE, 0x2202, 0xF800, 0x49FC, 0x4840, 0x48A2, 0x4B34, 0x9058, 0x5094, 0x2334, 0x3052, 0x4890, 0x4B50, 0x8020}},
  {23234, {0x10A0, 0x112C, 0x1124, 0x1124, 0xFDAC, 0x2524, 0x2524, 0x25FC, 0x2420, 0x49FC, 0x2888, 0x1050, 0x2820, 0x4450, 0x8088, 0x0306}},
  {23241, {0x2020, 0x2010, 0x21FE, 0x2100, 0xF920, 0x4D20, 0x4B3C, 0x4950, 0x8990, 0x4B10, 0x35FE, 0x1110, 0x2928, 0x4A28, 0x8244, 0x0482}},
  {23244, {0x1088, 0x1050, 0x1000, 0x13FE, 0xFC50, 0x25FC, 0x2454, 0x27FE, 0x2454, 0x49FC, 0x2850, 0x10D8, 0x2954, 0x4652, 0x8450, 0x0050}},
  {23250, {0x200E, 0x23F0, 0x2044, 0x2224, 0xF908, 0x4BFE, 0x4A42, 0x4840, 0x4BFE, 0x9080, 0x50FC, 0x2144, 0x3128, 0x4A10, 0x4C68, 0x8186}},
  {23252, {0x2040, 0x2020, 0x23FE, 0x2202, 0xFC14, 0x49E0, 0x4900, 0x4900, 0x49FC, 0x9110, 0x5110, 0x27FE, 0x3000, 0x4890, 0x4908, 0x8204}},
  {23254, {0x1000, 0x13FE, 0x1050, 0x11FC, 0xFD54, 0x2554, 0x25FC, 0x2400, 0x25FC, 0x4800, 0x2BFE, 0x1020, 0x28A8, 0x4524, 0x82A2, 0x0040}},
  {23256, {0x1000, 0x11FC, 0x1124, 0x11FC, 0xFD24, 0x25FC, 0x2440, 0x2488, 0x25F0, 0x4820, 0x2844, 0x13FE, 0x2822, 0x4524, 0x8222, 0x0060}},
  {23260, {0x2020, 0x21FC, 0x2088, 0x2050, 0xFBFE, 0x4800, 0x49FC, 0x4904, 0x49FC, 0x9104, 0x51FC, 0x2020, 0x33FE, 0x4820, 0x4820, 0x8020}},
  {23264, {0x0820, 0x3E7E, 0x08A4, 0x7F28, 0x1C10, 0x2A28, 0x4944, 0x3FFE, 0x2100, 0x2100, 0x3FFE, 0x2210, 0x2720, 0x40C0, 0x4330, 0x8C0C}},
  {23265, {0x2040, 0x2020, 0x23FE, 0x2088, 0xF850, 0x4BFE, 0x4A22, 0x4AFA, 0x4A22, 0x92FA, 0x528A, 0x228A, 0x32FA, 0x4A02, 0x4A0A, 0x8204}},
  {23267, {0x2000, 0x27FC, 0x2040, 0x2278, 0xFA40, 0x4FFE, 0x4900, 0x49FC, 0x4A00, 0x93FC, 0x5004, 0x2554, 0x3554, 0x4804, 0x4828, 0x8010}},
  {23270, {0x2020, 0x2124, 0x20A8, 0x23FE, 0xFA02, 0x48F8, 0x4888, 0x4888, 0x48F8, 0x9020, 0x51FC, 0x2124, 0x3124, 0x4934, 0x4928, 0x8020}},
  {23273, {0x2108, 0x2108, 0x27C8, 0x2110, 0xF11E, 0x57E4, 0x5554, 0x5554, 0x57D4, 0x9114, 0x5394, 0x2548, 0x2948, 0x5114, 0x5114, 0x8122}},
  {23275, {0x2110, 0x2110, 0x27FC, 0x2110, 0xF800, 0x4BF8, 0x4A08, 0x4BF8, 0x8A08, 0x4BF8, 0x3040, 0x17FC, 0x28A0, 0x4910, 0x8208, 0x0406}},
  {23281, {0x1020, 0x1020, 0x13FE, 0x1020, 0xFD24, 0x24A8, 0x27FE, 0x2400, 0x25FC, 0x4904, 0x2974, 0x1154, 0x2974, 0x4504, 0x85FC, 0x0104}},
  {23305, {0x1020, 0x13FE, 0x1020, 0x11FC, 0xFC00, 0x25FC, 0x2504, 0x25FC, 0x2488, 0x4BFE, 0x2800, 0x11FC, 0x2904, 0x4504, 0x85FC, 0x0104}},
  {23318, {0x0040, 0x7C20, 0x45FC, 0x4488, 0x7C50, 0x43FE, 0x7C20, 0xA5FC, 0x2420, 0x3C20, 0x0200, 0xFFFE, 0x0820, 0x1C40, 0x03C0, 0x3C38}},
  {23319, {0x2020, 0x23FE, 0x2000, 0x23FC, 0xFA04, 0x4AF4, 0x4A94, 0x4BFC, 0x4800, 0x91F8, 0x5108, 0x21F8, 0x3108, 0x49F8, 0x4800, 0x83FE}},
  {23346, {0x0000, 0xF93E, 0xA92A, 0xA92A, 0xF93E, 0xAFAA, 0xAAAA, 0xFABE, 0x4290, 0x4490, 0xFABE, 0x4912, 0x4912, 0x4A92, 0xACAA, 0x1044}},
  {23348, {0x0100, 0xFFFE, 0x2000, 0x3FF8, 0x0000, 0x3FF8, 0x2008, 0x3FF8, 0x0100, 0x7938, 0x4FA8, 0x7AA8, 0x4AB8, 0x792A, 0x4AAA, 0x9C46}},
  {23351, {0x2040, 0x2020, 0x27FE, 0x2488, 0xF7DE, 0x5488, 0x55DC, 0x56AA, 0x5488, 0x9440, 0x5490, 0x2520, 0x2448, 0x5484, 0x55FC, 0x8884}},
  {23360, {0x21FC, 0x2020, 0x23FE, 0x2222, 0xF9AC, 0x4820, 0x49AC, 0x4800, 0x489E, 0x93F2, 0x509E, 0x21D2, 0x32BE, 0x4C92, 0x489E, 0x8092}},
  {23376, {0x0000, 0x7FF8, 0x0010, 0x0020, 0x0040, 0x0180, 0x0100, 0xFFFE, 0x0100, 0x0100, 0x0100, 0x0100, 0x0100, 0x0100, 0x0500, 0x0200}},
  {23377, {0x0000, 0x7FF8, 0x0010, 0x0020, 0x0040, 0x0184, 0x0118, 0x0160, 0x0380, 0x1D00, 0xE100, 0x4100, 0x0100, 0x0100, 0x0500, 0x0200}},
  {23379, {0x0000, 0x7FF8, 0x0010, 0x0020, 0x2040, 0x1180, 0x0900, 0x0500, 0x0300, 0x0100, 0x0180, 0x0140, 0x0130, 0x010C, 0x0500, 0x0200}},
  {23380, {0x0040, 0x7E40, 0x0240, 0x0440, 0x0840, 0x0840, 0x0A40, 0x0C40, 0x3840, 0xC840, 0x0840, 0x0842, 0x0842, 0x0842, 0x283E, 0x1000}},
  {23381, {0x0000, 0x3FF0, 0x0810, 0x0820, 0x083C, 0x1004, 0x17C4, 0x2054, 0x4088, 0x0100, 0xFFFE, 0x0100, 0x0100, 0x0100, 0x0500, 0x0200}},
  {23383, {0x0200, 0x0100, 0x7FFE, 0x4002, 0x8004, 0x1FE0, 0x0040, 0x0080, 0x0100, 0xFFFE, 0x0100, 0x0100, 0x0100, 0x0100, 0x0500, 0x0200}},
  {23384, {0x0400, 0x0400, 0xFFFE, 0x0800, 0x0800, 0x13F8, 0x1010, 0x3020, 0x5040, 0x97FE, 0x1040, 0x1040, 0x1040, 0x1040, 0x1140, 0x1080}},
  {23385, {0x0020, 0x7E20, 0x0220, 0x0420, 0x0820, 0x08A8, 0x0AA4, 0x0CA4, 0x3922, 0xC922, 0x0A22, 0x0820, 0x0820, 0x0820, 0x28A0, 0x1040}},
  {23386, {0x00F8, 0x7F00, 0x2210, 0x1110, 0x1120, 0x0000, 0x1FE0, 0x0040, 0x0080, 0x0100, 0xFFFE, 0x0100, 0x0100, 0x0100, 0x0500, 0x0200}},
  {23387, {0x0100, 0x0100, 0x3FF8, 0x0100, 0x0100, 0x7FFE, 0x4002, 0x8004, 0x0FE0, 0x0040, 0x0080, 0xFFFE, 0x0100, 0x0100, 0x0500, 0x0200}},
  {23388, {0x0040, 0xFC40, 0x0440, 0x0880, 0x10FE, 0x1108, 0x1688, 0x1888, 0x3088, 0xD050, 0x1050, 0x1020, 0x1050, 0x1088, 0x5104, 0x2202}},
  {23389, {0x0200, 0x0208, 0x3FD0, 0x0220, 0x0240, 0xFFFE, 0x0100, 0x0200, 0x3FE0, 0x1040, 0x2080, 0x5FFC, 0x8080, 0x0080, 0x0280, 0x0100}},
  {23391, {0x0000, 0x1FE0, 0x0040, 0x0180, 0xFFFE, 0x0100, 0x0100, 0x0500, 0x0200, 0x3FF8, 0x2448, 0x2448, 0x2448, 0x2448, 0xFFFE, 0x0000}},
  {23394, {0x0080, 0xFC80, 0x05FC, 0x0904, 0x1204, 0x15F4, 0x1514, 0x1914, 0x3114, 0xD1F4, 0x1104, 0x1128, 0x1112, 0x1102, 0x50FE, 0x2000}},
  {23395, {0x0070, 0x1F80, 0x0100, 0x0100, 0x7FFC, 0x0540, 0x0920, 0x3118, 0xCFE6, 0x0040, 0x0080, 0xFFFE, 0x0100, 0x0100, 0x0500, 0x0200}},
  {23396, {0x0008, 0xF83C, 0x0BD0, 0x1290, 0x2290, 0x2290, 0x2A90, 0x3290, 0x2290, 0xE288, 0x2288, 0x22C8, 0x22A4, 0x24D4, 0xA492, 0x4800}},
  {23397, {0x1000, 0x1000, 0xFEFC, 0x2244, 0x6428, 0x1810, 0x2428, 0xC2C6, 0x0000, 0x3FE0, 0x0080, 0x0100, 0xFFFE, 0x0100, 0x0500, 0x0200}},
  {23398, {0x2208, 0x1108, 0x1110, 0x0020, 0x7FFE, 0x4002, 0x8004, 0x1FE0, 0x0040, 0x0180, 0xFFFE, 0x0100, 0x0100, 0x0100, 0x0500, 0x0200}},
  {23401, {0x0020, 0xFC10, 0x0410, 0x0BFE, 0x1020, 0x1042, 0x1484, 0x19F8, 0x3010, 0xD022, 0x10C4, 0x1308, 0x1010, 0x1028, 0x50C4, 0x2302}},
  {23402, {0x0200, 0x0100, 0xFFFE, 0x0440, 0x1450, 0x1448, 0x2444, 0x4444, 0x0000, 0x3FE0, 0x0080, 0x0100, 0xFFFE, 0x0100, 0x0500, 0x0200}},
  {23404, {0x7FFC, 0x0080, 0x0360, 0x0D18, 0x7104, 0x0100, 0x1000, 0x10FC, 0xFE04, 0x2208, 0x2210, 0x64FE, 0x1410, 0x0810, 0x3450, 0xC220}},
  {23408, {0x1040, 0x0840, 0xFF40, 0x0040, 0x7EF8, 0x4248, 0x7E48, 0x0148, 0x7EC8, 0x0448, 0x0868, 0x0E5A, 0xF88A, 0x088A, 0x2906, 0x1202}},
  {23409, {0x3FFC, 0x2004, 0x3FFC, 0x2000, 0x23F0, 0x2020, 0x3FFE, 0x2040, 0x20C0, 0x2FBE, 0x2104, 0x2388, 0x5E7E, 0x4208, 0x8A28, 0x0410}},
  {23411, {0x0820, 0x0440, 0x7FFC, 0x1248, 0x3CF0, 0x0820, 0x1450, 0x3EF8, 0x0000, 0x3FE0, 0x0080, 0x0100, 0xFFFE, 0x0100, 0x0500, 0x0200}},
  {23413, {0x200E, 0xCEF0, 0x8A22, 0xAA92, 0xAA54, 0xEE00, 0xAA7C, 0xAA08, 0xAA10, 0xAA10, 0xEEFE, 0xA810, 0x2810, 0x4810, 0x4850, 0x8820}},
  {23418, {0x0000, 0xFDFC, 0x0420, 0x0BFE, 0x1222, 0x11AC, 0x1420, 0x19AC, 0x3000, 0xD3FE, 0x1020, 0x11FC, 0x1154, 0x1154, 0x5154, 0x210C}},
  {23421, {0x0820, 0xFFFE, 0x2820, 0x7DFC, 0x4488, 0x7C50, 0x41FE, 0x7C20, 0x45FC, 0x7C20, 0x0000, 0x1FE0, 0x0040, 0xFFFE, 0x0100, 0x0300}},
  {23424, {0x0200, 0x0100, 0x0100, 0x7FFE, 0x4002, 0x8004, 0x0000, 0x0000, 0x0000, 0x0000, 0x0000, 0x0000, 0x0000, 0x0000, 0x0000, 0x0000}},
  {23425, {0x0200, 0x0100, 0x0100, 0x7FFE, 0x4002, 0x8004, 0x0000, 0x3FF8, 0x0100, 0x0100, 0x0100, 0x0100, 0x0100, 0x0100, 0x0500, 0x0200}},
  {23427, {0x0200, 0x0100, 0x7FFE, 0x4002, 0x8004, 0x0800, 0x0808, 0x0830, 0x09C0, 0x0E00, 0x0800, 0x0804, 0x0804, 0x0804, 0x07FC, 0x0000}},
  {23428, {0x0200, 0x0100, 0x0100, 0x7FFE, 0x4002, 0x8204, 0x0200, 0x1FE0, 0x0220, 0x0220, 0x0420, 0x0420, 0x0822, 0x1022, 0x201E, 0x4000}},
  {23429, {0x0200, 0x0100, 0x7FFE, 0x4002, 0x8004, 0x0020, 0x03F0, 0x3E00, 0x0200, 0x03FC, 0xFE00, 0x0204, 0x0204, 0x0204, 0x01FC, 0x0000}},
  {23431, {0x0200, 0x0100, 0x7FFE, 0x4002, 0x8004, 0x3FF8, 0x0100, 0x0100, 0x0100, 0xFFFE, 0x0100, 0x0100, 0x0100, 0x0100, 0x0500, 0x0200}},
  {23432, {0x0200, 0x0100, 0x7FFE, 0x4002, 0x8044, 0x0040, 0x0040, 0xFFFE, 0x0040, 0x0040, 0x1040, 0x0840, 0x0840, 0x0040, 0x0140, 0x0080}},
  {23433, {0x0200, 0x0100, 0x3FFC, 0x2004, 0x4208, 0x0200, 0x0200, 0xFFFE, 0x0420, 0x0820, 0x1840, 0x0640, 0x0180, 0x0260, 0x0C10, 0x7008}},
  {23435, {0x0200, 0x0100, 0x7FFE, 0x4002, 0x8104, 0x0100, 0x0100, 0x7FFC, 0x0380, 0x0540, 0x0920, 0x1110, 0x2108, 0xC106, 0x0100, 0x0100}},
  {23436, {0x0200, 0x0100, 0x7FFE, 0x4002, 0x8004, 0x1FF0, 0x0000, 0x0000, 0x7FFC, 0x0440, 0x0440, 0x0440, 0x0844, 0x0844, 0x1044, 0x603C}},
  {23439, {0x0200, 0x0100, 0x7FFE, 0x4002, 0x8204, 0x0200, 0x7FFC, 0x0400, 0x0480, 0x0880, 0x0900, 0x1100, 0x2220, 0x4410, 0x8FF8, 0x0408}},
  {23443, {0x0200, 0x0100, 0x0100, 0x7FFE, 0x4002, 0x8104, 0x0090, 0x0890, 0x4824, 0x4842, 0x4882, 0x8902, 0x0E10, 0x1810, 0xE7F0, 0x0000}},
  {23445, {0x0200, 0x0100, 0x7FFE, 0x4002, 0x8004, 0x0000, 0x7FFC, 0x0400, 0x0400, 0x0800, 0x1FF8, 0x2808, 0xC808, 0x0808, 0x0FF8, 0x0808}},
  {23447, {0x0200, 0x0100, 0x0100, 0x7FFE, 0x4002, 0x8004, 0x1FF0, 0x0000, 0x0000, 0x7FFC, 0x0100, 0x1110, 0x1108, 0x2104, 0x4504, 0x0200}},
  {23448, {0x0200, 0x0100, 0x7FFE, 0x4002, 0x8004, 0x1FF0, 0x1010, 0x1010, 0x1FF0, 0x1000, 0x1000, 0x1FF8, 0x1008, 0x1008, 0x1FF8, 0x1008}},
  {23449, {0x0200, 0x0100, 0x7FFE, 0x4002, 0x8104, 0x0100, 0x3FF8, 0x2108, 0x2108, 0x2108, 0x3FF8, 0x2108, 0x2108, 0x2108, 0x3FF8, 0x2008}},
  {23450, {0x0200, 0x0100, 0x7FFE, 0x4002, 0x8004, 0x0000, 0x3FF8, 0x0100, 0x0100, 0x1100, 0x11F8, 0x1100, 0x1100, 0x2900, 0x47FE, 0x8000}},
  {23451, {0x0200, 0x0100, 0x7FFE, 0x4002, 0x9004, 0x1EF8, 0x1288, 0x2288, 0x2288, 0x52A8, 0x8C90, 0x0482, 0x0882, 0x1082, 0x207E, 0x4000}},
  {23452, {0x0200, 0x0100, 0x7FFE, 0x4002, 0x8004, 0x1FF0, 0x1010, 0x1010, 0x1FF0, 0x1010, 0x1010, 0x1FF0, 0x1010, 0x1010, 0xFFFE, 0x0000}},
  {23453, {0x0200, 0x0100, 0x7FFE, 0x4002, 0x8004, 0x0000, 0x7FFC, 0x0100, 0x0100, 0x0100, 0x3FF8, 0x0100, 0x0120, 0x0110, 0xFFFE, 0x0000}},
  {23454, {0x0200, 0x0100, 0x7FFE, 0x4002, 0x8884, 0x0480, 0x0480, 0x1080, 0x0880, 0x0880, 0xFFFE, 0x0140, 0x0220, 0x0410, 0x1808, 0x6004}},
  {23456, {0x0200, 0x0100, 0x7FFE, 0x4002, 0x8424, 0x0410, 0x0410, 0xFFFE, 0x0480, 0x0888, 0x0890, 0x10A0, 0x10C2, 0x2082, 0x4182, 0x867E}},
  {23457, {0x0200, 0x0100, 0x7FFE, 0x4102, 0x8104, 0x3FF8, 0x2108, 0x2108, 0x3FF8, 0x2108, 0x2108, 0x3FF8, 0x2108, 0x0100, 0x0100, 0x0100}},
  {23458, {0x0200, 0x0100, 0x7FFE, 0x4002, 0x8804, 0x0FF0, 0x1020, 0x2C40, 0x0380, 0x1C70, 0xE00E, 0x1FF0, 0x1010, 0x1010, 0x1FF0, 0x1010}},
  {23459, {0x0200, 0x0100, 0x7FFE, 0x4002, 0x8004, 0x3FF8, 0x0000, 0x1FF0, 0x1010, 0x1FF0, 0x1010, 0x1FF0, 0x1010, 0x0000, 0xFFFE, 0x0000}},
  {23460, {0x0200, 0x0100, 0x7FFE, 0x4002, 0x8004, 0x3FF8, 0x0400, 0x0820, 0x1FF0, 0x0110, 0x0100, 0x3FF8, 0x0100, 0x0100, 0xFFFE, 0x0000}},
  {23461, {0x0200, 0x0100, 0x7FFE, 0x4202, 0x8204, 0x7FF8, 0x0400, 0x0FF0, 0x1810, 0x2FF0, 0x4810, 0x8FF0, 0x0810, 0x0810, 0x0850, 0x0820}},
  {23462, {0x0200, 0x0100, 0x7FFE, 0x4002, 0x8004, 0x3FF8, 0x2100, 0x2100, 0x3FF0, 0x2010, 0x2010, 0x2010, 0x3FF0, 0x2100, 0x2100, 0x3FFC}},
  {23466, {0x0200, 0x0100, 0x7FFE, 0x4002, 0x8104, 0x1100, 0x1FF8, 0x2100, 0x0100, 0xFFFE, 0x0440, 0x0440, 0x0440, 0x0842, 0x3042, 0xC03E}},
  {23467, {0x0200, 0x0100, 0x7FFE, 0x4002, 0x8004, 0x1FF0, 0x1010, 0x1010, 0x1FF0, 0x0000, 0x3FF8, 0x2008, 0x2008, 0x2008, 0x3FF8, 0x2008}},
  {23472, {0x0200, 0x0100, 0x7FFE, 0x4202, 0x8104, 0x3FF8, 0x0000, 0x0820, 0x0440, 0xFFFE, 0x0100, 0x0100, 0x7FFC, 0x0100, 0x0100, 0x0100}},
  {23475, {0x0200, 0x0100, 0x7FFE, 0x4002, 0x8104, 0x3FF8, 0x0100, 0x1FF0, 0x0100, 0xFFFE, 0x0100, 0x1FF0, 0x1010, 0x1010, 0x1FF0, 0x1010}},
  {23476, {0x0200, 0x0100, 0x7FFE, 0x4002, 0x9FF4, 0x1010, 0x1FF0, 0x1010, 0x1FF0, 0x0400, 0xFFFE, 0x0820, 0x1C40, 0x0380, 0x0C70, 0x3008}},
  {23477, {0x0200, 0x0100, 0x7FFE, 0x4002, 0x9114, 0x0920, 0x0100, 0x1FF0, 0x1010, 0x1FF0, 0x1010, 0x1FF0, 0x1010, 0x1010, 0x1050, 0x1020}},
  {23478, {0x0200, 0x0100, 0x7FFE, 0x4002, 0x8004, 0x7FFC, 0x0200, 0x0D08, 0x7190, 0x02A0, 0x0CC0, 0x71A0, 0x0698, 0x1886, 0xE280, 0x0100}},
  {23480, {0x0200, 0x0100, 0x7FFE, 0x4002, 0x8004, 0x3FF8, 0x2000, 0x2FF0, 0x2000, 0x3FFC, 0x2488, 0x2450, 0x4420, 0x4518, 0x8606, 0x0400}},
  {23481, {0x0200, 0x0100, 0x7FFE, 0x4002, 0x8824, 0x1110, 0x2288, 0x0440, 0x0820, 0x3018, 0xDFF6, 0x1010, 0x1010, 0x1010, 0x1FF0, 0x1010}},
  {23485, {0x0200, 0x0100, 0x7FFE, 0x4002, 0x8444, 0x3FF8, 0x0440, 0x0000, 0x1FF0, 0x1010, 0x1110, 0x1110, 0x1290, 0x0482, 0x1882, 0xE07E}},
  {23486, {0x0200, 0x0100, 0x7FFE, 0x4002, 0x8074, 0x1F80, 0x1000, 0x1000, 0x1FF8, 0x1080, 0x1080, 0xFFFE, 0x0000, 0x0840, 0x1020, 0x2010}},
  {23487, {0x0200, 0x0100, 0x7FFE, 0x4002, 0x8804, 0x0FFC, 0x1040, 0x3080, 0x53F8, 0x9208, 0x1208, 0x13F8, 0x1208, 0x1208, 0x13F8, 0x1208}},
  {23490, {0x0200, 0x0100, 0x7FFE, 0x4002, 0x8804, 0x0F7C, 0x0844, 0x0844, 0xFF44, 0x0028, 0x0828, 0x2A10, 0x4910, 0x8928, 0x2844, 0x1082}},
  {23492, {0x0200, 0x0100, 0x7FFE, 0x4202, 0x8204, 0x3FF8, 0x0480, 0x0840, 0xFFFE, 0x0010, 0x1F90, 0x1090, 0x1090, 0x1F90, 0x0050, 0x0020}},
  {23493, {0x0200, 0x0100, 0x7FFE, 0x4002, 0x9FF4, 0x0100, 0x1FF0, 0x1110, 0x1110, 0x1FF0, 0x1110, 0x1110, 0x1FF0, 0x0440, 0x0820, 0x1010}},
  {23494, {0x0200, 0x0100, 0x7FFE, 0x4002, 0x8224, 0x0940, 0x2888, 0x4B14, 0x1C10, 0xE7F0, 0x0100, 0x2108, 0x2108, 0x2108, 0x3FF8, 0x0008}},
  {23495, {0x0200, 0x0100, 0x7FFE, 0x4002, 0x8024, 0x3E38, 0x0020, 0x0020, 0x7EF8, 0x1408, 0x1450, 0x1420, 0x1454, 0x2484, 0x2404, 0x43FC}},
  {23500, {0x0200, 0x0100, 0x7FFE, 0x4002, 0xBFFC, 0x0000, 0x1FF0, 0x1010, 0x1FF0, 0x0000, 0x3FF8, 0x2108, 0x3FF8, 0x2108, 0x3FF8, 0x2008}},
  {23504, {0x0200, 0x0100, 0x7FFE, 0x4002, 0x8424, 0x2420, 0x25FC, 0x3C20, 0x0420, 0x07FE, 0x7C60, 0x24B0, 0x2528, 0x2626, 0x4420, 0x8420}},
  {23506, {0x0200, 0x0100, 0x7FFE, 0x4442, 0x9FF4, 0x0440, 0x3FF8, 0x0440, 0xFFFE, 0x0820, 0x1310, 0x2088, 0xC046, 0x0600, 0x0180, 0x0040}},
  {23507, {0x0200, 0x0100, 0x7FFE, 0x4002, 0x9FF4, 0x1110, 0x1FF0, 0x1110, 0x1FF0, 0x0100, 0x3FF8, 0x2108, 0x2148, 0x2FE8, 0x2428, 0x2010}},
  {23517, {0x0100, 0x7FFE, 0x4002, 0x8004, 0x13F8, 0x1008, 0x91F8, 0x5008, 0x53F8, 0x1000, 0x37FC, 0x5404, 0x93F8, 0x1110, 0x10E0, 0x171C}},
  {23518, {0x0100, 0x7FFE, 0x4002, 0x8444, 0x3FF8, 0x0440, 0x1FF0, 0x1010, 0x1FF0, 0x1010, 0x1FF0, 0x0200, 0x7FFC, 0x0440, 0x1830, 0xE00E}},
  {23519, {0x0100, 0x7FFE, 0x4002, 0x9084, 0x1EF8, 0x2288, 0x5450, 0x2820, 0x17D8, 0x2006, 0xDFF0, 0x0100, 0x1110, 0x2108, 0x4504, 0x0200}},
  {23521, {0x0100, 0x7FFE, 0x4002, 0xBFF4, 0x0400, 0x1FF0, 0x1010, 0x1FF0, 0x1010, 0x1FF0, 0x1010, 0xFFFE, 0x0820, 0x37D8, 0xC246, 0x0CC0}},
  {23524, {0x0200, 0x0100, 0x7FFE, 0x4002, 0x85FC, 0x2420, 0x24F8, 0x3C48, 0x0448, 0x05FE, 0x7C00, 0x24FC, 0x2484, 0x2484, 0x44FC, 0x8484}},
  {23525, {0x0100, 0x7FFE, 0x4002, 0xBCFC, 0x2448, 0x1428, 0x2548, 0x06C0, 0x1830, 0xE30E, 0x0C40, 0x3180, 0x0630, 0x38C0, 0x0700, 0x3800}},
  {23528, {0x0100, 0x7FFE, 0x4442, 0x9FF4, 0x0440, 0x3FF8, 0x0440, 0xFFFE, 0x0820, 0x1110, 0x2FE8, 0xC106, 0x0920, 0x1110, 0x2508, 0x0200}},
  {23534, {0x0100, 0x7FFE, 0x4002, 0x8104, 0x7FFC, 0x0440, 0x2828, 0x1FF0, 0x2828, 0xCFE6, 0x0820, 0x0FE0, 0x0100, 0x1110, 0x2508, 0x0200}},
  {23536, {0x0100, 0x7FFE, 0x4002, 0xBFFC, 0x2448, 0x3FF8, 0x0000, 0xFFFE, 0x0000, 0x1FF0, 0x1010, 0x1FF0, 0x0508, 0x1890, 0xEA60, 0x0C1C}},
  {23544, {0x0040, 0x0040, 0x0040, 0x0040, 0xFFFE, 0x0040, 0x0040, 0x0040, 0x1040, 0x0840, 0x0840, 0x0040, 0x0040, 0x0040, 0x0140, 0x0080}},
  {23545, {0x0010, 0x0010, 0x0010, 0x7E10, 0x02FE, 0x0210, 0x2410, 0x1490, 0x0850, 0x0850, 0x1410, 0x1210, 0x2210, 0x4010, 0x0050, 0x0020}},
  {23546, {0x0100, 0x0100, 0x0100, 0x3FF8, 0x0100, 0x0100, 0xFFFE, 0x0020, 0x0020, 0x7FFC, 0x0820, 0x0420, 0x0420, 0x0020, 0x00A0, 0x0040}},
  {23547, {0x0000, 0x3FF8, 0x0008, 0x0008, 0x1FF8, 0x0008, 0x0008, 0x3FF8, 0x0020, 0x0020, 0xFFFE, 0x0820, 0x0420, 0x0420, 0x00A0, 0x0040}},
  {23548, {0x0000, 0x3FF0, 0x2010, 0x2010, 0x3FF0, 0x2004, 0x2004, 0x1FFC, 0x0020, 0x0020, 0xFFFE, 0x0820, 0x0420, 0x0420, 0x00A0, 0x0040}},
  {23551, {0x0200, 0x0200, 0x7FFC, 0x0200, 0x3FF8, 0x0400, 0xFFFE, 0x0820, 0x0820, 0x1FFC, 0x1020, 0x2420, 0x4220, 0x8220, 0x00A0, 0x0040}},
  {23553, {0x0808, 0x0808, 0x0808, 0x7F08, 0x087E, 0x0808, 0xFF08, 0x0048, 0x0828, 0x0828, 0x7F08, 0x0808, 0x0808, 0x0F08, 0xF028, 0x4010}},
  {23556, {0x0808, 0x1008, 0x3E08, 0x2208, 0x3EFE, 0x2208, 0x3E08, 0x2208, 0x2248, 0xFE28, 0x0628, 0x0A08, 0x1208, 0x2208, 0x4A28, 0x0410}},
  {23558, {0x0880, 0x08F8, 0x0908, 0x4A10, 0x28A0, 0x2840, 0x0890, 0x0B10, 0x1810, 0x2BFE, 0xC810, 0x0910, 0x0890, 0x0810, 0x0850, 0x0820}},
  {23561, {0x0004, 0x3F84, 0x2084, 0x2084, 0x3FBE, 0x2004, 0x2F84, 0x2024, 0x2014, 0x3FD4, 0x2204, 0x2A84, 0x4A44, 0x5244, 0x8A14, 0x0408}},
  {23562, {0x0820, 0x0440, 0xFFFE, 0x0440, 0x3FF8, 0x2848, 0x3038, 0x27C8, 0x2008, 0x3FF8, 0x0020, 0xFFFE, 0x0820, 0x0420, 0x04A0, 0x0040}},
  {23567, {0x0100, 0x0100, 0x0100, 0x0100, 0x0100, 0x1110, 0x1108, 0x1104, 0x2104, 0x2102, 0x4102, 0x8102, 0x0100, 0x0100, 0x0500, 0x0200}},
  {23569, {0x0100, 0x0100, 0x0100, 0x0920, 0x0910, 0x1108, 0x1104, 0x2114, 0x4110, 0x0120, 0x0040, 0x0080, 0x0100, 0x0200, 0x0C00, 0x7000}},
  {23572, {0x0800, 0x0800, 0x0800, 0x1FFC, 0x1004, 0x2108, 0x4100, 0x8100, 0x0100, 0x1110, 0x1108, 0x2104, 0x4102, 0x8102, 0x0500, 0x0200}},
  {23573, {0x0000, 0x3FF0, 0x0810, 0x0820, 0x083C, 0x1004, 0x1004, 0x2114, 0x4108, 0x0920, 0x0910, 0x1108, 0x2104, 0x4104, 0x0500, 0x0200}},
  {23574, {0x0100, 0x0100, 0x0920, 0x0910, 0x1108, 0x2104, 0x4104, 0x0000, 0x0100, 0x0100, 0xFFFE, 0x0280, 0x0440, 0x0820, 0x3018, 0xC006}},
  {23576, {0x0100, 0x0100, 0x0920, 0x0910, 0x1108, 0x2104, 0x4104, 0x0000, 0x0100, 0x0100, 0x3FF8, 0x0100, 0x0100, 0x0100, 0xFFFE, 0x0000}},
  {23578, {0x0100, 0x2108, 0x1110, 0x0920, 0x0100, 0x3FF8, 0x2008, 0x2008, 0x27C8, 0x2448, 0x2448, 0x2448, 0x27C8, 0x2008, 0x2028, 0x2010}},
  {23580, {0x0100, 0x0920, 0x1110, 0x2108, 0x0000, 0x0100, 0xFFFE, 0x0280, 0x0C60, 0x3018, 0xC106, 0x0920, 0x0910, 0x1108, 0x2508, 0x0200}},
  {23581, {0x0100, 0x1110, 0x0920, 0x0100, 0x7FFE, 0x4002, 0x8004, 0x1FF0, 0x0000, 0x0000, 0x7FFC, 0x0400, 0x0820, 0x1010, 0x3FF8, 0x1008}},
  {23586, {0x0400, 0x0400, 0x0400, 0x0400, 0xFFFE, 0x0480, 0x0480, 0x0480, 0x0480, 0x0880, 0x0880, 0x1082, 0x1082, 0x2082, 0x407E, 0x8000}},
  {23588, {0x0420, 0x0410, 0x0410, 0x0400, 0xFFFE, 0x0480, 0x0480, 0x0480, 0x0480, 0x0880, 0x0880, 0x1082, 0x1082, 0x2082, 0x407E, 0x8000}},
  {23589, {0x2080, 0x2080, 0x2080, 0x21F8, 0xFD08, 0x2A08, 0x2888, 0x2848, 0x2848, 0x2808, 0x2808, 0x2850, 0x2822, 0x4802, 0x47FE, 0x8000}},
  {23591, {0x0200, 0x0200, 0x02FC, 0x7F20, 0x0140, 0x0084, 0x0764, 0x381C, 0x0000, 0xFFFE, 0x0440, 0x0440, 0x0440, 0x0842, 0x3042, 0xC03E}},
  {23596, {0x2020, 0x2020, 0x2050, 0x2088, 0xFD04, 0x2A02, 0x2888, 0x2888, 0x2888, 0x2888, 0x2908, 0x2908, 0x2A0A, 0x4802, 0x47FE, 0x8000}},
  {23601, {0x2040, 0x1050, 0xFE48, 0x0048, 0x0040, 0x7DFE, 0x4450, 0x4450, 0x4450, 0x7C50, 0x1090, 0x5490, 0x9292, 0x1112, 0x510E, 0x2200}},
  {23604, {0x2090, 0x2290, 0x22BC, 0x22D0, 0xFE88, 0x2A88, 0x2800, 0x2BF8, 0x2AA8, 0x2AA8, 0x2AA8, 0x2FFE, 0x2802, 0x4802, 0x47FE, 0x8000}},
  {23608, {0x0000, 0x1FF8, 0x1008, 0x1008, 0x1008, 0x1008, 0x1FF8, 0x1008, 0x1000, 0x1000, 0x1000, 0x1000, 0x2000, 0x2000, 0x4000, 0x8000}},
  {23609, {0x0000, 0x0000, 0x3FF0, 0x0410, 0x0410, 0xFFFE, 0x0410, 0x0410, 0x3FF0, 0x0410, 0x0400, 0x0800, 0x0800, 0x1000, 0x2000, 0x4000}},
  {23610, {0x0000, 0x1FF8, 0x1008, 0x1008, 0x1008, 0x1008, 0x1FF8, 0x1080, 0x1080, 0x1080, 0x1040, 0x1040, 0x2020, 0x2010, 0x4008, 0x8006}},
  {23611, {0x0000, 0x3FF8, 0x2008, 0x2008, 0x3FF8, 0x2100, 0x2100, 0x2FE0, 0x2120, 0x2120, 0x2220, 0x2220, 0x4422, 0x4422, 0x881E, 0x1000}},
  {23612, {0x0000, 0x1FFC, 0x1004, 0x1004, 0x1004, 0x1FFC, 0x1000, 0x1200, 0x120C, 0x1230, 0x13C0, 0x1202, 0x2202, 0x2202, 0x41FE, 0x8000}},
  {23613, {0x0000, 0x1FF8, 0x1008, 0x1008, 0x1008, 0x1FF8, 0x1048, 0x1040, 0x1020, 0x2310, 0x2088, 0x4006, 0x8C00, 0x0300, 0x0080, 0x0040}},
  {23614, {0x0000, 0x3FFC, 0x2004, 0x2004, 0x3FFC, 0x2000, 0x20F0, 0x2F00, 0x2100, 0x21F0, 0x2F00, 0x2100, 0x21F8, 0x5F02, 0x4102, 0x80FE}},
  {23615, {0x0000, 0x3FF8, 0x2008, 0x2008, 0x3FF8, 0x2080, 0x2080, 0x2088, 0x2ED0, 0x22E0, 0x22A0, 0x24A0, 0x4490, 0x4888, 0x9284, 0x0100}},
  {23616, {0x0000, 0x3FF8, 0x2008, 0x2008, 0x3FF8, 0x2000, 0x2000, 0x3FFC, 0x2004, 0x27E4, 0x2424, 0x2424, 0x47E4, 0x4004, 0x8028, 0x0010}},
  {23617, {0x0000, 0x3FF8, 0x2008, 0x2008, 0x3FF8, 0x2000, 0x2840, 0x2840, 0x2844, 0x2F48, 0x2850, 0x2860, 0x4844, 0x4944, 0x8A44, 0x0C3C}},
  {23618, {0x0000, 0x3FFC, 0x2004, 0x2004, 0x3FFC, 0x2000, 0x2000, 0x2FFC, 0x2000, 0x2000, 0x3FFE, 0x2100, 0x2210, 0x4408, 0x4FFC, 0x8404}},
  {23621, {0x0000, 0x3FF8, 0x2008, 0x2008, 0x3FF8, 0x2080, 0x2080, 0x3FFE, 0x2080, 0x2080, 0x2FF8, 0x2808, 0x4808, 0x4808, 0x8FF8, 0x0808}},
  {23624, {0x0000, 0x3FF8, 0x2008, 0x2008, 0x3FF8, 0x2080, 0x2888, 0x2888, 0x2888, 0x2FF8, 0x2080, 0x3084, 0x5084, 0x5084, 0x9FFC, 0x0004}},
  {23625, {0x0000, 0x3FF8, 0x2008, 0x2008, 0x3FF8, 0x2090, 0x2490, 0x2490, 0x2490, 0x3FFC, 0x2490, 0x2490, 0x44F0, 0x4400, 0x8400, 0x07FE}},
  {23626, {0x0000, 0x3FF8, 0x2008, 0x2008, 0x3FF8, 0x2080, 0x2080, 0x2080, 0x2FF8, 0x2888, 0x2888, 0x2FF8, 0x4888, 0x4888, 0x8FF8, 0x0808}},
  {23627, {0x0000, 0x3FFC, 0x2004, 0x2004, 0x3FFC, 0x2000, 0x2FFC, 0x2100, 0x2210, 0x27F8, 0x2088, 0x2080, 0x2FFC, 0x4080, 0x4080, 0xBFFE}},
  {23630, {0x0000, 0x3FFC, 0x2004, 0x2004, 0x3FFC, 0x2080, 0x2490, 0x22A0, 0x2080, 0x3FFC, 0x21C0, 0x22A0, 0x2490, 0x4888, 0x5086, 0x8080}},
  {23631, {0x0000, 0x3FF8, 0x2008, 0x2008, 0x3FF8, 0x2410, 0x2220, 0x2FF8, 0x2220, 0x2220, 0x3FFC, 0x2220, 0x4220, 0x4420, 0x8420, 0x0820}},
  {23632, {0x0000, 0x3FFC, 0x2004, 0x3FFC, 0x2020, 0x2420, 0x29FE, 0x3020, 0x2220, 0x25FC, 0x2C84, 0x3488, 0x4450, 0x4420, 0x84D8, 0x0706}},
  {23633, {0x0000, 0x3FF8, 0x2008, 0x2008, 0x3FF8, 0x2080, 0x2490, 0x22A0, 0x2FF8, 0x2808, 0x2FF8, 0x2808, 0x4FF8, 0x4808, 0x8828, 0x0810}},
  {23637, {0x3FFC, 0x2004, 0x2004, 0x3FFC, 0x2220, 0x2220, 0x3FFC, 0x2220, 0x2220, 0x3FFC, 0x2440, 0x2444, 0x2428, 0x4510, 0x4608, 0x8406}},
  {23641, {0x0000, 0x3FFC, 0x2004, 0x3FFC, 0x2000, 0x2EFC, 0x2A08, 0x2AE8, 0x2CA8, 0x2AA8, 0x2AA8, 0x2AE8, 0x4AA8, 0x4E08, 0x8828, 0x0810}},
  {23646, {0x0000, 0x3FFC, 0x2004, 0x3FFC, 0x2000, 0x2FF8, 0x2080, 0x2FF8, 0x2888, 0x2FF8, 0x2080, 0x3FFC, 0x5094, 0x57F4, 0x9014, 0x1008}},
  {23648, {0x0000, 0x3FFC, 0x2004, 0x3FFC, 0x2080, 0x2088, 0x27F0, 0x20A0, 0x3FFE, 0x2080, 0x23F8, 0x2608, 0x5BF8, 0x4208, 0x83F8, 0x0208}},
  {23649, {0x3FFC, 0x2004, 0x3FFC, 0x2490, 0x22A0, 0x3FFC, 0x22A0, 0x2490, 0x2888, 0x2100, 0x3FFC, 0x2210, 0x4720, 0x40C0, 0x8330, 0x0C08}},
  {23651, {0x3FFC, 0x2004, 0x3FFC, 0x2210, 0x2410, 0x289C, 0x3090, 0x2290, 0x25FE, 0x2C10, 0x3490, 0x249C, 0x4490, 0x4550, 0x863E, 0x0400}},
  {23653, {0x3FFC, 0x2004, 0x3FFC, 0x2100, 0x29FE, 0x3200, 0x21FC, 0x2504, 0x29FC, 0x3904, 0x29FC, 0x2880, 0x49FC, 0x4A88, 0x8870, 0x0B8E}},
  {23654, {0x0000, 0x3FFC, 0x2004, 0x3FFC, 0x2000, 0x2524, 0x28A8, 0x31FC, 0x24A8, 0x2924, 0x3840, 0x2BFE, 0x4888, 0x4990, 0x8870, 0x0B8C}},
  {23662, {0x0100, 0x0100, 0x2108, 0x2108, 0x2108, 0x2108, 0x2108, 0x3FF8, 0x0108, 0x0100, 0x0100, 0x0100, 0x0100, 0x0100, 0x0100, 0x0100}},
  {23663, {0x0100, 0x0100, 0x0100, 0xFFFE, 0x0100, 0x2108, 0x2108, 0x2108, 0x2108, 0x3FF8, 0x0100, 0x0102, 0x0102, 0x0102, 0x00FE, 0x0000}},
  {23665, {0x0100, 0x0100, 0x0100, 0x0100, 0x2108, 0x2108, 0x2108, 0x2108, 0x2108, 0x2108, 0x2108, 0x2108, 0x2108, 0x3FF8, 0x0008, 0x0000}},
  {23673, {0x1040, 0x1040, 0x1080, 0x10FE, 0x5500, 0x5600, 0x54FC, 0x5408, 0x5410, 0x5420, 0x5440, 0x5C80, 0x6502, 0x0102, 0x00FE, 0x0000}},
  {23674, {0x1000, 0x1000, 0x11F8, 0x1008, 0x5408, 0x5408, 0x5408, 0x55F8, 0x5508, 0x5500, 0x5500, 0x5D00, 0x6502, 0x0102, 0x00FE, 0x0000}},
  {23679, {0x1040, 0x1040, 0x1040, 0x107E, 0x5440, 0x5480, 0x5480, 0x54FC, 0x5404, 0x5404, 0x5404, 0x5DF4, 0x6404, 0x0004, 0x0028, 0x0010}},
  {23681, {0x0080, 0x1084, 0x1084, 0x1084, 0x1FFC, 0x0100, 0x0100, 0x03F8, 0x0408, 0x0A08, 0x1110, 0x00A0, 0x0040, 0x0180, 0x0E00, 0x7000}},
  {23682, {0x0100, 0x2108, 0x2108, 0x2108, 0x3FF8, 0x0000, 0x0000, 0x3FF0, 0x0010, 0x0010, 0x0010, 0x3FF0, 0x2000, 0x2004, 0x2004, 0x1FFC}},
  {23688, {0x1000, 0x11FE, 0x1008, 0x1088, 0x5488, 0x5488, 0x5508, 0x55FE, 0x5418, 0x5428, 0x5448, 0x5C88, 0x6508, 0x0208, 0x0028, 0x0010}},
  {23692, {0x0100, 0x2108, 0x2108, 0x3FF8, 0x0000, 0x3FF0, 0x0820, 0x0840, 0x0CF8, 0x0A08, 0x1110, 0x10A0, 0x2040, 0x20A0, 0x4318, 0x8C06}},
  {23693, {0x1000, 0x11FC, 0x1088, 0x1088, 0x5488, 0x5488, 0x5488, 0x57FE, 0x5488, 0x5488, 0x5488, 0x5C88, 0x6488, 0x0108, 0x0108, 0x0208}},
  {23696, {0x1020, 0x1020, 0x1020, 0x13FE, 0x5420, 0x5420, 0x5420, 0x55FC, 0x5484, 0x5488, 0x5448, 0x5C50, 0x6420, 0x0050, 0x0188, 0x0606}},
  {23697, {0x0100, 0x2108, 0x2108, 0x3FF8, 0x0100, 0x0280, 0x0440, 0x0A20, 0x3118, 0xC106, 0x1FE0, 0x0020, 0x0040, 0x0040, 0x0080, 0x0100}},
  {23700, {0x0440, 0x0820, 0x1010, 0x2FE8, 0xC426, 0x0420, 0x0820, 0x10A0, 0x6040, 0x0100, 0x0100, 0x2108, 0x2108, 0x2108, 0x3FF8, 0x0008}},
  {23702, {0x1000, 0x11FE, 0x1100, 0x1104, 0x5544, 0x5528, 0x5528, 0x5510, 0x5510, 0x5528, 0x5528, 0x5D44, 0x6584, 0x0100, 0x01FE, 0x0000}},
  {23703, {0x0100, 0x2108, 0x2108, 0x3FF8, 0x0000, 0x3FF8, 0x2008, 0x2048, 0x2448, 0x2288, 0x2108, 0x2288, 0x2448, 0x2808, 0x2028, 0x2010}},
  {23704, {0x1000, 0x11FC, 0x1104, 0x1104, 0x5524, 0x5524, 0x5524, 0x5524, 0x5524, 0x5554, 0x5450, 0x5C90, 0x6490, 0x0112, 0x0212, 0x040E}},
  {23705, {0x0010, 0x00F8, 0x3F00, 0x0100, 0x0200, 0x7FFC, 0x0440, 0x0820, 0x3018, 0xC106, 0x0100, 0x2108, 0x2108, 0x2108, 0x3FF8, 0x0008}},
  {23706, {0x0100, 0x2108, 0x2108, 0x3FF8, 0x0000, 0x1FF0, 0x1010, 0x1050, 0x1450, 0x1290, 0x1110, 0x1292, 0x244A, 0x284A, 0x4006, 0x8002}},
  {23707, {0x0100, 0x0200, 0x1FF0, 0x1010, 0x1210, 0x1150, 0x1020, 0x1000, 0x1FFC, 0x0204, 0x2224, 0x2224, 0x3FE4, 0x0004, 0x0028, 0x0010}},
  {23708, {0x0100, 0x2108, 0x2108, 0x3FF8, 0x0000, 0x3FF8, 0x2108, 0x2108, 0x2108, 0x3FF8, 0x2000, 0x2002, 0x2002, 0x2002, 0x1FFE, 0x0000}},
  {23714, {0x0100, 0x2108, 0x2108, 0x3FF8, 0x0000, 0x0000, 0xFFFE, 0x0010, 0x0010, 0x1F90, 0x1090, 0x1090, 0x1F90, 0x0010, 0x0050, 0x0020}},
  {23715, {0x1080, 0x1080, 0x1100, 0x11FC, 0x5604, 0x5404, 0x55E4, 0x5524, 0x5524, 0x5524, 0x55E4, 0x5D24, 0x6404, 0x0004, 0x0028, 0x0010}},
  {23721, {0x0100, 0x2108, 0x2108, 0x2108, 0x3FF8, 0x0000, 0x0000, 0x7FFC, 0x0400, 0x0400, 0x0FF8, 0x1808, 0x2808, 0xC808, 0x0FF8, 0x0808}},
  {23723, {0x1020, 0x1020, 0x1020, 0x1020, 0x55FC, 0x5524, 0x5524, 0x5524, 0x5524, 0x55FC, 0x5524, 0x5D24, 0x6524, 0x0124, 0x01FC, 0x0104}},
  {23724, {0x1000, 0x11FC, 0x1124, 0x1124, 0x5524, 0x55FC, 0x5524, 0x5524, 0x5524, 0x55FC, 0x5524, 0x5C20, 0x6420, 0x0020, 0x0020, 0x0020}},
  {23725, {0x1020, 0x1020, 0x1050, 0x1050, 0x5488, 0x5524, 0x5612, 0x5410, 0x55FC, 0x5404, 0x5408, 0x5C88, 0x6450, 0x0020, 0x0010, 0x0010}},
  {23729, {0x0890, 0x0888, 0x1080, 0x309E, 0x57E0, 0x9080, 0x1044, 0x1034, 0x110C, 0x0100, 0x2108, 0x2108, 0x2108, 0x2108, 0x3FF8, 0x0008}},
  {23731, {0x0070, 0x1F80, 0x1000, 0x1000, 0x1FF8, 0x1080, 0x1080, 0x1080, 0xFFFE, 0x0100, 0x0100, 0x2108, 0x2108, 0x2108, 0x3FF8, 0x0008}},
  {23733, {0x1020, 0x1020, 0x1020, 0x1020, 0x55FE, 0x5420, 0x5420, 0x5420, 0x55FC, 0x5504, 0x5504, 0x5D04, 0x6504, 0x0104, 0x01FC, 0x0104}},
  {23735, {0x1000, 0x11FC, 0x1104, 0x1104, 0x5504, 0x55FC, 0x5520, 0x5520, 0x55FE, 0x5520, 0x5520, 0x5D10, 0x6512, 0x014A, 0x0186, 0x0102}},
  {23736, {0x0100, 0x2108, 0x2108, 0x3FF8, 0x0000, 0x3FFC, 0x2000, 0x2FF8, 0x2080, 0x2080, 0x3FFE, 0x2080, 0x4080, 0x4080, 0x8080, 0x0080}},
  {23741, {0x0100, 0x2108, 0x2108, 0x3FF8, 0x0200, 0x0200, 0x7FFC, 0x0400, 0x0900, 0x1100, 0x3FF8, 0x0100, 0x1110, 0x2108, 0x4504, 0x0200}},
  {23743, {0x0100, 0x2108, 0x2108, 0x3FF8, 0x0000, 0x0800, 0x4BF8, 0x4808, 0x4808, 0x4808, 0x49F8, 0x4808, 0x4808, 0x1008, 0x13F8, 0x2008}},
  {23745, {0x0100, 0x2108, 0x2108, 0x3FF8, 0x0000, 0x0C00, 0x70FC, 0x4084, 0x4484, 0x4484, 0x5C84, 0x6494, 0x4888, 0x0880, 0x1080, 0x6080}},
  {23748, {0x1000, 0x13FC, 0x1104, 0x1088, 0x5450, 0x5420, 0x54D8, 0x5726, 0x5420, 0x55FC, 0x5420, 0x5C20, 0x67FE, 0x0020, 0x0020, 0x0020}},
  {23755, {0x1080, 0x1080, 0x11FC, 0x1104, 0x5604, 0x55E4, 0x5524, 0x5524, 0x55E4, 0x5524, 0x5524, 0x5DE4, 0x6504, 0x0004, 0x0028, 0x0010}},
  {23762, {0x1000, 0x11FE, 0x1102, 0x1102, 0x557A, 0x5502, 0x5502, 0x557A, 0x554A, 0x554A, 0x554A, 0x5D7A, 0x6502, 0x0102, 0x010A, 0x0104}},
  {23769, {0x1020, 0x1020, 0x1020, 0x11FC, 0x5420, 0x5420, 0x57FE, 0x5408, 0x5408, 0x55FE, 0x5408, 0x5C88, 0x6448, 0x0008, 0x0028, 0x0010}},
  {23777, {0x1020, 0x1020, 0x1020, 0x11FC, 0x5420, 0x5524, 0x54A4, 0x54A8, 0x5420, 0x57FE, 0x5450, 0x5C50, 0x6488, 0x0088, 0x0104, 0x0202}},
  {23780, {0x1008, 0x103C, 0x11E0, 0x1020, 0x5420, 0x57FE, 0x5450, 0x5488, 0x5504, 0x568A, 0x5488, 0x5C88, 0x6488, 0x0108, 0x0108, 0x0208}},
  {23781, {0x1080, 0x1080, 0x10F8, 0x1108, 0x5610, 0x55FC, 0x5424, 0x5424, 0x55FE, 0x5424, 0x5424, 0x5DFC, 0x6424, 0x0020, 0x00A0, 0x0040}},
  {23782, {0x0200, 0x0100, 0xFFFE, 0x0440, 0x1450, 0x1448, 0x2444, 0x4444, 0x0100, 0x0100, 0x2108, 0x2108, 0x2108, 0x2108, 0x3FF8, 0x0008}},
  {23784, {0x1010, 0x10D8, 0x1394, 0x1094, 0x5490, 0x57FE, 0x5490, 0x5494, 0x5494, 0x54D8, 0x5798, 0x5C90, 0x64AA, 0x00CA, 0x0286, 0x0102}},
  {23786, {0x1000, 0x1050, 0x1048, 0x1084, 0x5524, 0x5420, 0x5450, 0x5488, 0x5506, 0x56F8, 0x5488, 0x5C88, 0x6488, 0x0088, 0x00F8, 0x0088}},
  {23789, {0x1020, 0x1124, 0x10A4, 0x10A8, 0x5420, 0x55FC, 0x5504, 0x5504, 0x55FC, 0x5504, 0x5504, 0x5DFC, 0x6504, 0x0104, 0x0114, 0x0108}},
  {23792, {0x1040, 0x1040, 0x10FC, 0x1088, 0x5550, 0x5420, 0x54D8, 0x5726, 0x54F8, 0x5420, 0x54F8, 0x5C20, 0x67FE, 0x0020, 0x0020, 0x0020}},
  {23803, {0x2040, 0x2040, 0x2088, 0x2104, 0xABFE, 0xA802, 0xA888, 0xA944, 0xAA42, 0xA8F8, 0xA988, 0xBA50, 0xC820, 0x0050, 0x0188, 0x0606}},
  {23810, {0x2088, 0x2088, 0x23FE, 0x2088, 0xA800, 0xABFE, 0xAA02, 0xAC44, 0xA840, 0xABFC, 0xA844, 0xB884, 0xC884, 0x0104, 0x0228, 0x0410}},
  {23811, {0x2040, 0x2040, 0x2040, 0x27FC, 0xA840, 0xAA48, 0xA948, 0xA950, 0xAFFE, 0xA8E0, 0xA950, 0xB950, 0xCA48, 0x0444, 0x0842, 0x0040}},
  {23814, {0x2040, 0x2020, 0x2020, 0x23FE, 0xAA02, 0xAC94, 0xA908, 0xAA04, 0xA800, 0xA9FC, 0xA820, 0xB820, 0xC820, 0x0020, 0x07FE, 0x0000}},
  {23815, {0x0100, 0x2108, 0x2108, 0x3FF8, 0x0200, 0x0100, 0x7FFE, 0x4002, 0x9FF4, 0x0000, 0x7FFC, 0x0100, 0x1110, 0x2108, 0x4504, 0x0200}},
  {23822, {0x1020, 0x1020, 0x11FC, 0x1050, 0x5488, 0x5504, 0x57FE, 0x5408, 0x55E8, 0x5528, 0x5528, 0x5DE8, 0x6528, 0x0008, 0x0028, 0x0010}},
  {23828, {0x0100, 0x4104, 0x7FFC, 0x0900, 0x0880, 0x1FFC, 0x1080, 0x3080, 0x5FF8, 0x9080, 0x1080, 0x1FF8, 0x1080, 0x1080, 0x1FFC, 0x1000}},
  {23830, {0x0100, 0x2108, 0x2108, 0x3FF8, 0x0000, 0x3FFC, 0x2080, 0x2FF8, 0x2080, 0x3FFC, 0x2000, 0x2080, 0x4FF8, 0x4080, 0x9FFE, 0x0000}},
  {23835, {0x2000, 0x23FE, 0x2202, 0x2202, 0xABFE, 0xAA10, 0xAA92, 0xAA92, 0xAA92, 0xAAFE, 0xAA10, 0xBA92, 0xCA92, 0x0492, 0x04FE, 0x0802}},
  {23838, {0x2040, 0x2020, 0x23FE, 0x2000, 0xA9FC, 0xA904, 0xA9FC, 0xA800, 0xA9FC, 0xA808, 0xA810, 0xBBFE, 0xC820, 0x0020, 0x00A0, 0x0040}},
  {23844, {0x2184, 0x2068, 0x2030, 0x20C8, 0xAB24, 0xA820, 0xABFE, 0xA840, 0xA8FC, 0xA984, 0xAAFC, 0xB884, 0xC8FC, 0x0084, 0x0094, 0x0088}},
  {23846, {0x2040, 0x2080, 0x27FE, 0x2110, 0xAA48, 0xAC46, 0xABF8, 0xAA48, 0xAA48, 0xABF8, 0xAA48, 0xBA48, 0xCBF8, 0x0042, 0x0042, 0x003E}},
  {23847, {0x0100, 0x2108, 0x2108, 0x3FF8, 0x1010, 0x1090, 0x1090, 0xFD08, 0x3148, 0x3A44, 0x5442, 0x5090, 0x9088, 0x1108, 0x13FC, 0x1104}},
  {23849, {0x0100, 0x2108, 0x2108, 0x3FF8, 0x0000, 0x3E7C, 0x2244, 0x2244, 0x3E7C, 0x2244, 0x2244, 0x3E7C, 0x2244, 0x2244, 0x4A94, 0x8508}},
  {23853, {0x0100, 0x2108, 0x2108, 0x3FF8, 0x1000, 0x100C, 0xFEF0, 0x2080, 0x4880, 0x7EFE, 0x0888, 0x0E88, 0xF888, 0x4908, 0x0908, 0x0A08}},
  {23854, {0x0100, 0x2108, 0x2108, 0x3FF8, 0x0000, 0x3FF8, 0x2108, 0x2108, 0x2FE8, 0x2108, 0x27C8, 0x2448, 0x27C8, 0x2008, 0x3FF8, 0x2008}},
  {23860, {0x0100, 0x2108, 0x2108, 0x3FF8, 0x0028, 0x0024, 0x3FFE, 0x2020, 0x2FA4, 0x2224, 0x2FA8, 0x2498, 0x2D12, 0x422A, 0x4546, 0x8882}},
  {23869, {0x0100, 0x2108, 0x2108, 0x3FF8, 0x0000, 0x1FF0, 0x1110, 0x1110, 0x1FF0, 0x1110, 0x1110, 0x1FF0, 0x0100, 0x4884, 0x4812, 0x87F2}},
  {23870, {0x2000, 0x23FE, 0x2050, 0x2050, 0xABFE, 0xAA52, 0xAA52, 0xABFE, 0xA800, 0xA840, 0xAFFE, 0xB888, 0xC990, 0x0060, 0x00D8, 0x0304}},
  {23879, {0x0848, 0x1C44, 0xF040, 0x13FE, 0x1050, 0xFC50, 0x1092, 0x3892, 0x350E, 0x5420, 0x5020, 0x9124, 0x1124, 0x1124, 0x11FC, 0x1004}},
  {23882, {0x2038, 0x23C0, 0x2040, 0x27FC, 0xA950, 0xA954, 0xAF58, 0xA954, 0xAB54, 0xAD4C, 0xA8E0, 0xB950, 0xCA48, 0x0444, 0x0842, 0x0040}},
  {23883, {0x1000, 0x11FE, 0x1112, 0x1112, 0x55FE, 0x5500, 0x557E, 0x5542, 0x5542, 0x557E, 0x5542, 0x5D7E, 0x6242, 0x0242, 0x047E, 0x0842}},
  {23884, {0x0100, 0x2108, 0x2108, 0x3FF8, 0x0020, 0x2220, 0x223E, 0xFF42, 0x2294, 0x2210, 0x3E10, 0x2210, 0x2228, 0x3E28, 0x2244, 0x0082}},
  {23896, {0x2088, 0x2088, 0x23FE, 0x2088, 0xA800, 0xABFE, 0xAA02, 0xAC24, 0xA820, 0xABFE, 0xA870, 0xB8A8, 0xC8A8, 0x0124, 0x0222, 0x0020}},
  {23899, {0x0100, 0x2108, 0x2108, 0x3FF8, 0x0280, 0x0C60, 0x37D8, 0xC006, 0x3E08, 0x2248, 0x3E48, 0x2248, 0x3E48, 0x2208, 0x2228, 0x2610}},
  {23901, {0x2020, 0x2124, 0x20A8, 0x2020, 0xABFE, 0xA8A8, 0xA924, 0xAA02, 0xA840, 0xAFFE, 0xA888, 0xB908, 0xC990, 0x0060, 0x0198, 0x0604}},
  {23913, {0x0100, 0x4104, 0x7FFC, 0x0200, 0xFFFE, 0x0000, 0x1FF0, 0x1010, 0x1FF0, 0x0000, 0x7FFC, 0x4004, 0x4FE4, 0x4824, 0x4FE4, 0x400C}},
  {23915, {0x2084, 0x2044, 0x2048, 0x23FE, 0xA884, 0xA884, 0xA908, 0xA94A, 0xAA52, 0xAB9C, 0xA884, 0xB908, 0xC908, 0x0252, 0x03DE, 0x0042}},
  {23916, {0x0100, 0x2108, 0x2108, 0x3FF8, 0x0200, 0x0400, 0x3FF8, 0x2108, 0x3FF8, 0x2108, 0x3FF8, 0x0290, 0x04A8, 0x08FA, 0x308A, 0xC07E}},
  {23919, {0x1108, 0x1088, 0x1090, 0x13FC, 0x5440, 0x55F8, 0x5440, 0x57FE, 0x5480, 0x5500, 0x55FC, 0x5E20, 0x6420, 0x0820, 0x03FE, 0x0000}},
  {23924, {0x2040, 0x2248, 0x2150, 0x2248, 0xACA4, 0xA918, 0xAE06, 0xABF8, 0xAA08, 0xABF8, 0xAA08, 0xBBF8, 0xCA08, 0x0208, 0x0228, 0x0210}},
  {23938, {0x1020, 0x11FC, 0x1088, 0x1050, 0x57FE, 0x5400, 0x55FC, 0x5504, 0x55FC, 0x5504, 0x55FC, 0x5C20, 0x67FE, 0x0020, 0x0020, 0x0020}},
  {23961, {0x2020, 0x2124, 0x20A8, 0x23FE, 0xA8A8, 0xA924, 0xAA22, 0xA904, 0xA904, 0xA9DE, 0xAA44, 0xBD54, 0xC89E, 0x0104, 0x0204, 0x0404}},
  {23965, {0x2020, 0x27A4, 0x20A8, 0x2292, 0xA914, 0xAA08, 0xADF4, 0xA802, 0xABF8, 0xAA08, 0xAA08, 0xBBF8, 0xCA08, 0x0110, 0x0FFE, 0x0000}},
  {23991, {0x0100, 0x4104, 0x7FFC, 0x0000, 0x247C, 0x3A04, 0x2228, 0x1E10, 0x20FE, 0x3E12, 0x4850, 0x085E, 0x7F50, 0x14B0, 0x229E, 0x4100}},
  {24005, {0x2108, 0x3FF8, 0x0800, 0x7EFE, 0x0810, 0x3E20, 0x227C, 0x3E44, 0x2254, 0x3E54, 0x2254, 0x3E54, 0x2254, 0xFF28, 0x2444, 0x4282}},
  {24013, {0x0100, 0x4104, 0x7FFC, 0x0C20, 0x7040, 0x11FC, 0xFD24, 0x39FC, 0x5524, 0x93FC, 0xFC24, 0x245A, 0x685E, 0x1090, 0x2912, 0xC60E}},
  {24027, {0x0000, 0x0000, 0x0888, 0x0888, 0x0888, 0x1110, 0x1110, 0x2220, 0x2220, 0x1110, 0x1110, 0x0888, 0x0888, 0x0888, 0x0000, 0x0000}},
  {24029, {0x1004, 0x1084, 0x1084, 0x1084, 0x1084, 0x1084, 0x1084, 0x1084, 0x1084, 0x1084, 0x1084, 0x1084, 0x2084, 0x2084, 0x4004, 0x8004}},
  {24030, {0x1004, 0x1084, 0x1084, 0x1084, 0x1084, 0x54A4, 0x5294, 0x5294, 0x9084, 0x1084, 0x1084, 0x1084, 0x2084, 0x2084, 0x4004, 0x8004}},
  {24033, {0x0000, 0x2124, 0x1124, 0x1124, 0x0248, 0x0248, 0xF490, 0x1248, 0x1248, 0x1124, 0x1124, 0x1124, 0x1000, 0x2800, 0x47FE, 0x0000}},
  {24034, {0x0888, 0x1110, 0x2220, 0x1110, 0x0888, 0x3FF8, 0x2108, 0x3FF8, 0x2108, 0x3FF8, 0x0100, 0xFFFE, 0x0540, 0x0920, 0x3118, 0xC106}},
  {24037, {0x0000, 0x0000, 0x7FFC, 0x0100, 0x0100, 0x0100, 0x0100, 0x0100, 0x0100, 0x0100, 0x0100, 0x0100, 0x0100, 0xFFFE, 0x0000, 0x0000}},
  {24038, {0x0200, 0x0200, 0x0200, 0xFFFE, 0x0400, 0x0400, 0x0400, 0x0800, 0x0FF8, 0x1080, 0x1080, 0x2080, 0x4080, 0x8080, 0x3FFE, 0x0000}},
  {24039, {0x0000, 0x03FE, 0xFC40, 0x1040, 0x1080, 0x1080, 0x1100, 0x11FC, 0x1004, 0x1004, 0x1E04, 0xE004, 0x4004, 0x0004, 0x0028, 0x0010}},
  {24040, {0x0000, 0x3FF8, 0x2000, 0x2000, 0x2000, 0x3FF0, 0x2010, 0x2010, 0x2010, 0x3FF0, 0x2000, 0x2000, 0x2000, 0x2000, 0x3FFC, 0x0000}},
  {24041, {0x0000, 0x01F0, 0x7D10, 0x1110, 0x1110, 0x1110, 0x1190, 0x1150, 0x1150, 0x1110, 0x1D10, 0xE112, 0x4212, 0x0212, 0x040E, 0x0800}},
  {24043, {0x0000, 0x0000, 0x7FFC, 0x0100, 0x0100, 0x1110, 0x1110, 0x1110, 0x2928, 0x2928, 0x4544, 0x8584, 0x0100, 0x0100, 0xFFFE, 0x0000}},
  {24046, {0x0820, 0x0440, 0x7FFC, 0x0100, 0x0100, 0x3FF8, 0x0200, 0x0200, 0xFFFE, 0x0400, 0x0800, 0x17F8, 0x2080, 0x4080, 0x8080, 0x1FFC}},
  {24047, {0x0020, 0x7C10, 0x05FE, 0x0820, 0x1048, 0x2884, 0x45FE, 0x8202, 0x00A8, 0x7CA8, 0x10A8, 0x10A8, 0x10AA, 0x1D2A, 0xE126, 0x4200}},
  {24049, {0x0000, 0x3FF0, 0x0010, 0x0010, 0x0010, 0x0010, 0x0010, 0x3FF0, 0x2000, 0x2000, 0x2000, 0x2004, 0x2004, 0x2004, 0x1FFC, 0x0000}},
  {24050, {0x0000, 0x3FF0, 0x0010, 0x0010, 0x0010, 0x2010, 0x2010, 0x3FF0, 0x2000, 0x2000, 0x2000, 0x2004, 0x2004, 0x2004, 0x1FFC, 0x0000}},
  {24051, {0x0000, 0x3FF0, 0x2010, 0x2010, 0x2010, 0x2010, 0x2010, 0x3FF0, 0x2000, 0x2000, 0x2000, 0x2004, 0x2004, 0x2004, 0x1FFC, 0x0000}},
  {24052, {0x0000, 0x3FF8, 0x2108, 0x2108, 0x2108, 0x2108, 0x2108, 0x3FF8, 0x2008, 0x2000, 0x2000, 0x2002, 0x2002, 0x2002, 0x1FFE, 0x0000}},
  {24055, {0x0440, 0x0440, 0x3FF8, 0x0440, 0x0440, 0xFFFE, 0x0440, 0x0820, 0x1FF0, 0x2828, 0xC826, 0x0FE0, 0x0820, 0x0808, 0x0808, 0x07F8}},
  {24061, {0x0000, 0x7CF8, 0x4488, 0x7CF8, 0x4080, 0x4284, 0x3E7C, 0x0440, 0x0440, 0x3FF8, 0x0440, 0x0440, 0xFFFE, 0x0820, 0x1010, 0x2008}},
  {24062, {0x0100, 0x0100, 0x0100, 0x3FF8, 0x2108, 0x2108, 0x2108, 0x2108, 0x2108, 0x2108, 0x2108, 0x2128, 0x2110, 0x0100, 0x0100, 0x0100}},
  {24065, {0x0008, 0x01FC, 0x7F00, 0x0100, 0x0100, 0x3FF8, 0x2108, 0x2108, 0x2108, 0x2108, 0x2108, 0x2128, 0x2110, 0x0100, 0x0100, 0x0100}},
  {24066, {0x0200, 0x0100, 0x0000, 0x7FFC, 0x0100, 0x0100, 0x0100, 0x3FF8, 0x2108, 0x2108, 0x2108, 0x2108, 0x2128, 0x2110, 0x0100, 0x0100}},
  {24067, {0x0200, 0x0200, 0x0200, 0xFFFE, 0x0400, 0x0900, 0x1100, 0x3FF8, 0x5108, 0x9108, 0x1108, 0x1108, 0x1128, 0x1110, 0x0100, 0x0100}},
  {24069, {0x0820, 0x0820, 0x4820, 0x4820, 0x49FC, 0x4924, 0x4924, 0x4924, 0x4924, 0x4924, 0x4924, 0x0934, 0x1128, 0x1020, 0x2020, 0x4020}},
  {24070, {0x1000, 0x11F0, 0x1110, 0x7D10, 0x5510, 0x5510, 0x5590, 0x5550, 0x5550, 0x5510, 0x5510, 0x5D12, 0x1112, 0x1212, 0x120E, 0x1400}},
  {24072, {0x0800, 0x0BFE, 0x4820, 0x4820, 0x4820, 0x49FC, 0x4924, 0x4924, 0x4924, 0x4924, 0x4924, 0x0934, 0x1128, 0x1020, 0x2020, 0x4020}},
  {24076, {0x1818, 0x0660, 0x0180, 0x0660, 0x3A18, 0x0200, 0xFFFE, 0x0480, 0x0880, 0x1FF8, 0x2888, 0x4888, 0x88A8, 0x0890, 0x0080, 0x0080}},
  {24079, {0x1020, 0x1020, 0x1020, 0x7DFE, 0x5420, 0x5420, 0x54FC, 0x5420, 0x5420, 0x55FE, 0x5422, 0x5C22, 0x102A, 0x1024, 0x1020, 0x1020}},
  {24080, {0x1080, 0x1084, 0x1084, 0x7C88, 0x5490, 0x54A0, 0x5480, 0x57FE, 0x54A0, 0x5490, 0x5490, 0x5C88, 0x1084, 0x10A2, 0x10C0, 0x1080}},
  {24081, {0x1000, 0x1000, 0xFEFC, 0x2244, 0x6428, 0x1810, 0x2428, 0xC346, 0x0100, 0x3FF8, 0x2108, 0x2108, 0x2128, 0x2110, 0x0100, 0x0100}},
  {24084, {0x1010, 0x1010, 0x1010, 0x7DFE, 0x5512, 0x5514, 0x5510, 0x55FC, 0x5544, 0x5544, 0x5528, 0x5D28, 0x1110, 0x1228, 0x1244, 0x1482}},
  {24085, {0x1020, 0x1020, 0x1040, 0x7DFC, 0x5504, 0x5504, 0x5504, 0x5504, 0x55FC, 0x5504, 0x5504, 0x5D04, 0x1104, 0x1104, 0x11FC, 0x1104}},
  {24086, {0x1020, 0x1020, 0x1020, 0x7C20, 0x543E, 0x5420, 0x5420, 0x5420, 0x55FC, 0x5504, 0x5504, 0x5D04, 0x1104, 0x1104, 0x11FC, 0x1104}},
  {24088, {0x0200, 0x0100, 0x7FFE, 0x4002, 0x8824, 0x1010, 0x2108, 0x0100, 0x3FF8, 0x2108, 0x2108, 0x2108, 0x2128, 0x2110, 0x0100, 0x0100}},
  {24089, {0x1020, 0x1020, 0x1120, 0x7D20, 0x55FC, 0x5520, 0x5620, 0x5420, 0x57FE, 0x5420, 0x5450, 0x5C50, 0x1088, 0x1088, 0x1104, 0x1202}},
  {24090, {0x0000, 0x1FF0, 0x0010, 0x0FF0, 0x0010, 0x1FF0, 0x0000, 0x7FFE, 0x4102, 0x8104, 0x1FF0, 0x1110, 0x1110, 0x1150, 0x1120, 0x0100}},
  {24091, {0x0100, 0x0200, 0x1FF0, 0x1010, 0x1FF0, 0x1010, 0x1FF0, 0x0100, 0x0100, 0x3FF8, 0x2108, 0x2108, 0x2128, 0x2110, 0x0100, 0x0100}},
  {24092, {0x1000, 0x1000, 0x11FC, 0x7D04, 0x5504, 0x5504, 0x5504, 0x5504, 0x55FC, 0x5504, 0x5400, 0x5C90, 0x1088, 0x1104, 0x1202, 0x1402}},
  {24093, {0x0200, 0x0100, 0x3FF8, 0x0000, 0x0820, 0x0440, 0x7FFE, 0x4102, 0x8104, 0x1FF0, 0x1110, 0x1110, 0x1150, 0x1120, 0x0100, 0x0100}},
  {24102, {0x0920, 0x0920, 0x7FFC, 0x0920, 0x0920, 0x0000, 0x7FFE, 0x4102, 0x8104, 0x1FF0, 0x1110, 0x1110, 0x1150, 0x1120, 0x0100, 0x0100}},
  {24103, {0x1020, 0x1020, 0x103E, 0x7C20, 0x5420, 0x55FC, 0x5504, 0x5524, 0x5524, 0x5524, 0x5524, 0x5D24, 0x1050, 0x1048, 0x1084, 0x1104}},
  {24109, {0x0100, 0x0080, 0x3FFE, 0x2220, 0x2220, 0x3FFC, 0x2220, 0x2220, 0x23E0, 0x2080, 0x2FF8, 0x2888, 0x4888, 0x48A8, 0x8890, 0x0080}},
  {24110, {0x0800, 0x087C, 0xFF48, 0x0850, 0x7E48, 0x0844, 0xFF54, 0x1048, 0x2040, 0x4100, 0xBFF8, 0x2108, 0x2108, 0x2128, 0x2110, 0x0100}},
  {24113, {0x2040, 0x2040, 0x27FC, 0xF840, 0xABF8, 0xA880, 0xAFFE, 0xA890, 0xA910, 0xA9FE, 0xAA10, 0xBA90, 0x2450, 0x2810, 0x2050, 0x2020}},
  {24119, {0x1050, 0x1048, 0x1080, 0x7CFE, 0x5590, 0x5690, 0x54FC, 0x5490, 0x5490, 0x54FC, 0x5490, 0x5C90, 0x1090, 0x10FE, 0x1080, 0x1080}},
  {24120, {0x0100, 0x1110, 0x0920, 0x7FFE, 0x4002, 0x8FE4, 0x0820, 0x0820, 0x0FE0, 0x0100, 0x1FF0, 0x1110, 0x1110, 0x1150, 0x1120, 0x0100}},
  {24123, {0x2040, 0x2040, 0x27FC, 0xF840, 0xABF8, 0xA840, 0xAFFE, 0xA800, 0xABF8, 0xAA08, 0xAA48, 0xBA48, 0x2248, 0x20A0, 0x2110, 0x2608}},
  {24124, {0x2000, 0x23FE, 0x2202, 0xFA02, 0xABFE, 0xAA22, 0xAA22, 0xAAFA, 0xAA22, 0xAA32, 0xAA2A, 0xBBFE, 0x2202, 0x2202, 0x23FE, 0x2202}},
  {24125, {0x2000, 0x23FC, 0x2204, 0xFAF4, 0xAA04, 0xAAF4, 0xAA04, 0xA800, 0xA9F8, 0xA908, 0xA9F8, 0xB908, 0x21F8, 0x2108, 0x21F8, 0x2108}},
  {24130, {0x0000, 0x7FFE, 0x4002, 0x9FF4, 0x1010, 0x1FF0, 0x1010, 0x1FF0, 0x0200, 0xFFFE, 0x0920, 0x3FF8, 0xD116, 0x1150, 0x1120, 0x0100}},
  {24132, {0x2000, 0x23FC, 0x2204, 0xFA04, 0xABFC, 0xAA00, 0xABFC, 0xAA40, 0xAA88, 0xABFC, 0xAA24, 0xBA20, 0x25FC, 0x2420, 0x2820, 0x33FE}},
  {24133, {0x1000, 0x11FE, 0x1000, 0x7CF8, 0x5488, 0x5488, 0x54F8, 0x5400, 0x55FC, 0x5524, 0x5524, 0x5DFC, 0x1124, 0x1124, 0x11FC, 0x1104}},
  {24140, {0x1000, 0x11FC, 0x1104, 0x7DFC, 0x5504, 0x55FC, 0x5420, 0x5524, 0x54A8, 0x5420, 0x57FE, 0x5C50, 0x1050, 0x1092, 0x1112, 0x120E}},
  {24148, {0x2000, 0x21F8, 0x2108, 0xF9F8, 0xA908, 0xA9F8, 0xA800, 0xABFC, 0xAA94, 0xABFC, 0xA800, 0xB9F8, 0x2090, 0x2060, 0x2198, 0x2606}},
  {24149, {0x0440, 0x7FFC, 0x0440, 0x1FF0, 0x1010, 0x1FF0, 0x1010, 0x1FF0, 0x0400, 0xFFFE, 0x1110, 0x3FF8, 0xD116, 0x1150, 0x1120, 0x0100}},
  {24155, {0x1020, 0x11FC, 0x1088, 0x7C50, 0x57FE, 0x5400, 0x55FC, 0x5504, 0x55FC, 0x5504, 0x55FC, 0x5C20, 0x13FE, 0x1020, 0x1020, 0x1020}},
  {24158, {0x2050, 0x2252, 0x2154, 0xF850, 0xABFE, 0xA888, 0xA850, 0xABFE, 0xA820, 0xA9FC, 0xA820, 0xBBFE, 0x2050, 0x2088, 0x2104, 0x2602}},
  {24161, {0x2078, 0x27C0, 0x2248, 0xF950, 0xABFC, 0xA950, 0xAA48, 0xAC06, 0xABF8, 0xAA48, 0xAA48, 0xBBF8, 0x2248, 0x2248, 0x23F8, 0x2208}},
  {24162, {0x1020, 0x11FC, 0x1088, 0x7C50, 0x57FE, 0x5400, 0x55FC, 0x5524, 0x55FC, 0x5524, 0x55FC, 0x5C20, 0x11FC, 0x1020, 0x13FE, 0x1000}},
  {24178, {0x0000, 0x3FF8, 0x0100, 0x0100, 0x0100, 0x0100, 0x0100, 0xFFFE, 0x0100, 0x0100, 0x0100, 0x0100, 0x0100, 0x0100, 0x0100, 0x0100}},
  {24179, {0x0000, 0x7FFC, 0x0100, 0x0100, 0x1110, 0x0910, 0x0920, 0x0100, 0xFFFE, 0x0100, 0x0100, 0x0100, 0x0100, 0x0100, 0x0100, 0x0100}},
  {24180, {0x1000, 0x1000, 0x1FFC, 0x2080, 0x2080, 0x4080, 0x1FF8, 0x1080, 0x1080, 0x1080, 0xFFFE, 0x0080, 0x0080, 0x0080, 0x0080, 0x0080}},
  {24182, {0x1010, 0x0810, 0x0820, 0x0000, 0x7FFC, 0x0820, 0x0820, 0x0820, 0x0820, 0xFFFE, 0x0820, 0x0820, 0x1020, 0x1020, 0x2020, 0x4020}},
  {24184, {0x0100, 0x0100, 0x3FF8, 0x0100, 0x0100, 0xFFFE, 0x0820, 0x0440, 0x3FF8, 0x0100, 0x0100, 0xFFFE, 0x0100, 0x0100, 0x0100, 0x0100}},
  {24186, {0x0200, 0x0200, 0x0400, 0x0810, 0x1010, 0x2020, 0x7FC0, 0x2080, 0x0100, 0x0200, 0x0400, 0x0820, 0x1010, 0x3FF8, 0x1008, 0x0000}},
  {24187, {0x0800, 0x0800, 0x11FC, 0x1004, 0x2204, 0x4204, 0xFC04, 0x0404, 0x0804, 0x1004, 0x2404, 0x4204, 0xFE04, 0x4204, 0x0028, 0x0010}},
  {24188, {0x1040, 0x1040, 0x2040, 0x2040, 0x45FC, 0x4444, 0xF844, 0x0844, 0x1044, 0x1084, 0x2884, 0x4484, 0xFD04, 0x4504, 0x0228, 0x0410}},
  {24189, {0x0100, 0x0100, 0x0920, 0x0920, 0x5144, 0x5554, 0x7DF4, 0x4924, 0x4924, 0x5554, 0x7DF4, 0x4514, 0x4104, 0x4104, 0x7FFC, 0x0004}},
  {24191, {0x0100, 0x0080, 0x0080, 0x3FFC, 0x2000, 0x2000, 0x2000, 0x2000, 0x2000, 0x2000, 0x2000, 0x2000, 0x2000, 0x4000, 0x4000, 0x8000}},
  {24192, {0x0100, 0x0080, 0x3FFE, 0x2000, 0x2000, 0x2200, 0x2204, 0x2218, 0x2260, 0x2380, 0x2200, 0x2202, 0x2202, 0x4202, 0x41FE, 0x8000}},
  {24196, {0x0100, 0x0080, 0x0080, 0x3FFC, 0x2000, 0x2080, 0x2080, 0x2080, 0x2FFC, 0x2080, 0x2080, 0x2080, 0x2080, 0x4080, 0x5FFE, 0x8000}},
  {24198, {0x0100, 0x0080, 0x3FFE, 0x2000, 0x2080, 0x2080, 0x2080, 0x2FFC, 0x2080, 0x2140, 0x2140, 0x2220, 0x4220, 0x4410, 0x8808, 0x1006}},
  {24199, {0x0100, 0x0080, 0x3FFE, 0x2000, 0x2420, 0x2420, 0x2424, 0x2428, 0x2730, 0x2420, 0x2420, 0x2422, 0x4522, 0x4622, 0x841E, 0x0000}},
  {24202, {0x0100, 0x0080, 0x3FFE, 0x2000, 0x2080, 0x2080, 0x2FFC, 0x2080, 0x21C0, 0x22A0, 0x22A0, 0x2490, 0x4888, 0x5086, 0x8080, 0x0080}},
  {24203, {0x0100, 0x0080, 0x3FFE, 0x2080, 0x2080, 0x3FFC, 0x2080, 0x2080, 0x2FF0, 0x2410, 0x2220, 0x2140, 0x4080, 0x4160, 0x8618, 0x3806}},
  {24207, {0x0100, 0x0080, 0x3FFE, 0x2000, 0x23F8, 0x2010, 0x20A0, 0x2040, 0x2FFE, 0x2042, 0x2044, 0x2040, 0x4040, 0x4040, 0x8140, 0x0080}},
  {24208, {0x0100, 0x0080, 0x3FFE, 0x2100, 0x2080, 0x27F8, 0x2408, 0x2408, 0x2408, 0x27F8, 0x2408, 0x2400, 0x4400, 0x4800, 0x8800, 0x1000}},
  {24209, {0x0100, 0x0080, 0x3FFE, 0x2000, 0x2000, 0x2FFC, 0x2080, 0x2080, 0x3FFE, 0x2140, 0x2140, 0x2240, 0x4242, 0x4442, 0x883E, 0x1000}},
  {24211, {0x0100, 0x0080, 0x3FFE, 0x2100, 0x2100, 0x3FFC, 0x2200, 0x2480, 0x2880, 0x2FF8, 0x2080, 0x2080, 0x5FFE, 0x4080, 0x8080, 0x0080}},
  {24212, {0x0100, 0x0080, 0x3FFE, 0x2000, 0x2000, 0x2104, 0x2884, 0x2484, 0x2448, 0x2248, 0x2210, 0x2210, 0x4020, 0x4040, 0x9FFE, 0x0000}},
  {24213, {0x0100, 0x0080, 0x3FFE, 0x2000, 0x203C, 0x27C0, 0x2440, 0x2440, 0x2440, 0x27FE, 0x2420, 0x2420, 0x2412, 0x450A, 0x4646, 0x8422}},
  {24214, {0x0100, 0x0080, 0x3FFE, 0x2200, 0x2200, 0x27F8, 0x2808, 0x37C8, 0x2448, 0x2448, 0x27C8, 0x2428, 0x2412, 0x4402, 0x43FE, 0x8000}},
  {24215, {0x0100, 0x0080, 0x3FFE, 0x2080, 0x2080, 0x2080, 0x20FC, 0x2080, 0x2080, 0x27F8, 0x2408, 0x2408, 0x4408, 0x4408, 0x87F8, 0x0408}},
  {24217, {0x0100, 0x0080, 0x3FFE, 0x2000, 0x2080, 0x2080, 0x2FF8, 0x2888, 0x2888, 0x2888, 0x2FF8, 0x2888, 0x4888, 0x4888, 0x8FF8, 0x0808}},
  {24218, {0x0100, 0x0080, 0x3FFE, 0x2000, 0x2080, 0x2FF8, 0x2088, 0x2088, 0x3FFE, 0x2088, 0x2088, 0x2FF8, 0x4140, 0x4220, 0x8C18, 0x3006}},
  {24220, {0x0100, 0x0080, 0x3FFE, 0x2000, 0x2208, 0x2208, 0x2408, 0x24FE, 0x2C08, 0x3488, 0x2448, 0x2448, 0x4408, 0x4408, 0x8428, 0x0410}},
  {24222, {0x0100, 0x0080, 0x3FFE, 0x2220, 0x2210, 0x2200, 0x2FFC, 0x2240, 0x2240, 0x2248, 0x2450, 0x2460, 0x4842, 0x48C2, 0x933E, 0x2000}},
  {24223, {0x0100, 0x0080, 0x3FFE, 0x2080, 0x2490, 0x2888, 0x2FFE, 0x2100, 0x21FC, 0x2284, 0x2288, 0x2450, 0x2420, 0x4850, 0x5188, 0x8606}},
  {24224, {0x0100, 0x0080, 0x3FFE, 0x2410, 0x2220, 0x3FFC, 0x2080, 0x2080, 0x2FF8, 0x2080, 0x2080, 0x3FFE, 0x2080, 0x4080, 0x4080, 0x8080}},
  {24229, {0x0100, 0x0080, 0x3FFE, 0x2000, 0x2220, 0x2220, 0x2420, 0x2DFE, 0x3470, 0x24A8, 0x24A8, 0x2524, 0x2622, 0x4420, 0x4420, 0x8420}},
  {24230, {0x0100, 0x0080, 0x3FFE, 0x2220, 0x2220, 0x3FFC, 0x2220, 0x2220, 0x23E0, 0x2000, 0x2FF0, 0x2410, 0x4220, 0x41C0, 0x8630, 0x380E}},
  {24231, {0x0100, 0x0080, 0x3FFE, 0x2080, 0x2490, 0x2490, 0x2490, 0x2AA8, 0x31C4, 0x2080, 0x2FF8, 0x2080, 0x4080, 0x4080, 0xBFFE, 0x0000}},
  {24237, {0x0100, 0x0080, 0x3FFE, 0x2000, 0x2E0E, 0x22F0, 0x2410, 0x2410, 0x2EFE, 0x2210, 0x2210, 0x2AFE, 0x4400, 0x4600, 0x89FE, 0x1000}},
  {24243, {0x0100, 0x0080, 0x3FFE, 0x2080, 0x2100, 0x27FC, 0x2444, 0x27FC, 0x2484, 0x27FC, 0x2120, 0x2220, 0x3FFE, 0x4020, 0x4020, 0x8020}},
  {24245, {0x0100, 0x0080, 0x3FFE, 0x2000, 0x2080, 0x2FFC, 0x2120, 0x2210, 0x2488, 0x2FF6, 0x3490, 0x27F0, 0x2490, 0x47F2, 0x4082, 0x807E}},
  {24246, {0x0100, 0x0080, 0x3FFE, 0x2000, 0x2220, 0x2220, 0x3FFC, 0x2220, 0x2220, 0x2220, 0x23E0, 0x2000, 0x4A48, 0x4924, 0x9124, 0x0000}},
  {24247, {0x0100, 0x0080, 0x3FFE, 0x2080, 0x2FF8, 0x2088, 0x3FFE, 0x2088, 0x2FF8, 0x2880, 0x24C4, 0x22A8, 0x4490, 0x4888, 0x9286, 0x0100}},
  {24248, {0x0080, 0x3FFE, 0x2080, 0x2FF8, 0x2088, 0x3FFE, 0x2088, 0x2FF8, 0x2080, 0x2FF8, 0x2888, 0x2FF8, 0x4888, 0x4FF8, 0x8888, 0x0898}},
  {24249, {0x0100, 0x0080, 0x3FFE, 0x2210, 0x2210, 0x3FFE, 0x2210, 0x23F0, 0x2000, 0x27F8, 0x2408, 0x27F8, 0x4420, 0x4410, 0x8808, 0x1006}},
  {24254, {0x0100, 0x0080, 0x3FFE, 0x2000, 0x2280, 0x2CB8, 0x2888, 0x2888, 0x2EB8, 0x2888, 0x2888, 0x2FF8, 0x4140, 0x4220, 0x8C18, 0x3006}},
  {24265, {0x0100, 0x0080, 0x3FFE, 0x2208, 0x2110, 0x2FFE, 0x2120, 0x27FC, 0x2124, 0x3FFE, 0x2124, 0x27FC, 0x2330, 0x4528, 0x5926, 0x8120}},
  {24266, {0x0100, 0x0080, 0x3FFE, 0x2200, 0x2100, 0x2FBE, 0x28A2, 0x2FA4, 0x28A8, 0x2FA4, 0x2A22, 0x2922, 0x2AAA, 0x4CA4, 0x4820, 0x8020}},
  {24273, {0x0080, 0x3FFE, 0x2410, 0x3FFE, 0x2410, 0x27F0, 0x2080, 0x2FF8, 0x2888, 0x2FF8, 0x2080, 0x3FFC, 0x4080, 0x4FF8, 0x8080, 0x3FFE}},
  {24274, {0x0100, 0x0080, 0x3FFE, 0x2210, 0x2F90, 0x221E, 0x2FA4, 0x2224, 0x3FD4, 0x2414, 0x2794, 0x2488, 0x4488, 0x4894, 0x8AA4, 0x1142}},
  {24275, {0x0080, 0x3FFE, 0x2200, 0x3FBC, 0x2024, 0x2FA4, 0x28A8, 0x2FA8, 0x2024, 0x2FA4, 0x2124, 0x23F4, 0x5E28, 0x4220, 0x8A20, 0x0420}},
  {24278, {0x0080, 0x3FFE, 0x2000, 0x2F7C, 0x2924, 0x2514, 0x29A4, 0x2160, 0x2618, 0x3886, 0x2320, 0x2C40, 0x4188, 0x4E30, 0x81C0, 0x0E00}},
  {24283, {0x0080, 0x3FFE, 0x2000, 0x2FF8, 0x2888, 0x2FF8, 0x2888, 0x2FF8, 0x2080, 0x2FF8, 0x2080, 0x3FFE, 0x4888, 0x53E4, 0x8080, 0x3FFE}},
  {24296, {0x0080, 0x3FFE, 0x2400, 0x2F3C, 0x3114, 0x2224, 0x2FCC, 0x2A80, 0x2FA8, 0x2ABE, 0x2FC8, 0x2A88, 0x4ABE, 0x4A88, 0x8888, 0x1188}},
  {24298, {0x0080, 0x3FFE, 0x2040, 0x2FFE, 0x2000, 0x27FC, 0x2404, 0x25F4, 0x2514, 0x27FC, 0x2000, 0x27FC, 0x4000, 0x4FFE, 0x8248, 0x04C4}},
  {24308, {0x0000, 0x0000, 0xF800, 0x0800, 0x1000, 0x1000, 0x2000, 0x7800, 0x0800, 0x0800, 0x4800, 0x3000, 0x1000, 0x2C00, 0x43FE, 0x8000}},
  {24310, {0x0008, 0x003C, 0xF9E0, 0x0820, 0x1020, 0x1120, 0x213C, 0x7920, 0x0920, 0x0920, 0x4920, 0x31FC, 0x1000, 0x2C00, 0x43FE, 0x8000}},
  {24311, {0x0008, 0x003C, 0xF9E0, 0x0820, 0x1020, 0x1020, 0x21FC, 0x7820, 0x0820, 0x0820, 0x4820, 0x33FE, 0x1000, 0x2C00, 0x43FE, 0x8000}},
  {24314, {0x0040, 0x0040, 0xFBF8, 0x0848, 0x17FE, 0x1048, 0x23F8, 0x7840, 0x0BF8, 0x0840, 0x4840, 0x37FC, 0x1040, 0x2C40, 0x43FE, 0x8000}},
  {24318, {0x0000, 0x0000, 0x0820, 0x0820, 0x0820, 0x0820, 0x0820, 0xFFFE, 0x0820, 0x0820, 0x0820, 0x0820, 0x1020, 0x1020, 0x2020, 0x4020}},
  {24319, {0x0810, 0x0810, 0x0810, 0x0810, 0x0810, 0xFFFE, 0x0810, 0x0810, 0x0810, 0x0810, 0x0810, 0x0810, 0x0810, 0x0810, 0x0FF0, 0x0810}},
  {24320, {0x0000, 0x7FFC, 0x0820, 0x0820, 0x0820, 0x0820, 0x0820, 0xFFFE, 0x0820, 0x0820, 0x0820, 0x0820, 0x1020, 0x1020, 0x2020, 0x4020}},
  {24321, {0x0200, 0x0400, 0x0820, 0x1010, 0x3FF8, 0x0008, 0x0820, 0x0820, 0x0820, 0xFFFE, 0x0820, 0x0820, 0x1020, 0x1020, 0x2020, 0x4020}},
  {24322, {0x0000, 0x3FF0, 0x2010, 0x2010, 0x3FF0, 0x2004, 0x2004, 0x1FFC, 0x0000, 0x0820, 0x0820, 0xFFFE, 0x0820, 0x1020, 0x2020, 0x4020}},
  {24323, {0x0100, 0x0080, 0x3FFC, 0x0200, 0x0420, 0x0810, 0x1FF8, 0x0008, 0x0420, 0x0420, 0x7FFE, 0x0420, 0x0420, 0x0820, 0x1020, 0x2020}},
  {24324, {0x0000, 0x7FFC, 0x0100, 0x0100, 0x3FF8, 0x0100, 0x0100, 0xFFFE, 0x0000, 0x0820, 0x0820, 0xFFFE, 0x0820, 0x1020, 0x2020, 0x4020}},
  {24328, {0x0200, 0x0100, 0x7FFC, 0x0440, 0x2450, 0x4448, 0x8944, 0x1080, 0x0000, 0x0820, 0x0820, 0xFFFE, 0x0820, 0x1020, 0x2020, 0x4020}},
  {24330, {0x0820, 0x4920, 0x2A3E, 0x7F48, 0x4948, 0x5DA8, 0x6B10, 0x4928, 0x4346, 0x0820, 0x0820, 0xFFFE, 0x0820, 0x1020, 0x2020, 0x4020}},
  {24331, {0x0220, 0x0210, 0x0210, 0x0200, 0x02FE, 0xFF00, 0x0200, 0x0200, 0x0200, 0x0100, 0x0100, 0x0080, 0x0042, 0x0022, 0x001A, 0x0006}},
  {24335, {0x0048, 0x0044, 0x0044, 0x0040, 0xFFFE, 0x0040, 0x0040, 0x3E40, 0x0840, 0x0840, 0x0820, 0x0822, 0x0F12, 0x780A, 0x2006, 0x0002}},
  {24337, {0x0014, 0x4412, 0x2810, 0x13FE, 0x2810, 0x4410, 0x1010, 0x11F0, 0xFC90, 0x1090, 0x5890, 0x5488, 0x94EA, 0x138A, 0x5106, 0x2002}},
  {24339, {0x0000, 0x7FF0, 0x0010, 0x0010, 0x0010, 0x3FF0, 0x2000, 0x2000, 0x4000, 0x7FF8, 0x0008, 0x0008, 0x0008, 0x0008, 0x0050, 0x0020}},
  {24341, {0x0008, 0x7F08, 0x0108, 0x0108, 0x0108, 0x3F08, 0x2008, 0x2008, 0x4008, 0x7F08, 0x0108, 0x0108, 0x0108, 0x0108, 0x0A08, 0x0408}},
  {24343, {0x0440, 0x0440, 0x0440, 0x7FF8, 0x0448, 0x0448, 0x3FF8, 0x2440, 0x2440, 0x3FFC, 0x0444, 0x0844, 0x0854, 0x1048, 0x2040, 0x4040}},
  {24344, {0x0020, 0x7C20, 0x0420, 0x0420, 0x0420, 0x7C40, 0x4040, 0x4040, 0x4080, 0x7C88, 0x0484, 0x0504, 0x07FE, 0x0502, 0x2802, 0x1000}},
  {24347, {0x0020, 0xF820, 0x0820, 0x0920, 0x092C, 0x7934, 0x4164, 0x43A4, 0x4124, 0x7934, 0x0928, 0x0922, 0x0922, 0x0902, 0x50FE, 0x2000}},
  {24351, {0x0820, 0x0420, 0x0440, 0x7FF8, 0x0108, 0x0108, 0x3FF8, 0x2100, 0x2100, 0x3FFC, 0x0304, 0x0504, 0x0914, 0x1108, 0x6100, 0x0100}},
  {24352, {0x0100, 0xF908, 0x0908, 0x0910, 0x0920, 0x7940, 0x4100, 0x47FE, 0x4140, 0x7920, 0x0920, 0x0910, 0x0908, 0x0944, 0x5182, 0x2100}},
  {24357, {0x0080, 0xF880, 0x0880, 0x09FE, 0x0902, 0x7A04, 0x4420, 0x4020, 0x4128, 0x7924, 0x0A24, 0x0A22, 0x0C22, 0x0820, 0x50A0, 0x2040}},
  {24358, {0x0040, 0xF820, 0x0820, 0x0BFE, 0x0840, 0x7840, 0x4088, 0x4108, 0x43F0, 0x7820, 0x0840, 0x0888, 0x0904, 0x0BFC, 0x5104, 0x2000}},
  {24359, {0x0008, 0xF83C, 0x0BD0, 0x0A90, 0x0A90, 0x7A90, 0x4290, 0x4290, 0x4290, 0x7A88, 0x0A88, 0x0AC8, 0x0AA4, 0x0CD4, 0x5492, 0x2800}},
  {24361, {0x0800, 0x7F7C, 0x1144, 0x3228, 0x0C10, 0x1228, 0x6146, 0x0000, 0x3FF0, 0x0010, 0x3FF0, 0x2000, 0x3FF8, 0x0008, 0x0050, 0x0020}},
  {24362, {0x0000, 0x7DFC, 0x0408, 0x0410, 0x0430, 0x7C48, 0x4084, 0x4302, 0x4000, 0x7DFC, 0x0420, 0x0420, 0x0420, 0x0420, 0x2BFE, 0x1000}},
  {24365, {0x0000, 0xFBFE, 0x0908, 0x0908, 0x0908, 0x79F8, 0x4108, 0x4108, 0x41F8, 0x7908, 0x0908, 0x091E, 0x0BE8, 0x0808, 0x5008, 0x2008}},
  {24367, {0x0200, 0x0100, 0xFFFE, 0x0440, 0x1450, 0x2448, 0x4444, 0x0000, 0x3FF0, 0x0010, 0x3FF0, 0x2000, 0x3FF8, 0x0008, 0x0050, 0x0020}},
  {24369, {0x0000, 0x7EFC, 0x0204, 0x0204, 0x7EFC, 0x4080, 0x4080, 0x7EFC, 0x2244, 0x1224, 0x060C, 0x1A34, 0x62C4, 0x0204, 0x1428, 0x0810}},
  {24377, {0x0104, 0xF888, 0x0850, 0x09FC, 0x0924, 0x7924, 0x41FC, 0x4124, 0x4124, 0x79FC, 0x0820, 0x0820, 0x0BFE, 0x0820, 0x5020, 0x2020}},
  {24378, {0x0000, 0xF9FC, 0x0904, 0x0904, 0x09FC, 0x7820, 0x4020, 0x43FE, 0x4222, 0x7A22, 0x0BFE, 0x0820, 0x0824, 0x0822, 0x57FE, 0x2002}},
  {24380, {0x0000, 0xF01E, 0x17C2, 0x1102, 0x1202, 0xF7DE, 0x8450, 0x8450, 0x8450, 0xF7DE, 0x1442, 0x1442, 0x1442, 0x17C2, 0xA454, 0x4008}},
  {24384, {0x1000, 0xFE78, 0x1048, 0x7C48, 0x0048, 0xFE86, 0x8200, 0x7CFC, 0x0044, 0x7C44, 0x0428, 0x7C28, 0x4010, 0x7C28, 0x0444, 0x0D82}},
  {24400, {0x0000, 0x0000, 0x7FF8, 0x0008, 0x0008, 0x0008, 0x0008, 0x3FF8, 0x0008, 0x0008, 0x0008, 0x0008, 0x7FF8, 0x0008, 0x0000, 0x0000}},
  {24402, {0x0800, 0x0800, 0x4BFC, 0x4804, 0x4804, 0x4804, 0x4804, 0x49FC, 0x4804, 0x4804, 0x4804, 0x0804, 0x1004, 0x13FC, 0x2004, 0x4000}},
  {24403, {0x0100, 0x2108, 0x1108, 0x0910, 0x0920, 0x0100, 0x7FF8, 0x0008, 0x0008, 0x0008, 0x3FF8, 0x0008, 0x0008, 0x0008, 0x7FF8, 0x0008}},
  {24405, {0x0000, 0x3FF0, 0x0010, 0x0010, 0x1FF0, 0x0010, 0x0010, 0xFFFE, 0x0100, 0x2108, 0x1190, 0x0560, 0x0920, 0x3118, 0xC506, 0x0200}},
  {24406, {0x0800, 0x0FF0, 0x1010, 0x1FE0, 0x0020, 0xFFFE, 0x0200, 0x0D08, 0x7190, 0x02A0, 0x0CC0, 0x71A0, 0x0698, 0x1886, 0xE280, 0x0100}},
  {24407, {0x1010, 0xFEFE, 0x1010, 0x7C7C, 0x1010, 0xFEFE, 0x1010, 0x0000, 0x7FF8, 0x0008, 0x0008, 0x3FF8, 0x0008, 0x0008, 0x7FF8, 0x0008}},
  {24408, {0x0800, 0x0FF0, 0x1010, 0x1FE0, 0x0020, 0xFFFE, 0x0200, 0x4210, 0x43D2, 0x7514, 0x4118, 0x4FD0, 0x4112, 0x6292, 0x444E, 0x0820}},
  {24413, {0x0800, 0x0FE0, 0x1020, 0x1FC0, 0x0040, 0xFFFE, 0x9224, 0x5478, 0xFE12, 0x38FE, 0x5454, 0x9292, 0x0820, 0xFFFE, 0x0820, 0x1020}},
  {24417, {0x0040, 0x0080, 0x0100, 0x0600, 0x1800, 0x0020, 0x0040, 0x0180, 0x0600, 0x1800, 0x0010, 0x0020, 0x0040, 0x0180, 0x0600, 0x3800}},
  {24418, {0x0000, 0x7F84, 0x1204, 0x1208, 0x1210, 0x1222, 0x1202, 0xFFC4, 0x1208, 0x1210, 0x1222, 0x1202, 0x2204, 0x2208, 0x4210, 0x8260}},
  {24420, {0x0000, 0x3F04, 0x2104, 0x2108, 0x2910, 0x2522, 0x2502, 0x2104, 0xFFC8, 0x2110, 0x2122, 0x2102, 0x2104, 0x4108, 0x4510, 0x8260}},
  {24422, {0x0200, 0x0100, 0x3FF8, 0x0820, 0x0440, 0x3FFC, 0x2000, 0x2020, 0x21C0, 0x2E10, 0x2060, 0x2188, 0x2E10, 0x4060, 0x4380, 0x9C00}},
  {24425, {0x0100, 0x0784, 0x7804, 0x0888, 0x4490, 0x2522, 0x2002, 0x0404, 0x7F88, 0x0C10, 0x1622, 0x1502, 0x2484, 0x4408, 0x8410, 0x0460}},
  {24426, {0x0400, 0x0784, 0x0404, 0x3FC8, 0x2450, 0x2724, 0x3C84, 0x2388, 0x2010, 0x2F24, 0x2904, 0x2908, 0x4912, 0x5122, 0x90FE, 0x2000}},
  {24428, {0x1082, 0x1082, 0x1084, 0x1088, 0xFBD0, 0x1082, 0x3082, 0x39C4, 0x55A8, 0x5290, 0x9282, 0x1482, 0x1084, 0x1088, 0x1090, 0x10A0}},
  {24429, {0x0800, 0x0804, 0xFF84, 0x0808, 0x0810, 0x7F22, 0x0002, 0x7F04, 0x4108, 0x4110, 0x7F22, 0x0002, 0x2204, 0x1788, 0xF810, 0x4060}},
  {24432, {0x1000, 0x0804, 0x7F04, 0x2208, 0x1410, 0xFFA2, 0x0002, 0x7F04, 0x4108, 0x7F10, 0x4122, 0x7F02, 0x0804, 0xFF88, 0x0810, 0x0860}},
  {24433, {0x0000, 0x7F04, 0x4104, 0x7F08, 0x4110, 0x7F22, 0x0802, 0xFFC4, 0x0008, 0x7F10, 0x4122, 0x7F02, 0x0804, 0x4908, 0x8890, 0x1860}},
  {24435, {0x0040, 0x0040, 0x0080, 0x0110, 0x0610, 0x1820, 0x0040, 0x0080, 0x0180, 0x0680, 0x3880, 0x0080, 0x0080, 0x0080, 0x0080, 0x0080}},
  {24439, {0x0840, 0x0820, 0x1020, 0x23FE, 0x4880, 0x0880, 0x1080, 0x30FC, 0x5084, 0x9084, 0x1084, 0x1084, 0x1104, 0x1104, 0x1228, 0x1410}},
  {24441, {0x0800, 0x09F0, 0x1110, 0x2110, 0x4910, 0x0A0E, 0x1400, 0x33F8, 0x5108, 0x9110, 0x1090, 0x10A0, 0x1040, 0x10A0, 0x1318, 0x1C06}},
  {24443, {0x1000, 0x1200, 0x22FC, 0x4224, 0x9224, 0x1224, 0x23A4, 0x6E24, 0xA224, 0x2224, 0x22A4, 0x2324, 0x2244, 0x2044, 0x2094, 0x2108}},
  {24444, {0x0820, 0x0820, 0x1020, 0x23FE, 0x4A22, 0x0A24, 0x1220, 0x33FC, 0x5284, 0x9288, 0x1248, 0x1250, 0x1220, 0x1450, 0x1488, 0x1906}},
  {24448, {0x0880, 0x0840, 0x1000, 0x27FC, 0x4840, 0x0840, 0x1040, 0x3040, 0x57FC, 0x9040, 0x1040, 0x1040, 0x1040, 0x1040, 0x1FFE, 0x1000}},
  {24449, {0x0800, 0x0800, 0x13FE, 0x2020, 0x4820, 0x0820, 0x1120, 0x3120, 0x513C, 0x9120, 0x1120, 0x1120, 0x1120, 0x1120, 0x17FE, 0x1000}},
  {24450, {0x0800, 0x09F8, 0x1108, 0x2108, 0x4908, 0x09F8, 0x1108, 0x3108, 0x5108, 0x91F8, 0x1108, 0x1108, 0x1108, 0x1108, 0x17FE, 0x1000}},
  {24452, {0x0800, 0x0BF8, 0x1010, 0x2020, 0x4860, 0x0898, 0x1104, 0x3602, 0x5000, 0x93FC, 0x1040, 0x1040, 0x1040, 0x1040, 0x17FE, 0x1000}},
  {24453, {0x0840, 0x0840, 0x1040, 0x23FC, 0x4840, 0x0840, 0x17FE, 0x3010, 0x5010, 0x97FE, 0x1010, 0x1210, 0x1110, 0x1110, 0x1050, 0x1020}},
  {24455, {0x0880, 0x0880, 0x1100, 0x21FC, 0x4A04, 0x0C04, 0x13E4, 0x3224, 0x5224, 0x93E4, 0x1224, 0x1224, 0x13E4, 0x1004, 0x1028, 0x1010}},
  {24456, {0x0800, 0x0BF8, 0x1208, 0x2208, 0x4BF8, 0x0A08, 0x1208, 0x33F8, 0x5244, 0x9248, 0x1230, 0x1220, 0x1210, 0x1288, 0x1306, 0x1200}},
  {24457, {0x0904, 0x0884, 0x1088, 0x2000, 0x4BFE, 0x0820, 0x1020, 0x31FC, 0x5020, 0x9020, 0x13FE, 0x1020, 0x1020, 0x1020, 0x1020, 0x1020}},
  {24458, {0x0800, 0x0800, 0x13FC, 0x2204, 0x4A04, 0x0AF4, 0x1294, 0x3294, 0x5294, 0x9294, 0x12F4, 0x1204, 0x1204, 0x13FC, 0x1204, 0x1000}},
  {24459, {0x0840, 0x0840, 0x13F8, 0x2048, 0x4FFE, 0x0848, 0x13F8, 0x3040, 0x5040, 0x93F8, 0x1040, 0x1040, 0x17FC, 0x1040, 0x1040, 0x1040}},
  {24460, {0x0820, 0x0840, 0x1088, 0x2110, 0x4BE0, 0x0840, 0x1088, 0x33FC, 0x5084, 0x9080, 0x11F8, 0x1308, 0x1490, 0x1060, 0x1198, 0x1606}},
  {24464, {0x1040, 0x1040, 0x20A0, 0x4110, 0x9208, 0x15F6, 0x2040, 0x6040, 0xA7FC, 0x2040, 0x2250, 0x2248, 0x2444, 0x2844, 0x2140, 0x2080}},
  {24466, {0x0820, 0x0820, 0x11FC, 0x2020, 0x4820, 0x0820, 0x13FE, 0x3020, 0x5020, 0x9120, 0x113C, 0x1120, 0x12A0, 0x1260, 0x143E, 0x1800}},
  {24469, {0x1040, 0x1040, 0x2040, 0x47FC, 0x9040, 0x1248, 0x2148, 0x6150, 0xAFFE, 0x20E0, 0x2150, 0x2150, 0x2248, 0x2444, 0x2842, 0x2040}},
  {24471, {0x0800, 0x0BF8, 0x1208, 0x23F8, 0x4A08, 0x0BF8, 0x1000, 0x33FC, 0x5010, 0x97FE, 0x1010, 0x1210, 0x1110, 0x1010, 0x1050, 0x1020}},
  {24472, {0x0890, 0x0890, 0x1090, 0x279E, 0x4890, 0x0890, 0x1090, 0x339C, 0x5090, 0x9090, 0x1090, 0x179E, 0x1090, 0x1090, 0x1090, 0x1090}},
  {24473, {0x0820, 0x0820, 0x1120, 0x213C, 0x4920, 0x0920, 0x17FE, 0x3000, 0x5020, 0x9120, 0x113C, 0x1120, 0x12A0, 0x1460, 0x183E, 0x1000}},
  {24476, {0x0820, 0x0924, 0x10A4, 0x20A8, 0x4820, 0x0BFE, 0x1202, 0x3202, 0x52FA, 0x928A, 0x128A, 0x128A, 0x12FA, 0x1202, 0x120A, 0x1204}},
  {24481, {0x1400, 0x1400, 0x27DE, 0x4912, 0x9112, 0x1112, 0x2FD2, 0x6112, 0xA112, 0x25D2, 0x2512, 0x251A, 0x25D4, 0x3E10, 0x2810, 0x2010}},
  {24488, {0x0840, 0x0880, 0x13F8, 0x2208, 0x4BF8, 0x0A08, 0x13F8, 0x3000, 0x57FC, 0x9040, 0x1040, 0x13F8, 0x1040, 0x1040, 0x17FC, 0x1000}},
  {24490, {0x103C, 0x17E0, 0x2420, 0x4420, 0x97FE, 0x1420, 0x25FC, 0x6504, 0xA504, 0x25FC, 0x2504, 0x25FC, 0x2904, 0x2904, 0x31FC, 0x2104}},
  {24493, {0x0808, 0x083C, 0x13C0, 0x2004, 0x4A44, 0x0928, 0x11FC, 0x3220, 0x5020, 0x93FE, 0x1020, 0x1124, 0x1124, 0x1124, 0x11FC, 0x1004}},
  {24494, {0x1108, 0x1548, 0x2548, 0x4550, 0x97DE, 0x1024, 0x2014, 0x6FD4, 0xA014, 0x2794, 0x2494, 0x24A8, 0x24C8, 0x2494, 0x2814, 0x3022}},
  {24501, {0x1108, 0x1548, 0x2548, 0x4550, 0x97DE, 0x1014, 0x27E4, 0x6014, 0xA7D4, 0x2114, 0x27D4, 0x2108, 0x2108, 0x2FD4, 0x2024, 0x2042}},
  {24503, {0x1040, 0x1040, 0x2FFE, 0x4040, 0x97FC, 0x14A4, 0x24A4, 0x67FC, 0xA000, 0x2FFE, 0x2040, 0x2024, 0x2522, 0x250A, 0x2908, 0x20F8}},
  {24508, {0x1210, 0x1410, 0x2F90, 0x4890, 0x9FBE, 0x18A4, 0x2FD4, 0x6414, 0xA214, 0x2FD4, 0x2414, 0x2788, 0x2488, 0x2894, 0x2A94, 0x3122}},
  {24509, {0x1210, 0x1A90, 0x2A90, 0x4FA0, 0x803E, 0x1FC4, 0x2424, 0x68A4, 0xAF24, 0x2228, 0x24A8, 0x3FD0, 0x2228, 0x2AA8, 0x3244, 0x2682}},
  {24515, {0x0000, 0x0200, 0x0100, 0x0080, 0x0080, 0x0400, 0x0408, 0x2404, 0x2404, 0x2402, 0x4402, 0x4412, 0x8410, 0x0410, 0x03F0, 0x0000}},
  {24516, {0x1000, 0x1000, 0x1000, 0x1000, 0x1800, 0x5400, 0x5000, 0x5000, 0x9000, 0x1000, 0x1000, 0x1000, 0x1000, 0x1000, 0x1000, 0x1000}},
  {24517, {0x0000, 0x0400, 0x0210, 0x0110, 0x0120, 0x0820, 0x2848, 0x2844, 0x2884, 0x4902, 0x4A02, 0x8C12, 0x0810, 0x1810, 0x27F0, 0x4000}},
  {24518, {0x1000, 0x1000, 0x13FC, 0x1008, 0x1810, 0x5420, 0x5040, 0x5080, 0x9080, 0x1100, 0x1100, 0x1202, 0x1202, 0x1202, 0x11FE, 0x1000}},
  {24521, {0x1000, 0x1000, 0x17FC, 0x1084, 0x1884, 0x5484, 0x5084, 0x5084, 0x9084, 0x1084, 0x1104, 0x1104, 0x1204, 0x1204, 0x1428, 0x1810}},
  {24524, {0x0000, 0x3FF0, 0x0010, 0x0010, 0x3FF0, 0x2000, 0x2004, 0x2004, 0x1FFC, 0x0100, 0x0888, 0x4884, 0x4812, 0x4812, 0x87F0, 0x0000}},
  {24525, {0x0000, 0x3FF8, 0x0208, 0x1208, 0x1208, 0x2408, 0x0808, 0x1050, 0x6020, 0x0100, 0x0888, 0x4884, 0x4812, 0x4812, 0x87F0, 0x0000}},
  {24527, {0x1010, 0x1078, 0x13C0, 0x1040, 0x1840, 0x5440, 0x5040, 0x57FE, 0x9040, 0x1040, 0x1040, 0x1040, 0x1040, 0x1040, 0x1040, 0x1040}},
  {24528, {0x0200, 0x0200, 0x0200, 0x03F8, 0x0200, 0x0200, 0x0200, 0xFFFE, 0x0000, 0x0100, 0x0888, 0x4884, 0x4812, 0x4812, 0x87F0, 0x0000}},
  {24529, {0x0000, 0xFFFE, 0x0200, 0x0240, 0x0220, 0x0210, 0x0208, 0x0200, 0x0000, 0x0100, 0x0888, 0x4884, 0x4812, 0x4812, 0x87F0, 0x0000}},
  {24530, {0x0048, 0x0044, 0x0044, 0x0040, 0xFFFE, 0x0040, 0x0840, 0x0440, 0x1440, 0x5540, 0x50A0, 0x50A2, 0x9292, 0x120A, 0x0E06, 0x0002}},
  {24534, {0x1010, 0x1010, 0x1010, 0x1010, 0x1BFE, 0x5410, 0x5010, 0x5010, 0x9110, 0x1090, 0x1090, 0x1010, 0x1010, 0x1010, 0x1050, 0x1020}},
  {24535, {0x0100, 0x0100, 0x0100, 0xFFFE, 0x0100, 0x0100, 0x0100, 0x3FF8, 0x0000, 0x0100, 0x0888, 0x4884, 0x4812, 0x4812, 0x87F0, 0x0000}},
  {24536, {0x0200, 0x0100, 0xFFFE, 0x1000, 0x1000, 0x1000, 0x1000, 0x1FF8, 0x0000, 0x0100, 0x0888, 0x4884, 0x4812, 0x4812, 0x87F0, 0x0000}},
  {24537, {0x1020, 0x1010, 0x1010, 0x1000, 0x1BFE, 0x5480, 0x5080, 0x5080, 0x9080, 0x1080, 0x1080, 0x1080, 0x1080, 0x1080, 0x10FE, 0x1000}},
  {24541, {0x0000, 0x3FF8, 0x0100, 0x0100, 0xFFFE, 0x0280, 0x0440, 0x0920, 0x3118, 0xC106, 0x1190, 0x1148, 0x2124, 0x4124, 0x0500, 0x0200}},
  {24544, {0x0100, 0x0100, 0x3FF8, 0x2108, 0x2108, 0x2108, 0x3FF8, 0x2108, 0x0100, 0x0100, 0x0888, 0x4884, 0x4812, 0x4812, 0x87F0, 0x0000}},
  {24545, {0x1020, 0x1020, 0x1020, 0x1020, 0x1BFE, 0x5622, 0x5222, 0x5222, 0x9222, 0x1222, 0x13FE, 0x1222, 0x1020, 0x1020, 0x1020, 0x1020}},
  {24548, {0x1080, 0x1080, 0x1080, 0x11FC, 0x1920, 0x5620, 0x5020, 0x5020, 0x93FE, 0x1020, 0x1020, 0x1020, 0x1020, 0x1020, 0x1020, 0x1020}},
  {24551, {0x1090, 0x1088, 0x1088, 0x1080, 0x1BFE, 0x54A0, 0x50A0, 0x50A0, 0x90A0, 0x10A0, 0x1120, 0x1122, 0x1122, 0x1222, 0x121E, 0x1400}},
  {24554, {0x1020, 0x1120, 0x1120, 0x1910, 0x5510, 0x5248, 0x5248, 0x9444, 0x1882, 0x1080, 0x1110, 0x1108, 0x1208, 0x17FC, 0x1204, 0x1000}},
  {24555, {0x1040, 0x1040, 0x1040, 0x13F8, 0x1848, 0x5448, 0x5048, 0x5048, 0x97FE, 0x1040, 0x10A0, 0x10A0, 0x1110, 0x1110, 0x1208, 0x1406}},
  {24557, {0x1040, 0x1020, 0x1020, 0x1000, 0x1BFE, 0x5440, 0x5040, 0x5060, 0x9050, 0x1048, 0x1044, 0x1044, 0x1040, 0x1040, 0x1040, 0x1040}},
  {24558, {0x1040, 0x1040, 0x1040, 0x17FE, 0x1840, 0x5440, 0x5040, 0x57F8, 0x9208, 0x1208, 0x1110, 0x10A0, 0x1040, 0x10A0, 0x1118, 0x1606}},
  {24561, {0x1040, 0x1040, 0x1040, 0x13FC, 0x1A44, 0x5448, 0x5040, 0x5040, 0x90A0, 0x10A0, 0x10A0, 0x1120, 0x1122, 0x1222, 0x141E, 0x1800}},
  {24565, {0x0100, 0x0100, 0x0280, 0x0440, 0x0A20, 0x3118, 0xC106, 0x0FE0, 0x0040, 0x0080, 0x0100, 0x0884, 0x4892, 0x4812, 0x87F0, 0x0000}},
  {24568, {0x1000, 0x13F8, 0x1088, 0x1088, 0x1888, 0x5488, 0x5088, 0x57F8, 0x9108, 0x1108, 0x1108, 0x1108, 0x1108, 0x1108, 0x17FE, 0x1000}},
  {24571, {0x1008, 0x101C, 0x11E0, 0x1100, 0x1900, 0x5500, 0x51FE, 0x5110, 0x9110, 0x1110, 0x1110, 0x1110, 0x1110, 0x1210, 0x1210, 0x1410}},
  {24573, {0x0800, 0x0800, 0x1FF8, 0x1248, 0x2248, 0x4488, 0x0888, 0x1108, 0x2228, 0x0410, 0x0100, 0x0884, 0x4892, 0x4812, 0x87F0, 0x0000}},
  {24574, {0x1100, 0x1100, 0x11FC, 0x1A00, 0x5400, 0x51F8, 0x5000, 0x9000, 0x13F8, 0x1008, 0x1008, 0x1008, 0x100A, 0x100A, 0x1006, 0x1002}},
  {24575, {0x0440, 0x0820, 0x1010, 0x2FE8, 0xC426, 0x0420, 0x0820, 0x10A0, 0x6040, 0x0100, 0x0888, 0x4884, 0x4812, 0x4812, 0x87F0, 0x0000}},
  {24576, {0x1000, 0x1000, 0x17FE, 0x1020, 0x1820, 0x5440, 0x5040, 0x50D0, 0x9148, 0x1244, 0x1442, 0x1040, 0x1040, 0x1040, 0x1040, 0x1040}},
  {24577, {0x0100, 0x0100, 0x7FFC, 0x0100, 0x0280, 0x0440, 0x0A20, 0x3118, 0xC006, 0x0100, 0x0888, 0x4884, 0x4812, 0x4812, 0x87F0, 0x0000}},
  {24578, {0x0820, 0x0820, 0x0820, 0x0820, 0x1450, 0x1250, 0x2288, 0x2088, 0x4104, 0x8202, 0x0100, 0x0884, 0x4892, 0x4812, 0x87F0, 0x0000}},
  {24579, {0x1000, 0x13FC, 0x1040, 0x1840, 0x5440, 0x5040, 0x57FE, 0x9040, 0x10A0, 0x10A0, 0x10A0, 0x1120, 0x1122, 0x1222, 0x141E, 0x1800}},
  {24580, {0x1000, 0x13FC, 0x1200, 0x1208, 0x1A88, 0x5650, 0x5250, 0x5220, 0x9220, 0x1250, 0x1250, 0x1288, 0x1308, 0x1200, 0x13FE, 0x1000}},
  {24581, {0x1100, 0x1108, 0x1108, 0x1110, 0x1920, 0x5540, 0x5100, 0x57FE, 0x9140, 0x1120, 0x1120, 0x1110, 0x1108, 0x1144, 0x1182, 0x1100}},
  {24582, {0x1040, 0x1040, 0x10A0, 0x18A0, 0x5510, 0x5208, 0x5406, 0x91F0, 0x1110, 0x1110, 0x1150, 0x1120, 0x1104, 0x1104, 0x10FC, 0x1000}},
  {24586, {0x1000, 0x13FC, 0x1084, 0x1084, 0x1884, 0x5504, 0x5114, 0x5208, 0x9400, 0x11FC, 0x1104, 0x1104, 0x1104, 0x1104, 0x11FC, 0x1104}},
  {24589, {0x1080, 0x1080, 0x1080, 0x18FE, 0x5540, 0x5140, 0x5240, 0x907C, 0x1040, 0x1040, 0x1040, 0x107E, 0x1040, 0x1040, 0x1040, 0x1040}},
  {24590, {0x0800, 0x0800, 0x0FFC, 0x1400, 0x2400, 0x47F0, 0x0400, 0x0400, 0x07F8, 0x0400, 0x0100, 0x0884, 0x4892, 0x4812, 0x87F0, 0x0000}},
  {24591, {0x1040, 0x1040, 0x1040, 0x13F8, 0x1A48, 0x5648, 0x5248, 0x5248, 0x9248, 0x17FE, 0x1040, 0x10A0, 0x10A0, 0x1110, 0x1208, 0x1406}},
  {24594, {0x1000, 0x1000, 0xFEFC, 0x2284, 0x4488, 0x2850, 0x1020, 0x2858, 0xC586, 0x0000, 0x0100, 0x0884, 0x4892, 0x4812, 0x87F0, 0x0000}},
  {24596, {0x1000, 0x1000, 0x13FE, 0x1020, 0x1820, 0x5420, 0x5120, 0x5120, 0x913C, 0x1120, 0x1120, 0x1120, 0x1120, 0x1120, 0x17FE, 0x1000}},
  {24597, {0x1020, 0x1020, 0x1040, 0x11FC, 0x1904, 0x5504, 0x5104, 0x5104, 0x91FC, 0x1104, 0x1104, 0x1104, 0x1104, 0x1104, 0x11FC, 0x1104}},
  {24598, {0x1040, 0x1040, 0x1040, 0x13FE, 0x1880, 0x54A0, 0x5120, 0x51FC, 0x9324, 0x1524, 0x1124, 0x1124, 0x1134, 0x1128, 0x1020, 0x1020}},
  {24601, {0x1020, 0x1020, 0x1020, 0x1020, 0x1BFE, 0x5420, 0x5020, 0x5020, 0x91FC, 0x1104, 0x1104, 0x1104, 0x1104, 0x1104, 0x11FC, 0x1104}},
  {24603, {0x1000, 0x1000, 0x11FC, 0x1104, 0x1904, 0x5504, 0x51FC, 0x5104, 0x9104, 0x1104, 0x11FC, 0x1104, 0x1000, 0x1000, 0x13FE, 0x1000}},
  {24604, {0x1040, 0x1040, 0x10A0, 0x18A0, 0x5510, 0x5248, 0x5426, 0x9020, 0x13F8, 0x1008, 0x1010, 0x1110, 0x10A0, 0x1040, 0x1020, 0x1020}},
  {24605, {0x0000, 0x3FF8, 0x2108, 0x2108, 0x3FF8, 0x2108, 0x2108, 0x3FF8, 0x2008, 0x0100, 0x0888, 0x4884, 0x4812, 0x4812, 0x87F0, 0x0000}},
  {24608, {0x0200, 0x0400, 0x0820, 0x1010, 0x3FF8, 0x0008, 0x1FF0, 0x1010, 0x1010, 0x1FF0, 0x0100, 0x0884, 0x4892, 0x4812, 0x87F0, 0x0000}},
  {24609, {0x1020, 0x1020, 0x1040, 0x1840, 0x5488, 0x5104, 0x53FE, 0x9002, 0x1000, 0x11FC, 0x1104, 0x1104, 0x1104, 0x1104, 0x11FC, 0x1104}},
  {24613, {0x0800, 0x0FE0, 0x1020, 0x2040, 0x5FF8, 0x0008, 0x0008, 0x1FF8, 0x0008, 0x0008, 0x3FF8, 0x0200, 0x5104, 0x5112, 0x9012, 0x0FF0}},
  {24614, {0x1000, 0x13F8, 0x1040, 0x1040, 0x1A48, 0x5548, 0x5150, 0x5040, 0x97FE, 0x1040, 0x1040, 0x1040, 0x1040, 0x1040, 0x1040, 0x1040}},
  {24615, {0x1020, 0x1020, 0x1120, 0x1120, 0x19FC, 0x5520, 0x5220, 0x5020, 0x9020, 0x11FC, 0x1020, 0x1020, 0x1020, 0x1020, 0x13FE, 0x1000}},
  {24616, {0x1000, 0x10F8, 0x3E88, 0x4288, 0xA2A8, 0x1490, 0x0884, 0x1084, 0x207C, 0xC000, 0x0100, 0x0884, 0x4892, 0x4812, 0x87F0, 0x0000}},
  {24617, {0x1000, 0x11FC, 0x1104, 0x1104, 0x1904, 0x55FC, 0x5100, 0x5140, 0x9144, 0x1148, 0x1170, 0x1140, 0x1142, 0x1242, 0x123E, 0x1400}},
  {24618, {0x1000, 0x17F8, 0x1208, 0x1110, 0x18A0, 0x5440, 0x50A0, 0x5318, 0x9C46, 0x1040, 0x17FC, 0x1040, 0x1040, 0x1040, 0x1FFE, 0x1000}},
  {24619, {0x1090, 0x1090, 0x1090, 0x13FC, 0x1894, 0x5494, 0x53FC, 0x5290, 0x9290, 0x13FE, 0x1092, 0x1092, 0x111A, 0x1114, 0x1210, 0x1410}},
  {24623, {0x1040, 0x1040, 0x1040, 0x1040, 0x1BFC, 0x5440, 0x5040, 0x5040, 0x97FE, 0x1040, 0x1080, 0x1080, 0x1110, 0x1208, 0x17FC, 0x1204}},
  {24629, {0x1020, 0x1028, 0x1024, 0x1020, 0x1BFE, 0x5420, 0x5070, 0x5070, 0x90A8, 0x10A8, 0x1124, 0x1222, 0x1420, 0x1020, 0x1020, 0x1020}},
  {24635, {0x1010, 0x0820, 0x0440, 0x0000, 0x1FF0, 0x1010, 0x1010, 0x1010, 0x1FF0, 0x1010, 0x0100, 0x0884, 0x4892, 0x4812, 0x87F0, 0x0000}},
  {24636, {0x0008, 0x0008, 0x7E08, 0x02FE, 0x2408, 0x1448, 0x0828, 0x1408, 0x2228, 0x4010, 0x0100, 0x0884, 0x4892, 0x4812, 0x87F0, 0x0000}},
  {24639, {0x1000, 0x17F8, 0x1208, 0x1110, 0x18A0, 0x5440, 0x51B0, 0x564E, 0x9040, 0x13F8, 0x1040, 0x1040, 0x17FC, 0x1040, 0x1040, 0x1040}},
  {24641, {0x0838, 0x0BC0, 0x1040, 0x3040, 0x57FC, 0x9040, 0x1040, 0x1040, 0x13F8, 0x0100, 0x0888, 0x4884, 0x4812, 0x4812, 0x87F0, 0x0000}},
  {24642, {0x1080, 0x1080, 0x1100, 0x11FC, 0x1A04, 0x5404, 0x53E4, 0x5224, 0x9224, 0x13E4, 0x1224, 0x1224, 0x13E4, 0x1004, 0x1028, 0x1010}},
  {24643, {0x1040, 0x1040, 0x1040, 0x1BFC, 0x5440, 0x5040, 0x57FE, 0x9010, 0x1010, 0x17FE, 0x1010, 0x1210, 0x1110, 0x1110, 0x1050, 0x1020}},
  {24651, {0x0200, 0x0100, 0xFFFE, 0x0440, 0x1450, 0x1448, 0x2444, 0x4444, 0x0000, 0x0100, 0x0888, 0x4884, 0x4812, 0x4812, 0x87F0, 0x0000}},
  {24653, {0x1040, 0x1044, 0x1244, 0x1948, 0x5550, 0x5040, 0x57FE, 0x9090, 0x1090, 0x1090, 0x1090, 0x1092, 0x1112, 0x1112, 0x120E, 0x1400}},
  {24656, {0x0000, 0x7DF0, 0x1110, 0x1110, 0x1190, 0x1150, 0x1D12, 0xE212, 0x440E, 0x0800, 0x0100, 0x0884, 0x4892, 0x4812, 0x87F0, 0x0000}},
  {24658, {0x1000, 0x13FE, 0x1000, 0x1000, 0x19FC, 0x5504, 0x5104, 0x51FC, 0x9104, 0x1104, 0x11FC, 0x1104, 0x1000, 0x1000, 0x13FE, 0x1000}},
  {24661, {0x1000, 0x1000, 0xFE7C, 0x2244, 0x4444, 0x3444, 0x0844, 0x147C, 0x2244, 0xC000, 0x0100, 0x0884, 0x4892, 0x4812, 0x87F0, 0x0000}},
  {24665, {0x0820, 0x0440, 0x7FFC, 0x0100, 0x0100, 0x3FF8, 0x0100, 0x0100, 0xFFFE, 0x0100, 0x0888, 0x4884, 0x4812, 0x4812, 0x87F0, 0x0000}},
  {24666, {0x0100, 0x3FF8, 0x0100, 0x0100, 0xFFFE, 0x0000, 0x0100, 0x3FF8, 0x0100, 0x0100, 0xFFFE, 0x0200, 0x5104, 0x5112, 0x9012, 0x0FF0}},
  {24669, {0x0800, 0x0800, 0x7F7C, 0x0824, 0x3E24, 0x0824, 0x7F44, 0x0854, 0x0888, 0x0100, 0x0888, 0x4884, 0x4812, 0x4812, 0x87F0, 0x0000}},
  {24674, {0x1040, 0x1040, 0x1040, 0x13FE, 0x1880, 0x5490, 0x5090, 0x5112, 0x9152, 0x1154, 0x1290, 0x1228, 0x1428, 0x1044, 0x1084, 0x1102}},
  {24675, {0x4080, 0x2080, 0x09FC, 0x1204, 0x2448, 0xE040, 0x20A0, 0x2318, 0x2C06, 0x0100, 0x0888, 0x4884, 0x4812, 0x4812, 0x87F0, 0x0000}},
  {24676, {0x1040, 0x1040, 0x1080, 0x1100, 0x1BFC, 0x5694, 0x5294, 0x5294, 0x9294, 0x1294, 0x1294, 0x1294, 0x1294, 0x1294, 0x17FE, 0x1000}},
  {24679, {0x0000, 0xFFFE, 0x0200, 0x0400, 0x3FF8, 0x2488, 0x2488, 0x2488, 0x24A8, 0x2010, 0x0100, 0x0884, 0x4892, 0x4812, 0x87F0, 0x0000}},
  {24680, {0x1000, 0x13F8, 0x1208, 0x1208, 0x1BF8, 0x5608, 0x5208, 0x53F8, 0x9244, 0x1248, 0x1230, 0x1220, 0x1210, 0x1288, 0x1306, 0x1200}},
  {24681, {0x0000, 0x3FF8, 0x2108, 0x2108, 0x2FE8, 0x2108, 0x2288, 0x2448, 0x2828, 0x3FF8, 0x0100, 0x0884, 0x4892, 0x4812, 0x87F0, 0x0000}},
  {24682, {0x1080, 0x1080, 0x10F8, 0x1108, 0x1B10, 0x54A0, 0x5040, 0x50A0, 0x9118, 0x1206, 0x15F8, 0x1108, 0x1108, 0x1108, 0x11F8, 0x1108}},
  {24683, {0x2000, 0x27FC, 0x2404, 0x2404, 0x35F4, 0xAC04, 0xA404, 0xA5F4, 0xA514, 0x2514, 0x2514, 0x25F4, 0x2404, 0x2404, 0x2414, 0x2408}},
  {24684, {0x1008, 0x103C, 0x11E0, 0x1020, 0x1820, 0x55FE, 0x5020, 0x5020, 0x9020, 0x11FC, 0x1104, 0x1104, 0x1104, 0x1104, 0x11FC, 0x1104}},
  {24685, {0x0440, 0x0440, 0x3FF8, 0x0440, 0x0440, 0xFFFE, 0x0440, 0x0820, 0x1210, 0x2208, 0xC226, 0x1290, 0x1248, 0x2248, 0x0A00, 0x0400}},
  {24687, {0x0100, 0x0200, 0x1FF0, 0x1010, 0x1FF0, 0x1010, 0x1FF0, 0x1010, 0x1FF0, 0x1010, 0x0100, 0x0884, 0x4892, 0x4812, 0x87F0, 0x0000}},
  {24688, {0x1040, 0x1040, 0x10A0, 0x1110, 0x1A08, 0x5406, 0x53F8, 0x5000, 0x9000, 0x13F8, 0x1208, 0x1208, 0x1208, 0x1208, 0x13F8, 0x1208}},
  {24691, {0x0000, 0x3FF0, 0x2010, 0x3FF0, 0x2010, 0x3FF0, 0x2208, 0x2190, 0x2C60, 0x301C, 0x0100, 0x0884, 0x4892, 0x4812, 0x87F0, 0x0000}},
  {24694, {0x0000, 0x7FFC, 0x0440, 0x2448, 0x1448, 0x1450, 0x0440, 0xFFFE, 0x0000, 0x0100, 0x0888, 0x4884, 0x4812, 0x4812, 0x87F0, 0x0000}},
  {24696, {0x2010, 0x2010, 0x2790, 0x3010, 0xA87E, 0xA012, 0xAFD2, 0xA212, 0x2212, 0x2422, 0x2522, 0x28A2, 0x2FC2, 0x2042, 0x2094, 0x2108}},
  {24697, {0x1000, 0x13FE, 0x1220, 0x1228, 0x1A24, 0x5620, 0x53FE, 0x5220, 0x9220, 0x1250, 0x1250, 0x1250, 0x1488, 0x1488, 0x1904, 0x1202}},
  {24698, {0x1020, 0x1124, 0x1124, 0x1124, 0x19FC, 0x5400, 0x51FC, 0x5004, 0x9004, 0x11FC, 0x1100, 0x1100, 0x1102, 0x1102, 0x10FE, 0x1000}},
  {24699, {0x2004, 0x27C4, 0x2444, 0x2454, 0x3554, 0xAD54, 0xA554, 0xA554, 0xA554, 0x2554, 0x2554, 0x2104, 0x2284, 0x2244, 0x2414, 0x2808}},
  {24700, {0x1040, 0x1020, 0x1020, 0x17FE, 0x1800, 0x5400, 0x5090, 0x5254, 0x9224, 0x1224, 0x1254, 0x1294, 0x1204, 0x1204, 0x13FC, 0x1004}},
  {24701, {0x1000, 0x13FE, 0x1202, 0x1C44, 0x5440, 0x53FC, 0x5080, 0x90A0, 0x1120, 0x11FC, 0x1020, 0x1020, 0x17FE, 0x1020, 0x1020, 0x1020}},
  {24703, {0x3FF0, 0x0660, 0x0180, 0x3FF8, 0x2108, 0x3FF8, 0x2108, 0x3FF8, 0x2108, 0x2018, 0x0100, 0x0884, 0x4892, 0x4812, 0x87F0, 0x0000}},
  {24707, {0x2000, 0x27FC, 0x2444, 0x2444, 0x3444, 0xAFFC, 0xA444, 0xA4C4, 0xA4E4, 0x2554, 0x2644, 0x2444, 0x2444, 0x2404, 0x27FC, 0x2404}},
  {24708, {0x1020, 0x1124, 0x10A4, 0x10A8, 0x1820, 0x55FC, 0x5104, 0x5104, 0x91FC, 0x1104, 0x1104, 0x11FC, 0x1104, 0x1104, 0x1114, 0x1108}},
  {24713, {0x00F8, 0x3F00, 0x1110, 0x0920, 0x0100, 0xFFFE, 0x0920, 0x1110, 0x2108, 0xC006, 0x0100, 0x0884, 0x4892, 0x4812, 0x87F0, 0x0000}},
  {24716, {0x1108, 0x1088, 0x1090, 0x13FC, 0x1824, 0x5424, 0x53FC, 0x5220, 0x9220, 0x13FE, 0x1062, 0x10A2, 0x112A, 0x1224, 0x1420, 0x1020}},
  {24717, {0x1000, 0x11FC, 0x1104, 0x11FC, 0x1904, 0x55FC, 0x5000, 0x5000, 0x91FC, 0x1020, 0x1020, 0x13FE, 0x1020, 0x1020, 0x1020, 0x1020}},
  {24722, {0x1000, 0x11F8, 0x1108, 0x1108, 0x19F8, 0x5400, 0x53FC, 0x5244, 0x9244, 0x1244, 0x13FC, 0x1200, 0x1202, 0x1202, 0x11FE, 0x1000}},
  {24724, {0x1100, 0x1100, 0x11FC, 0x1A00, 0x55F8, 0x5108, 0x5148, 0x9128, 0x17FE, 0x1108, 0x1248, 0x1228, 0x13FC, 0x1008, 0x1050, 0x1020}},
  {24726, {0x1020, 0x1020, 0x13FE, 0x1820, 0x5420, 0x53FE, 0x5202, 0x9404, 0x11F8, 0x1010, 0x1020, 0x13FE, 0x1020, 0x1020, 0x10A0, 0x1040}},
  {24730, {0x1020, 0x1020, 0x13FE, 0x1020, 0x1820, 0x55FC, 0x5124, 0x5124, 0x91FC, 0x1020, 0x1070, 0x10A8, 0x1124, 0x1222, 0x1020, 0x1020}},
  {24731, {0x1040, 0x1040, 0x1088, 0x1104, 0x1BFE, 0x5402, 0x5088, 0x5144, 0x9242, 0x10F8, 0x1188, 0x1250, 0x1020, 0x1050, 0x1188, 0x1606}},
  {24733, {0x2000, 0x27FC, 0x2444, 0x2444, 0x37FC, 0xAC44, 0xA444, 0xA7FC, 0xA040, 0x2040, 0x27FC, 0x2040, 0x2040, 0x2040, 0x2FFE, 0x2000}},
  {24735, {0x1000, 0x13FE, 0x1040, 0x1040, 0x19FC, 0x5484, 0x5084, 0x53FE, 0x9000, 0x1000, 0x11FC, 0x1104, 0x1104, 0x1104, 0x11FC, 0x1104}},
  {24736, {0x1040, 0x1040, 0x247E, 0x6488, 0xA548, 0x2450, 0x2420, 0x2058, 0x2086, 0x2300, 0x0100, 0x0884, 0x4892, 0x4812, 0x87F0, 0x0000}},
  {24739, {0x0100, 0x1FF0, 0x1110, 0x1110, 0x1FF0, 0x0100, 0x3FF8, 0x2108, 0x2108, 0x3FF8, 0x0100, 0x0200, 0x5104, 0x5112, 0x9012, 0x0FF0}},
  {24742, {0x1208, 0x1108, 0x1110, 0x1020, 0x1BF8, 0x5608, 0x5208, 0x5208, 0x93F8, 0x10A0, 0x10A0, 0x1120, 0x1122, 0x1222, 0x141E, 0x1800}},
  {24744, {0x0900, 0x0900, 0x11FC, 0x3204, 0x5448, 0x9950, 0x1148, 0x1244, 0x1444, 0x1140, 0x1080, 0x0200, 0x5104, 0x5112, 0x9012, 0x0FF0}},
  {24747, {0x0100, 0x7FFC, 0x0100, 0x3FF8, 0x0000, 0x7FFE, 0x4002, 0x8FE4, 0x0820, 0x1022, 0x2022, 0xC11E, 0x2888, 0x28A4, 0x4824, 0x07E0}},
  {24748, {0x1FF0, 0x1010, 0x1FF0, 0x1010, 0x1FF0, 0x1010, 0xFFFE, 0x0820, 0x1010, 0x3FF8, 0x1008, 0x0100, 0x2888, 0x28A4, 0x4824, 0x07E0}},
  {24749, {0x1080, 0x12FC, 0x12A4, 0x12A4, 0x1AA8, 0x5690, 0x52A8, 0x50C6, 0x9020, 0x1020, 0x11FC, 0x1020, 0x1020, 0x1020, 0x13FE, 0x1000}},
  {24751, {0x1100, 0x10BE, 0x1282, 0x1202, 0x1A42, 0x5622, 0x53FE, 0x5292, 0x9252, 0x1222, 0x1252, 0x128A, 0x130A, 0x1202, 0x120A, 0x1204}},
  {24753, {0x1090, 0x1090, 0x1090, 0x179E, 0x1890, 0x5490, 0x5090, 0x539C, 0x9090, 0x1090, 0x1090, 0x179E, 0x1090, 0x1090, 0x1090, 0x1090}},
  {24754, {0x0440, 0x0440, 0x7C7C, 0x0440, 0x0440, 0x3C78, 0x0440, 0x0440, 0x7C7C, 0x0440, 0x0100, 0x0884, 0x4892, 0x4812, 0x87F0, 0x0000}},
  {24756, {0x1080, 0x1040, 0x13FC, 0x1800, 0x5510, 0x5110, 0x52A8, 0x9444, 0x1000, 0x1040, 0x17FE, 0x1040, 0x1040, 0x1040, 0x1040, 0x1040}},
  {24760, {0x2038, 0x23C0, 0x2040, 0x27FC, 0x30E0, 0xA950, 0xA248, 0xAC46, 0xA3F0, 0x2020, 0x2040, 0x27FC, 0x2040, 0x2040, 0x2140, 0x2080}},
  {24763, {0x1020, 0x1020, 0x13FE, 0x1020, 0x1820, 0x57FE, 0x5088, 0x5050, 0x93FE, 0x1020, 0x1020, 0x17FE, 0x1020, 0x1020, 0x1020, 0x1020}},
  {24764, {0x1040, 0x1040, 0x107E, 0x1040, 0x1BFC, 0x5604, 0x53FC, 0x5204, 0x93FC, 0x1244, 0x1040, 0x17FE, 0x1040, 0x1040, 0x1040, 0x1040}},
  {24773, {0x1040, 0x1040, 0x17FC, 0x1040, 0x1BF8, 0x5440, 0x57FE, 0x5000, 0x93F8, 0x1208, 0x13F8, 0x1208, 0x13F8, 0x1208, 0x1228, 0x1210}},
  {24774, {0x1000, 0x13FE, 0x1222, 0x1222, 0x1AFA, 0x5622, 0x5222, 0x53FE, 0x9202, 0x12FA, 0x128A, 0x128A, 0x12FA, 0x1202, 0x120A, 0x1404}},
  {24778, {0x1040, 0x1020, 0x13FE, 0x1000, 0x1800, 0x55FC, 0x5104, 0x5104, 0x91FC, 0x1020, 0x1128, 0x1124, 0x1222, 0x1422, 0x10A0, 0x1040}},
  {24779, {0x1040, 0x1020, 0x13FE, 0x1202, 0x1D04, 0x5500, 0x51DE, 0x5252, 0x9252, 0x1352, 0x149A, 0x1094, 0x1110, 0x1112, 0x1212, 0x140E}},
  {24785, {0x0050, 0x0048, 0xFFFE, 0x0040, 0x3E40, 0x2224, 0x3E28, 0x0012, 0x0E2A, 0x70C6, 0x0302, 0x0100, 0x2888, 0x28A4, 0x4824, 0x07E0}},
  {24789, {0x1000, 0x11FC, 0x1104, 0x11FC, 0x1904, 0x55FC, 0x5080, 0x5080, 0x91FE, 0x124A, 0x144A, 0x1092, 0x1122, 0x1242, 0x1094, 0x1108}},
  {24792, {0x1000, 0x13FE, 0x1202, 0x128A, 0x1A52, 0x57FE, 0x5242, 0x5222, 0x93FE, 0x1282, 0x1282, 0x1282, 0x12FA, 0x1202, 0x120A, 0x1204}},
  {24794, {0x1080, 0x1080, 0x10FC, 0x1154, 0x1A54, 0x54A4, 0x5124, 0x5244, 0x9094, 0x1108, 0x1040, 0x10A4, 0x12AA, 0x128A, 0x1478, 0x1000}},
  {24796, {0x1088, 0x1088, 0x1088, 0x13FE, 0x1888, 0x5488, 0x57FE, 0x5000, 0x91FC, 0x1104, 0x1104, 0x11FC, 0x1104, 0x1104, 0x11FC, 0x1104}},
  {24797, {0x1020, 0x1124, 0x10A4, 0x10A8, 0x1820, 0x57FE, 0x5202, 0x5202, 0x92FA, 0x128A, 0x128A, 0x128A, 0x12FA, 0x1202, 0x120A, 0x1204}},
  {24799, {0x10A0, 0x1090, 0x1080, 0x11FE, 0x1910, 0x5710, 0x55FC, 0x5110, 0x9110, 0x11FC, 0x1110, 0x1110, 0x1110, 0x11FE, 0x1100, 0x1100}},
  {24800, {0x0100, 0x0100, 0x7FFC, 0x0100, 0x3FF8, 0x2108, 0x3FF8, 0x2108, 0x3FF8, 0x0104, 0xFFFE, 0x0102, 0x2888, 0x28A4, 0x4824, 0x07E0}},
  {24806, {0x1040, 0x1020, 0x13FE, 0x1200, 0x1A20, 0x5620, 0x523E, 0x5220, 0x9220, 0x12FC, 0x1284, 0x1284, 0x1284, 0x1484, 0x14FC, 0x1884}},
  {24807, {0x1000, 0x13F8, 0x1208, 0x1208, 0x1BF8, 0x5608, 0x53F8, 0x5208, 0x93F8, 0x1208, 0x1208, 0x1FFE, 0x1000, 0x1110, 0x1208, 0x1404}},
  {24808, {0x2080, 0x2090, 0x2108, 0x33FC, 0xA840, 0xA7FE, 0xA110, 0xA248, 0x2C86, 0x2310, 0x2020, 0x20C4, 0x2308, 0x2030, 0x20C0, 0x2700}},
  {24809, {0x1000, 0x23FE, 0x4020, 0x8920, 0x113C, 0x3120, 0x5120, 0x9120, 0x17FE, 0x1000, 0x0100, 0x0884, 0x4892, 0x4812, 0x87F0, 0x0000}},
  {24811, {0x0800, 0x0FF0, 0x1020, 0x2C40, 0x0380, 0x1C70, 0xE00E, 0x1FF0, 0x1110, 0x1FF0, 0x1110, 0x1FF0, 0x0100, 0x4884, 0x4812, 0x87F2}},
  {24812, {0x2000, 0x27FE, 0x2420, 0x2420, 0x35FC, 0xAC20, 0xA524, 0xA4A8, 0xA7FE, 0x2420, 0x2450, 0x2448, 0x2484, 0x2504, 0x27FE, 0x2000}},
  {24813, {0x2100, 0x2102, 0x211C, 0x2FD0, 0x3210, 0xAA10, 0xA51E, 0xA7D4, 0xA114, 0x2114, 0x21D4, 0x2F14, 0x2514, 0x2124, 0x2124, 0x2144}},
  {24814, {0x1104, 0x1088, 0x1050, 0x11FC, 0x1924, 0x5524, 0x51FC, 0x5124, 0x9124, 0x11FC, 0x1020, 0x1020, 0x13FE, 0x1020, 0x1020, 0x1020}},
  {24815, {0x11FC, 0x1124, 0x1124, 0x13FE, 0x1924, 0x5524, 0x51FC, 0x5000, 0x91FC, 0x1104, 0x1124, 0x1124, 0x1124, 0x1058, 0x1084, 0x1302}},
  {24816, {0x1040, 0x1040, 0x13FE, 0x1080, 0x19FC, 0x5620, 0x55FE, 0x5000, 0x91FC, 0x1104, 0x11FC, 0x1104, 0x11FC, 0x1104, 0x1114, 0x1108}},
  {24819, {0x0800, 0x08F8, 0x0888, 0x7E88, 0x08F8, 0x1888, 0x1CF8, 0x2A88, 0x4888, 0x08F8, 0x0100, 0x0884, 0x4892, 0x4812, 0x87F0, 0x0000}},
  {24820, {0x2040, 0x2444, 0x2444, 0x3444, 0xAFFC, 0xA000, 0xAFFE, 0xA040, 0x2080, 0x27FC, 0x24A4, 0x24A4, 0x24A4, 0x24A4, 0x24A4, 0x240C}},
  {24822, {0x1020, 0x1040, 0x11FC, 0x1104, 0x19FC, 0x5504, 0x51FC, 0x5000, 0x93FE, 0x1020, 0x1020, 0x11FC, 0x1020, 0x1020, 0x13FE, 0x1000}},
  {24825, {0x0820, 0x7FFC, 0x0820, 0x0200, 0xFFFE, 0x0800, 0x1FF0, 0x2810, 0xC810, 0x0FF0, 0x0100, 0x0884, 0x4892, 0x4812, 0x87F0, 0x0000}},
  {24826, {0x1000, 0x11FC, 0x1104, 0x11FC, 0x1904, 0x55FC, 0x5020, 0x5120, 0x91FE, 0x1220, 0x1020, 0x11FC, 0x1020, 0x1020, 0x13FE, 0x1000}},
  {24832, {0x2088, 0x21C8, 0x2708, 0x3108, 0xA92A, 0xA12A, 0xA7AC, 0xA148, 0x2308, 0x2388, 0x2554, 0x2514, 0x2914, 0x2124, 0x2124, 0x2142}},
  {24833, {0x0E20, 0x7820, 0x0824, 0x08A4, 0xFEA8, 0x1920, 0x2C50, 0x4A50, 0x8888, 0x0904, 0x0A02, 0x0100, 0x2888, 0x28A4, 0x4824, 0x07E0}},
  {24838, {0x1200, 0x213C, 0x4800, 0x9400, 0x217E, 0x6208, 0xAE08, 0x2208, 0x2228, 0x2210, 0x2100, 0x0884, 0x4892, 0x4812, 0x87F0, 0x0000}},
  {24840, {0x0100, 0x0280, 0x0C60, 0x37D8, 0xC006, 0x3E08, 0x2248, 0x3E48, 0x2248, 0x3E48, 0x2208, 0x2618, 0x0100, 0x4884, 0x4812, 0x87F2}},
  {24841, {0x1040, 0x10A0, 0x1110, 0x1208, 0x1DF6, 0x5400, 0x53C4, 0x5254, 0x9254, 0x13D4, 0x1254, 0x1254, 0x13D4, 0x1244, 0x1254, 0x12C8}},
  {24845, {0x0020, 0x7F20, 0x413E, 0x7F44, 0x48A4, 0x7F24, 0x4828, 0x4510, 0x5328, 0x6146, 0x0100, 0x0884, 0x4892, 0x4812, 0x87F0, 0x0000}},
  {24846, {0x1100, 0x1100, 0x11FE, 0x1A00, 0x55FC, 0x5104, 0x51FC, 0x9104, 0x11FC, 0x1080, 0x10FC, 0x1108, 0x1290, 0x1060, 0x1198, 0x1606}},
  {24847, {0x0100, 0x3FF8, 0x0820, 0x0440, 0xFFFE, 0x0000, 0x1FF0, 0x1010, 0x1FF0, 0x1010, 0x1FF0, 0x0200, 0x5104, 0x5112, 0x9012, 0x0FF0}},
  {24853, {0x2000, 0x27BC, 0x24A4, 0x24A4, 0x37BC, 0xA800, 0xA3F8, 0xA000, 0xA7FC, 0x2100, 0x2200, 0x23F8, 0x2008, 0x2008, 0x2050, 0x2020}},
  {24858, {0x1FF0, 0x1110, 0x1FF0, 0x1110, 0x1FF0, 0x0100, 0x3FF8, 0x2108, 0x2148, 0x2FE8, 0x2428, 0x2010, 0x0100, 0x4884, 0x4812, 0x87F2}},
  {24863, {0x0028, 0x0024, 0x3FFE, 0x2020, 0x2FA4, 0x2024, 0x2FA8, 0x2898, 0x2892, 0x4FAA, 0x4046, 0x8082, 0x0100, 0x4884, 0x4812, 0x87F2}},
  {24864, {0x1000, 0x11F8, 0x1108, 0x1108, 0x19F8, 0x5508, 0x5108, 0x51F8, 0x9000, 0x13FC, 0x1294, 0x1294, 0x1294, 0x1294, 0x17FE, 0x1000}},
  {24867, {0x1000, 0x13FC, 0x1294, 0x1A94, 0x5694, 0x53FC, 0x5080, 0x9040, 0x17FE, 0x1080, 0x10F8, 0x1088, 0x1108, 0x1108, 0x1228, 0x1410}},
  {24868, {0x1020, 0x11FC, 0x1020, 0x1088, 0x1BFE, 0x5488, 0x5000, 0x51FC, 0x9104, 0x1124, 0x1124, 0x1124, 0x1124, 0x1050, 0x1088, 0x1304}},
  {24870, {0x1020, 0x1020, 0x11FC, 0x1924, 0x55FC, 0x5020, 0x53FE, 0x9000, 0x11FC, 0x1104, 0x1124, 0x1124, 0x1124, 0x1050, 0x1088, 0x1304}},
  {24871, {0x2040, 0x2080, 0x27FC, 0x2444, 0x3444, 0xAFFC, 0xA444, 0xA484, 0xA7FC, 0x2080, 0x2150, 0x2164, 0x227C, 0x2442, 0x2842, 0x303E}},
  {24875, {0x1040, 0x1040, 0x17FC, 0x1040, 0x1BF8, 0x5440, 0x57FE, 0x5080, 0x9110, 0x13E0, 0x1048, 0x17FC, 0x1044, 0x1248, 0x1544, 0x1080}},
  {24895, {0x0000, 0x3FFE, 0x2080, 0x27F8, 0x2408, 0x27F8, 0x2408, 0x27F8, 0x2250, 0x2448, 0x2944, 0x2080, 0x2044, 0x4A42, 0x4A12, 0x91F0}},
  {24904, {0x0820, 0x0440, 0xFFFE, 0x1020, 0x1020, 0x2448, 0x78F0, 0x1020, 0x2448, 0x7EFC, 0x0204, 0x0100, 0x2888, 0x28A4, 0x4824, 0x07E0}},
  {24906, {0x2110, 0x20A0, 0x2000, 0x27FE, 0x30A0, 0xABF8, 0xA0A8, 0xA7FE, 0xA0A8, 0x23F8, 0x20A0, 0x21B0, 0x22A8, 0x2CA6, 0x20A0, 0x20A0}},
  {24908, {0x2108, 0x2108, 0x27FE, 0x2148, 0x3020, 0xAFFE, 0xA200, 0xA200, 0xA3FC, 0x2000, 0x2248, 0x2248, 0x2248, 0x244A, 0x244A, 0x2846}},
  {24910, {0x2040, 0x2040, 0x27FC, 0x2040, 0x33F8, 0xAA08, 0xA3F8, 0xA208, 0xA3F8, 0x2208, 0x23F8, 0x2208, 0x2FFE, 0x2110, 0x2208, 0x2404}},
  {24913, {0x2000, 0x23FC, 0x2108, 0x21F8, 0x3108, 0xA9F8, 0xA10E, 0xA7F8, 0xA008, 0x27BC, 0x20A4, 0x22A4, 0x2128, 0x2290, 0x24A8, 0x2846}},
  {24917, {0x0440, 0x7FFC, 0x0440, 0x1FF0, 0x1010, 0x1FF0, 0x1010, 0x1FF0, 0x0400, 0xFFFE, 0x1210, 0x2208, 0xCB26, 0x1290, 0x2A90, 0x0400}},
  {24925, {0x3FFC, 0x2420, 0x2FF8, 0x2520, 0x3FFC, 0x2200, 0x27F0, 0x2A10, 0x33F0, 0x2000, 0x3FFC, 0x0200, 0x5104, 0x5112, 0x9012, 0x0FF0}},
  {24930, {0x23F8, 0x2208, 0x23F8, 0x3208, 0xABF8, 0xA000, 0xA7FC, 0xA4A4, 0x24A4, 0x27FC, 0x2000, 0x23F8, 0x2110, 0x20E0, 0x2318, 0x2C06}},
  {24935, {0x1010, 0xFEFE, 0x1010, 0x7C7C, 0x1010, 0xFEFE, 0x1010, 0x3FF8, 0x0008, 0x1FF8, 0x0008, 0x3FF8, 0x0100, 0x4884, 0x4812, 0x87F2}},
  {24936, {0x2000, 0x27BE, 0x2488, 0x2488, 0x37A8, 0xACA8, 0xA4A8, 0xA7BE, 0xA410, 0x2518, 0x2498, 0x25A8, 0x26AA, 0x244A, 0x2046, 0x2080}},
  {24944, {0x3F08, 0x2108, 0x3F7E, 0x2008, 0x2F48, 0x2028, 0x5FA8, 0x4408, 0x9528, 0x2C90, 0x0100, 0x0884, 0x4892, 0x4812, 0x87F0, 0x0000}},
  {24949, {0x2020, 0x27FE, 0x2420, 0x25FC, 0x3424, 0xAFFE, 0xA424, 0xA5FC, 0xA420, 0x25FC, 0x2524, 0x25FC, 0x2524, 0x29FC, 0x2924, 0x312C}},
  {24951, {0x2040, 0x2020, 0x27FE, 0x2420, 0x35FC, 0xAC24, 0xA7FE, 0xA424, 0xA5FC, 0x2420, 0x2562, 0x24B4, 0x2928, 0x2A26, 0x30A0, 0x2040}},
  {24971, {0x0820, 0x4920, 0x2A3E, 0x7F44, 0x49A4, 0x5D28, 0x6B28, 0x4910, 0x4928, 0x4346, 0x0100, 0x0884, 0x4892, 0x4812, 0x87F0, 0x0000}},
  {24974, {0x1104, 0x1088, 0x1000, 0x13FE, 0x1A22, 0x56AA, 0x5272, 0x5222, 0x93FE, 0x1000, 0x11FC, 0x1104, 0x11FC, 0x1104, 0x11FC, 0x1104}},
  {24980, {0x2140, 0x2120, 0x23FE, 0x2220, 0x3620, 0xABFC, 0xA220, 0xA220, 0xA3FC, 0x2220, 0x2220, 0x23FE, 0x2200, 0x2524, 0x2492, 0x2892}},
  {24989, {0x0840, 0x7F40, 0x007E, 0x3E88, 0x2348, 0x3E48, 0x0050, 0x3E50, 0x0420, 0x7F50, 0x0888, 0x2904, 0x1100, 0x4884, 0x4812, 0x87F2}},
  {24999, {0x1020, 0x11FC, 0x1088, 0x1050, 0x1BFE, 0x5400, 0x51FC, 0x5124, 0x91FC, 0x1124, 0x11FC, 0x1020, 0x11FC, 0x1020, 0x13FE, 0x1000}},
  {25000, {0x7C20, 0x0420, 0xFF3E, 0x2244, 0x3EA4, 0x2228, 0x3E28, 0x2390, 0xFE28, 0x4244, 0x0282, 0x0100, 0x2888, 0x28A4, 0x4824, 0x07E0}},
  {25001, {0x1C10, 0x7020, 0x10FC, 0xFE84, 0x10FC, 0x7C84, 0x44FC, 0x4484, 0x7CFC, 0x4400, 0x0100, 0x0884, 0x4892, 0x4812, 0x87F0, 0x0000}},
  {25004, {0x1000, 0x13F8, 0x1208, 0x1BF8, 0x5608, 0x53F8, 0x5040, 0x97FE, 0x1000, 0x13F8, 0x1208, 0x13F8, 0x1040, 0x1248, 0x1444, 0x10C0}},
  {25015, {0x2110, 0x2110, 0x27BC, 0x3110, 0xABB8, 0xA554, 0xA912, 0xA000, 0x27FC, 0x2044, 0x2240, 0x2278, 0x2240, 0x2540, 0x28FE, 0x3000}},
  {25022, {0x2014, 0x2012, 0x27FE, 0x2410, 0x35D0, 0xAC14, 0xA5D4, 0xA558, 0xA5CA, 0x2416, 0x2442, 0x2824, 0x22A2, 0x228A, 0x2478, 0x2000}},
  {25026, {0x2110, 0x27FE, 0x2110, 0x23F8, 0x3040, 0xAFFC, 0xA040, 0xA3F8, 0xA248, 0x23F8, 0x2248, 0x23F8, 0x2040, 0x27FC, 0x2040, 0x2FFE}},
  {25032, {0x2200, 0x239E, 0x248A, 0x290A, 0x37D2, 0xAD66, 0xA540, 0xA7D4, 0xA55E, 0x2564, 0x27C4, 0x2544, 0x255E, 0x2544, 0x2444, 0x28C4}},
  {25034, {0x2080, 0x2100, 0x27FC, 0x2444, 0x3554, 0xAC44, 0xA7FC, 0xA4E4, 0xA554, 0x2404, 0x2040, 0x2FFE, 0x20A0, 0x2110, 0x2208, 0x2C06}},
  {25035, {0x2788, 0x2088, 0xFABE, 0x2108, 0x77D8, 0x6B5C, 0xA52A, 0x2948, 0x2508, 0x2208, 0x0100, 0x0884, 0x4892, 0x4812, 0x87F0, 0x0000}},
  {25041, {0x0110, 0x4FFE, 0x2110, 0x27FC, 0x80A0, 0x47FC, 0x54A4, 0x14A4, 0xE564, 0x2654, 0x2484, 0x240C, 0x0100, 0x4884, 0x4812, 0x87F2}},
  {25042, {0x2210, 0x2210, 0x2F9C, 0x2224, 0x3248, 0xAFBE, 0xAAA2, 0xAAAA, 0xAFAA, 0x222A, 0x272A, 0x2AAA, 0x3288, 0x2214, 0x2222, 0x2242}},
  {25044, {0x2040, 0x2FFE, 0x2000, 0x37FC, 0xAC04, 0xA5F4, 0xA514, 0xA5F4, 0x2404, 0x27FC, 0x2000, 0x23F8, 0x2000, 0x2FFE, 0x2248, 0x24C4}},
  {25062, {0x2000, 0x27FC, 0x2040, 0x2FFE, 0x3842, 0xAB58, 0xA040, 0xA358, 0xA000, 0x2FFE, 0x2040, 0x27FC, 0x24A4, 0x24A4, 0x24A4, 0x240C}},
  {25077, {0x1108, 0x17FE, 0x1108, 0x13FC, 0x1A94, 0x57FC, 0x5000, 0x57FE, 0x9402, 0x11F8, 0x1108, 0x11F8, 0x1108, 0x11F8, 0x1108, 0x11F8}},
  {25087, {0x1020, 0xFF20, 0x10BE, 0x7C44, 0x0050, 0xFE90, 0x8390, 0x7CA8, 0x00A4, 0x7CC2, 0x4420, 0x7C10, 0x4554, 0x2F42, 0xF14A, 0x4238}},
  {25094, {0x1040, 0xFEF8, 0x2948, 0xFE30, 0x01CE, 0x7CF8, 0x4420, 0x7DFC, 0x4488, 0x7CA8, 0x10A8, 0xFE50, 0x1188, 0x4884, 0x4812, 0x87F2}},
  {25096, {0x0220, 0x0210, 0x0210, 0x0200, 0x02FE, 0xFF00, 0x0208, 0x0208, 0x0210, 0x0120, 0x0140, 0x0080, 0x0342, 0x0C22, 0x701A, 0x0006}},
  {25098, {0x0090, 0x0088, 0x0080, 0x3FFE, 0x2080, 0x2080, 0x2084, 0x2044, 0x2048, 0x2048, 0x2030, 0x2022, 0x2052, 0x408A, 0x4306, 0x8C02}},
  {25099, {0x0240, 0x0220, 0x0220, 0x02FC, 0x7F00, 0x0200, 0x0200, 0x023E, 0xFFC0, 0x0210, 0x0120, 0x0140, 0x0184, 0x0E44, 0x7034, 0x000C}},
  {25100, {0x0050, 0x0048, 0x0040, 0x3FFE, 0x2040, 0x2040, 0x2044, 0x2044, 0x3E44, 0x2028, 0x2028, 0x2012, 0x2032, 0x404A, 0x4086, 0x8102}},
  {25101, {0x0050, 0x0048, 0x0040, 0x3FFE, 0x2040, 0x2040, 0x2044, 0x3044, 0x2844, 0x2428, 0x2428, 0x2012, 0x2032, 0x404A, 0x4086, 0x8102}},
  {25102, {0x0048, 0x0044, 0x0040, 0xFFFE, 0x0040, 0x0840, 0x0844, 0x0844, 0x7F44, 0x0828, 0x0828, 0x1012, 0x1032, 0x204A, 0x4086, 0x0302}},
  {25103, {0x0020, 0x0028, 0x0024, 0x7E24, 0x0220, 0x023E, 0x25E0, 0x1424, 0x0824, 0x0828, 0x1428, 0x1210, 0x2232, 0x404A, 0x0086, 0x0102}},
  {25104, {0x0050, 0x0048, 0x0040, 0x3FFE, 0x2040, 0x2040, 0x2044, 0x3E44, 0x2244, 0x2228, 0x2228, 0x2212, 0x2A32, 0x444A, 0x4086, 0x8102}},
  {25105, {0x0440, 0x0E50, 0x7848, 0x0848, 0x0840, 0xFFFE, 0x0840, 0x0844, 0x0A44, 0x0C48, 0x1830, 0x6822, 0x0852, 0x088A, 0x2B06, 0x1002}},
  {25106, {0x0048, 0x0044, 0x0040, 0xFFFE, 0x0040, 0x1240, 0x1244, 0x1244, 0x7F44, 0x1228, 0x1228, 0x1212, 0x2232, 0x224A, 0x4086, 0x0302}},
  {25109, {0x0420, 0x2428, 0x2424, 0x2424, 0x2420, 0x3C3E, 0x05E0, 0x0424, 0xFC24, 0x2428, 0x2428, 0x2410, 0x2432, 0x444A, 0x8486, 0x0502}},
  {25110, {0x0048, 0x0044, 0x0040, 0xFFFE, 0x0040, 0x0040, 0x3E44, 0x2244, 0x2244, 0x2228, 0x3E28, 0x0012, 0x0732, 0x784A, 0x2086, 0x0302}},
  {25111, {0x0828, 0x0824, 0x1424, 0x1220, 0x212E, 0x40F0, 0xBE20, 0x2224, 0x2224, 0x2228, 0x2A28, 0x2410, 0x2112, 0x212A, 0x1F46, 0x0082}},
  {25112, {0x1020, 0x1028, 0x1024, 0x1E24, 0x1020, 0x103E, 0x11E0, 0x1024, 0x7E24, 0x4228, 0x4228, 0x4210, 0x4232, 0x7E4A, 0x4286, 0x0102}},
  {25114, {0x0028, 0x0024, 0x0020, 0x3FFE, 0x2220, 0x23A0, 0x2224, 0x2224, 0x3FE4, 0x2028, 0x2228, 0x2A90, 0x3252, 0x422A, 0x4A46, 0x8482}},
  {25115, {0x7FFC, 0x0200, 0x1FF0, 0x1010, 0x1FF0, 0x1010, 0x1FF0, 0x1010, 0x1FF0, 0x0240, 0x03F8, 0x7E20, 0x0140, 0x0084, 0x0764, 0x381C}},
  {25119, {0x0820, 0x0828, 0xFFA4, 0x0824, 0x7F20, 0x413E, 0x7FE0, 0x4124, 0x7F24, 0x4928, 0x0828, 0xFF90, 0x0832, 0x084A, 0x0886, 0x0902}},
  {25121, {0x2220, 0x2228, 0xFF24, 0x2224, 0x3E20, 0x223E, 0x3FE0, 0x2224, 0x2224, 0xFF28, 0x4028, 0x5410, 0x6232, 0x404A, 0x7E86, 0x0102}},
  {25122, {0x3F28, 0x2124, 0x2124, 0x3F20, 0x0020, 0xFFFE, 0x2120, 0x3F24, 0x2124, 0x3F28, 0x2128, 0x27D0, 0xF912, 0x412A, 0x0146, 0x0182}},
  {25124, {0x0010, 0x7E14, 0x2212, 0x2410, 0x3F16, 0x5578, 0x4912, 0x5512, 0xA212, 0x0014, 0x7F14, 0x5508, 0x551A, 0x57AA, 0xFC46, 0x0082}},
  {25125, {0x0020, 0x7E28, 0x4224, 0x7E24, 0x4220, 0x7E3E, 0x09E0, 0x4824, 0x7F24, 0x8828, 0x7E28, 0x0810, 0x0F32, 0xF04A, 0x4086, 0x0102}},
  {25130, {0x0820, 0x0828, 0x7F24, 0x0820, 0xFFFE, 0x1420, 0x2224, 0x7FA4, 0xA424, 0x3F28, 0x2428, 0x3F10, 0x2412, 0x3FAA, 0x2046, 0x2082}},
  {25132, {0x0010, 0x7F94, 0x1212, 0x5290, 0x3316, 0x1278, 0xFFD2, 0x0012, 0x3F12, 0x2114, 0x2114, 0x3F08, 0x211A, 0x212A, 0x3F46, 0x2182}},
  {25134, {0x0010, 0x7714, 0x1112, 0x5510, 0x3316, 0x5578, 0x0C12, 0x3312, 0xC492, 0x1814, 0x6214, 0x0C88, 0x711A, 0x062A, 0x1846, 0xE082}},
  {25139, {0x0020, 0xEE28, 0x2224, 0xAA24, 0x6620, 0xAA3E, 0x01E0, 0x2424, 0x7F24, 0xC828, 0x7E28, 0x4810, 0x7E32, 0x484A, 0x7F86, 0x4102}},
  {25140, {0x0820, 0x7F28, 0x0824, 0xFFFE, 0x0020, 0x7F20, 0x4924, 0x7F24, 0x4924, 0x7F28, 0x2228, 0x7F10, 0x2212, 0xFFAA, 0x2246, 0x4182}},
  {25143, {0x0200, 0x0100, 0x0100, 0x1FF8, 0x1008, 0x1008, 0x1008, 0x1008, 0x1FF8, 0x1008, 0x1000, 0x1000, 0x1000, 0x2000, 0x2000, 0x4000}},
  {25149, {0x0200, 0x0100, 0x3FFC, 0x2004, 0x2004, 0x3FFC, 0x2000, 0x2220, 0x2120, 0x2420, 0x2220, 0x207E, 0x5FA0, 0x4020, 0x8020, 0x0020}},
  {25150, {0x0200, 0x0100, 0x3FFC, 0x2004, 0x2004, 0x3FFC, 0x2080, 0x20A0, 0x2090, 0x2FFC, 0x2140, 0x2140, 0x4220, 0x4410, 0x8808, 0x1006}},
  {25151, {0x0200, 0x0100, 0x3FFC, 0x2004, 0x2004, 0x3FFC, 0x2100, 0x2080, 0x3FFC, 0x2200, 0x2200, 0x23F8, 0x4408, 0x4408, 0x8828, 0x1010}},
  {25152, {0x0208, 0x071C, 0x38E0, 0x2080, 0x2080, 0x3E80, 0x22FE, 0x2288, 0x2288, 0x3E88, 0x2088, 0x2088, 0x4108, 0x4108, 0x8208, 0x0408}},
  {25153, {0x0200, 0x0100, 0x3FFC, 0x2004, 0x2004, 0x3FFC, 0x2000, 0x2000, 0x2FFC, 0x2924, 0x2924, 0x2FFC, 0x4924, 0x4924, 0x8924, 0x080C}},
  {25155, {0x0200, 0x0100, 0x3FFC, 0x2004, 0x2004, 0x3FFC, 0x2000, 0x2000, 0x2FFC, 0x2804, 0x29E4, 0x2924, 0x4924, 0x49E4, 0x8814, 0x0808}},
  {25159, {0x0200, 0x0100, 0x3FFC, 0x2004, 0x2004, 0x3FFC, 0x2000, 0x2000, 0x3F7C, 0x2104, 0x2924, 0x2514, 0x4924, 0x5144, 0x8514, 0x0208}},
  {25160, {0x0100, 0x0080, 0x3FFC, 0x2004, 0x3FFC, 0x2000, 0x27F0, 0x2410, 0x27F0, 0x2000, 0x2FF8, 0x2888, 0x4FF8, 0x4802, 0x8802, 0x07FE}},
  {25161, {0x0100, 0x0080, 0x3FFC, 0x2004, 0x3FFC, 0x2120, 0x2120, 0x3F3E, 0x2120, 0x2120, 0x2F3C, 0x2120, 0x4120, 0x5F3E, 0x8120, 0x0120}},
  {25163, {0x0010, 0x00F8, 0x3F00, 0x0100, 0x0100, 0x3FF8, 0x0100, 0x0100, 0x0100, 0xFFFE, 0x0100, 0x0100, 0x0100, 0x0100, 0x0500, 0x0200}},
  {25164, {0x1000, 0x1000, 0x1000, 0x1000, 0xF800, 0x1000, 0x1400, 0x1800, 0x3000, 0xD000, 0x1000, 0x1000, 0x1000, 0x1000, 0x5000, 0x2000}},
  {25165, {0x0080, 0x0080, 0x0080, 0x0080, 0xFFFE, 0x0180, 0x0280, 0x0280, 0x0480, 0x0480, 0x0880, 0x1080, 0x2080, 0x4080, 0x0280, 0x0100}},
  {25166, {0x1080, 0x1080, 0x1080, 0x1080, 0xFE80, 0x1080, 0x1080, 0x1280, 0x1C80, 0x3080, 0xD080, 0x1084, 0x1084, 0x1084, 0x507C, 0x2000}},
  {25169, {0x1080, 0x1080, 0x1080, 0x1080, 0xFE80, 0x10A0, 0x1090, 0x1288, 0x1C84, 0x3084, 0xD080, 0x1080, 0x1080, 0x1080, 0x5080, 0x2080}},
  {25170, {0x1000, 0x1020, 0x1120, 0x1120, 0xFD20, 0x1120, 0x1120, 0x1520, 0x1920, 0x3110, 0xD210, 0x1210, 0x1208, 0x1408, 0x5404, 0x2802}},
  {25171, {0x1000, 0x1000, 0x13FE, 0x1020, 0xFC20, 0x1020, 0x1020, 0x1420, 0x1820, 0x3020, 0xD020, 0x1020, 0x1020, 0x1020, 0x50A0, 0x2040}},
  {25172, {0x1000, 0x1000, 0x13F8, 0x1088, 0xFC90, 0x1090, 0x10A0, 0x14BC, 0x1884, 0x3084, 0xD104, 0x1104, 0x1104, 0x1204, 0x5228, 0x2410}},
  {25176, {0x1008, 0x103C, 0x13C0, 0x1040, 0xFC40, 0x1040, 0x1040, 0x147E, 0x1BC0, 0x3040, 0xD040, 0x1042, 0x1042, 0x1042, 0x503E, 0x2000}},
  {25179, {0x1000, 0x1000, 0x11FC, 0x1020, 0xFE20, 0x1020, 0x1020, 0x1220, 0x1C20, 0x3020, 0xD020, 0x1020, 0x1020, 0x1020, 0x53FE, 0x2000}},
  {25187, {0x1000, 0x1000, 0x11FC, 0x1104, 0xFD04, 0x1104, 0x1104, 0x1504, 0x1904, 0x3104, 0xD104, 0x1104, 0x1104, 0x11FC, 0x5104, 0x2000}},
  {25190, {0x1008, 0x103C, 0x11E0, 0x1020, 0xFC20, 0x1020, 0x1020, 0x17FE, 0x1820, 0x3020, 0xD020, 0x1020, 0x1020, 0x1020, 0x5020, 0x2020}},
  {25191, {0x1040, 0x1040, 0x1040, 0x1040, 0xFDF8, 0x1048, 0x1048, 0x1448, 0x1948, 0x30C8, 0xD048, 0x10A8, 0x10AA, 0x110A, 0x5206, 0x2402}},
  {25193, {0x1020, 0x1010, 0x1010, 0x11FE, 0xFD00, 0x1100, 0x1100, 0x1500, 0x1900, 0x3100, 0xD100, 0x1100, 0x1100, 0x1200, 0x5200, 0x2400}},
  {25194, {0x1100, 0x1080, 0x10BC, 0x1204, 0xFA04, 0x1204, 0x1604, 0x1A04, 0x3204, 0xD204, 0x1204, 0x1204, 0x1204, 0x1204, 0x5214, 0x2208}},
  {25195, {0x1000, 0x1000, 0x13FC, 0x1004, 0xFC04, 0x1004, 0x1004, 0x15FC, 0x1804, 0x3004, 0xD004, 0x1004, 0x1004, 0x13FC, 0x5004, 0x2000}},
  {25196, {0x1000, 0x11F8, 0x1010, 0x1020, 0xFC40, 0x1080, 0x11FE, 0x1492, 0x1892, 0x3092, 0xD112, 0x1122, 0x1222, 0x1442, 0x5094, 0x2108}},
  {25197, {0x1000, 0x11FC, 0x1044, 0x1044, 0xFC44, 0x1044, 0x1044, 0x15FC, 0x1884, 0x3084, 0xD084, 0x1084, 0x1084, 0x1084, 0x57FE, 0x2000}},
  {25198, {0x1010, 0x1090, 0x1090, 0x1088, 0xFD08, 0x1104, 0x1204, 0x15FA, 0x1888, 0x3088, 0xD088, 0x1088, 0x1108, 0x1108, 0x5228, 0x2410}},
  {25199, {0x1020, 0x1020, 0x1020, 0x1120, 0xFD20, 0x1120, 0x113C, 0x1520, 0x1920, 0x3120, 0xD120, 0x1120, 0x1120, 0x1120, 0x57FE, 0x2000}},
  {25200, {0x1040, 0x1050, 0x1048, 0x1048, 0xFC40, 0x11FE, 0x1050, 0x1450, 0x1850, 0x3050, 0xD090, 0x1090, 0x1092, 0x1112, 0x510E, 0x2200}},
  {25203, {0x1008, 0x101C, 0x11E0, 0x1100, 0xFD00, 0x11FC, 0x1144, 0x1544, 0x1944, 0x3128, 0xD128, 0x1110, 0x1110, 0x1228, 0x5244, 0x2482}},
  {25206, {0x1020, 0x1020, 0x1020, 0x1020, 0xFDFC, 0x1020, 0x1020, 0x1420, 0x1BFE, 0x3020, 0xD050, 0x1050, 0x1088, 0x1088, 0x5104, 0x2202}},
  {25209, {0x1010, 0x1110, 0x1110, 0x1112, 0xFD12, 0x1114, 0x11D8, 0x1510, 0x1910, 0x3110, 0xD110, 0x1112, 0x1152, 0x1192, 0x510E, 0x2000}},
  {25212, {0x2000, 0x23FE, 0x2200, 0x2200, 0xFAF8, 0x2288, 0x2288, 0x2A88, 0x3288, 0xE2A8, 0x2290, 0x2282, 0x2482, 0x2482, 0xA87E, 0x5000}},
  {25214, {0x1090, 0x1088, 0x1088, 0x1080, 0xFCBC, 0x13C0, 0x1080, 0x1488, 0x1888, 0x3090, 0xD060, 0x1044, 0x10A4, 0x1114, 0x520C, 0x2004}},
  {25215, {0x1FE0, 0x0040, 0x0080, 0x0104, 0x7928, 0x0FF0, 0x0920, 0x1110, 0x17D0, 0x2108, 0x2108, 0x4FE4, 0x8102, 0x0100, 0x0500, 0x0200}},
  {25216, {0x1020, 0x1020, 0x1020, 0x13FE, 0xFC20, 0x1020, 0x1020, 0x15FC, 0x1884, 0x3088, 0xD048, 0x1050, 0x1020, 0x1050, 0x5188, 0x2606}},
  {25220, {0x1020, 0x1020, 0x1020, 0x10A8, 0xFCA4, 0x10A2, 0x1122, 0x1520, 0x1A24, 0x3024, 0xD028, 0x1008, 0x1010, 0x1020, 0x50C0, 0x2300}},
  {25225, {0x1040, 0x1040, 0x1040, 0x13F8, 0xF848, 0x1048, 0x1448, 0x1848, 0x37FE, 0xD040, 0x10A0, 0x10A0, 0x1110, 0x1110, 0x5208, 0x2406}},
  {25226, {0x1000, 0x11FC, 0x1124, 0x1124, 0xFD24, 0x1124, 0x1124, 0x15FC, 0x1904, 0x3100, 0xD100, 0x1100, 0x1102, 0x1102, 0x50FE, 0x2000}},
  {25233, {0x1000, 0x1080, 0x133C, 0x1224, 0xFE24, 0x1224, 0x1224, 0x1624, 0x1A24, 0x3224, 0xD2B4, 0x1328, 0x1220, 0x1020, 0x5020, 0x2020}},
  {25234, {0x1000, 0x11F8, 0x1008, 0x1050, 0xFC20, 0x1010, 0x13FE, 0x1422, 0x1824, 0x3020, 0xD020, 0x1020, 0x1020, 0x1020, 0x50A0, 0x2040}},
  {25235, {0x1008, 0x101C, 0x11F0, 0x1150, 0xFD50, 0x1150, 0x1150, 0x1550, 0x1950, 0x3148, 0xD148, 0x1148, 0x1144, 0x1244, 0x5242, 0x2400}},
  {25237, {0x1000, 0x10F8, 0x1088, 0x1088, 0xFC88, 0x1106, 0x1200, 0x15FC, 0x1884, 0x3084, 0xD048, 0x1050, 0x1020, 0x1050, 0x5088, 0x2306}},
  {25238, {0x1010, 0x1110, 0x1090, 0x1090, 0xFC10, 0x1110, 0x1090, 0x1490, 0x1810, 0x301E, 0xD3F0, 0x1010, 0x1010, 0x1010, 0x5010, 0x2010}},
  {25239, {0x1080, 0x1040, 0x1040, 0x13FC, 0xFC00, 0x1000, 0x11F0, 0x1510, 0x1910, 0x3110, 0xD110, 0x1112, 0x1112, 0x1212, 0x520E, 0x2400}},
  {25240, {0x1008, 0x101C, 0x11E0, 0x1100, 0xFD00, 0x1100, 0x11FE, 0x1510, 0x1910, 0x3110, 0xD110, 0x1110, 0x1110, 0x1210, 0x5210, 0x2410}},
  {25242, {0x1000, 0x13FC, 0x1040, 0x1040, 0xFC40, 0x1040, 0x17FE, 0x1040, 0x18A0, 0x30A0, 0xD0A0, 0x1120, 0x1122, 0x1222, 0x541E, 0x2800}},
  {25243, {0x1210, 0x1210, 0x1210, 0x127C, 0xFA14, 0x1794, 0x1294, 0x1A94, 0x32A4, 0xD2A4, 0x12D4, 0x128A, 0x1482, 0x1482, 0x587E, 0x3000}},
  {25247, {0x1020, 0x1020, 0x1020, 0x11FC, 0xFC20, 0x1040, 0x11FE, 0x1440, 0x1880, 0x31FC, 0xD004, 0x1088, 0x1050, 0x1020, 0x5010, 0x2010}},
  {25248, {0x1000, 0x11FE, 0x1100, 0x1104, 0xFD44, 0x1128, 0x1128, 0x1510, 0x1910, 0x3128, 0xD128, 0x1144, 0x1184, 0x1100, 0x51FE, 0x2000}},
  {25249, {0x1040, 0x1040, 0x10A0, 0x10A0, 0xFD10, 0x1208, 0x1406, 0x1110, 0x1920, 0x3140, 0xD180, 0x1100, 0x1104, 0x1104, 0x50FC, 0x2000}},
  {25250, {0x1040, 0x1040, 0x10A0, 0x10A0, 0xFD10, 0x1208, 0x1406, 0x11F0, 0x1910, 0x3110, 0xD150, 0x1120, 0x1104, 0x1104, 0x50FC, 0x2000}},
  {25252, {0x1040, 0x1020, 0x1020, 0x11FE, 0xFD02, 0x1102, 0x1102, 0x15FE, 0x1902, 0x3100, 0xD100, 0x1100, 0x1200, 0x1200, 0x5400, 0x2800}},
  {25253, {0x1000, 0x11FC, 0x1104, 0x1104, 0xFD14, 0x1108, 0x1100, 0x15FC, 0x1944, 0x3144, 0xD128, 0x1128, 0x1110, 0x1128, 0x5144, 0x2182}},
  {25256, {0x1000, 0x11FC, 0x1020, 0x1020, 0xFD24, 0x10A4, 0x10A8, 0x1420, 0x1BFE, 0x3020, 0xD020, 0x1020, 0x1020, 0x1020, 0x5020, 0x2020}},
  {25259, {0x1010, 0x1010, 0x1010, 0x11FE, 0xFD12, 0x1114, 0x1110, 0x15FC, 0x1944, 0x3144, 0xD128, 0x1128, 0x1110, 0x1228, 0x5244, 0x2482}},
  {25260, {0x1020, 0x1020, 0x1040, 0x1088, 0xFD04, 0x13FE, 0x1002, 0x1400, 0x19FC, 0x3104, 0xD104, 0x1104, 0x1104, 0x1104, 0x51FC, 0x2104}},
  {25265, {0x1080, 0x1080, 0x11FC, 0x1104, 0xFA04, 0x15F4, 0x1114, 0x1914, 0x3114, 0xD1F4, 0x1104, 0x1128, 0x1112, 0x1102, 0x50FE, 0x2000}},
  {25269, {0x1008, 0x103C, 0x13E0, 0x1220, 0xFE20, 0x1220, 0x1220, 0x13FE, 0x1A20, 0x3210, 0xD210, 0x1212, 0x120A, 0x128A, 0x5326, 0x2212}},
  {25273, {0x1020, 0x1020, 0x1020, 0x13FE, 0xFC20, 0x1020, 0x1020, 0x15FC, 0x1870, 0x30A8, 0xD0A8, 0x1124, 0x1124, 0x1222, 0x5020, 0x2020}},
  {25275, {0x1020, 0x1020, 0x1020, 0x13FE, 0xFA22, 0x1222, 0x1622, 0x1BFE, 0x3222, 0xD222, 0x1222, 0x13FE, 0x1222, 0x1020, 0x5020, 0x2020}},
  {25276, {0x1000, 0x11FC, 0x1124, 0x1124, 0xFD24, 0x11FC, 0x1124, 0x1524, 0x1924, 0x31FC, 0xD124, 0x1020, 0x1020, 0x1020, 0x5020, 0x2020}},
  {25277, {0x1020, 0x1020, 0x1020, 0x1020, 0xFDFC, 0x1124, 0x1124, 0x1524, 0x1924, 0x31FC, 0xD124, 0x1124, 0x1124, 0x1124, 0x51FC, 0x2104}},
  {25279, {0x1000, 0x13FC, 0x1204, 0x1204, 0xFE04, 0x13FC, 0x1220, 0x1620, 0x1BFE, 0x3220, 0xD220, 0x1210, 0x1212, 0x128A, 0x5306, 0x2202}},
  {25282, {0x1090, 0x1090, 0x1090, 0x13FC, 0xFC94, 0x1094, 0x13FC, 0x1690, 0x1A90, 0x33FE, 0xD092, 0x1092, 0x111A, 0x1114, 0x5210, 0x2410}},
  {25284, {0x1040, 0x1020, 0x1000, 0x13FE, 0xFC20, 0x1020, 0x1020, 0x1420, 0x19FC, 0x3020, 0xD020, 0x1020, 0x1020, 0x1020, 0x53FE, 0x2000}},
  {25285, {0x1000, 0x1000, 0x11FC, 0x1104, 0xFD04, 0x1104, 0x11FC, 0x1504, 0x1904, 0x3104, 0xD1FC, 0x1104, 0x1000, 0x1000, 0x53FE, 0x2000}},
  {25286, {0x1008, 0x101C, 0x11E0, 0x1100, 0xFD00, 0x1100, 0x11FE, 0x1510, 0x1910, 0x3130, 0xD118, 0x1114, 0x1112, 0x1210, 0x5210, 0x2410}},
  {25287, {0x1000, 0x11F8, 0x1108, 0x1148, 0xFD28, 0x1108, 0x1108, 0x17FE, 0x1A08, 0x3288, 0xD248, 0x1208, 0x13FE, 0x1008, 0x5050, 0x2020}},
  {25288, {0x1040, 0x1040, 0x1040, 0x107E, 0xFC40, 0x1040, 0x1440, 0x1840, 0x33FC, 0xD204, 0x1204, 0x1204, 0x1204, 0x1204, 0x53FC, 0x2204}},
  {25289, {0x1040, 0x1020, 0x1020, 0x1000, 0xFBFE, 0x1000, 0x1404, 0x1904, 0x3104, 0xD088, 0x1088, 0x1088, 0x1090, 0x1010, 0x57FE, 0x2000}},
  {25290, {0x1088, 0x1088, 0x1088, 0x1108, 0xFD7E, 0x1308, 0x1508, 0x1148, 0x1928, 0x3128, 0xD108, 0x1108, 0x1108, 0x1108, 0x5128, 0x2110}},
  {25292, {0x1020, 0x1020, 0x1124, 0x10A4, 0xFCA8, 0x1020, 0x11FC, 0x1420, 0x1820, 0x3020, 0xD3FE, 0x1020, 0x1020, 0x1020, 0x5020, 0x2020}},
  {25293, {0x1020, 0x1020, 0x1040, 0x11FC, 0xFD04, 0x1104, 0x1104, 0x1504, 0x19FC, 0x3104, 0xD104, 0x1104, 0x1104, 0x1104, 0x51FC, 0x2104}},
  {25294, {0x1040, 0x1040, 0x10A0, 0x10A0, 0xFD10, 0x1248, 0x1426, 0x1020, 0x1BF8, 0x3008, 0xD010, 0x1110, 0x10A0, 0x1040, 0x5020, 0x2020}},
  {25296, {0x1000, 0x11FC, 0x1104, 0x1104, 0xFD04, 0x11FC, 0x1040, 0x1440, 0x1BFC, 0x3044, 0xD044, 0x1084, 0x1084, 0x1104, 0x5228, 0x2410}},
  {25298, {0x1000, 0x11FE, 0x1100, 0x1100, 0xFD00, 0x11FC, 0x1104, 0x1504, 0x1904, 0x3104, 0xD1FC, 0x1100, 0x1100, 0x1100, 0x51FE, 0x2000}},
  {25299, {0x1000, 0x1000, 0x13FE, 0x1020, 0xFC20, 0x1040, 0x1040, 0x14FC, 0x1984, 0x3284, 0xD484, 0x1084, 0x1084, 0x1084, 0x50FC, 0x2084}},
  {25300, {0x1050, 0x1048, 0x1048, 0x1040, 0xFBFE, 0x1080, 0x1480, 0x18FC, 0x3144, 0xD144, 0x1128, 0x1128, 0x1210, 0x1228, 0x5444, 0x2182}},
  {25302, {0x1080, 0x1080, 0x10FE, 0x1100, 0xFE20, 0x1120, 0x112C, 0x1574, 0x1BA4, 0x3124, 0xD134, 0x1128, 0x1122, 0x1102, 0x50FE, 0x2000}},
  {25303, {0x2020, 0x2120, 0x2120, 0x2220, 0xFAFC, 0x24A4, 0x2724, 0x2924, 0x3224, 0xE224, 0x24A4, 0x27A4, 0x20C4, 0x2044, 0xA094, 0x4108}},
  {25304, {0x1080, 0x1080, 0x1100, 0x11FC, 0xFA04, 0x1404, 0x11E4, 0x1924, 0x3124, 0xD124, 0x11E4, 0x1124, 0x1004, 0x1004, 0x5028, 0x2010}},
  {25305, {0x1020, 0x1020, 0x1124, 0x1124, 0xFD24, 0x1124, 0x15FC, 0x1824, 0x3020, 0xD020, 0x1222, 0x1222, 0x1222, 0x1222, 0x53FE, 0x2002}},
  {25306, {0x1020, 0x1020, 0x1040, 0x1088, 0xFD04, 0x13FE, 0x1002, 0x1488, 0x1888, 0x33FE, 0xD088, 0x1088, 0x1108, 0x1108, 0x5208, 0x2408}},
  {25307, {0x1000, 0x13FC, 0x1084, 0x1084, 0xFC84, 0x1104, 0x1114, 0x1208, 0x1C00, 0x31FC, 0xD104, 0x1104, 0x1104, 0x1104, 0x51FC, 0x2104}},
  {25308, {0x0400, 0x1EFC, 0xF020, 0x1020, 0x10FC, 0xFE20, 0x1020, 0x10FC, 0x1020, 0xFE20, 0x11FE, 0x1020, 0x2020, 0x2020, 0x4020, 0x8020}},
  {25311, {0x1008, 0x1088, 0x1048, 0x1228, 0xFA28, 0x1208, 0x1208, 0x1A08, 0x3208, 0xD208, 0x1210, 0x1298, 0x1324, 0x1224, 0x5042, 0x2082}},
  {25314, {0x1090, 0x1088, 0x1088, 0x1080, 0xFBFE, 0x10A0, 0x14A0, 0x18A4, 0x30A4, 0xD128, 0x1128, 0x1132, 0x1222, 0x1262, 0x549E, 0x2800}},
  {25315, {0x1040, 0x1040, 0x17FC, 0x1080, 0xFC80, 0x13E0, 0x1120, 0x1220, 0x1BFC, 0x3020, 0xD128, 0x1124, 0x1222, 0x1422, 0x50A0, 0x2040}},
  {25317, {0x2000, 0x27FC, 0x2444, 0x2444, 0xFC44, 0x27FC, 0x2444, 0x2C44, 0x3444, 0xE7FC, 0x2444, 0x2444, 0x2444, 0x2844, 0xA854, 0x5008}},
  {25318, {0x1000, 0x1108, 0x1088, 0x1090, 0xFC00, 0x13FE, 0x1000, 0x1400, 0x1800, 0x31FC, 0xD000, 0x1000, 0x1000, 0x1000, 0x53FE, 0x2000}},
  {25319, {0x1040, 0x1020, 0x1020, 0x13FE, 0xFA02, 0x1404, 0x1000, 0x1800, 0x33FE, 0xD020, 0x1020, 0x1020, 0x1020, 0x1020, 0x50A0, 0x2040}},
  {25320, {0x1040, 0x1048, 0x1244, 0x1240, 0xFBFE, 0x1080, 0x1480, 0x18FC, 0x3144, 0xD144, 0x1148, 0x1250, 0x1220, 0x1450, 0x5888, 0x2306}},
  {25321, {0x2000, 0x27F8, 0x2208, 0x2110, 0xF0A0, 0x2040, 0x21B0, 0x264E, 0x3040, 0xE3F8, 0x2040, 0x2040, 0x27FC, 0x2040, 0xA040, 0x4040}},
  {25324, {0x1008, 0x103C, 0x11E0, 0x1020, 0xFC20, 0x13FE, 0x1020, 0x1420, 0x1820, 0x31FC, 0xD104, 0x1104, 0x1104, 0x1104, 0x51FC, 0x2104}},
  {25325, {0x1028, 0x1024, 0x1024, 0x1020, 0xFBFE, 0x1020, 0x1420, 0x1BA0, 0x3120, 0xD110, 0x1110, 0x1110, 0x11CA, 0x170A, 0x5206, 0x2002}},
  {25326, {0x1020, 0x1020, 0x1020, 0x13FE, 0xFC20, 0x1020, 0x11FC, 0x1400, 0x1800, 0x31FC, 0xD104, 0x1104, 0x1104, 0x1104, 0x51FC, 0x2104}},
  {25327, {0x1000, 0x11FC, 0x1008, 0x1010, 0xFC22, 0x13B2, 0x10B4, 0x14A8, 0x1928, 0x3124, 0xD222, 0x14A0, 0x1040, 0x1000, 0x57FE, 0x2000}},
  {25329, {0x1088, 0x1088, 0x1088, 0x1088, 0xFDFE, 0x1088, 0x1088, 0x1488, 0x1888, 0x33FE, 0xD000, 0x1088, 0x1084, 0x1104, 0x5202, 0x2402}},
  {25331, {0x0100, 0x1110, 0x0920, 0x3FF8, 0x0200, 0x7FFC, 0x0820, 0x10F0, 0x3F08, 0xC106, 0x1FE0, 0x0100, 0x3FF8, 0x0100, 0x0500, 0x0200}},
  {25332, {0x1020, 0x1020, 0x1050, 0x1088, 0xFD04, 0x1202, 0x11FC, 0x1420, 0x1820, 0x3020, 0xD1FC, 0x1020, 0x1020, 0x1020, 0x53FE, 0x2000}},
  {25334, {0x1124, 0x1124, 0x1248, 0x1124, 0xFD24, 0x1000, 0x1080, 0x14FC, 0x1904, 0x3184, 0xD248, 0x1428, 0x1010, 0x1020, 0x50C0, 0x2300}},
  {25335, {0x1040, 0x1044, 0x11F4, 0x1048, 0xFC50, 0x13FE, 0x1040, 0x1480, 0x19FE, 0x3240, 0xD480, 0x10FC, 0x1004, 0x1004, 0x5028, 0x2010}},
  {25340, {0x1104, 0x1084, 0x1088, 0x1000, 0xFDFE, 0x1088, 0x1088, 0x1488, 0x1888, 0x33FE, 0xD088, 0x1088, 0x1108, 0x1108, 0x5208, 0x2408}},
  {25341, {0x1020, 0x1020, 0x11FC, 0x1124, 0xFD24, 0x11FC, 0x1124, 0x1524, 0x19FC, 0x3020, 0xD024, 0x1018, 0x1032, 0x10CA, 0x5306, 0x2002}},
  {25342, {0x1020, 0x1020, 0x1050, 0x1088, 0xFD04, 0x1202, 0x11FC, 0x1400, 0x1800, 0x31FC, 0xD104, 0x1104, 0x1104, 0x1104, 0x51FC, 0x2104}},
  {25343, {0x0100, 0x06C0, 0x1830, 0xEFEE, 0x0000, 0x1FF0, 0x1010, 0x1FF0, 0x0020, 0x1FC0, 0x0100, 0x3FF8, 0x0100, 0x7FFC, 0x0100, 0x0300}},
  {25345, {0x1020, 0x1020, 0x1020, 0x11FC, 0xFC20, 0x1020, 0x13FE, 0x1008, 0x1808, 0x33FE, 0xD008, 0x1088, 0x1048, 0x1008, 0x5028, 0x2010}},
  {25346, {0x1020, 0x1020, 0x11FC, 0x1020, 0xFC20, 0x1020, 0x13FE, 0x1000, 0x1820, 0x3020, 0xD1FC, 0x1020, 0x1020, 0x1020, 0x53FE, 0x2000}},
  {25351, {0x1100, 0x1104, 0x1138, 0x11C0, 0xFD02, 0x1102, 0x10FE, 0x1400, 0x19FC, 0x3104, 0xD104, 0x11FC, 0x1104, 0x1104, 0x51FC, 0x2104}},
  {25352, {0x0800, 0x7F7C, 0x0824, 0x3E24, 0x0824, 0x7F44, 0x0854, 0x08F8, 0x3F00, 0x0100, 0x3FF8, 0x0100, 0x7FFC, 0x0100, 0x0500, 0x0200}},
  {25353, {0x1040, 0x1020, 0x1020, 0x13FE, 0xFA02, 0x1444, 0x1040, 0x1BFE, 0x3088, 0xD088, 0x1108, 0x10D0, 0x1020, 0x1050, 0x5088, 0x2304}},
  {25358, {0x2040, 0x2040, 0x27FC, 0x20A0, 0xF110, 0x2208, 0x2DF6, 0x2000, 0x37FC, 0xE080, 0x2100, 0x23F8, 0x2008, 0x2008, 0xA050, 0x4020}},
  {25361, {0x1090, 0x1090, 0x1090, 0x1292, 0xFD94, 0x1098, 0x1090, 0x1598, 0x1A94, 0x3492, 0xD090, 0x1090, 0x1112, 0x1112, 0x5212, 0x240E}},
  {25366, {0x1040, 0x1020, 0x13FE, 0x1202, 0xFC88, 0x1104, 0x1202, 0x14F8, 0x1810, 0x3020, 0xD040, 0x1080, 0x1102, 0x1102, 0x50FE, 0x2000}},
  {25370, {0x1080, 0xFBF0, 0x1090, 0x1990, 0xF094, 0x1154, 0x520C, 0x24E4, 0x1F00, 0x0100, 0x3FF8, 0x0100, 0x7FFC, 0x0100, 0x0500, 0x0200}},
  {25371, {0x0200, 0x0100, 0xFFFE, 0x0440, 0x1450, 0x2448, 0x4444, 0x00F0, 0x3F00, 0x0100, 0x3FF8, 0x0100, 0x7FFC, 0x0100, 0x0500, 0x0200}},
  {25373, {0x2408, 0x2208, 0x2208, 0x2008, 0xF8FE, 0x2E08, 0x2248, 0x2A28, 0x3228, 0xE208, 0x2208, 0x2228, 0x2210, 0x2500, 0xA8FE, 0x4000}},
  {25374, {0x1010, 0x1210, 0x1110, 0x1110, 0xFCFE, 0x1010, 0x1310, 0x1528, 0x1924, 0x3144, 0xD142, 0x1182, 0x1100, 0x1280, 0x547E, 0x2000}},
  {25375, {0x1020, 0x1020, 0x1020, 0x11FC, 0xFC20, 0x1124, 0x10A4, 0x14A8, 0x1820, 0x33FE, 0xD050, 0x1050, 0x1088, 0x1088, 0x5104, 0x2202}},
  {25376, {0x1080, 0x1080, 0x10BC, 0x13C0, 0xFC50, 0x1024, 0x10D4, 0x130C, 0x1800, 0x33FE, 0xD090, 0x1090, 0x1112, 0x1112, 0x520E, 0x2400}},
  {25377, {0x1040, 0x1244, 0x1144, 0x1144, 0xFD48, 0x1040, 0x17FC, 0x1004, 0x1804, 0x3004, 0xD3FC, 0x1004, 0x1004, 0x1004, 0x57FC, 0x2004}},
  {25378, {0x2010, 0x2078, 0x23C0, 0x2040, 0xF840, 0x27FE, 0x20A0, 0x2910, 0x3208, 0xE516, 0x2110, 0x2110, 0x2110, 0x2210, 0xA210, 0x4410}},
  {25379, {0x1080, 0x1080, 0x11F0, 0x1210, 0xF820, 0x13FC, 0x1044, 0x1844, 0x37FE, 0xD044, 0x1044, 0x13FC, 0x1044, 0x1040, 0x5140, 0x2080}},
  {25380, {0x1080, 0x1040, 0x17FE, 0x1208, 0xFD10, 0x10A0, 0x1440, 0x19B0, 0x360E, 0xD110, 0x1110, 0x1110, 0x1110, 0x1210, 0x5210, 0x2410}},
  {25381, {0x1000, 0x13FE, 0x1202, 0x1444, 0xFC40, 0x13FC, 0x1080, 0x14A0, 0x1920, 0x31FC, 0xD020, 0x1020, 0x17FE, 0x1020, 0x5020, 0x2020}},
  {25384, {0x2040, 0x2080, 0x2110, 0x2208, 0xF7FC, 0x2104, 0x2100, 0x23F8, 0x3440, 0xE040, 0x2FFE, 0x2040, 0x20A0, 0x2110, 0xA208, 0x4C06}},
  {25386, {0x1000, 0x17DE, 0x1252, 0x1252, 0xFA54, 0x17D4, 0x1258, 0x1A54, 0x3252, 0xDFD2, 0x1252, 0x125A, 0x1254, 0x1450, 0x5550, 0x2890}},
  {25387, {0x2040, 0x2040, 0x2248, 0x2248, 0xF248, 0x2554, 0x28E2, 0x2040, 0x3040, 0xE7FC, 0x2040, 0x2040, 0x2040, 0x2040, 0xAFFE, 0x4000}},
  {25391, {0x1000, 0x13FC, 0x1200, 0x1200, 0xFEF8, 0x1200, 0x1200, 0x17FC, 0x1AA0, 0x32A4, 0xD2A8, 0x1290, 0x1290, 0x1488, 0x54A4, 0x28C2}},
  {25394, {0x2040, 0x1248, 0x4444, 0x2014, 0x0860, 0x7380, 0x2000, 0x00F0, 0x3F00, 0x0100, 0x3FF8, 0x0100, 0x7FFC, 0x0100, 0x0500, 0x0200}},
  {25401, {0x1000, 0x11F8, 0x1108, 0x1108, 0xFDF8, 0x1000, 0x13FC, 0x1244, 0x1A44, 0x3244, 0xD3FC, 0x1200, 0x1202, 0x1202, 0x51FE, 0x2000}},
  {25402, {0x2000, 0x200C, 0x2770, 0x2110, 0xF910, 0x2210, 0x227C, 0x2F10, 0x3110, 0xE510, 0x2510, 0x227C, 0x2200, 0x2500, 0xA8FE, 0x5000}},
  {25405, {0x1080, 0x1080, 0x11F8, 0x1208, 0xFC10, 0x13FC, 0x1244, 0x1644, 0x1A44, 0x33FC, 0xD0A0, 0x10A0, 0x1122, 0x1122, 0x521E, 0x2400}},
  {25410, {0x1000, 0x13FE, 0x1040, 0x1040, 0xFDFC, 0x1084, 0x1084, 0x17FE, 0x1800, 0x3000, 0xD1FC, 0x1104, 0x1104, 0x1104, 0x51FC, 0x2104}},
  {25411, {0x1000, 0x11FC, 0x1044, 0x1044, 0xFBFE, 0x1044, 0x1444, 0x19FC, 0x3080, 0xD080, 0x11FC, 0x1284, 0x1484, 0x1084, 0x50FC, 0x2084}},
  {25413, {0x2000, 0x27F8, 0x2010, 0x21A0, 0xF840, 0x27FC, 0x2444, 0x2C44, 0x37FC, 0xE444, 0x2444, 0x27FC, 0x2444, 0x2444, 0xA454, 0x4408}},
  {25414, {0x2000, 0x27FC, 0x2444, 0x2444, 0xFC44, 0x27FC, 0x2444, 0x2CC4, 0x34E4, 0xE554, 0x2644, 0x2444, 0x2444, 0x2404, 0xA7FC, 0x4404}},
  {25417, {0x1000, 0x11FC, 0x1104, 0x1104, 0xFD04, 0x11FC, 0x1020, 0x1420, 0x1920, 0x313C, 0xD120, 0x1120, 0x12A0, 0x1260, 0x543E, 0x2800}},
  {25419, {0x1008, 0x103C, 0x13C0, 0x1044, 0xFA24, 0x1128, 0x1500, 0x1810, 0x33FE, 0xD010, 0x1110, 0x1090, 0x1090, 0x1010, 0x5050, 0x2020}},
  {25420, {0x2004, 0x27C4, 0x2444, 0x2454, 0xFC54, 0x27D4, 0x2214, 0x2A14, 0x37D4, 0xE254, 0x2254, 0x2254, 0x2444, 0x2444, 0xA954, 0x5088}},
  {25421, {0x1000, 0x11FC, 0x1104, 0x11FC, 0xFD04, 0x11FC, 0x1000, 0x1400, 0x19FC, 0x3020, 0xD020, 0x13FE, 0x1020, 0x1020, 0x5020, 0x2020}},
  {25422, {0x1020, 0x1124, 0x10A4, 0x10A8, 0xFC20, 0x11FC, 0x1104, 0x1504, 0x19FC, 0x3104, 0xD104, 0x11FC, 0x1104, 0x1104, 0x5114, 0x2108}},
  {25423, {0x1000, 0x11FC, 0x1104, 0x1104, 0xFDFC, 0x1104, 0x1104, 0x15FC, 0x1820, 0x3020, 0xD1FC, 0x1020, 0x1020, 0x1020, 0x53FE, 0x2000}},
  {25424, {0x1000, 0x11F8, 0x1108, 0x1108, 0xFDF8, 0x1000, 0x13FC, 0x1604, 0x1A04, 0x33FC, 0xD204, 0x1204, 0x13FC, 0x1204, 0x5214, 0x2208}},
  {25429, {0x1048, 0x1044, 0x17FE, 0x1040, 0xFC40, 0x13FC, 0x1244, 0x1644, 0x1BFC, 0x3244, 0xD244, 0x13FC, 0x1244, 0x1244, 0x5254, 0x2208}},
  {25438, {0x1088, 0x1088, 0x13FE, 0x1088, 0xFC00, 0x13FE, 0x1202, 0x1444, 0x1840, 0x33FC, 0xD044, 0x1084, 0x1084, 0x1104, 0x5228, 0x2410}},
  {25439, {0x1000, 0x10F8, 0x1088, 0x1088, 0xFCF8, 0x1000, 0x11FC, 0x1504, 0x1924, 0x3124, 0xD124, 0x1124, 0x1050, 0x1048, 0x5084, 0x2304}},
  {25441, {0x1040, 0x1040, 0x10A0, 0x10A0, 0xFD10, 0x1208, 0x15F6, 0x1000, 0x1888, 0x3048, 0xD248, 0x1150, 0x1110, 0x1020, 0x57FE, 0x2000}},
  {25442, {0x1080, 0x1080, 0x10F8, 0x1108, 0xFA10, 0x15FC, 0x1124, 0x1924, 0x3124, 0xD124, 0x17FE, 0x1050, 0x1050, 0x1088, 0x5104, 0x2602}},
  {25443, {0x2040, 0x2080, 0x23F8, 0x2208, 0xFA88, 0x2248, 0x2218, 0x2A00, 0x33FE, 0xE082, 0x2492, 0x2492, 0x27F2, 0x2002, 0xA014, 0x4008}},
  {25447, {0x1020, 0x1020, 0x13FE, 0x1020, 0xFDFC, 0x1040, 0x13FE, 0x1488, 0x1924, 0x3222, 0xD0F8, 0x1020, 0x13FE, 0x1020, 0x5020, 0x2020}},
  {25449, {0x1040, 0x1020, 0x13FC, 0x1204, 0xFA04, 0x13FC, 0x1600, 0x1A28, 0x3224, 0xD3FE, 0x1220, 0x1250, 0x1250, 0x1488, 0x5504, 0x2A02}},
  {25453, {0x1040, 0x1080, 0x13FC, 0x1224, 0xFA24, 0x13FC, 0x1624, 0x1A44, 0x33FC, 0xD090, 0x1110, 0x17FE, 0x1010, 0x1010, 0x5010, 0x2010}},
  {25454, {0x1000, 0x13FC, 0x1204, 0x1204, 0xFBFC, 0x1220, 0x1620, 0x1BFE, 0x3220, 0xD220, 0x12FC, 0x1284, 0x1284, 0x1484, 0x54FC, 0x2884}},
  {25457, {0x1000, 0x13FE, 0x1210, 0x1210, 0xFEFE, 0x1210, 0x1210, 0x17FE, 0x1A00, 0x3210, 0xD210, 0x12FE, 0x1210, 0x1410, 0x55FE, 0x2800}},
  {25462, {0x1010, 0x1078, 0x13C0, 0x1040, 0xF840, 0x17FC, 0x1248, 0x1A48, 0x37FE, 0xD248, 0x1248, 0x17FC, 0x1040, 0x1040, 0x57FC, 0x2000}},
  {25463, {0x2040, 0x2040, 0x27FE, 0x2040, 0xFBF8, 0x2048, 0x27FE, 0x2848, 0x33F8, 0xE040, 0x2240, 0x227C, 0x2240, 0x2540, 0xA4FE, 0x4800}},
  {25466, {0x1020, 0x1020, 0x13FE, 0x1050, 0xFC88, 0x1104, 0x12FA, 0x1000, 0x1800, 0x33FE, 0xD020, 0x1124, 0x1122, 0x1222, 0x50A0, 0x2040}},
  {25467, {0x1020, 0x1020, 0x1050, 0x1088, 0xFD44, 0x1222, 0x11F8, 0x1408, 0x1850, 0x3020, 0xD0A4, 0x1282, 0x128A, 0x128A, 0x5478, 0x2000}},
  {25472, {0x2010, 0x2090, 0x2710, 0x243E, 0xF422, 0x2444, 0x2790, 0x2510, 0x3510, 0xE510, 0x2528, 0x2528, 0x2528, 0x2944, 0xA944, 0x5082}},
  {25474, {0x1040, 0x1020, 0x13FE, 0x1200, 0xFE20, 0x1220, 0x123E, 0x1220, 0x1A20, 0x32FC, 0xD284, 0x1284, 0x1284, 0x1484, 0x54FC, 0x2884}},
  {25479, {0x2000, 0x27BC, 0x2084, 0x2294, 0xF908, 0x2294, 0x24A4, 0x2840, 0x3000, 0xE7BC, 0x20A4, 0x22A4, 0x2128, 0x2290, 0xA4A8, 0x4846}},
  {25480, {0x101C, 0x13E0, 0x1084, 0x1244, 0xFD48, 0x1110, 0x17FE, 0x1402, 0x1800, 0x33F8, 0xD108, 0x1110, 0x10A0, 0x1040, 0x51B0, 0x260E}},
  {25481, {0x1020, 0x1020, 0x103E, 0x1020, 0xFDFC, 0x1104, 0x15FC, 0x1904, 0x31FC, 0xD124, 0x1020, 0x13FE, 0x1020, 0x1020, 0x5020, 0x2020}},
  {25482, {0x1040, 0x1020, 0x11FC, 0x1000, 0xFD08, 0x1090, 0x1000, 0x13FE, 0x1800, 0x3000, 0xD1FC, 0x1104, 0x1104, 0x1104, 0x51FC, 0x2104}},
  {25484, {0x1110, 0x0920, 0x3FFC, 0x2004, 0x4FE8, 0x0820, 0x0FE0, 0x00F0, 0x3F00, 0x0100, 0x3FF8, 0x0100, 0x7FFC, 0x0100, 0x0500, 0x0200}},
  {25486, {0x1040, 0x1040, 0x13FC, 0x10A0, 0xFD10, 0x1208, 0x17FE, 0x1008, 0x1BC8, 0x3248, 0xD248, 0x1248, 0x13C8, 0x1008, 0x5028, 0x2010}},
  {25487, {0x1080, 0x1080, 0x10FE, 0x1102, 0xFE82, 0x10F2, 0x1142, 0x1442, 0x1BFA, 0x3042, 0xD152, 0x1152, 0x11F2, 0x1002, 0x5014, 0x2008}},
  {25488, {0x1040, 0x1040, 0x107C, 0x1084, 0xFD08, 0x1200, 0x1020, 0x15CE, 0x1902, 0x3102, 0xD1CE, 0x1102, 0x1102, 0x1102, 0x51FE, 0x2102}},
  {25490, {0x1090, 0x1090, 0x1090, 0x179E, 0xF890, 0x1090, 0x1090, 0x1B9C, 0x3090, 0xD090, 0x1090, 0x179E, 0x1090, 0x1090, 0x5090, 0x2090}},
  {25494, {0x1080, 0x1040, 0x17FE, 0x1120, 0xFD20, 0x123C, 0x1244, 0x1664, 0x1A94, 0x3348, 0xD248, 0x1230, 0x1220, 0x1250, 0x5288, 0x2306}},
  {25496, {0x2000, 0x27FC, 0x2404, 0x2404, 0xF7FC, 0x2420, 0x2524, 0x2524, 0x3524, 0xE5FC, 0x2420, 0x2524, 0x2524, 0x2924, 0xA9FC, 0x5004}},
  {25504, {0x1040, 0x1020, 0x13FE, 0x1000, 0xFC00, 0x11FC, 0x1104, 0x1504, 0x19FC, 0x3020, 0xD128, 0x1124, 0x1222, 0x1422, 0x50A0, 0x2040}},
  {25506, {0x2000, 0x27FC, 0x2404, 0x24A4, 0xF910, 0x2208, 0x2040, 0x2840, 0x37FC, 0xE040, 0x20E0, 0x2150, 0x2248, 0x2C46, 0xA040, 0x4040}},
  {25507, {0x2404, 0x3FA4, 0x4424, 0xFFA4, 0x0424, 0x3F84, 0x2494, 0x2588, 0x0020, 0x1FC0, 0x0100, 0x3FF8, 0x0100, 0x7FFC, 0x0100, 0x0300}},
  {25509, {0x1080, 0x1040, 0x13FC, 0x1000, 0xFD08, 0x1090, 0x17FE, 0x1040, 0x1840, 0x37FE, 0xD088, 0x1108, 0x1090, 0x1060, 0x5198, 0x2604}},
  {25511, {0x1040, 0x1020, 0x1020, 0x13FE, 0xFA02, 0x1494, 0x1108, 0x1A04, 0x3000, 0xD1FC, 0x1020, 0x1020, 0x1020, 0x1020, 0x57FE, 0x2000}},
  {25512, {0x10A0, 0x1090, 0x1080, 0x11FE, 0xFD10, 0x1310, 0x15FC, 0x1110, 0x1910, 0x31FC, 0xD110, 0x1110, 0x1110, 0x11FE, 0x5100, 0x2100}},
  {25513, {0x1040, 0x1080, 0x17FE, 0x1110, 0xFE48, 0x1446, 0x13F8, 0x1648, 0x1A48, 0x33F8, 0xD248, 0x1248, 0x13F8, 0x1042, 0x5042, 0x203E}},
  {25514, {0x1088, 0x1088, 0x1088, 0x13FE, 0xF888, 0x1088, 0x17FE, 0x1800, 0x31FC, 0xD104, 0x1104, 0x11FC, 0x1104, 0x1104, 0x51FC, 0x2104}},
  {25516, {0x1100, 0x1100, 0x11FC, 0x1204, 0xFC44, 0x1154, 0x14E4, 0x1844, 0x33FC, 0xD044, 0x10E4, 0x1154, 0x1244, 0x1044, 0x5014, 0x2008}},
  {25517, {0x2000, 0x23FC, 0x2040, 0x2040, 0xFBFE, 0x20A0, 0x2110, 0x2A08, 0x3446, 0xE040, 0x2048, 0x2264, 0x2252, 0x2452, 0xA140, 0x4080}},
  {25518, {0x1040, 0x1020, 0x13FC, 0x1204, 0xFE04, 0x13FC, 0x1200, 0x12FC, 0x1A84, 0x32FC, 0xD284, 0x12FC, 0x1484, 0x1484, 0x5894, 0x2088}},
  {25520, {0x1000, 0x3A86, 0xE2B8, 0x2488, 0x2448, 0xF85E, 0x2028, 0x2788, 0x2288, 0xFABE, 0x2288, 0x2488, 0x2488, 0x2A88, 0x5128, 0x8010}},
  {25523, {0x2040, 0x207C, 0x2040, 0x23FE, 0xFA42, 0x2278, 0x23C4, 0x2A3C, 0x3240, 0xE240, 0x23FC, 0x2244, 0x2484, 0x2484, 0xA914, 0x4208}},
  {25524, {0x2000, 0x23FE, 0x2202, 0x2202, 0xFBFE, 0x2222, 0x2222, 0x2AFA, 0x3222, 0xE232, 0x222A, 0x23FE, 0x2202, 0x2202, 0xA3FE, 0x4202}},
  {25527, {0x2440, 0x225E, 0x2292, 0x2012, 0xFFD4, 0x2114, 0x2118, 0x2914, 0x37F2, 0xE112, 0x2112, 0x211A, 0x2294, 0x2250, 0xA450, 0x4810}},
  {25528, {0x1104, 0x1088, 0x1050, 0x11FC, 0xFD24, 0x1124, 0x11FC, 0x1524, 0x1924, 0x31FC, 0xD020, 0x1020, 0x13FE, 0x1020, 0x5020, 0x2020}},
  {25530, {0x1080, 0x1090, 0x1108, 0x13FC, 0xFC40, 0x17FE, 0x1110, 0x1248, 0x1C86, 0x3310, 0xD020, 0x10C4, 0x1308, 0x1030, 0x50C0, 0x2700}},
  {25532, {0x11FC, 0x1124, 0x1124, 0x13FE, 0xFD24, 0x1124, 0x11FC, 0x1400, 0x19FC, 0x3104, 0xD124, 0x1124, 0x1124, 0x1058, 0x5084, 0x2302}},
  {25534, {0x2100, 0x21F8, 0x2208, 0x23F0, 0xF810, 0x27FE, 0x2080, 0x2944, 0x3668, 0xE0B0, 0x2128, 0x2668, 0x20A4, 0x2122, 0xA6A0, 0x4040}},
  {25540, {0x2040, 0x20A0, 0x2110, 0x2208, 0xFDF6, 0x2000, 0x23C4, 0x2A54, 0x3254, 0xE3D4, 0x2254, 0x2254, 0x23D4, 0x2244, 0xA254, 0x42C8}},
  {25542, {0x1010, 0x13D4, 0x1058, 0x1252, 0xFD8C, 0x1088, 0x1104, 0x12FA, 0x1820, 0x3020, 0xD3FE, 0x1020, 0x1050, 0x1088, 0x5104, 0x2202}},
  {25545, {0x2000, 0x21FC, 0x2048, 0x2030, 0xFBFE, 0x2052, 0x2094, 0x2910, 0x3230, 0xE020, 0x23FE, 0x2070, 0x20A8, 0x2124, 0xA622, 0x4020}},
  {25549, {0x2040, 0x2040, 0x27FC, 0x2040, 0xFBF8, 0x2080, 0x27FC, 0x2910, 0x3208, 0xE5F6, 0x2040, 0x23F8, 0x2040, 0x20A0, 0xA110, 0x4608}},
  {25550, {0x1040, 0x1020, 0x13FE, 0x1202, 0xFC04, 0x11FC, 0x1400, 0x19FC, 0x3104, 0xD1FC, 0x1104, 0x11FC, 0x1104, 0x1000, 0x53FE, 0x2000}},
  {25551, {0x1088, 0x1088, 0x13FE, 0x1088, 0xFC88, 0x1000, 0x11FC, 0x1524, 0x1924, 0x3124, 0xD1FC, 0x1124, 0x1124, 0x1124, 0x51FC, 0x2104}},
  {25552, {0x1000, 0x11FC, 0x1104, 0x1104, 0xFDFC, 0x1104, 0x1104, 0x15FC, 0x1800, 0x33FE, 0xD020, 0x1120, 0x113C, 0x1120, 0x52A0, 0x247E}},
  {25554, {0x2008, 0x203C, 0x27C0, 0x2040, 0xF840, 0x2FFE, 0x2040, 0x2940, 0x365C, 0xE444, 0x2444, 0x275C, 0x2444, 0x2444, 0xA7FC, 0x4404}},
  {25558, {0x1000, 0x11F8, 0x1108, 0x1108, 0xFDF8, 0x1000, 0x17FE, 0x1508, 0x19F8, 0x3108, 0xD1F8, 0x1108, 0x113E, 0x17C8, 0x5008, 0x2008}},
  {25566, {0x1040, 0x1020, 0x13FE, 0x1000, 0xFD04, 0x1088, 0x17FE, 0x1000, 0x19FC, 0x3104, 0xD104, 0x11FC, 0x1104, 0x1104, 0x51FC, 0x2104}},
  {25568, {0x1000, 0x13FE, 0x1200, 0x12FC, 0xFA84, 0x12FC, 0x1684, 0x1AFC, 0x3220, 0xD3FE, 0x1248, 0x12C8, 0x1230, 0x1248, 0x5284, 0x23FE}},
  {25569, {0x2000, 0x23FC, 0x2204, 0x2204, 0xFBFC, 0x2200, 0x23FC, 0x2A40, 0x3288, 0xE3FC, 0x2224, 0x2220, 0x25FC, 0x2420, 0xA820, 0x53FE}},
  {25571, {0x2040, 0x2444, 0x2444, 0x2444, 0xF7FC, 0x2000, 0x2FFE, 0x2040, 0x3080, 0xE7FC, 0x24A4, 0x24A4, 0x24A4, 0x24A4, 0xA4A4, 0x440C}},
  {25577, {0x1110, 0x1112, 0x11D4, 0x1118, 0xFD52, 0x1192, 0x112E, 0x1440, 0x19FC, 0x3104, 0xD104, 0x11FC, 0x1104, 0x1104, 0x51FC, 0x2104}},
  {25578, {0x2088, 0x21C8, 0x2708, 0x2108, 0xF92A, 0x212A, 0x27AC, 0x2948, 0x3308, 0xE388, 0x2554, 0x2514, 0x2914, 0x2124, 0xA124, 0x4142}},
  {25581, {0x1000, 0x13F8, 0x1208, 0x13F8, 0xFE08, 0x13F8, 0x1100, 0x13FC, 0x1C44, 0x3244, 0xD2A4, 0x1204, 0x13F4, 0x1004, 0x5028, 0x2010}},
  {25586, {0x1048, 0x1148, 0x1148, 0x13FE, 0xFD48, 0x1148, 0x1178, 0x1500, 0x19FE, 0x3020, 0xD3FE, 0x1070, 0x10A8, 0x1124, 0x5622, 0x2020}},
  {25588, {0x203C, 0x27C0, 0x2244, 0x2128, 0xF800, 0x23FC, 0x2080, 0x2880, 0x37FE, 0xE100, 0x21F8, 0x2288, 0x2250, 0x2420, 0xA8D8, 0x4306}},
  {25590, {0x2000, 0x2FDE, 0x2492, 0x2492, 0xF494, 0x2794, 0x2498, 0x2494, 0x3792, 0xE492, 0x2492, 0x25DA, 0x2E94, 0x2090, 0xA090, 0x4090}},
  {25592, {0x1020, 0x1020, 0x13FE, 0x1070, 0xFCA8, 0x1124, 0x1222, 0x11FC, 0x1904, 0x31FC, 0xD104, 0x11FC, 0x1104, 0x1000, 0x57FE, 0x2000}},
  {25597, {0x1090, 0x1290, 0x129E, 0x12A8, 0xFAC4, 0x1080, 0x15FC, 0x1904, 0x3124, 0xD124, 0x1124, 0x1154, 0x1050, 0x1090, 0x5112, 0x260E}},
  {25599, {0x2210, 0x2210, 0x2210, 0x23BE, 0xF422, 0x2444, 0x2790, 0x2A10, 0x3210, 0xEF90, 0x2228, 0x2228, 0x22A8, 0x2344, 0xA244, 0x4082}},
  {25600, {0x2100, 0x21F0, 0x2210, 0x2420, 0xFBFC, 0x2244, 0x2244, 0x2BFC, 0x30A0, 0xE122, 0x261E, 0x20C0, 0x2030, 0x2180, 0xA060, 0x4010}},
  {25601, {0x2200, 0x217C, 0x2504, 0x2484, 0xF4F4, 0x2514, 0x26A4, 0x2444, 0x34A4, 0xE71C, 0x25F4, 0x2514, 0x2514, 0x25F4, 0xA514, 0x4408}},
  {25602, {0x1020, 0x1124, 0x10A8, 0x1020, 0xFBFE, 0x10A8, 0x1124, 0x1A02, 0x3040, 0xD7FE, 0x1088, 0x1108, 0x1190, 0x1060, 0x5198, 0x2604}},
  {25605, {0x2484, 0x2244, 0x2248, 0x27FE, 0xFC02, 0x2804, 0x23F8, 0x2A08, 0x3248, 0xE248, 0x2248, 0x22A8, 0x20A0, 0x2122, 0xA222, 0x4C1E}},
  {25611, {0x1004, 0x101E, 0x13F0, 0x121E, 0xFE10, 0x12FE, 0x1292, 0x1698, 0x1AF2, 0x328E, 0xD280, 0x12B8, 0x12A8, 0x14AA, 0x554A, 0x2A86}},
  {25612, {0x2000, 0x23FC, 0x2204, 0x2204, 0xFBFC, 0x2248, 0x2248, 0x2AFC, 0x3248, 0xE248, 0x23FE, 0x22A4, 0x22A8, 0x2490, 0xA4C8, 0x4886}},
  {25615, {0x1028, 0x1024, 0x13FE, 0x1020, 0xFDFC, 0x1124, 0x11FC, 0x1524, 0x19FC, 0x3124, 0xD008, 0x13FE, 0x1088, 0x1048, 0x5048, 0x2018}},
  {25616, {0x2080, 0x2040, 0x27FC, 0x2080, 0xF908, 0x23F0, 0x2060, 0x2984, 0x37FE, 0xE002, 0x27FC, 0x2444, 0x27FC, 0x2444, 0xA7FC, 0x4404}},
  {25619, {0x1108, 0x1088, 0x1090, 0x13FC, 0xFC40, 0x11F8, 0x1040, 0x17FE, 0x1880, 0x3100, 0xD1FC, 0x1220, 0x1420, 0x1820, 0x53FE, 0x2000}},
  {25620, {0x2000, 0x23F8, 0x2148, 0x2110, 0xF8A0, 0x2040, 0x21B0, 0x2E4E, 0x3040, 0xE3F8, 0x2248, 0x2248, 0x23F8, 0x2044, 0xA7FC, 0x4004}},
  {25627, {0x1110, 0x10A0, 0x1000, 0x17FE, 0xF8A0, 0x13F8, 0x10A8, 0x1FFE, 0x30A8, 0xD3F8, 0x10A0, 0x11B0, 0x12A8, 0x14A6, 0x50A0, 0x20A0}},
  {25628, {0x10A0, 0x112C, 0x1124, 0x1124, 0xFDAC, 0x1124, 0x1124, 0x15FC, 0x1820, 0x31FC, 0xD088, 0x1050, 0x1020, 0x1050, 0x5088, 0x2306}},
  {25630, {0x1040, 0x1020, 0x13FE, 0x1000, 0xFDFC, 0x1104, 0x11FC, 0x1400, 0x1BFE, 0x3202, 0xD2FA, 0x128A, 0x12FA, 0x1202, 0x520A, 0x2204}},
  {25632, {0x2440, 0x225E, 0x2292, 0x2012, 0xF7D2, 0x211E, 0x2552, 0x2552, 0x3552, 0xE7DE, 0x2152, 0x2112, 0x2212, 0x2222, 0xA42A, 0x4844}},
  {25633, {0x23F0, 0x2110, 0x20E0, 0x2318, 0xF800, 0x27BC, 0x24A4, 0x2B18, 0x34A4, 0xE040, 0x27FC, 0x20E0, 0x2150, 0x2248, 0xAC46, 0x4040}},
  {25638, {0x2000, 0x27BC, 0x2084, 0x2084, 0xF7BC, 0x2420, 0x2420, 0x27BC, 0x3084, 0xE4A4, 0x2294, 0x2294, 0x24A4, 0x2084, 0xA528, 0x4210}},
  {25642, {0x2040, 0x2020, 0x27FE, 0x2420, 0xFDFC, 0x2424, 0x27FE, 0x2C24, 0x35FC, 0xE420, 0x25FC, 0x2504, 0x2504, 0x2904, 0xA9FC, 0x5104}},
  {25644, {0x2100, 0x223C, 0x27A4, 0x24A4, 0xF6A4, 0x25A4, 0x24C2, 0x2F80, 0x34BC, 0xE4A4, 0x26A4, 0x25A4, 0x2494, 0x2488, 0xA494, 0x49A2}},
  {25645, {0x2110, 0x2110, 0x27FC, 0x2110, 0xF840, 0x20A0, 0x2110, 0x2A08, 0x35F6, 0xE000, 0x2000, 0x23F8, 0x2208, 0x2208, 0xA3F8, 0x4208}},
  {25652, {0x0100, 0x7FFE, 0x4442, 0x9FF4, 0x0440, 0x3FF8, 0x0440, 0xFFFE, 0x0820, 0x17D0, 0x2108, 0xDFF6, 0x0100, 0x7FF8, 0x0100, 0x0300}},
  {25658, {0x10A0, 0x1090, 0x11FE, 0x1320, 0xFDFC, 0x1120, 0x11FC, 0x1520, 0x19FE, 0x3100, 0xD3FC, 0x1088, 0x109E, 0x1102, 0x520A, 0x2404}},
  {25661, {0x1088, 0x1088, 0x13FE, 0x1088, 0xFCA8, 0x1050, 0x1088, 0x1524, 0x1A22, 0x31FC, 0xD020, 0x10A8, 0x1124, 0x1222, 0x50A0, 0x2040}},
  {25663, {0x1100, 0x3906, 0xE2B8, 0x2288, 0x2448, 0xF85E, 0x2388, 0x2008, 0x2008, 0xFBBE, 0x2288, 0x2288, 0x2288, 0x2388, 0x42A8, 0x8010}},
  {25665, {0x2000, 0x27FC, 0x2444, 0x2444, 0xF7FC, 0x2444, 0x24A4, 0x2514, 0x3404, 0xE7FC, 0x2040, 0x2024, 0x2522, 0x250A, 0xA908, 0x40F8}},
  {25668, {0x1000, 0x13FC, 0x1108, 0x11F8, 0xFD08, 0x11F8, 0x110E, 0x17F8, 0x1808, 0x37BC, 0xD0A4, 0x12A4, 0x1128, 0x1290, 0x54A8, 0x2846}},
  {25669, {0x2040, 0x207C, 0x2040, 0x27FE, 0xF442, 0x2470, 0x27C4, 0x2444, 0x343C, 0xE420, 0x2410, 0x2454, 0x2542, 0x2942, 0xA94A, 0x5238}},
  {25670, {0x1000, 0x13FE, 0x1252, 0x1252, 0xFBFE, 0x1020, 0x1420, 0x19FC, 0x3020, 0xD020, 0x17FE, 0x1040, 0x1088, 0x1104, 0x53FE, 0x2102}},
  {25671, {0x1008, 0x103C, 0x13C0, 0x1004, 0xFA44, 0x1128, 0x11FC, 0x1A20, 0x3020, 0xD3FE, 0x1020, 0x1124, 0x1124, 0x1124, 0x51FC, 0x2004}},
  {25672, {0x1040, 0x1020, 0x13FE, 0x1202, 0xFC14, 0x11E0, 0x1100, 0x1500, 0x19FC, 0x3110, 0xD110, 0x17FE, 0x1000, 0x1090, 0x5108, 0x2204}},
  {25674, {0x2028, 0x2024, 0x2740, 0x217E, 0xF1C8, 0x2948, 0x257E, 0x2548, 0x3248, 0xE27E, 0x2548, 0x2548, 0x2948, 0x207E, 0xA040, 0x4040}},
  {25682, {0x2000, 0x23FC, 0x2204, 0x2204, 0xFBFC, 0x2200, 0x2284, 0x2A48, 0x32FC, 0xE248, 0x2248, 0x23FE, 0x2448, 0x2448, 0xA888, 0x5108}},
  {25684, {0x1040, 0x1020, 0x13FE, 0x1020, 0xFC48, 0x12F2, 0x1124, 0x1652, 0x18F8, 0x3008, 0xD020, 0x13FE, 0x1020, 0x1020, 0x5020, 0x2020}},
  {25688, {0x2080, 0x2040, 0x27FC, 0x2110, 0xF8A0, 0x27FC, 0x2444, 0x2DF4, 0x3444, 0xE5F4, 0x2514, 0x2514, 0x25F4, 0x2404, 0xA414, 0x4408}},
  {25694, {0x1000, 0x13FC, 0x1244, 0x13FC, 0xFE44, 0x13FC, 0x1080, 0x1510, 0x1BE0, 0x3048, 0xD184, 0x13FE, 0x1022, 0x1128, 0x52A4, 0x2442}},
  {25703, {0x1020, 0x1222, 0x13FE, 0x1090, 0xFC88, 0x11FE, 0x1310, 0x1510, 0x19FE, 0x3110, 0xD110, 0x11FE, 0x1110, 0x1110, 0x51FE, 0x2100}},
  {25705, {0x0080, 0x3FFE, 0x2410, 0x3F7C, 0x2638, 0x2D54, 0x3412, 0x2038, 0x27C0, 0x2040, 0x27F8, 0x2040, 0x2FFE, 0x4040, 0x4140, 0x8080}},
  {25709, {0x2040, 0x2020, 0x23FE, 0x2200, 0xFA48, 0x2248, 0x23FE, 0x2A48, 0x3248, 0xE248, 0x2278, 0x2200, 0x2554, 0x252A, 0xAA2A, 0x5000}},
  {25720, {0x1110, 0x1110, 0x17FC, 0x1110, 0xFC00, 0x13F8, 0x1208, 0x17F8, 0x1A08, 0x33F8, 0xD040, 0x17FC, 0x10A0, 0x1110, 0x5208, 0x2406}},
  {25721, {0x0440, 0x7FFC, 0x0440, 0x1FF0, 0x1010, 0x1FF0, 0x1010, 0x1FF0, 0x0400, 0xFFFE, 0x1050, 0x2788, 0xC106, 0x1FF0, 0x0100, 0x0300}},
  {25722, {0x2000, 0x27BC, 0x2084, 0x24A4, 0xFA94, 0x24A4, 0x2084, 0x2840, 0x33F8, 0xE208, 0x2208, 0x23F8, 0x2208, 0x2208, 0xA3F8, 0x4208}},
  {25730, {0x2000, 0x27FC, 0x2444, 0x27FC, 0xFC44, 0x27FC, 0x2100, 0x2BF8, 0x3510, 0xE0E0, 0x2318, 0x2C06, 0x23F8, 0x2208, 0xA3F8, 0x4208}},
  {25732, {0x2000, 0x2FBE, 0x28A2, 0x2AAA, 0xFAAA, 0x2AAA, 0x2514, 0x28A2, 0x3080, 0xEFFE, 0x2110, 0x2210, 0x23A0, 0x2060, 0xA198, 0x4E04}},
  {25733, {0x2000, 0x2FFE, 0x2800, 0x2A28, 0xF948, 0x2BEE, 0x2892, 0x2884, 0x3AA0, 0xEAA8, 0x2BE8, 0x2888, 0x2894, 0x2914, 0xA924, 0x5242}},
  {25735, {0x2108, 0x2108, 0x2548, 0x2390, 0xF91E, 0x27D4, 0x2564, 0x2D54, 0x3554, 0xE754, 0x25D4, 0x2548, 0x2548, 0x2554, 0xA464, 0x44C2}},
  {25745, {0x1124, 0x10A8, 0x13FE, 0x1202, 0xFCF8, 0x1088, 0x10F8, 0x140C, 0x19F0, 0x3020, 0xD1FC, 0x1020, 0x13FE, 0x1020, 0x50A0, 0x2040}},
  {25746, {0x2288, 0x2288, 0x27C8, 0x2290, 0xFA9E, 0x27D4, 0x2024, 0x2FD4, 0x3454, 0xE7D4, 0x2454, 0x27C8, 0x2448, 0x2454, 0xA464, 0x44C2}},
  {25749, {0x2480, 0x2482, 0x249C, 0x2FD0, 0xF490, 0x2790, 0x249E, 0x2794, 0x3494, 0xE494, 0x2FD4, 0x2014, 0x2514, 0x28A4, 0xB024, 0x4044}},
  {25750, {0x2008, 0x2788, 0x2088, 0x2110, 0xFFDE, 0x2494, 0x24A4, 0x2794, 0x3494, 0xE794, 0x2494, 0x24C8, 0x2788, 0x2C94, 0xA0A4, 0x40C2}},
  {25753, {0x2108, 0x2090, 0x27FE, 0x2090, 0xFBFC, 0x2294, 0x231C, 0x2A04, 0x33FC, 0xE204, 0x23FC, 0x2008, 0x27FE, 0x2108, 0xA0A8, 0x4010}},
  {25758, {0x1020, 0x11FC, 0x1088, 0x1050, 0xFDFE, 0x1000, 0x11FC, 0x1524, 0x19FC, 0x3124, 0xD1FC, 0x1020, 0x11FC, 0x1020, 0x53FE, 0x2000}},
  {25764, {0x2208, 0x2108, 0x27C8, 0x2210, 0xF49E, 0x2FD4, 0x2064, 0x2794, 0x3494, 0xE794, 0x2494, 0x2788, 0x2488, 0x2494, 0xA4A4, 0x45C2}},
  {25769, {0x2040, 0x2040, 0x27FC, 0x20A0, 0xF514, 0x2208, 0x27FC, 0x2A0A, 0x33F8, 0xE208, 0x23F8, 0x2040, 0x2248, 0x2444, 0xA944, 0x4080}},
  {25772, {0x1038, 0x13C0, 0x1078, 0x13C0, 0xFC78, 0x13C4, 0x103C, 0x1400, 0x18C6, 0x3738, 0xD1CE, 0x1738, 0x11CE, 0x1738, 0x514A, 0x2186}},
  {25773, {0x2078, 0x27C0, 0x2248, 0x2150, 0xFBFC, 0x2150, 0x2248, 0x2C06, 0x33F8, 0xE248, 0x2248, 0x23F8, 0x2248, 0x2248, 0xA3F8, 0x4208}},
  {25774, {0x2000, 0x23F8, 0x2208, 0x23F8, 0xFA08, 0x23F8, 0x2000, 0x2FFE, 0x3480, 0xE7BC, 0x2494, 0x2794, 0x24D4, 0x2F88, 0xA094, 0x40A2}},
  {25776, {0x2000, 0x27BC, 0x24A4, 0x27BC, 0xFC20, 0x24A4, 0x239C, 0x2800, 0x3110, 0xE7FC, 0x2110, 0x2110, 0x2FFE, 0x2110, 0xA208, 0x4404}},
  {25781, {0x1088, 0x1088, 0x13DE, 0x1088, 0xFBDE, 0x1088, 0x1154, 0x1A22, 0x33FC, 0xD080, 0x1120, 0x13FC, 0x1020, 0x17FE, 0x5020, 0x2020}},
  {25783, {0x2200, 0x22FE, 0x2210, 0x2FA0, 0xF27C, 0x2244, 0x2754, 0x2054, 0x3054, 0xE754, 0x2554, 0x2554, 0x2528, 0x2724, 0xA542, 0x4082}},
  {25784, {0x2100, 0x23F0, 0x2410, 0x2FFC, 0xF444, 0x27FC, 0x2444, 0x27FC, 0x3000, 0xEFFE, 0x2000, 0x23F8, 0x2208, 0x23F8, 0xA208, 0x43F8}},
  {25786, {0x2080, 0x2040, 0x27FC, 0x2514, 0xFA48, 0x2444, 0x23F8, 0x2A48, 0x33F8, 0xE040, 0x27FC, 0x2444, 0x27FC, 0x2444, 0xA040, 0x4040}},
  {25788, {0x2014, 0x2012, 0x27FE, 0x2410, 0xF5D0, 0x2414, 0x25D4, 0x2558, 0x35CA, 0xE416, 0x2442, 0x2824, 0x22A2, 0x228A, 0xA478, 0x4000}},
  {25792, {0x2108, 0x2108, 0x2114, 0x2FD4, 0xF122, 0x27C0, 0x245C, 0x27C8, 0x3448, 0xE7C8, 0x213E, 0x2FC8, 0x2108, 0x2108, 0xA108, 0x4108}},
  {25794, {0x2000, 0x27FC, 0x2040, 0x2FFE, 0xF842, 0x2358, 0x2040, 0x2B58, 0x3000, 0xE7FC, 0x2444, 0x2444, 0x27FC, 0x2444, 0xA444, 0x47FC}},
  {25797, {0x2040, 0x2FFE, 0x2000, 0x27FC, 0xFC04, 0x25F4, 0x2514, 0x2FFC, 0x3000, 0xE3F8, 0x2208, 0x23F8, 0x2208, 0x23F8, 0xA000, 0x4FFE}},
  {25805, {0x23F8, 0x2208, 0x2208, 0x23F8, 0xF800, 0x27BC, 0x24A4, 0x2CA4, 0x37BC, 0xE040, 0x2FFE, 0x2160, 0x2250, 0x2448, 0xB846, 0x4040}},
  {25806, {0x2420, 0xFF20, 0x247E, 0x7EC4, 0x8228, 0x7A10, 0x4A28, 0x7AC6, 0x0420, 0x1FC0, 0x0100, 0x3FF8, 0x0100, 0x7FFC, 0x0100, 0x0300}},
  {25808, {0x1000, 0x13FC, 0x1294, 0x1294, 0xFBFC, 0x1000, 0x17FE, 0x1800, 0x33FC, 0xD204, 0x13FC, 0x10A2, 0x1114, 0x1308, 0x5D44, 0x2182}},
  {25810, {0x2040, 0x20A0, 0x2110, 0x2248, 0xFDF6, 0x20A0, 0x2248, 0x2AA8, 0x33F8, 0xE040, 0x27FC, 0x2484, 0x2524, 0x25F4, 0xA414, 0x440C}},
  {25815, {0x2010, 0x2008, 0x2788, 0x24BE, 0xF480, 0x2494, 0x2788, 0x247E, 0x3408, 0xE788, 0x26BE, 0x2A88, 0x2A88, 0x2B88, 0xB288, 0x4008}},
  {25816, {0x3E10, 0x22FE, 0x3E44, 0x2028, 0x7EFE, 0xA210, 0x3EFC, 0x2210, 0x0020, 0x1FC0, 0x0100, 0x3FF8, 0x0100, 0x7FFC, 0x0100, 0x0300}},
  {25822, {0x2210, 0x2A90, 0x2710, 0x2220, 0xFFBE, 0x2244, 0x27A4, 0x2AA4, 0x3228, 0xEFA8, 0x2490, 0x2890, 0x2528, 0x2228, 0xA544, 0x4882}},
  {25826, {0x2000, 0x27BC, 0x2084, 0x24A4, 0xFA94, 0x24A4, 0x2120, 0x2A10, 0x37FC, 0xEA20, 0x23FC, 0x2220, 0x23FC, 0x2220, 0xA3FE, 0x4200}},
  {25828, {0x2080, 0x23F8, 0x2208, 0x23F8, 0xFA08, 0x23F8, 0x2000, 0x2FFC, 0x3444, 0xE7FC, 0x2444, 0x27FC, 0x2000, 0x2FFE, 0xA110, 0x4210}},
  {25830, {0x2080, 0x2040, 0x27FE, 0x2402, 0xFA24, 0x23BC, 0x24A4, 0x2AA8, 0x3510, 0xE2E8, 0x2404, 0x2BFA, 0x2040, 0x2248, 0xA444, 0x40C0}},
  {25856, {0x2288, 0x2108, 0xFABE, 0x2008, 0x729C, 0xA92A, 0x2288, 0xFFFE, 0x0820, 0x37D8, 0xC106, 0x1FF0, 0x0100, 0x7FFC, 0x0100, 0x0300}},
  {25865, {0x27FC, 0x2040, 0x27FE, 0x2442, 0xFB5C, 0x2040, 0x275C, 0x2920, 0x33FC, 0xE620, 0x2BFC, 0x2220, 0x23FC, 0x2220, 0xA3FE, 0x4200}},
  {25874, {0x2108, 0x2528, 0x27BE, 0x2948, 0xF7BE, 0x2318, 0x25AA, 0x2946, 0x3000, 0xE3F8, 0x2208, 0x2248, 0x2248, 0x20B0, 0xA108, 0x4604}},
  {25880, {0x2040, 0x27FC, 0x2000, 0x23B8, 0xFAA8, 0x23B8, 0x2110, 0x2FFC, 0x3110, 0xE7FC, 0x2110, 0x2FFE, 0x2128, 0x2310, 0xAD48, 0x4186}},
  {25893, {0x2210, 0x23DE, 0x2528, 0x2084, 0xFBFC, 0x22A4, 0x2254, 0x2BFC, 0x3080, 0xE7FE, 0x22A8, 0x25E4, 0x2852, 0x23F8, 0xA150, 0x42C8}},
  {25899, {0x13DE, 0x1252, 0x13DE, 0x1252, 0xFBDE, 0x10A0, 0x11FE, 0x1B20, 0x35FC, 0xD120, 0x11FE, 0x1000, 0x11FC, 0x1088, 0x5070, 0x278E}},
  {25902, {0x2040, 0x27FC, 0x2248, 0x23F8, 0xF040, 0x2FFE, 0x2AAA, 0x23B8, 0x3110, 0xE7FC, 0x2110, 0x2FFE, 0x2128, 0x2310, 0xAD48, 0x4186}},
  {25903, {0x0100, 0x0100, 0x0100, 0x7FFC, 0x0100, 0x0100, 0x0100, 0x3FF0, 0x1010, 0x0820, 0x0440, 0x0280, 0x0100, 0x06C0, 0x1830, 0xE00E}},
  {25908, {0x0100, 0x0100, 0x0100, 0x01FC, 0x0100, 0x0100, 0x0100, 0x3FF0, 0x1010, 0x0820, 0x0440, 0x0280, 0x0100, 0x06C0, 0x1830, 0xE00E}},
  {25909, {0x0400, 0x0400, 0x0400, 0x0FFE, 0x0810, 0x1010, 0x3020, 0x4820, 0x8440, 0x0280, 0x0100, 0x0280, 0x0440, 0x0820, 0x3018, 0xC006}},
  {25910, {0x0840, 0x0840, 0x4840, 0x4880, 0x48FE, 0x4908, 0x4A88, 0x4888, 0x4888, 0x5850, 0x6850, 0x4820, 0x0850, 0x0888, 0x0904, 0x0A02}},
  {25912, {0x0820, 0x0820, 0x0820, 0x103E, 0x1244, 0x3244, 0x5244, 0x92A4, 0x1228, 0x1228, 0x1210, 0x1210, 0x1228, 0x1048, 0x1084, 0x1102}},
  {25913, {0x0040, 0x0040, 0xFC80, 0x04FE, 0x0508, 0x0508, 0x0688, 0x7C88, 0x4088, 0x4050, 0x4050, 0x4420, 0x5850, 0x6088, 0x4104, 0x0202}},
  {25915, {0x0040, 0x0040, 0x0040, 0xFE80, 0x10FE, 0x1108, 0x1288, 0x1088, 0x1088, 0x1050, 0x1050, 0x1E20, 0xF050, 0x4088, 0x0104, 0x0202}},
  {25918, {0x2040, 0x1040, 0x0040, 0xFE80, 0x20FE, 0x2108, 0x3E88, 0x2488, 0x2488, 0x2450, 0x2450, 0x2420, 0x4450, 0x5488, 0x8904, 0x0202}},
  {25919, {0x0020, 0x0020, 0xFF20, 0x083E, 0x0844, 0x0844, 0x4844, 0x4EA4, 0x4828, 0x4828, 0x4810, 0x4810, 0x4F28, 0xF048, 0x0084, 0x0102}},
  {25925, {0x1040, 0x1040, 0x1040, 0x1080, 0xFEFE, 0x1108, 0x1288, 0x1088, 0x7C88, 0x4450, 0x4450, 0x4420, 0x4450, 0x7C88, 0x4504, 0x0202}},
  {25928, {0x1020, 0x0820, 0x0020, 0xFF3E, 0x0044, 0x2444, 0x4244, 0x81A4, 0x2428, 0x1428, 0x0810, 0x1410, 0x2228, 0x4248, 0x8084, 0x0102}},
  {25929, {0x1040, 0x1040, 0x9440, 0x5480, 0x58FE, 0x1108, 0xFE88, 0x3088, 0x3888, 0x5450, 0x5450, 0x9020, 0x1050, 0x1088, 0x1104, 0x1202}},
  {25932, {0x0420, 0x0E20, 0x3820, 0x083E, 0x0844, 0xFF44, 0x0844, 0x08A4, 0x3E28, 0x2228, 0x2210, 0x2210, 0x2228, 0x3E48, 0x2284, 0x0102}},
  {25935, {0x4020, 0x4020, 0x7F20, 0x803E, 0x7E44, 0x4244, 0x5244, 0x4AA4, 0xFFA8, 0x4228, 0x9210, 0x8A10, 0xFF28, 0x0248, 0x1484, 0x0902}},
  {25937, {0x1040, 0x1440, 0x1240, 0x1080, 0xFEFE, 0x1108, 0x1088, 0x9288, 0x5488, 0x1050, 0x3850, 0x5420, 0x9250, 0x1088, 0x5104, 0x2202}},
  {25941, {0x0820, 0x0820, 0xFFA0, 0x083E, 0x0844, 0x7F44, 0x4944, 0x49A4, 0x7F28, 0x0828, 0x1C10, 0x2A10, 0x4928, 0x8848, 0x0884, 0x0902}},
  {25942, {0x0820, 0x0820, 0x0820, 0x7F3E, 0x0844, 0x3E44, 0x0844, 0xFFA4, 0x1028, 0x1E28, 0x1210, 0x1210, 0x2228, 0x2A48, 0x4484, 0x8102}},
  {25945, {0x0820, 0x0820, 0x7EA0, 0x093E, 0x0A44, 0xFF44, 0x0844, 0x7EA4, 0x2428, 0x4828, 0x8F10, 0x7810, 0x0828, 0x0848, 0x2884, 0x1102}},
  {25947, {0x0820, 0x0820, 0x1420, 0x123E, 0x2144, 0x40C4, 0xBE44, 0x00A4, 0x1128, 0x0928, 0x4910, 0x2210, 0x2228, 0x0748, 0x7884, 0x2102}},
  {25949, {0x0810, 0x4910, 0x2910, 0x2A20, 0x083E, 0x7F44, 0x4924, 0x4924, 0x5D24, 0x6B28, 0x4928, 0x4910, 0x4928, 0x4128, 0x4544, 0x4282}},
  {25950, {0x0820, 0x4920, 0x2920, 0x2A3E, 0x0844, 0x7F44, 0x4144, 0x41A4, 0x5D28, 0x5528, 0x5510, 0x5510, 0x5D28, 0x4128, 0x4544, 0x4282}},
  {25954, {0x0020, 0x7E20, 0x0220, 0x043E, 0xFF44, 0x2244, 0x2244, 0x3EA4, 0x2228, 0x3E28, 0x2210, 0x2210, 0x2F28, 0xF228, 0x4244, 0x0282}},
  {25955, {0x2420, 0x2420, 0x7E20, 0x243E, 0x2444, 0xFF44, 0x0044, 0x7EA4, 0x4228, 0x7E28, 0x4210, 0x7E10, 0x4228, 0x4228, 0x4A44, 0x4482}},
  {25958, {0x1020, 0x0820, 0xFF20, 0x003E, 0x7E44, 0x4244, 0x7E44, 0x00A4, 0x7E28, 0x0428, 0x0810, 0x0F10, 0xF828, 0x0848, 0x2884, 0x1102}},
  {25963, {0x0820, 0x1020, 0x7E20, 0x423E, 0x7E44, 0x4244, 0x7E44, 0x10A4, 0x0828, 0xFF28, 0x2010, 0x3E10, 0x2228, 0x4248, 0x4A84, 0x8502}},
  {25964, {0x2220, 0x2220, 0xFFA0, 0x223E, 0x4044, 0x7F44, 0x4144, 0x81A4, 0x7D28, 0x4528, 0x4510, 0x7D10, 0x4528, 0x0128, 0x0A44, 0x0482}},
  {25968, {0x0820, 0x4920, 0x2A20, 0x083E, 0xFF44, 0x2A44, 0x4944, 0x88A4, 0x1028, 0xFE28, 0x2210, 0x4210, 0x6428, 0x1828, 0x3444, 0xC282}},
  {25970, {0x1010, 0x0810, 0xFF10, 0x001E, 0x7E10, 0x4210, 0x7EFC, 0x0044, 0xFF44, 0x8144, 0xBD28, 0xA528, 0xBD10, 0x8128, 0x8544, 0x8282}},
  {25972, {0x0820, 0x0820, 0xFFBE, 0x0844, 0x7FA4, 0x4924, 0x7F28, 0x2A10, 0x4928, 0x8846, 0x0000, 0x7FFC, 0x0100, 0x11F8, 0x1100, 0xFFFE}},
  {25975, {0x0A20, 0x0920, 0xFFA0, 0x083E, 0x7F44, 0x4944, 0x7F44, 0x49A4, 0x7F28, 0x4928, 0x1010, 0xFF90, 0x2028, 0x3E28, 0x4244, 0x8682}},
  {25991, {0x0200, 0x0100, 0x0100, 0xFFFE, 0x1010, 0x1010, 0x0820, 0x0820, 0x0440, 0x0280, 0x0100, 0x0280, 0x0440, 0x0820, 0x3018, 0xC006}},
  {25995, {0x0200, 0x0100, 0x7FFC, 0x0820, 0x0440, 0x0380, 0x1C70, 0xE00E, 0x1FF0, 0x0200, 0x0400, 0x3FF8, 0x2488, 0x2488, 0x24A8, 0x2010}},
  {25996, {0x0010, 0x2014, 0x11D2, 0x0012, 0xFC10, 0x0BFE, 0x0810, 0x4890, 0x2890, 0x12D0, 0x1290, 0x2A90, 0x2A8A, 0x4AEA, 0x8706, 0x0202}},
  {26000, {0x0440, 0x7C7C, 0x0440, 0x0440, 0x3C78, 0x0440, 0x0440, 0x7C7C, 0x0440, 0x0100, 0xFFFE, 0x0820, 0x0440, 0x0380, 0x1C70, 0xE00E}},
  {26001, {0x0000, 0x0200, 0xF93E, 0x2108, 0x2FC8, 0x2088, 0x2488, 0xFA88, 0x22BE, 0x2108, 0x2108, 0x3A88, 0xE288, 0x4448, 0x087E, 0x0000}},
  {26003, {0x0200, 0x417C, 0x2504, 0x0444, 0xFDF4, 0x1444, 0x15F4, 0x1554, 0x9574, 0x55D4, 0x2554, 0x25F4, 0x54E4, 0x5554, 0x8444, 0x044C}},
  {26007, {0x0040, 0x0440, 0x0240, 0x0240, 0x1040, 0x0840, 0x0840, 0x0040, 0x00FE, 0x7F40, 0x0040, 0x0040, 0x0040, 0x0040, 0x0040, 0x0040}},
  {26009, {0x0808, 0x0888, 0x4A48, 0x2A48, 0x2C08, 0x0888, 0xFE48, 0x1848, 0x1C08, 0x2A0E, 0x2AF8, 0x4808, 0x8808, 0x0808, 0x0808, 0x0808}},
  {26011, {0x1008, 0x1088, 0x3C48, 0x2448, 0x4808, 0xBE88, 0x2A48, 0x2A48, 0x3E08, 0x2A0E, 0x2AF8, 0x3E08, 0x2A08, 0x4A08, 0x4208, 0x8608}},
  {26012, {0x0808, 0x0848, 0x1428, 0x2228, 0x4108, 0xBE48, 0x0828, 0x0828, 0x7F0E, 0x0878, 0x2A08, 0x2908, 0x4908, 0x8808, 0x2808, 0x1008}},
  {26015, {0x2208, 0x2248, 0xFF28, 0x2228, 0x3E08, 0x2248, 0x3E28, 0x2228, 0x220E, 0xFF78, 0x4008, 0x5408, 0x6208, 0x4008, 0x7E08, 0x0008}},
  {26017, {0x1020, 0x1020, 0x1050, 0xFE88, 0x1104, 0x7C12, 0x4490, 0x7C50, 0x4510, 0x7C90, 0x101E, 0xFEF0, 0x1010, 0x1010, 0x1010, 0x1010}},
  {26020, {0x0010, 0x00F8, 0x1F00, 0x1000, 0x1000, 0x1000, 0x1FFE, 0x1040, 0x1040, 0x1040, 0x1040, 0x1040, 0x2040, 0x2040, 0x4040, 0x8040}},
  {26021, {0x0010, 0x00F8, 0x1F00, 0x1000, 0x1000, 0x1000, 0x1FFE, 0x1040, 0x1040, 0x11C0, 0x1060, 0x1050, 0x2048, 0x2040, 0x4040, 0x8040}},
  {26023, {0x0440, 0x0820, 0x1850, 0x2488, 0x0300, 0x0CC0, 0x3030, 0xC0EE, 0x1F00, 0x1000, 0x1000, 0x1FF8, 0x1080, 0x1080, 0x2080, 0x4080}},
  {26025, {0x2008, 0x201C, 0x21E0, 0xFD00, 0x4100, 0x5100, 0x91FE, 0xFD10, 0x1110, 0x1110, 0x1D10, 0xF110, 0x5110, 0x1210, 0x1210, 0x1410}},
  {26027, {0x0008, 0x001C, 0xFCE0, 0x1080, 0x1080, 0x2080, 0x3CFE, 0x6488, 0x6488, 0xA488, 0x2488, 0x2488, 0x3D08, 0x2508, 0x2208, 0x0408}},
  {26029, {0x0400, 0x0404, 0x5578, 0x4E40, 0x4440, 0x7F40, 0x447E, 0x4E48, 0x5548, 0x6548, 0x4448, 0x4448, 0x4048, 0x7F88, 0x0088, 0x0108}},
  {26031, {0x2200, 0x2204, 0x7F78, 0x2240, 0x2240, 0x3E40, 0x227E, 0x2248, 0x3E48, 0x2248, 0x2248, 0xFF48, 0x0448, 0x2288, 0x4188, 0x8108}},
  {26032, {0x1000, 0x0804, 0x7F78, 0x0040, 0x2240, 0x1440, 0xFF7E, 0x0848, 0x0848, 0x7F48, 0x0848, 0x2A48, 0x4948, 0x8888, 0x2888, 0x1108}},
  {26041, {0x0200, 0x0100, 0x0100, 0xFFFE, 0x0400, 0x0400, 0x0400, 0x07F0, 0x0410, 0x0410, 0x0410, 0x0810, 0x0810, 0x1010, 0x20A0, 0x4040}},
  {26044, {0x2020, 0x1020, 0x0020, 0xFE50, 0x2050, 0x2088, 0x3D04, 0x2602, 0x2460, 0x2410, 0x2400, 0x24C0, 0x4420, 0x5410, 0x8808, 0x0000}},
  {26045, {0x2080, 0x1080, 0x10FE, 0x0120, 0xFE20, 0x2120, 0x212C, 0x3D74, 0x27A4, 0x2524, 0x2534, 0x252A, 0x2522, 0x4502, 0x54FE, 0x8800}},
  {26049, {0x0200, 0x0100, 0x3FF8, 0x0820, 0x0440, 0x7FFE, 0x4202, 0x8104, 0x3FF8, 0x0400, 0x0400, 0x07F0, 0x0810, 0x0810, 0x1050, 0x2020}},
  {26051, {0x2080, 0x1080, 0x10FE, 0x0100, 0xFE00, 0x20FC, 0x2084, 0x3CA4, 0x2494, 0x2484, 0x25FE, 0x2484, 0x2484, 0x4504, 0x5514, 0x8A08}},
  {26052, {0x2080, 0x1080, 0x10FE, 0x0100, 0xFE1C, 0x21E0, 0x2020, 0x3C3C, 0x25E0, 0x2420, 0x243E, 0x27E0, 0x2420, 0x4422, 0x5422, 0x881E}},
  {26053, {0x2080, 0x1080, 0x10FE, 0x0100, 0xFE0C, 0x20F0, 0x2090, 0x3C90, 0x2492, 0x2494, 0x2488, 0x2488, 0x2484, 0x44A4, 0x54C2, 0x8880}},
  {26054, {0x2080, 0x1080, 0x10FE, 0x0120, 0xFE20, 0x21FE, 0x2020, 0x3C20, 0x25FC, 0x2524, 0x2524, 0x2524, 0x2534, 0x4528, 0x5420, 0x8820}},
  {26059, {0x2080, 0x1080, 0x10FE, 0x0100, 0xFE00, 0x21FC, 0x2024, 0x3C24, 0x24A0, 0x24A0, 0x24BC, 0x24A0, 0x24A0, 0x4560, 0x553E, 0x8A00}},
  {26060, {0x2080, 0x1080, 0x10FE, 0x0110, 0xFE10, 0x2090, 0x20FE, 0x3C90, 0x2510, 0x2410, 0x24FE, 0x2410, 0x2410, 0x4410, 0x55FE, 0x8800}},
  {26062, {0x2080, 0x1080, 0x10FE, 0x0100, 0xFE00, 0x20FC, 0x2084, 0x3C84, 0x24FC, 0x2480, 0x24A4, 0x24A8, 0x24B0, 0x4522, 0x5522, 0x8A1E}},
  {26063, {0x2080, 0x1080, 0x10FE, 0x0100, 0xFE80, 0x2080, 0x20FC, 0x3CA0, 0x2520, 0x2420, 0x27FE, 0x2420, 0x2450, 0x4450, 0x5488, 0x8906}},
  {26066, {0x2100, 0x1100, 0x11FE, 0x0240, 0xFC20, 0x21FE, 0x2040, 0x3C84, 0x25FE, 0x2402, 0x24A8, 0x24A8, 0x24A8, 0x44AA, 0x552A, 0x8A26}},
  {26070, {0x2100, 0x1100, 0x11FE, 0x0200, 0xFC20, 0x21FC, 0x2050, 0x3C88, 0x27FE, 0x2408, 0x25E8, 0x2528, 0x25E8, 0x4408, 0x5428, 0x8810}},
  {26071, {0x2100, 0x1100, 0x11FE, 0x0200, 0xFC88, 0x21FC, 0x2088, 0x3CF8, 0x2488, 0x24F8, 0x2488, 0x2488, 0x27FE, 0x4450, 0x5488, 0x8904}},
  {26080, {0x0000, 0x3FF0, 0x0200, 0x0200, 0x0200, 0x0200, 0x7FFC, 0x0480, 0x0480, 0x0480, 0x0880, 0x0880, 0x1084, 0x2084, 0x407C, 0x8000}},
  {26082, {0x0000, 0x7DFC, 0x4420, 0x4420, 0x7D20, 0x4520, 0x45FE, 0x7C20, 0x4020, 0x4830, 0x4450, 0x4A50, 0x5292, 0x6092, 0x410E, 0x0200}},
  {26085, {0x0000, 0x1FF0, 0x1010, 0x1010, 0x1010, 0x1010, 0x1010, 0x1FF0, 0x1010, 0x1010, 0x1010, 0x1010, 0x1010, 0x1010, 0x1FF0, 0x1010}},
  {26086, {0x0000, 0x1FF0, 0x1010, 0x1010, 0x1010, 0x1010, 0x1FF0, 0x1010, 0x1010, 0x1010, 0x1010, 0x1FF0, 0x0000, 0x0000, 0xFFFE, 0x0000}},
  {26087, {0x2000, 0x23FC, 0x2204, 0x2204, 0x2204, 0x2204, 0x2204, 0x23FC, 0x2204, 0x2204, 0x2204, 0x2204, 0x2204, 0x23FC, 0x2204, 0x2000}},
  {26088, {0x2000, 0x2070, 0x2380, 0x3C08, 0x2008, 0x2008, 0x1FF8, 0x0000, 0x1FF0, 0x1010, 0x1010, 0x1FF0, 0x1010, 0x1010, 0x1FF0, 0x1010}},
  {26089, {0x0000, 0x1FF0, 0x1010, 0x1010, 0x1FF0, 0x1010, 0x1010, 0x1FF0, 0x0100, 0x0100, 0xFFFE, 0x0100, 0x0100, 0x0100, 0x0100, 0x0100}},
  {26092, {0x0800, 0x0800, 0x0FFC, 0x1004, 0x1004, 0x2FC4, 0x4844, 0x8844, 0x0FC4, 0x0844, 0x0844, 0x0FC4, 0x0844, 0x0004, 0x0028, 0x0010}},
  {26093, {0x2000, 0x20F8, 0x2088, 0x2088, 0xFC88, 0x24F8, 0x2488, 0x2488, 0x2488, 0x2488, 0x24F8, 0x248A, 0x2402, 0x4402, 0x43FE, 0x8000}},
  {26094, {0x0200, 0x0200, 0x3FE0, 0x0420, 0x0822, 0x3022, 0xC01E, 0x0000, 0x1FF0, 0x1010, 0x1010, 0x1FF0, 0x1010, 0x1010, 0x1FF0, 0x1010}},
  {26095, {0x0000, 0x1FF0, 0x1010, 0x1010, 0x1FF0, 0x1010, 0x1010, 0x1FF0, 0x0200, 0x0200, 0x7FE0, 0x0420, 0x0420, 0x0822, 0x1022, 0x601E}},
  {26096, {0x0000, 0x00FC, 0x7C20, 0x4420, 0x4420, 0x4420, 0x4420, 0x7DFE, 0x4420, 0x4420, 0x4420, 0x4420, 0x7C20, 0x4420, 0x0020, 0x0020}},
  {26097, {0x1FF0, 0x1010, 0x1010, 0x1FF0, 0x1010, 0x1010, 0x1FF0, 0x0000, 0x3FF8, 0x0100, 0x0100, 0xFFFE, 0x0100, 0x0100, 0x0100, 0x0100}},
  {26102, {0x0008, 0x0008, 0x7C08, 0x4408, 0x45FE, 0x4408, 0x4408, 0x7C08, 0x4488, 0x4448, 0x4448, 0x4408, 0x7C08, 0x4408, 0x0028, 0x0010}},
  {26103, {0x0040, 0x0020, 0x7820, 0x49FE, 0x4900, 0x4900, 0x7900, 0x4900, 0x4900, 0x4900, 0x4900, 0x7900, 0x4900, 0x0200, 0x0200, 0x0400}},
  {26106, {0x0000, 0x07FC, 0x7840, 0x4840, 0x4840, 0x4840, 0x7840, 0x4BFC, 0x4840, 0x4840, 0x4840, 0x7840, 0x4840, 0x0040, 0x0FFE, 0x0000}},
  {26112, {0x0040, 0x0040, 0x7C80, 0x44FC, 0x4504, 0x4604, 0x4484, 0x7C44, 0x4444, 0x4414, 0x4424, 0x4444, 0x7D84, 0x4404, 0x0028, 0x0010}},
  {26114, {0x3FF8, 0x2008, 0x3FF8, 0x2008, 0x3FF8, 0x0000, 0x0C00, 0x70FC, 0x4084, 0x4084, 0x4084, 0x4C84, 0x7094, 0x4088, 0x0080, 0x0080}},
  {26115, {0x0000, 0x1FF0, 0x1010, 0x1FF0, 0x1010, 0x1FF0, 0x0000, 0x3FFC, 0x2080, 0x2080, 0x2140, 0x2140, 0x2220, 0x4410, 0x4808, 0x9006}},
  {26118, {0x0000, 0x3FF0, 0x2010, 0x2010, 0x3FF0, 0x2010, 0x2010, 0x3FF0, 0x0000, 0x2080, 0x2084, 0x3E98, 0x20E0, 0x2084, 0x2684, 0x387C}},
  {26122, {0x0000, 0x1FF0, 0x1010, 0x1FF0, 0x1010, 0x1FF0, 0x0000, 0x0000, 0x3FF8, 0x0100, 0x0100, 0xFFFE, 0x0280, 0x0440, 0x1830, 0xE00E}},
  {26124, {0x1FF0, 0x1010, 0x1010, 0x1FF0, 0x1010, 0x1010, 0x1FF0, 0x0000, 0x3FF8, 0x2008, 0x2008, 0x3FF8, 0x2008, 0x2008, 0x3FF8, 0x2008}},
  {26126, {0x0000, 0x00FC, 0x7C84, 0x4484, 0x4484, 0x44FC, 0x7C84, 0x4484, 0x4484, 0x44FC, 0x7C84, 0x4484, 0x0104, 0x0104, 0x0214, 0x0408}},
  {26127, {0x0078, 0x3F80, 0x2080, 0x2080, 0x3FFC, 0x2040, 0x2822, 0x301A, 0x2006, 0x1FF0, 0x1010, 0x1010, 0x1FF0, 0x1010, 0x1010, 0x1FF0}},
  {26131, {0x0FF0, 0x0810, 0x0810, 0x0FF0, 0x0810, 0x0810, 0x0FF0, 0x0400, 0x0800, 0x1FFC, 0x2244, 0x4244, 0x0484, 0x0884, 0x1128, 0x0210}},
  {26132, {0x0440, 0x0440, 0x3FF8, 0x0440, 0x0440, 0xFFFE, 0x0000, 0x0000, 0x1FF0, 0x1010, 0x1010, 0x1FF0, 0x1010, 0x1010, 0x1FF0, 0x1010}},
  {26133, {0x0004, 0x000E, 0x7CF0, 0x4480, 0x4480, 0x4480, 0x44FE, 0x7C88, 0x4488, 0x4488, 0x4488, 0x4488, 0x7C88, 0x4508, 0x0108, 0x0208}},
  {26137, {0x0000, 0x1FF0, 0x1010, 0x1FF0, 0x1010, 0x1FF0, 0x0000, 0x3FF8, 0x0000, 0x0000, 0xFFFE, 0x0400, 0x0820, 0x1010, 0x3FF8, 0x1008}},
  {26141, {0x1040, 0x1040, 0x3E50, 0x2248, 0x5444, 0x0840, 0x17FE, 0x2000, 0xDFF0, 0x1010, 0x1010, 0x1FF0, 0x1010, 0x1010, 0x1FF0, 0x1010}},
  {26143, {0x0000, 0x1FF0, 0x1010, 0x1FF0, 0x1010, 0x1FF0, 0x0100, 0x1100, 0x1FF8, 0x2100, 0x4100, 0x1FF0, 0x0100, 0x0100, 0x7FFC, 0x0000}},
  {26144, {0x0020, 0x0020, 0x7820, 0x49FC, 0x4924, 0x4924, 0x7924, 0x4924, 0x4924, 0x4BFE, 0x4820, 0x7850, 0x4850, 0x0088, 0x0104, 0x0202}},
  {26149, {0x0100, 0x0100, 0x7FFC, 0x0100, 0x3FF8, 0x0200, 0xFFFE, 0x0820, 0x1010, 0x2FE8, 0xC826, 0x0820, 0x0FE0, 0x0820, 0x0820, 0x0FE0}},
  {26151, {0x0020, 0x0020, 0x7820, 0x49FC, 0x4820, 0x4820, 0x4820, 0x7BFE, 0x4870, 0x48A8, 0x48A8, 0x4924, 0x7924, 0x4A22, 0x0020, 0x0020}},
  {26152, {0x0100, 0x0100, 0x7900, 0x49FE, 0x4A80, 0x4A80, 0x4C80, 0x78F8, 0x4880, 0x4880, 0x4880, 0x48FC, 0x7880, 0x4880, 0x0080, 0x0080}},
  {26157, {0x0000, 0x03FC, 0x7884, 0x4884, 0x4884, 0x4904, 0x4914, 0x7A08, 0x4C00, 0x49FC, 0x4904, 0x4904, 0x7904, 0x4904, 0x01FC, 0x0104}},
  {26159, {0x1FF0, 0x1010, 0x1010, 0x1FF0, 0x1010, 0x1010, 0x1FF0, 0x0000, 0xFFFE, 0x0100, 0x1100, 0x11F8, 0x1100, 0x2900, 0x4500, 0x83FE}},
  {26161, {0x1FF0, 0x1010, 0x1010, 0x1FF0, 0x1010, 0x1010, 0x1FF0, 0x0200, 0x0100, 0x0100, 0x7FFC, 0x0000, 0x1010, 0x0820, 0x0440, 0xFFFE}},
  {26164, {0x0000, 0x1FF0, 0x1010, 0x1FF0, 0x1010, 0x1FF0, 0x0000, 0x0C00, 0x70FC, 0x4484, 0x4484, 0x5C84, 0x6494, 0x4888, 0x1080, 0x6080}},
  {26165, {0x0000, 0x01FC, 0x7904, 0x4904, 0x4904, 0x49FC, 0x4900, 0x7940, 0x4944, 0x4948, 0x4970, 0x4940, 0x7942, 0x4A42, 0x023E, 0x0400}},
  {26166, {0x0800, 0x0400, 0x027C, 0x3C44, 0x0444, 0x04C4, 0x757C, 0x1644, 0x1644, 0x1544, 0x257C, 0x2480, 0x4440, 0x8430, 0x140E, 0x0800}},
  {26172, {0x0000, 0x1FF8, 0x1008, 0x1008, 0x1FF8, 0x1040, 0x1020, 0x2010, 0x2FE8, 0x4826, 0x8FE0, 0x0820, 0x0FE0, 0x0000, 0x7FFC, 0x0000}},
  {26174, {0x0000, 0x1FF0, 0x1010, 0x1010, 0x1FF0, 0x1010, 0x1010, 0x1FF0, 0x0440, 0x4444, 0x2444, 0x1448, 0x1450, 0x0440, 0xFFFE, 0x0000}},
  {26177, {0x0000, 0x1FF0, 0x1010, 0x1010, 0x1FF0, 0x1010, 0x1010, 0x1FF0, 0x2448, 0x1450, 0x0C60, 0x1450, 0x6448, 0x0842, 0x1042, 0x603E}},
  {26179, {0x0000, 0x1FF0, 0x1010, 0x1FF0, 0x1010, 0x1FF0, 0x0100, 0x1110, 0x0920, 0x0100, 0xFFFE, 0x0440, 0x0440, 0x0842, 0x1042, 0x603E}},
  {26187, {0x0000, 0x7FFC, 0x0440, 0x2448, 0x1450, 0x0440, 0xFFFE, 0x0000, 0x1FF0, 0x1010, 0x1010, 0x1FF0, 0x1010, 0x1010, 0x1FF0, 0x1010}},
  {26188, {0x0040, 0x0040, 0x7880, 0x4BFC, 0x4A04, 0x4A04, 0x4AF4, 0x7A94, 0x4A94, 0x4A94, 0x4A94, 0x4AF4, 0x7A04, 0x4A04, 0x0214, 0x0208}},
  {26191, {0x0000, 0x1FF0, 0x1010, 0x1FF0, 0x1010, 0x1FF0, 0x0100, 0x7FFC, 0x4204, 0x0200, 0xFFFE, 0x0820, 0x1C40, 0x0380, 0x0C70, 0x7008}},
  {26194, {0x0000, 0x07FE, 0x7890, 0x4890, 0x4890, 0x4BFC, 0x4A94, 0x7A94, 0x4A94, 0x4A94, 0x4A9C, 0x4B04, 0x7A04, 0x4A04, 0x03FC, 0x0204}},
  {26195, {0x0080, 0x0080, 0x78BC, 0x4BC0, 0x4850, 0x4824, 0x48D4, 0x7B0C, 0x4800, 0x4BFE, 0x4890, 0x4890, 0x7912, 0x4912, 0x020E, 0x0400}},
  {26196, {0x0090, 0x0094, 0x7914, 0x4918, 0x4B10, 0x4D32, 0x4952, 0x790E, 0x4920, 0x4820, 0x4BFE, 0x4820, 0x7820, 0x4820, 0x0020, 0x0020}},
  {26197, {0x1FF0, 0x1010, 0x1FF0, 0x1010, 0x1FF0, 0x0000, 0x7FFE, 0x4202, 0x9FF4, 0x0400, 0x0900, 0x1FF0, 0x0100, 0x7FFC, 0x0100, 0x0100}},
  {26198, {0x0000, 0x03FE, 0x7A02, 0x4C44, 0x4840, 0x4BFC, 0x4880, 0x78A0, 0x4920, 0x49FC, 0x4820, 0x4820, 0x7BFE, 0x4820, 0x0020, 0x0020}},
  {26199, {0x0040, 0x0040, 0x78A0, 0x4910, 0x4A88, 0x4C46, 0x49F0, 0x7810, 0x4820, 0x4840, 0x4BF8, 0x4A08, 0x7A08, 0x4A08, 0x03F8, 0x0208}},
  {26202, {0x0080, 0x0080, 0x79F8, 0x4A08, 0x4C10, 0x4BFC, 0x4A44, 0x7A44, 0x4A44, 0x4BFC, 0x48A0, 0x48A0, 0x7922, 0x4922, 0x021E, 0x0400}},
  {26207, {0x1FF0, 0x1010, 0x1FF0, 0x1010, 0x1FF0, 0x0088, 0x3FFC, 0x2080, 0x2088, 0x3E88, 0x2250, 0x2250, 0x2A24, 0x4454, 0x418C, 0x8604}},
  {26209, {0x0048, 0x0044, 0x7BFE, 0x4840, 0x4840, 0x4BFC, 0x4A44, 0x7A44, 0x4BFC, 0x4A44, 0x4A44, 0x4BFC, 0x7A44, 0x4A44, 0x0254, 0x0208}},
  {26212, {0x0000, 0x03FE, 0x7840, 0x4840, 0x49FC, 0x4884, 0x4884, 0x7BFE, 0x4800, 0x4800, 0x49FC, 0x4904, 0x7904, 0x4904, 0x01FC, 0x0104}},
  {26214, {0x0100, 0x0100, 0x79FC, 0x4A00, 0x4DF8, 0x4908, 0x4948, 0x7928, 0x4FFE, 0x4908, 0x4A48, 0x4A28, 0x7BFC, 0x4808, 0x0050, 0x0020}},
  {26216, {0x1FF0, 0x1010, 0x1FF0, 0x1010, 0x1FF0, 0x0000, 0x3FFC, 0x2000, 0x2FF8, 0x2000, 0x3FFE, 0x2908, 0x2890, 0x4860, 0x4A18, 0x8C06}},
  {26222, {0x0820, 0x0440, 0x7FFC, 0x0440, 0x2448, 0x1450, 0xFFFE, 0x0000, 0x1FF0, 0x1010, 0x1010, 0x1FF0, 0x1010, 0x1010, 0x1FF0, 0x1010}},
  {26223, {0x1FF0, 0x1010, 0x1FF0, 0x1010, 0x1FF0, 0x0100, 0xFFFE, 0x0000, 0x1FF0, 0x1010, 0x1010, 0x1FF0, 0x0100, 0x2108, 0x4504, 0x0200}},
  {26224, {0x0200, 0x020C, 0xF270, 0x9240, 0x9F40, 0x9240, 0x927E, 0xF648, 0x9748, 0x9AC8, 0x9A48, 0x9248, 0xF248, 0x9248, 0x0248, 0x0288}},
  {26228, {0x0020, 0x0020, 0x7BFE, 0x4820, 0x49FC, 0x4820, 0x4BFE, 0x7800, 0x49FC, 0x4904, 0x49FC, 0x4904, 0x79FC, 0x4904, 0x0114, 0x0108}},
  {26230, {0x0FE0, 0x0820, 0x0820, 0x0FE0, 0x0820, 0x0820, 0x0FE0, 0x0000, 0x7EFC, 0x4284, 0x4284, 0x7EFC, 0x4284, 0x4284, 0x7EFC, 0x4284}},
  {26231, {0x1FF0, 0x1010, 0x1FF0, 0x1010, 0x1FF0, 0x0840, 0x1F60, 0x2250, 0x5448, 0x0840, 0x37FE, 0xC000, 0x1FF0, 0x1010, 0x1010, 0x1FF0}},
  {26234, {0x2000, 0x3E7C, 0x4844, 0x0844, 0xFF44, 0x1444, 0x227C, 0x4000, 0x1FF0, 0x1010, 0x1010, 0x1FF0, 0x1010, 0x1010, 0x1FF0, 0x1010}},
  {26238, {0x0040, 0x0020, 0x7BFE, 0x4800, 0x4800, 0x49FC, 0x4904, 0x7904, 0x4904, 0x49FC, 0x4820, 0x48A8, 0x7924, 0x4A22, 0x00A0, 0x0040}},
  {26242, {0x100C, 0xFEF0, 0x2080, 0x4880, 0x7EFE, 0x0888, 0x0E88, 0xF908, 0x4A08, 0x1FF8, 0x1010, 0x1010, 0x1FF0, 0x1010, 0x1010, 0x1FF0}},
  {26244, {0x0040, 0x0020, 0x7BFE, 0x4A02, 0x4C04, 0x49FC, 0x4800, 0x79FC, 0x4904, 0x49FC, 0x4904, 0x49FC, 0x7904, 0x4800, 0x03FE, 0x0000}},
  {26247, {0x0000, 0x07BC, 0xF484, 0x9484, 0x9484, 0x97BC, 0x9400, 0xF400, 0x97BC, 0x9424, 0x9424, 0x97A8, 0xF410, 0x9428, 0x0444, 0x0482}},
  {26252, {0x0010, 0x03D4, 0x7858, 0x4A52, 0x498C, 0x4888, 0x4904, 0x7AFA, 0x4820, 0x4820, 0x4BFE, 0x4820, 0x7850, 0x4888, 0x0104, 0x0202}},
  {26257, {0x1FF0, 0x1010, 0x1FF0, 0x1010, 0x1FF0, 0x0200, 0x1FD0, 0x0220, 0xFFFE, 0x0300, 0x0FF0, 0x3810, 0xCFF0, 0x0810, 0x0FF0, 0x0810}},
  {26262, {0x003C, 0x07C0, 0x7A44, 0x4928, 0x4800, 0x4BFC, 0x7880, 0x4880, 0x4FFE, 0x4900, 0x49F8, 0x7A88, 0x4A50, 0x0420, 0x08D8, 0x0306}},
  {26263, {0x0080, 0x0040, 0x7BFC, 0x4800, 0x4908, 0x4890, 0x4FFE, 0x7800, 0x49F8, 0x4908, 0x4908, 0x49F8, 0x7908, 0x4908, 0x01F8, 0x0108}},
  {26269, {0x0000, 0x03FE, 0x7A02, 0x4800, 0x49FC, 0x4904, 0x49FC, 0x7904, 0x49FC, 0x4840, 0x4820, 0x4BFE, 0x7800, 0x4888, 0x0104, 0x0202}},
  {26279, {0x000E, 0x03F0, 0x7844, 0x4A24, 0x4908, 0x4BFE, 0x7A42, 0x4840, 0x4BFE, 0x4880, 0x48FC, 0x7944, 0x4928, 0x0210, 0x0468, 0x0186}},
  {26280, {0x7DFC, 0x4420, 0x7D20, 0x45FE, 0x7C50, 0x4852, 0x5492, 0x650E, 0x1FF0, 0x1010, 0x1FF0, 0x1010, 0x1FF0, 0x0000, 0xFFFE, 0x0000}},
  {26286, {0x0440, 0x7FFC, 0x0440, 0x1FF0, 0x1010, 0x1FF0, 0x1010, 0x1FF0, 0x0400, 0xFFFE, 0x1010, 0x2FE8, 0xC826, 0x0FE0, 0x0820, 0x0FE0}},
  {26292, {0x1FF0, 0x1010, 0x1FF0, 0x1010, 0x1FF0, 0x0820, 0x7FFC, 0x0820, 0xFFFE, 0x0820, 0x3118, 0xC926, 0x0540, 0x0920, 0x1510, 0x2208}},
  {26297, {0x07F8, 0x4408, 0x27F8, 0x2408, 0x07F8, 0x0240, 0xE7FC, 0x2C40, 0x37F8, 0x2440, 0x27F8, 0x2440, 0x27FC, 0x5400, 0x8FFE, 0x0000}},
  {26302, {0x0208, 0x0108, 0xF7C8, 0x9010, 0x979E, 0x9494, 0x97A4, 0xF014, 0x9794, 0x9094, 0x9114, 0x91C8, 0xF708, 0x9114, 0x0524, 0x0242}},
  {26329, {0x0000, 0x03FE, 0x7A52, 0x4A52, 0x4BFE, 0x4824, 0x49FC, 0x7828, 0x4BFE, 0x4820, 0x48FC, 0x4984, 0x7AFC, 0x4884, 0x00FC, 0x0084}},
  {26331, {0x003C, 0x07C0, 0xF040, 0x9FFE, 0x9040, 0x97FC, 0x9554, 0xF4E4, 0x97FC, 0x9040, 0x97FC, 0x9040, 0xFFFE, 0x9000, 0x0524, 0x0892}},
  {26332, {0x0000, 0x07BC, 0xF084, 0x94A4, 0x9294, 0x94A4, 0x9120, 0xF210, 0x97FC, 0x9A20, 0x93FC, 0x9220, 0xF3FC, 0x9220, 0x03FE, 0x0200}},
  {26333, {0x03F8, 0x0208, 0xF3F8, 0x9208, 0x93F8, 0x9110, 0x97FC, 0xF110, 0x9FFE, 0x9110, 0x9248, 0x9554, 0xF0E0, 0x9150, 0x0248, 0x00C0}},
  {26342, {0x0110, 0x07FC, 0xF040, 0x93F8, 0x9040, 0x97FC, 0x9000, 0xF3D4, 0x9112, 0x97FE, 0x9350, 0x9534, 0xF38C, 0x908A, 0x0296, 0x0102}},
  {26345, {0x1FF0, 0x1010, 0x1FF0, 0x1010, 0x1FF0, 0x0100, 0xFFFE, 0x2288, 0x3EF8, 0x0440, 0x3FF8, 0x0440, 0xFFFE, 0x0490, 0x1C60, 0x671C}},
  {26352, {0x0000, 0x0000, 0x7FFC, 0x4004, 0x4004, 0x4004, 0x4004, 0x7FE4, 0x4004, 0x4004, 0x4004, 0x4004, 0x7FFC, 0x4004, 0x0000, 0x0000}},
  {26354, {0x0440, 0x0440, 0x0440, 0x0440, 0x7FFC, 0x4444, 0x4444, 0x4444, 0x4444, 0x7FFC, 0x4444, 0x4444, 0x4444, 0x4444, 0x7FFC, 0x4004}},
  {26355, {0x0100, 0x0100, 0x0100, 0x3FF8, 0x2108, 0x2108, 0x3FF8, 0x2108, 0x2108, 0x3FF8, 0x0090, 0x00A0, 0x0042, 0x01A2, 0x0E1A, 0xF006}},
  {26356, {0x0000, 0xFFFE, 0x0100, 0x0100, 0x3FF8, 0x2108, 0x2108, 0x3FF8, 0x2108, 0x2108, 0x3FF8, 0x1100, 0x0A00, 0x0600, 0x19C0, 0xE03E}},
  {26359, {0x0000, 0x1FF0, 0x1010, 0x1FF0, 0x1010, 0x1FF0, 0x0800, 0x0800, 0x1FFC, 0x2104, 0x5284, 0x9444, 0x1004, 0x1F84, 0x0028, 0x0010}},
  {26361, {0x0440, 0x0440, 0xFFFE, 0x0440, 0x3FF8, 0x2448, 0x3FF8, 0x2448, 0x3FF8, 0x0000, 0x1FF0, 0x1010, 0x1FF0, 0x1010, 0x1FF0, 0x1010}},
  {26364, {0x0000, 0x1FF0, 0x1010, 0x1FF0, 0x1010, 0x1FF0, 0x0000, 0x7FFC, 0x4444, 0x7FFC, 0x0000, 0x3FF0, 0x0820, 0x07C0, 0x1830, 0xE00E}},
  {26366, {0x0820, 0x0440, 0x3FF8, 0x2108, 0x2928, 0x2548, 0x3FF8, 0x0000, 0x1FF0, 0x1010, 0x1010, 0x1FF0, 0x1010, 0x1010, 0x1FF0, 0x1010}},
  {26367, {0x0820, 0x0820, 0x7EFC, 0x0820, 0xFEFE, 0x1450, 0x2288, 0x4106, 0x9FF0, 0x1010, 0x1010, 0x1FF0, 0x1010, 0x1010, 0x1FF0, 0x1010}},
  {26368, {0x1FF0, 0x1010, 0x1FF0, 0x1010, 0x1FF0, 0x0000, 0xFFFE, 0x2200, 0x3EF8, 0x2288, 0x3E90, 0x2250, 0x2F20, 0xF250, 0x4288, 0x0306}},
  {26376, {0x0000, 0x0FF8, 0x0808, 0x0808, 0x0808, 0x0FF8, 0x0808, 0x0808, 0x0808, 0x0FF8, 0x0808, 0x0808, 0x1008, 0x1008, 0x2028, 0x4010}},
  {26377, {0x0200, 0x0200, 0xFFFE, 0x0400, 0x0400, 0x0FF0, 0x0810, 0x1810, 0x2FF0, 0x4810, 0x8810, 0x0FF0, 0x0810, 0x0810, 0x0850, 0x0820}},
  {26378, {0x0000, 0x7800, 0x49FC, 0x4800, 0x4800, 0x7800, 0x4BFE, 0x4890, 0x4890, 0x7890, 0x4890, 0x4890, 0x4892, 0x4912, 0x4912, 0x9A0E}},
  {26379, {0x0000, 0x3E7C, 0x2244, 0x2244, 0x2244, 0x3E7C, 0x2244, 0x2244, 0x2244, 0x3E7C, 0x2244, 0x2244, 0x2244, 0x4284, 0x4A94, 0x8508}},
  {26381, {0x0000, 0x3EFC, 0x2284, 0x2284, 0x2294, 0x3E88, 0x2280, 0x22FC, 0x22A4, 0x3EA4, 0x22A8, 0x22A8, 0x2290, 0x42A8, 0x4AC4, 0x8482}},
  {26384, {0x0080, 0x3C80, 0x2500, 0x25FC, 0x2604, 0x3C04, 0x25E4, 0x2524, 0x2524, 0x3D24, 0x25E4, 0x2524, 0x2404, 0x4404, 0x5428, 0x8810}},
  {26388, {0x4200, 0x227C, 0x2444, 0xFF44, 0x0844, 0x087C, 0x4944, 0x4944, 0x4944, 0x7F7C, 0x0944, 0x1044, 0x1084, 0x2084, 0x4114, 0x8208}},
  {26389, {0x0088, 0x3C48, 0x2450, 0x2400, 0x25FC, 0x3C20, 0x2420, 0x2420, 0x27FE, 0x3C20, 0x2450, 0x2450, 0x2488, 0x4488, 0x5504, 0x8A02}},
  {26391, {0x1000, 0x087C, 0x7E44, 0x4244, 0x4244, 0x7E7C, 0x4244, 0x4244, 0x7E44, 0x407C, 0x4844, 0x4444, 0x5A84, 0x6284, 0x4114, 0x0208}},
  {26395, {0x1000, 0x087C, 0xFF44, 0x207C, 0x2044, 0x267C, 0x3844, 0x2094, 0x0108, 0x7FFC, 0x0100, 0x0100, 0x3FF8, 0x0100, 0x0100, 0xFFFE}},
  {26397, {0x0800, 0x083E, 0xFFA2, 0x0822, 0x7F22, 0x413E, 0x7F22, 0x4122, 0x7F22, 0x493E, 0x0822, 0xFFA2, 0x0842, 0x0842, 0x088A, 0x0904}},
  {26399, {0x2200, 0x227C, 0x7F44, 0x2244, 0x2244, 0x3E7C, 0x2244, 0x2244, 0x3E44, 0x227C, 0x2244, 0xFF44, 0x0484, 0x2284, 0x4114, 0x8208}},
  {26406, {0x0088, 0x7BFE, 0x4888, 0x4BFE, 0x4A02, 0x79FC, 0x4800, 0x4BFE, 0x4840, 0x78A2, 0x4B54, 0x48B8, 0x4B54, 0x4892, 0x4B50, 0x9820}},
  {26408, {0x0100, 0x0100, 0x0100, 0x0100, 0x7FFC, 0x0380, 0x0540, 0x0540, 0x0920, 0x1110, 0x2108, 0x4104, 0x8102, 0x0100, 0x0100, 0x0100}},
  {26410, {0x0100, 0x0100, 0x0100, 0x3FF8, 0x0100, 0x0100, 0x0100, 0xFFFE, 0x0380, 0x0540, 0x0920, 0x1110, 0x2108, 0xC106, 0x0100, 0x0100}},
  {26411, {0x0100, 0x0100, 0x0100, 0xFFFE, 0x0100, 0x0100, 0x0100, 0x7FFC, 0x0380, 0x0540, 0x0920, 0x1110, 0x2108, 0xC106, 0x0100, 0x0100}},
  {26412, {0x0100, 0x0100, 0x0100, 0x0100, 0x7FFC, 0x0380, 0x0540, 0x0540, 0x0920, 0x1110, 0x2108, 0x4FE4, 0x8102, 0x0100, 0x0100, 0x0100}},
  {26413, {0x0880, 0x0880, 0x0880, 0x0880, 0xFE80, 0x0880, 0x1880, 0x1C80, 0x2A80, 0x2A80, 0x4880, 0x8884, 0x0884, 0x0884, 0x087C, 0x0800}},
  {26415, {0x0100, 0x0120, 0x0110, 0x0110, 0x7FFC, 0x0380, 0x0540, 0x0540, 0x0920, 0x1110, 0x2108, 0x4104, 0x8102, 0x0100, 0x0100, 0x0100}},
  {26417, {0x0100, 0x1100, 0x1100, 0x1FF8, 0x2100, 0x4100, 0x0100, 0xFFFE, 0x0380, 0x0540, 0x0920, 0x1110, 0x2108, 0xC106, 0x0100, 0x0100}},
  {26420, {0x0840, 0x0840, 0x0840, 0x0840, 0xFE40, 0x0850, 0x1848, 0x1C44, 0x2A44, 0x2A40, 0x4840, 0x8840, 0x0840, 0x0840, 0x0840, 0x0840}},
  {26421, {0x0000, 0x0FE0, 0x0820, 0x0820, 0x0820, 0x1020, 0x201E, 0xC100, 0x0100, 0x7FFC, 0x0380, 0x0540, 0x0920, 0x3118, 0xC106, 0x0100}},
  {26426, {0x1000, 0x11F0, 0x1110, 0x1110, 0xFD10, 0x1110, 0x3110, 0x3910, 0x5510, 0x5510, 0x9110, 0x1112, 0x1112, 0x1212, 0x120E, 0x1400}},
  {26429, {0x1000, 0x13FE, 0x1040, 0x1040, 0xFC80, 0x1080, 0x3100, 0x39FC, 0x5404, 0x5004, 0x9004, 0x1004, 0x1004, 0x1004, 0x1028, 0x1010}},
  {26432, {0x0008, 0x1810, 0x0660, 0x0180, 0x0660, 0x1818, 0x6104, 0x0100, 0xFFFE, 0x0100, 0x1120, 0x1110, 0x2108, 0x2104, 0x4504, 0x0200}},
  {26434, {0x0200, 0x0200, 0x3FE0, 0x0420, 0x0422, 0x0822, 0x111E, 0x6100, 0x0100, 0xFFFE, 0x0100, 0x0920, 0x1110, 0x2108, 0x4504, 0x0200}},
  {26435, {0x1000, 0x13FC, 0x1104, 0x1104, 0xFD04, 0x1088, 0x3088, 0x3888, 0x5450, 0x5450, 0x9020, 0x1020, 0x1050, 0x1088, 0x1104, 0x1602}},
  {26438, {0x1000, 0x11FC, 0x1020, 0x1020, 0xFC20, 0x1020, 0x3020, 0x3BFE, 0x5420, 0x5420, 0x9020, 0x1020, 0x1020, 0x1020, 0x1020, 0x1020}},
  {26440, {0x1000, 0x13FC, 0x1104, 0x1144, 0xFD24, 0x10A8, 0x3088, 0x3888, 0x5450, 0x5450, 0x9020, 0x1020, 0x1050, 0x1088, 0x1104, 0x1602}},
  {26441, {0x0804, 0x0804, 0x0808, 0x0810, 0xFE20, 0x0844, 0x1804, 0x1C08, 0x2A10, 0x2A22, 0x4842, 0x8804, 0x0808, 0x0810, 0x0820, 0x08C0}},
  {26444, {0x1000, 0x1000, 0x13FC, 0x1090, 0xFC90, 0x1090, 0x3090, 0x3890, 0x5490, 0x5490, 0x9090, 0x1092, 0x1112, 0x1112, 0x120E, 0x1400}},
  {26446, {0x0100, 0x0100, 0x7FFC, 0x0380, 0x0540, 0x0920, 0x3118, 0xC106, 0x0FE0, 0x0040, 0x0080, 0xFFFE, 0x0100, 0x0100, 0x0500, 0x0200}},
  {26447, {0x0100, 0x0100, 0x7FFC, 0x0380, 0x0540, 0x0920, 0x3118, 0xC106, 0x0000, 0x1FF0, 0x1010, 0x1010, 0x1010, 0x1010, 0x1FF0, 0x1010}},
  {26448, {0x0808, 0x0808, 0x0808, 0x0808, 0xFEFE, 0x0808, 0x1818, 0x1C18, 0x2A28, 0x2A28, 0x4848, 0x8888, 0x0808, 0x0808, 0x0828, 0x0810}},
  {26449, {0x1010, 0x1010, 0x1010, 0x1010, 0xFDFE, 0x1010, 0x3010, 0x3810, 0x5510, 0x5490, 0x9090, 0x1010, 0x1010, 0x1010, 0x1050, 0x1020}},
  {26451, {0x1040, 0x1040, 0x1080, 0x10FC, 0xFD04, 0x1204, 0x3004, 0x3904, 0x5484, 0x5444, 0x9044, 0x1004, 0x1004, 0x1004, 0x1028, 0x1010}},
  {26454, {0x1010, 0x1010, 0x1010, 0x1010, 0xFDFE, 0x1010, 0x3010, 0x3910, 0x5510, 0x5490, 0x9090, 0x1050, 0x1020, 0x1050, 0x1188, 0x1606}},
  {26460, {0x1020, 0x1020, 0x1020, 0x1020, 0xFC20, 0x1020, 0x33FE, 0x3820, 0x5420, 0x5420, 0x9020, 0x1020, 0x1020, 0x1020, 0x17FE, 0x1000}},
  {26462, {0x1000, 0x1000, 0x11F8, 0x1008, 0xFC08, 0x1008, 0x3008, 0x39F8, 0x5508, 0x5500, 0x9100, 0x1100, 0x1102, 0x1102, 0x10FE, 0x1000}},
  {26463, {0x0100, 0x0100, 0xFFFE, 0x0100, 0x0100, 0x3FF8, 0x2108, 0x2108, 0x2108, 0x3FF8, 0x2388, 0x0540, 0x0920, 0x3118, 0xC106, 0x0100}},
  {26464, {0x1000, 0x1000, 0x11FC, 0x1020, 0xFC20, 0x1020, 0x3020, 0x3820, 0x5420, 0x5420, 0x9020, 0x1020, 0x1020, 0x1020, 0x13FE, 0x1000}},
  {26465, {0x0400, 0x0400, 0x0FF0, 0x1820, 0x6440, 0x0380, 0x1D70, 0xE10E, 0x0100, 0x7FFC, 0x0100, 0x0920, 0x1110, 0x2108, 0x4504, 0x0200}},
  {26469, {0x0100, 0x0100, 0x0100, 0x7FFC, 0x0100, 0x1110, 0x0910, 0x0920, 0xFFFE, 0x0380, 0x0540, 0x0920, 0x3118, 0xC106, 0x0100, 0x0100}},
  {26472, {0x1000, 0x11F8, 0x1010, 0x1020, 0xFC40, 0x1080, 0x31FE, 0x3892, 0x5492, 0x5492, 0x9112, 0x1122, 0x1222, 0x1442, 0x1094, 0x1108}},
  {26473, {0x1000, 0x13F0, 0x1010, 0x1010, 0xFD10, 0x1110, 0x3110, 0x39FC, 0x5404, 0x5404, 0x9004, 0x13F4, 0x1004, 0x1004, 0x1028, 0x1010}},
  {26474, {0x1020, 0x1020, 0x1020, 0x10A8, 0xFCA4, 0x10A2, 0x3122, 0x3920, 0x5624, 0x5424, 0x9028, 0x1008, 0x1010, 0x1020, 0x10C0, 0x1300}},
  {26477, {0x1080, 0x1040, 0x1040, 0x13FC, 0xFC00, 0x1000, 0x31F0, 0x3910, 0x5510, 0x5510, 0x9110, 0x1112, 0x1112, 0x1212, 0x120E, 0x1400}},
  {26479, {0x1000, 0x1000, 0x13FE, 0x1020, 0xFC20, 0x1040, 0x3840, 0x34D0, 0x5148, 0x5244, 0x9444, 0x1040, 0x1040, 0x1040, 0x1040, 0x1040}},
  {26480, {0x0100, 0x0100, 0x0100, 0x7FFC, 0x0380, 0x0540, 0x0920, 0x1110, 0x2108, 0xC106, 0x0100, 0x0000, 0x2488, 0x2244, 0x4244, 0x8004}},
  {26482, {0x1FF0, 0x1010, 0x1010, 0x1FF0, 0x1010, 0x1010, 0x1FF0, 0x0100, 0x0100, 0x7FFC, 0x0380, 0x0540, 0x0920, 0x3118, 0xC106, 0x0100}},
  {26483, {0x0100, 0x0100, 0x7FFC, 0x0380, 0x0540, 0x0920, 0x3118, 0xC106, 0x1FF0, 0x1010, 0x1010, 0x1FF0, 0x1010, 0x1010, 0x1FF0, 0x1010}},
  {26485, {0x1080, 0x1080, 0x1080, 0x11FC, 0xFD20, 0x1220, 0x3020, 0x3820, 0x57FE, 0x5420, 0x9020, 0x1020, 0x1020, 0x1020, 0x1020, 0x1020}},
  {26487, {0x1000, 0x11FC, 0x1124, 0x1124, 0xFD24, 0x1124, 0x3124, 0x39FC, 0x5504, 0x5500, 0x9100, 0x1100, 0x1102, 0x1102, 0x10FE, 0x1000}},
  {26492, {0x1000, 0x11F8, 0x1008, 0x1050, 0xFC20, 0x1010, 0x33FE, 0x3822, 0x5424, 0x5420, 0x9020, 0x1020, 0x1020, 0x1020, 0x10A0, 0x1040}},
  {26494, {0x1010, 0x1090, 0x1090, 0x1088, 0xFC88, 0x1124, 0x3124, 0x3A22, 0x5440, 0x5440, 0x9088, 0x1084, 0x1104, 0x13FE, 0x1102, 0x1000}},
  {26495, {0x1008, 0x101C, 0x11E0, 0x1100, 0xFD00, 0x11FC, 0x3144, 0x3944, 0x5544, 0x5528, 0x9128, 0x1110, 0x1110, 0x1228, 0x1244, 0x1482}},
  {26497, {0x1000, 0x13FC, 0x1084, 0x1088, 0xFC88, 0x1090, 0x309C, 0x3884, 0x5544, 0x5544, 0x9128, 0x1128, 0x1210, 0x1228, 0x1444, 0x1182}},
  {26500, {0x1080, 0x1080, 0x1080, 0x10FC, 0xFD04, 0x1104, 0x3244, 0x3844, 0x5484, 0x54A4, 0x9114, 0x11F4, 0x1014, 0x1004, 0x1028, 0x1010}},
  {26503, {0x1010, 0x1110, 0x1110, 0x1112, 0xFD12, 0x1114, 0x31D8, 0x3910, 0x5510, 0x5510, 0x9110, 0x1112, 0x1152, 0x1192, 0x110E, 0x1000}},
  {26505, {0x1000, 0x1000, 0x13FE, 0x1020, 0xFC20, 0x1020, 0x3020, 0x3820, 0x55FC, 0x5020, 0x9020, 0x1020, 0x1020, 0x1020, 0x17FE, 0x1000}},
  {26507, {0x1040, 0x1020, 0x1020, 0x13FE, 0xFC80, 0x1080, 0x3080, 0x38FC, 0x5484, 0x5484, 0x9084, 0x1084, 0x1104, 0x1104, 0x1228, 0x1410}},
  {26512, {0x1008, 0x101C, 0x11E0, 0x1100, 0xFD00, 0x1100, 0x31FE, 0x3910, 0x5510, 0x5110, 0x9110, 0x1110, 0x1110, 0x1210, 0x1210, 0x1410}},
  {26517, {0x1040, 0x1040, 0x1040, 0x13FC, 0xFA44, 0x1448, 0x3040, 0x3840, 0x54A0, 0x50A0, 0x90A0, 0x1120, 0x1122, 0x1222, 0x141E, 0x1800}},
  {26519, {0x1020, 0x1020, 0x1020, 0x1020, 0xFDFE, 0x1020, 0x3070, 0x3870, 0x54A8, 0x50A8, 0x9124, 0x1222, 0x1420, 0x1020, 0x1020, 0x1020}},
  {26520, {0x1020, 0x1020, 0x1020, 0x11FE, 0xFD22, 0x1122, 0x3122, 0x3922, 0x5552, 0x554A, 0x918A, 0x1102, 0x1102, 0x1102, 0x110A, 0x1104}},
  {26522, {0x1040, 0x1040, 0x1040, 0x1080, 0xFCFE, 0x1108, 0x3288, 0x3888, 0x5488, 0x5450, 0x9050, 0x1020, 0x1050, 0x1088, 0x1104, 0x1202}},
  {26524, {0x0000, 0x1FF0, 0x1110, 0x1110, 0x1FF0, 0x1110, 0x1110, 0x1FF0, 0x1110, 0x0100, 0xFFFE, 0x0540, 0x0920, 0x3118, 0xC106, 0x0100}},
  {26525, {0x1020, 0x1020, 0x1020, 0x13FE, 0xFC20, 0x1020, 0x3020, 0x39FC, 0x5484, 0x5488, 0x9048, 0x1050, 0x1020, 0x1050, 0x1188, 0x1606}},
  {26526, {0x1110, 0x1110, 0x1110, 0x1110, 0xFD10, 0x1110, 0x3110, 0x3910, 0x5510, 0x52A8, 0x9268, 0x1228, 0x1444, 0x1444, 0x1884, 0x1102}},
  {26530, {0x1000, 0x13FC, 0x1200, 0x1208, 0xFE88, 0x1250, 0x3250, 0x3A20, 0x5620, 0x5250, 0x9250, 0x1288, 0x1308, 0x1200, 0x13FE, 0x1000}},
  {26531, {0x0100, 0x0100, 0xFFFE, 0x0100, 0x3FF8, 0x2108, 0x2388, 0x2548, 0x0920, 0x3018, 0xC606, 0x0180, 0x0040, 0x0E00, 0x0180, 0x0040}},
  {26533, {0x2000, 0x23FE, 0x2200, 0x2220, 0xFA20, 0x2220, 0x22FC, 0x7224, 0x6A24, 0xA224, 0xA244, 0x2244, 0x2484, 0x2484, 0x2928, 0x3210}},
  {26535, {0x1000, 0x11FC, 0x1104, 0x1104, 0xFD24, 0x1124, 0x3124, 0x3924, 0x5524, 0x5554, 0x9050, 0x1090, 0x1090, 0x1112, 0x1212, 0x140E}},
  {26536, {0x1080, 0x1084, 0x1084, 0x1088, 0xFC90, 0x10A0, 0x3080, 0x3BFE, 0x54A0, 0x5490, 0x9090, 0x1088, 0x1084, 0x10A2, 0x10C0, 0x1080}},
  {26538, {0x1040, 0x1040, 0x10A0, 0x10A0, 0xFD10, 0x1208, 0x3406, 0x39F0, 0x5510, 0x5110, 0x9150, 0x1120, 0x1104, 0x1104, 0x10FC, 0x1000}},
  {26539, {0x2000, 0x23F8, 0x2208, 0x2208, 0xFB28, 0x22A8, 0x22A8, 0x7248, 0x6A48, 0xA2A8, 0xA2A8, 0x232A, 0x240A, 0x240A, 0x2806, 0x3002}},
  {26541, {0x0100, 0x0200, 0x1FF0, 0x1010, 0x1210, 0x1150, 0x1020, 0x1FFC, 0x0104, 0x0104, 0x7FF4, 0x0388, 0x0540, 0x1930, 0xE10E, 0x0100}},
  {26543, {0x1020, 0x1020, 0x1020, 0x1020, 0xFDFE, 0x1020, 0x3020, 0x3820, 0x55FC, 0x5504, 0x9104, 0x1104, 0x1104, 0x1104, 0x11FC, 0x1104}},
  {26544, {0x1000, 0x11FC, 0x1020, 0x1020, 0xFD24, 0x10A4, 0x30A8, 0x3820, 0x57FE, 0x5420, 0x9020, 0x1020, 0x1020, 0x1020, 0x1020, 0x1020}},
  {26547, {0x1000, 0x1000, 0x11FC, 0x1104, 0xFD04, 0x1104, 0x3104, 0x3904, 0x55FC, 0x5504, 0x9000, 0x1090, 0x1088, 0x1104, 0x1202, 0x1402}},
  {26549, {0x1000, 0x11F8, 0x1108, 0x1108, 0xFD08, 0x11F8, 0x3000, 0x3BFE, 0x5480, 0x5500, 0x91F8, 0x1008, 0x1008, 0x1008, 0x1050, 0x1020}},
  {26550, {0x0800, 0x0800, 0x7F7C, 0x0944, 0x1144, 0x1144, 0x257C, 0x4200, 0x0100, 0x0100, 0xFFFE, 0x0540, 0x0920, 0x3118, 0xC106, 0x0100}},
  {26551, {0x2200, 0x2200, 0x2200, 0xFA1E, 0x27D2, 0x2252, 0x7252, 0x6A52, 0xAA52, 0xA252, 0x2252, 0x2252, 0x2452, 0x245E, 0x2952, 0x3080}},
  {26552, {0x1080, 0x1080, 0x1080, 0x11FC, 0xFD04, 0x1204, 0x31E4, 0x3924, 0x5524, 0x5524, 0x9124, 0x11E4, 0x1124, 0x1004, 0x1028, 0x1010}},
  {26561, {0x1020, 0x1010, 0x1010, 0x11FE, 0xFD02, 0x1204, 0x3080, 0x3888, 0x5490, 0x54A0, 0x90C0, 0x1082, 0x1082, 0x1082, 0x107E, 0x1000}},
  {26563, {0x1020, 0x1020, 0x1050, 0x1050, 0xFC88, 0x1124, 0x3212, 0x3810, 0x55FC, 0x5404, 0x9008, 0x1088, 0x1050, 0x1020, 0x1010, 0x1010}},
  {26564, {0x1000, 0x13FE, 0x1020, 0x1020, 0xFC20, 0x13FE, 0x3222, 0x3A22, 0x5652, 0x524A, 0x928A, 0x1302, 0x1202, 0x1202, 0x120A, 0x1204}},
  {26575, {0x1020, 0x1020, 0x1040, 0x11FC, 0xFD04, 0x1104, 0x3104, 0x3904, 0x55FC, 0x5504, 0x9104, 0x1104, 0x1104, 0x1104, 0x11FC, 0x1104}},
  {26576, {0x0820, 0x0820, 0xFFFE, 0x0820, 0x0820, 0x0FE0, 0x0820, 0x0820, 0x0FE0, 0x0100, 0xFFFE, 0x0540, 0x0920, 0x3118, 0xC106, 0x0100}},
  {26577, {0x1088, 0x1088, 0x1088, 0x1088, 0xFDFE, 0x1088, 0x3088, 0x3888, 0x5488, 0x54F8, 0x9088, 0x1088, 0x1088, 0x1088, 0x10F8, 0x1088}},
  {26578, {0x2080, 0x1080, 0x009C, 0x47E0, 0x2080, 0x0884, 0x1084, 0x607C, 0x2100, 0x0100, 0xFFFE, 0x0540, 0x0920, 0x3118, 0xC106, 0x0100}},
  {26579, {0x2080, 0x1080, 0x03F0, 0x4090, 0x2110, 0x0912, 0x1212, 0x640E, 0x2900, 0x0100, 0xFFFE, 0x0540, 0x0920, 0x3118, 0xC106, 0x0100}},
  {26580, {0x0000, 0x1FF0, 0x0220, 0x0140, 0x7FFC, 0x0484, 0x1888, 0x6280, 0x0100, 0x0100, 0xFFFE, 0x0540, 0x0920, 0x3118, 0xC106, 0x0100}},
  {26584, {0x1000, 0x1000, 0x13FE, 0x1020, 0xFC20, 0x1040, 0x3040, 0x38FC, 0x5584, 0x5284, 0x9484, 0x1084, 0x1084, 0x1084, 0x10FC, 0x1084}},
  {26585, {0x1000, 0x11FC, 0x1124, 0x1124, 0xFD24, 0x11FC, 0x3124, 0x3924, 0x5524, 0x55FC, 0x9124, 0x1020, 0x1020, 0x1020, 0x1020, 0x1020}},
  {26586, {0x1020, 0x1020, 0x1020, 0x1020, 0xFDFC, 0x1124, 0x3124, 0x3924, 0x5524, 0x55FC, 0x9124, 0x1124, 0x1124, 0x1124, 0x11FC, 0x1104}},
  {26588, {0x1000, 0x11FE, 0x1100, 0x1100, 0xFD00, 0x11FC, 0x3104, 0x3904, 0x5504, 0x5504, 0x91FC, 0x1100, 0x1100, 0x1100, 0x11FE, 0x1000}},
  {26589, {0x1008, 0x101C, 0x11E0, 0x1100, 0xFD00, 0x1100, 0x31FE, 0x3910, 0x5510, 0x5530, 0x9118, 0x1114, 0x1112, 0x1210, 0x1210, 0x1410}},
  {26590, {0x1080, 0x1080, 0x1080, 0x10FE, 0xFD40, 0x1140, 0x3240, 0x387C, 0x5440, 0x5040, 0x9040, 0x107E, 0x1040, 0x1040, 0x1040, 0x1040}},
  {26592, {0x2040, 0x2020, 0x2020, 0x23FE, 0xFA02, 0x2404, 0x2000, 0x7000, 0x6BFE, 0xA020, 0xA020, 0x2020, 0x2020, 0x2020, 0x20A0, 0x2040}},
  {26594, {0x1008, 0x103C, 0x13E0, 0x1220, 0xFE20, 0x1220, 0x3220, 0x3BFE, 0x5620, 0x5210, 0x9210, 0x1212, 0x120A, 0x128A, 0x1326, 0x1212}},
  {26597, {0x0100, 0x0100, 0xFFFE, 0x0540, 0x0920, 0x1110, 0x3FF8, 0xD016, 0x1010, 0x1FF0, 0x1010, 0x1010, 0x1FF0, 0x0000, 0xFFFE, 0x0000}},
  {26601, {0x1000, 0x13FC, 0x1200, 0x1240, 0xFE40, 0x1278, 0x3288, 0x3A90, 0x5710, 0x5220, 0x9250, 0x1288, 0x1304, 0x1200, 0x13FE, 0x1000}},
  {26604, {0x0100, 0x0100, 0xFFFE, 0x0100, 0x0100, 0x3FF8, 0x2108, 0x2928, 0x2548, 0x3FF8, 0x2388, 0x0540, 0x0920, 0x3118, 0xC106, 0x0100}},
  {26607, {0x1000, 0x1000, 0x17FE, 0x1008, 0xFC08, 0x13C8, 0x3248, 0x3A48, 0x5648, 0x5248, 0x93C8, 0x1248, 0x1008, 0x1008, 0x1028, 0x1010}},
  {26608, {0x0100, 0x0100, 0x7FFC, 0x0540, 0x0920, 0x3118, 0xCFE6, 0x0000, 0x0000, 0x7FFC, 0x0100, 0x1110, 0x1108, 0x2104, 0x4504, 0x0200}},
  {26609, {0x1040, 0x1020, 0x1000, 0x13FE, 0xFC20, 0x1020, 0x3020, 0x3820, 0x55FC, 0x5420, 0x9020, 0x1020, 0x1020, 0x1020, 0x13FE, 0x1000}},
  {26611, {0x1000, 0x1080, 0x131E, 0x1252, 0xFE52, 0x1252, 0x3252, 0x3A52, 0x5652, 0x52D2, 0x935A, 0x1254, 0x1090, 0x1090, 0x1110, 0x1210}},
  {26612, {0x0880, 0x0888, 0x2890, 0x2EA0, 0x28C0, 0x2884, 0x2E84, 0xF07C, 0x0100, 0x0100, 0xFFFE, 0x0540, 0x0920, 0x3118, 0xC106, 0x0100}},
  {26621, {0x1000, 0x11FC, 0x1084, 0x1088, 0xFC50, 0x1020, 0x3050, 0x3888, 0x5726, 0x5020, 0x91FC, 0x1020, 0x1020, 0x1020, 0x13FE, 0x1000}},
  {26623, {0x1040, 0x1020, 0x1000, 0x13FE, 0xFC20, 0x1020, 0x31FC, 0x3924, 0x5524, 0x5524, 0x9124, 0x1124, 0x1134, 0x1128, 0x1020, 0x1020}},
  {26624, {0x101C, 0x11E0, 0x1100, 0x1100, 0xFDFE, 0x1100, 0x3100, 0x397C, 0x5544, 0x5544, 0x9154, 0x1148, 0x1142, 0x1242, 0x123E, 0x1400}},
  {26629, {0x1000, 0x11DC, 0x1154, 0x1154, 0xFD54, 0x1154, 0x3154, 0x3BFE, 0x5554, 0x5154, 0x9154, 0x1154, 0x1154, 0x12D4, 0x1224, 0x144C}},
  {26631, {0x1000, 0x11FC, 0x1000, 0x1000, 0xFC00, 0x13FE, 0x3020, 0x3820, 0x5528, 0x5524, 0x9224, 0x1222, 0x1422, 0x1020, 0x10A0, 0x1040}},
  {26632, {0x1050, 0x1048, 0x1040, 0x105C, 0xFDE0, 0x1040, 0x305E, 0x39E0, 0x5444, 0x5048, 0x9030, 0x1022, 0x1052, 0x108A, 0x1306, 0x1002}},
  {26633, {0x1088, 0x1088, 0x13FE, 0x1088, 0xFC88, 0x1000, 0x33FE, 0x3842, 0x5442, 0x5442, 0x9042, 0x104A, 0x1044, 0x1040, 0x1040, 0x1040}},
  {26634, {0x1090, 0x1088, 0x1088, 0x1080, 0xFBFE, 0x10A0, 0x30A0, 0x38A4, 0x54A4, 0x5128, 0x9128, 0x1132, 0x1222, 0x1262, 0x149E, 0x1800}},
  {26635, {0x1040, 0x1040, 0x1040, 0x17FE, 0xF880, 0x1120, 0x3120, 0x3A20, 0x57FC, 0x5020, 0x9128, 0x1124, 0x1222, 0x1422, 0x10A0, 0x1040}},
  {26636, {0x1020, 0x1020, 0x103E, 0x1020, 0xFC20, 0x11FC, 0x3104, 0x3904, 0x5504, 0x55FC, 0x9104, 0x1100, 0x1100, 0x1200, 0x1200, 0x1400}},
  {26638, {0x1008, 0x103C, 0x13C0, 0x1200, 0xFE20, 0x1220, 0x3220, 0x3BFE, 0x5420, 0x5420, 0x9128, 0x1124, 0x1222, 0x1422, 0x10A0, 0x1040}},
  {26639, {0x1000, 0x1108, 0x1088, 0x1090, 0xFC00, 0x13FE, 0x3000, 0x3800, 0x5400, 0x55FC, 0x9000, 0x1000, 0x1000, 0x1000, 0x13FE, 0x1000}},
  {26641, {0x2004, 0x2004, 0x2784, 0x2084, 0xF8BE, 0x2484, 0x2284, 0x72A4, 0x6914, 0xA114, 0xA284, 0x2284, 0x2484, 0x2804, 0x2014, 0x2008}},
  {26643, {0x1020, 0x1020, 0x1050, 0x1088, 0xFD04, 0x1202, 0x31FC, 0x3820, 0x5420, 0x5020, 0x91FC, 0x1020, 0x1020, 0x1020, 0x13FE, 0x1000}},
  {26646, {0x1000, 0x17FE, 0x1090, 0x1090, 0xFC90, 0x13FC, 0x3294, 0x3A94, 0x5694, 0x5294, 0x929C, 0x1304, 0x1204, 0x1204, 0x13FC, 0x1204}},
  {26647, {0x0000, 0x7FFC, 0x0440, 0x0440, 0x3FF8, 0x2448, 0x2448, 0x3FF8, 0x0100, 0x0100, 0xFFFE, 0x0540, 0x0920, 0x3118, 0xC106, 0x0100}},
  {26653, {0x1008, 0x103C, 0x11E0, 0x1020, 0xFC20, 0x13FE, 0x3020, 0x3820, 0x5420, 0x55FC, 0x9104, 0x1104, 0x1104, 0x1104, 0x11FC, 0x1104}},
  {26657, {0x1040, 0x1020, 0x1020, 0x11FE, 0xFC00, 0x1088, 0x3104, 0x3A02, 0x5488, 0x5088, 0x9050, 0x1050, 0x1020, 0x1050, 0x1088, 0x1306}},
  {26665, {0x1000, 0x13DE, 0x1042, 0x1042, 0xFE52, 0x114A, 0x314A, 0x3842, 0x54C6, 0x514A, 0x9252, 0x1042, 0x1042, 0x1042, 0x114A, 0x1084}},
  {26666, {0x1020, 0x1120, 0x1120, 0x11FC, 0xFD20, 0x1220, 0x3020, 0x3BFE, 0x5470, 0x54A8, 0x90A8, 0x1124, 0x1124, 0x1222, 0x1020, 0x1020}},
  {26674, {0x1040, 0x1044, 0x11F4, 0x1048, 0xFC50, 0x13FE, 0x3040, 0x3880, 0x55FE, 0x5240, 0x9480, 0x10FC, 0x1004, 0x1004, 0x1028, 0x1010}},
  {26675, {0x1040, 0x1040, 0x1044, 0x11F4, 0xFC48, 0x1050, 0x33FE, 0x3840, 0x5480, 0x5584, 0x9298, 0x14E0, 0x1082, 0x1082, 0x107E, 0x1000}},
  {26679, {0x1104, 0x1084, 0x1088, 0x1000, 0xFBFE, 0x1020, 0x3020, 0x39FC, 0x5420, 0x5020, 0x93FE, 0x1020, 0x1020, 0x1020, 0x1020, 0x1020}},
  {26680, {0x1020, 0x1010, 0x1010, 0x13FE, 0xFC20, 0x1042, 0x3084, 0x39F8, 0x5410, 0x5422, 0x90C4, 0x1308, 0x1010, 0x1028, 0x10C4, 0x1302}},
  {26681, {0x1000, 0x13F8, 0x1208, 0x1208, 0xFBF8, 0x1208, 0x3208, 0x3BF8, 0x5644, 0x5248, 0x9230, 0x1220, 0x1210, 0x1288, 0x1306, 0x1200}},
  {26684, {0x1080, 0x1080, 0x10F8, 0x1108, 0xFB10, 0x14A0, 0x3040, 0x38A0, 0x5518, 0x5206, 0x95F8, 0x1108, 0x1108, 0x1108, 0x11F8, 0x1108}},
  {26685, {0x0840, 0x0848, 0x7F44, 0x0844, 0x0840, 0xFFFE, 0x0040, 0x0844, 0x0844, 0xFF44, 0x1828, 0x2C2A, 0x2A12, 0x492A, 0x8846, 0x0882}},
  {26686, {0x0200, 0x0100, 0xFFFE, 0x0440, 0x1450, 0x1448, 0x2444, 0x4444, 0x0000, 0x0100, 0xFFFE, 0x0540, 0x0920, 0x3118, 0xC106, 0x0100}},
  {26688, {0x1010, 0x1010, 0x3EFC, 0x4210, 0xA490, 0x1490, 0x08FE, 0x1010, 0x2010, 0x4110, 0xFFFE, 0x0540, 0x0920, 0x3118, 0xC106, 0x0100}},
  {26689, {0x1080, 0x1080, 0x113C, 0x1200, 0xFC80, 0x1080, 0x317E, 0x3B08, 0x5508, 0x5508, 0x9108, 0x1108, 0x1108, 0x1108, 0x1128, 0x1110}},
  {26690, {0x1020, 0x1020, 0x11FC, 0x1020, 0xFC20, 0x1020, 0x33FE, 0x3800, 0x5420, 0x5420, 0x91FC, 0x1020, 0x1020, 0x1020, 0x13FE, 0x1000}},
  {26691, {0x1090, 0x1090, 0x1090, 0x1292, 0xFD94, 0x1098, 0x3090, 0x3998, 0x5694, 0x5492, 0x9090, 0x1090, 0x1112, 0x1112, 0x1212, 0x140E}},
  {26692, {0x1020, 0x1020, 0x1124, 0x10A4, 0xFCA8, 0x1020, 0x33FE, 0x3890, 0x5490, 0x5490, 0x9090, 0x1092, 0x1112, 0x1112, 0x120E, 0x1400}},
  {26693, {0x1040, 0x1040, 0x10FC, 0x1104, 0xFE08, 0x11FE, 0x3100, 0x397C, 0x5544, 0x5144, 0x9154, 0x1148, 0x1142, 0x1242, 0x123E, 0x1400}},
  {26694, {0x1000, 0x11FE, 0x1100, 0x1100, 0xFDFE, 0x1110, 0x3110, 0x397C, 0x5510, 0x5510, 0x9110, 0x11FE, 0x1100, 0x1100, 0x11FE, 0x1000}},
  {26696, {0x0100, 0x7FFC, 0x4004, 0x0400, 0xFFFE, 0x0820, 0x1E40, 0x03C0, 0x3C38, 0x0100, 0xFFFE, 0x0540, 0x0920, 0x3118, 0xC106, 0x0100}},
  {26697, {0x1040, 0x1020, 0x1020, 0x13FE, 0xFE02, 0x1444, 0x3040, 0x3BFE, 0x5488, 0x5488, 0x9108, 0x10D0, 0x1020, 0x1050, 0x1088, 0x1304}},
  {26698, {0x0100, 0x1110, 0x0920, 0x3FF8, 0x0200, 0x0200, 0x7FFC, 0x0820, 0x1110, 0x2108, 0xDFF6, 0x0300, 0x05C0, 0x1930, 0x6108, 0x0100}},
  {26700, {0x0100, 0x0100, 0x01FC, 0x0100, 0x1FF8, 0x1008, 0x1FF8, 0x1008, 0x1FF8, 0x0100, 0xFFFE, 0x0540, 0x0920, 0x3118, 0xC106, 0x0100}},
  {26702, {0x1000, 0x13FE, 0x1020, 0x1040, 0xFC88, 0x1104, 0x33FE, 0x3822, 0x5420, 0x5420, 0x93FE, 0x1020, 0x1020, 0x1020, 0x17FE, 0x1000}},
  {26704, {0x1000, 0x13FC, 0x1204, 0x1204, 0xFEF4, 0x1204, 0x3204, 0x3AF4, 0x5694, 0x5294, 0x9294, 0x12F4, 0x1204, 0x1204, 0x1214, 0x1208}},
  {26705, {0x1FE0, 0x0640, 0x0180, 0x0E40, 0x0000, 0x7CF8, 0x2448, 0x1830, 0x66CC, 0x0100, 0x7FFC, 0x0540, 0x0920, 0x3118, 0xC106, 0x0100}},
  {26707, {0x1000, 0x13FE, 0x1000, 0x1000, 0xFDFC, 0x1104, 0x3104, 0x39FC, 0x5504, 0x5504, 0x91FC, 0x1104, 0x1000, 0x1000, 0x13FE, 0x1000}},
  {26708, {0x1020, 0x1020, 0x1020, 0x13FE, 0xFC20, 0x1020, 0x31FC, 0x3800, 0x5400, 0x55FC, 0x9104, 0x1104, 0x1104, 0x1104, 0x11FC, 0x1104}},
  {26709, {0x1000, 0x1040, 0x119C, 0x1104, 0xFD04, 0x1104, 0x3104, 0x39DC, 0x5504, 0x5504, 0x9104, 0x1104, 0x1104, 0x11FC, 0x1104, 0x1000}},
  {26720, {0x1000, 0x11FE, 0x1048, 0x1048, 0xFC48, 0x1048, 0x3248, 0x394A, 0x554A, 0x554C, 0x9048, 0x1048, 0x1048, 0x1048, 0x13FE, 0x1000}},
  {26721, {0x1080, 0x1080, 0x10BC, 0x13C0, 0xFC50, 0x1024, 0x30D4, 0x3B0C, 0x5400, 0x53FE, 0x9090, 0x1090, 0x1112, 0x1112, 0x120E, 0x1400}},
  {26722, {0x1020, 0x1020, 0x103E, 0x1020, 0xFC20, 0x11FC, 0x3104, 0x3924, 0x5524, 0x5524, 0x9124, 0x1124, 0x1050, 0x1048, 0x1084, 0x1104}},
  {26723, {0x1020, 0x1124, 0x10A4, 0x10A4, 0xFCA8, 0x1020, 0x33FC, 0x3804, 0x5404, 0x5004, 0x91FC, 0x1004, 0x1004, 0x1004, 0x13FC, 0x1004}},
  {26724, {0x1020, 0x1124, 0x1124, 0x1124, 0xFDFC, 0x1000, 0x31FC, 0x3804, 0x5404, 0x55FC, 0x9100, 0x1100, 0x1102, 0x1102, 0x10FE, 0x1000}},
  {26725, {0x2010, 0x2078, 0x23C0, 0x2040, 0xF840, 0x27FE, 0x20A0, 0x7110, 0x6A08, 0xA516, 0xA110, 0x2110, 0x2110, 0x2210, 0x2210, 0x2410}},
  {26726, {0x1090, 0x1094, 0x1114, 0x1118, 0xFB10, 0x1532, 0x3152, 0x390E, 0x5520, 0x5020, 0x93FE, 0x1020, 0x1020, 0x1020, 0x1020, 0x1020}},
  {26727, {0x1020, 0x1020, 0x1050, 0x1088, 0xFD04, 0x1202, 0x38F8, 0x3400, 0x5000, 0x53FE, 0x9020, 0x1040, 0x1088, 0x1104, 0x13FE, 0x1102}},
  {26728, {0x0840, 0x4840, 0x28FC, 0x0904, 0x1A88, 0x2850, 0x4860, 0x8980, 0x0100, 0xFFFE, 0x0380, 0x0540, 0x0920, 0x3118, 0xC106, 0x0100}},
  {26729, {0x1020, 0x1010, 0x1010, 0x11FE, 0xFD00, 0x1110, 0x3110, 0x3910, 0x557C, 0x5510, 0x9110, 0x1110, 0x1110, 0x1210, 0x12FE, 0x1400}},
  {26731, {0x2010, 0x2210, 0x2110, 0x2110, 0xF454, 0x2252, 0x2252, 0x7090, 0x6810, 0xA114, 0xA604, 0x2208, 0x2208, 0x2210, 0x2220, 0x20C0}},
  {26740, {0x1008, 0x103C, 0x11C0, 0x1004, 0xFD44, 0x10A8, 0x3000, 0x39F8, 0x5410, 0x5020, 0x93FE, 0x1020, 0x1020, 0x1020, 0x10A0, 0x1040}},
  {26742, {0x2000, 0x27F8, 0x2010, 0x21A0, 0xF840, 0x27FC, 0x2444, 0x7444, 0x6FFC, 0xA444, 0xA444, 0x27FC, 0x2444, 0x2444, 0x2454, 0x2408}},
  {26743, {0x1080, 0x1080, 0x10F8, 0x1108, 0xFA10, 0x15FC, 0x3124, 0x3924, 0x55FC, 0x5124, 0x9124, 0x11FC, 0x1124, 0x1224, 0x1214, 0x1408}},
  {26753, {0x0000, 0x23F0, 0x1090, 0x8294, 0x5292, 0x2492, 0xE110, 0x2250, 0x2520, 0x0100, 0xFFFE, 0x0540, 0x0920, 0x3118, 0xC106, 0x0100}},
  {26755, {0x2000, 0x200C, 0x2770, 0x2110, 0xF910, 0x2210, 0x327C, 0x6F10, 0x6110, 0xA510, 0xA510, 0x227C, 0x2200, 0x2500, 0x28FE, 0x3000}},
  {26757, {0x1100, 0x1100, 0x11FC, 0x1200, 0xFDF8, 0x1108, 0x3948, 0x3528, 0x57FE, 0x5108, 0x9248, 0x1228, 0x13FC, 0x1008, 0x1050, 0x1020}},
  {26758, {0x2100, 0x211E, 0x2112, 0x2FD2, 0xF114, 0x2114, 0x27D8, 0x7114, 0x6912, 0xAFD2, 0xA112, 0x211A, 0x2214, 0x2210, 0x2410, 0x2810}},
  {26767, {0x1020, 0x1120, 0x1120, 0x11FC, 0xFD20, 0x1220, 0x3020, 0x3BFE, 0x5400, 0x5400, 0x91FC, 0x1104, 0x1104, 0x1104, 0x11FC, 0x1104}},
  {26771, {0x1040, 0x1020, 0x11FC, 0x1000, 0xFC88, 0x1050, 0x33FE, 0x3820, 0x5420, 0x5420, 0x91FC, 0x1020, 0x1020, 0x1020, 0x1020, 0x1020}},
  {26775, {0x1000, 0x13FE, 0x1020, 0x1020, 0xFDFC, 0x1124, 0x3124, 0x39FC, 0x5524, 0x5524, 0x91FC, 0x1120, 0x10A0, 0x1040, 0x10B0, 0x130E}},
  {26786, {0x1020, 0x1124, 0x10A4, 0x10A8, 0xFC20, 0x11FC, 0x3104, 0x3904, 0x55FC, 0x5104, 0x9104, 0x11FC, 0x1104, 0x1104, 0x1114, 0x1108}},
  {26790, {0x0820, 0x0820, 0x7EFC, 0x0820, 0x1C70, 0x2AA8, 0xC826, 0x0400, 0x07F0, 0x0810, 0x1420, 0x2240, 0x0180, 0x0200, 0x0C00, 0x7000}},
  {26791, {0x1000, 0x13FE, 0x1040, 0x1040, 0xFDFC, 0x1084, 0x3084, 0x3BFE, 0x5400, 0x5000, 0x91FC, 0x1104, 0x1104, 0x1104, 0x11FC, 0x1104}},
  {26792, {0x0308, 0x3C08, 0x0448, 0x7F48, 0x0C48, 0x1648, 0x2508, 0x4428, 0x0510, 0x0100, 0xFFFE, 0x0540, 0x0920, 0x3118, 0xC106, 0x0100}},
  {26797, {0x1040, 0x1040, 0x1088, 0x1104, 0xFBFE, 0x1002, 0x3088, 0x3944, 0x5642, 0x50F8, 0x9188, 0x1250, 0x1020, 0x1050, 0x1188, 0x1606}},
  {26799, {0x1108, 0x1088, 0x1090, 0x11FC, 0xFC24, 0x1024, 0x31FC, 0x3920, 0x5520, 0x51FE, 0x9062, 0x10A2, 0x112A, 0x1224, 0x1420, 0x1020}},
  {26800, {0x1010, 0x1014, 0x1012, 0x1010, 0xFBFE, 0x1010, 0x3150, 0x3954, 0x57F4, 0x5154, 0x9154, 0x1148, 0x124A, 0x125A, 0x1426, 0x1042}},
  {26803, {0x1040, 0x1020, 0x13FC, 0x1040, 0xFC90, 0x1108, 0x33FC, 0x3804, 0x5550, 0x5150, 0x9150, 0x1150, 0x1250, 0x1252, 0x1452, 0x180E}},
  {26805, {0x0820, 0x0820, 0x7EFC, 0x0820, 0x1C70, 0x2AA8, 0xC826, 0x0000, 0x0FE0, 0x0820, 0x0820, 0x0A20, 0x0920, 0x1122, 0x2022, 0x401E}},
  {26816, {0x1040, 0x1040, 0x10A0, 0x10A0, 0xFD10, 0x1208, 0x35F6, 0x3800, 0x5488, 0x5048, 0x9248, 0x1150, 0x1110, 0x1020, 0x17FE, 0x1000}},
  {26818, {0x1000, 0x13F8, 0x1008, 0x1008, 0xFDF8, 0x1008, 0x3008, 0x3BF8, 0x5440, 0x5148, 0x9148, 0x1250, 0x10A0, 0x1110, 0x1208, 0x1406}},
  {26825, {0x1020, 0x1040, 0x11FC, 0x1104, 0xFDFC, 0x1104, 0x31FC, 0x3820, 0x5420, 0x53FE, 0x9222, 0x1222, 0x122A, 0x1224, 0x1020, 0x1020}},
  {26827, {0x1108, 0x1108, 0x13FC, 0x1108, 0xFD08, 0x11F8, 0x3108, 0x3908, 0x55F8, 0x5108, 0x9108, 0x17FE, 0x1000, 0x1090, 0x1108, 0x1204}},
  {26829, {0x1000, 0x11FC, 0x1104, 0x1104, 0xFDFC, 0x1104, 0x3104, 0x39FC, 0x5400, 0x5512, 0x91D4, 0x1118, 0x1110, 0x1152, 0x1192, 0x110E}},
  {26834, {0x1020, 0x1020, 0x13FE, 0x1020, 0xFDFC, 0x1040, 0x33FE, 0x3888, 0x5524, 0x5222, 0x90F8, 0x1020, 0x13FE, 0x1020, 0x1020, 0x1020}},
  {26837, {0x1040, 0x1020, 0x13FE, 0x1202, 0xFC00, 0x11FC, 0x3000, 0x3800, 0x57FE, 0x5420, 0x9128, 0x1124, 0x1222, 0x1422, 0x10A0, 0x1040}},
  {26840, {0x1020, 0x1020, 0xFDFC, 0x1020, 0x1020, 0x7CF8, 0x54A8, 0x54A8, 0x54A8, 0x5CB8, 0x1020, 0x3870, 0x54A8, 0x9526, 0x1020, 0x1020}},
  {26842, {0x1000, 0x13DE, 0x1252, 0x1252, 0xFE52, 0x13DE, 0x3252, 0x3A52, 0x5652, 0x53DE, 0x9252, 0x1252, 0x1252, 0x1252, 0x1552, 0x18A6}},
  {26848, {0x0100, 0x1110, 0x0920, 0x7FFE, 0x4002, 0x9FF4, 0x1010, 0x1010, 0x1FF0, 0x0100, 0xFFFE, 0x0540, 0x0920, 0x3118, 0xC106, 0x0100}},
  {26851, {0x1020, 0x1020, 0x11FC, 0x1024, 0xFC24, 0x13FE, 0x3824, 0x3424, 0x51FC, 0x5222, 0x9174, 0x10A8, 0x1124, 0x1222, 0x10A0, 0x1040}},
  {26862, {0x0100, 0x0100, 0x7FFC, 0x0540, 0x0920, 0x3118, 0xC106, 0x0820, 0x0820, 0x7EFC, 0x0830, 0x1C68, 0x2AA4, 0xC922, 0x0820, 0x0820}},
  {26864, {0x2010, 0x2078, 0x23C0, 0x2040, 0xF840, 0x27FC, 0x2248, 0x7248, 0x6FFE, 0xA248, 0xA248, 0x27FC, 0x2040, 0x2040, 0x27FC, 0x2000}},
  {26865, {0x1020, 0x1020, 0x11FC, 0x1020, 0xFC20, 0x13FE, 0x3088, 0x3944, 0x5642, 0x54F8, 0x9188, 0x1250, 0x1020, 0x1050, 0x1188, 0x1606}},
  {26869, {0x1000, 0x11FC, 0x1124, 0x1124, 0xFDFC, 0x1124, 0x3124, 0x39FC, 0x5420, 0x53FE, 0x9070, 0x10A8, 0x1124, 0x1222, 0x1020, 0x1020}},
  {26873, {0x1020, 0x1020, 0x103E, 0x1020, 0xFDFC, 0x1104, 0x31FC, 0x3904, 0x55FC, 0x5524, 0x9020, 0x13FE, 0x1020, 0x1020, 0x1020, 0x1020}},
  {26874, {0x1040, 0x1020, 0x13FE, 0x1202, 0xFC04, 0x11F8, 0x3108, 0x3908, 0x55F8, 0x5500, 0x9100, 0x11FC, 0x1104, 0x1104, 0x11FC, 0x1104}},
  {26876, {0x0820, 0x0820, 0x7EFC, 0x0820, 0x1C70, 0x2AA8, 0xC824, 0x0440, 0x0820, 0x1010, 0x2FE8, 0xC426, 0x0420, 0x0820, 0x10A0, 0x6040}},
  {26881, {0x1040, 0x1020, 0x13FE, 0x1000, 0xFDFC, 0x1104, 0x31FC, 0x3800, 0x55FC, 0x5408, 0x9010, 0x13FE, 0x1020, 0x1020, 0x10A0, 0x1040}},
  {26885, {0x2040, 0x2040, 0x23FC, 0x20A0, 0xF910, 0x2208, 0x27FE, 0x7008, 0x6BC8, 0xA248, 0xA248, 0x2248, 0x23C8, 0x2008, 0x2028, 0x2010}},
  {26891, {0x1040, 0x1020, 0x13FE, 0x1000, 0xFC00, 0x11FC, 0x3104, 0x3904, 0x55FC, 0x5420, 0x9128, 0x1124, 0x1222, 0x1422, 0x10A0, 0x1040}},
  {26893, {0x1020, 0x1020, 0x13FE, 0x1020, 0xFC20, 0x11FC, 0x3104, 0x39FC, 0x5504, 0x55FC, 0x9104, 0x11FC, 0x1104, 0x1104, 0x17FE, 0x1000}},
  {26894, {0x10A0, 0x1090, 0x1090, 0x11FE, 0xFD10, 0x1310, 0x35FE, 0x3910, 0x5510, 0x55FE, 0x9110, 0x1110, 0x1110, 0x11FE, 0x1100, 0x1100}},
  {26896, {0x1000, 0x13FC, 0x1204, 0x1204, 0xFBFC, 0x1220, 0x3220, 0x3BFE, 0x5620, 0x5220, 0x92FC, 0x1284, 0x1284, 0x1484, 0x14FC, 0x1884}},
  {26898, {0x2100, 0x2100, 0x21DC, 0x2114, 0xF914, 0x2114, 0x27D4, 0x7014, 0x6914, 0xA114, 0xA588, 0x2548, 0x2948, 0x2114, 0x2514, 0x2222}},
  {26911, {0x1020, 0x1020, 0x11FC, 0x1020, 0xFC20, 0x13FE, 0x3002, 0x3894, 0x5450, 0x5510, 0x9090, 0x13FE, 0x1028, 0x1044, 0x1082, 0x1302}},
  {26912, {0x100C, 0xFEF0, 0x2080, 0x4880, 0x7EFE, 0x0888, 0x0E88, 0xF908, 0x4A08, 0x0100, 0xFFFE, 0x0540, 0x0920, 0x3118, 0xC106, 0x0100}},
  {26916, {0x1000, 0x13FE, 0x1252, 0x1252, 0xFE52, 0x13FE, 0x3020, 0x3840, 0x54FC, 0x5104, 0x9288, 0x1050, 0x1020, 0x1040, 0x1180, 0x1600}},
  {26925, {0x2010, 0x2790, 0x2490, 0x257E, 0xFD20, 0x2620, 0x257C, 0x74A4, 0x6CA4, 0xA4BC, 0xA6A4, 0x253C, 0x2424, 0x2424, 0x2424, 0x242C}},
  {26928, {0x2000, 0x2FDE, 0x2492, 0x2492, 0xF494, 0x2794, 0x2498, 0x7494, 0x6F92, 0xA492, 0xA492, 0x25DA, 0x2E94, 0x2090, 0x2090, 0x2090}},
  {26932, {0x1020, 0x11DC, 0x1114, 0x1114, 0xFD14, 0x11D4, 0x3126, 0x3900, 0x55DC, 0x5514, 0x9114, 0x11D4, 0x1708, 0x1108, 0x1114, 0x1122}},
  {26937, {0x1110, 0x1110, 0x17FC, 0x1110, 0xFDF0, 0x1110, 0x39F0, 0x3510, 0x5110, 0x57FE, 0x9200, 0x1290, 0x1308, 0x1200, 0x13FC, 0x1000}},
  {26941, {0x2100, 0x21F8, 0x2208, 0x23F0, 0xF810, 0x27FE, 0x2080, 0x7144, 0x6E68, 0xA0B0, 0xA128, 0x2668, 0x20A4, 0x2122, 0x26A0, 0x2040}},
  {26943, {0x1020, 0x1020, 0x13FE, 0x1020, 0xFDFC, 0x1040, 0x33FE, 0x3888, 0x5504, 0x52FA, 0x9088, 0x1088, 0x10F8, 0x1088, 0x1088, 0x10F8}},
  {26946, {0x1020, 0x1020, 0x13FE, 0x1070, 0xFCA8, 0x1124, 0x3222, 0x39FC, 0x5504, 0x51FC, 0x9104, 0x11FC, 0x1104, 0x1000, 0x13FE, 0x1000}},
  {26964, {0x2100, 0x213C, 0x27D4, 0x2114, 0xFB94, 0x2114, 0x27D4, 0x7124, 0x694C, 0xA040, 0xA7FE, 0x2040, 0x20A0, 0x2110, 0x2208, 0x2C06}},
  {26967, {0x2020, 0x2020, 0x20FC, 0x2E24, 0xFBFE, 0x2224, 0x24FC, 0x7420, 0x6EFC, 0xA220, 0xA220, 0x2BFE, 0x2420, 0x2620, 0x29FE, 0x3000}},
  {26970, {0x0820, 0x0820, 0x7EFC, 0x0820, 0x1C70, 0x2AA8, 0xC824, 0x0000, 0x7FFC, 0x0104, 0x1100, 0x11F8, 0x1100, 0x2900, 0x47FE, 0x8000}},
  {26973, {0x1020, 0x1020, 0x13FE, 0x1020, 0xFDFC, 0x1124, 0x31AC, 0x3974, 0x5524, 0x55FC, 0x9020, 0x1070, 0x10A8, 0x1124, 0x1222, 0x1020}},
  {26974, {0x1000, 0x13FC, 0x1294, 0x1294, 0xFE94, 0x13FC, 0x3080, 0x3840, 0x57FE, 0x5480, 0x90F8, 0x1088, 0x1108, 0x1108, 0x1228, 0x1410}},
  {26976, {0x1020, 0x1020, 0x13FE, 0x1020, 0xFC20, 0x13FE, 0x328A, 0x3A52, 0x56FA, 0x5222, 0x9222, 0x12FA, 0x1222, 0x1222, 0x122A, 0x1204}},
  {26979, {0x1000, 0x13FC, 0x1224, 0x1224, 0xFBFC, 0x1200, 0x32FC, 0x3A84, 0x5684, 0x52FC, 0x9284, 0x12FC, 0x1284, 0x1284, 0x14FC, 0x1884}},
  {26982, {0x1040, 0x1020, 0x13FE, 0x1202, 0xFC04, 0x11FC, 0x3000, 0x39FC, 0x5504, 0x55FC, 0x9104, 0x11FC, 0x1104, 0x1000, 0x13FE, 0x1000}},
  {26987, {0x1000, 0x11F8, 0x1108, 0x1108, 0xFDF8, 0x1000, 0x37FE, 0x3908, 0x55F8, 0x5508, 0x91F8, 0x1108, 0x113E, 0x17C8, 0x1008, 0x1008}},
  {26990, {0x1020, 0x1022, 0x11FA, 0x1024, 0xFC28, 0x13FE, 0x3020, 0x3840, 0x54FC, 0x5184, 0x9284, 0x10FC, 0x1084, 0x1084, 0x10FC, 0x1084}},
  {26993, {0x2040, 0x2040, 0x27FC, 0x2040, 0xFBF8, 0x2080, 0x27FC, 0x7110, 0x6A08, 0xA5F6, 0xA040, 0x23F8, 0x2040, 0x20A0, 0x2110, 0x2608}},
  {26999, {0x1110, 0x1112, 0x11D4, 0x1118, 0xFD52, 0x1192, 0x312E, 0x3840, 0x55FC, 0x5104, 0x9104, 0x11FC, 0x1104, 0x1104, 0x11FC, 0x1104}},
  {27000, {0x2088, 0x21C8, 0x2708, 0x2108, 0xF92A, 0x212A, 0x27AC, 0x7148, 0x6B08, 0xA388, 0xA554, 0x2514, 0x2914, 0x2124, 0x2124, 0x2142}},
  {27001, {0x1000, 0x13F8, 0x1108, 0x1110, 0xFD1C, 0x12E4, 0x32A4, 0x3A54, 0x54A8, 0x5100, 0x93FC, 0x1294, 0x1294, 0x1294, 0x17FE, 0x1000}},
  {27004, {0x2020, 0x2124, 0x20A8, 0x2020, 0xFBFE, 0x20A8, 0x2124, 0x7202, 0x6840, 0xA7FE, 0xA088, 0x2108, 0x2190, 0x2060, 0x2198, 0x2604}},
  {27008, {0x1000, 0x10F8, 0x1088, 0x1088, 0xFC88, 0x1088, 0x30F8, 0x3888, 0x5400, 0x53DE, 0x9252, 0x1252, 0x1252, 0x1252, 0x13DE, 0x1252}},
  {27010, {0x2000, 0x27BE, 0x2488, 0x2488, 0xFFA8, 0x24A8, 0x24A8, 0x77BE, 0x6C10, 0xA518, 0xA498, 0x25A8, 0x26AA, 0x244A, 0x2046, 0x2080}},
  {27012, {0x1090, 0x1290, 0x129E, 0x12A8, 0xFEC4, 0x1080, 0x31FC, 0x3904, 0x5524, 0x5524, 0x9124, 0x1154, 0x1050, 0x1090, 0x1112, 0x160E}},
  {27014, {0x1040, 0x10A0, 0x1110, 0x1208, 0xFDF6, 0x1000, 0x33C4, 0x3A54, 0x5654, 0x53D4, 0x9254, 0x1254, 0x13D4, 0x1244, 0x1254, 0x12C8}},
  {27015, {0x1040, 0x1020, 0x11FC, 0x1000, 0xFC88, 0x1050, 0x33FE, 0x3820, 0x5420, 0x55FC, 0x9020, 0x10A8, 0x1124, 0x1222, 0x10A0, 0x1040}},
  {27016, {0x1100, 0x10BC, 0x1284, 0x1204, 0xFEF4, 0x1294, 0x3294, 0x3AF4, 0x5604, 0x52F4, 0x9294, 0x1294, 0x12F4, 0x1204, 0x1214, 0x1208}},
  {27017, {0x1044, 0x1124, 0x1088, 0x1010, 0xFBFE, 0x1088, 0x3124, 0x3A22, 0x54F8, 0x5020, 0x9020, 0x13FE, 0x1020, 0x1020, 0x1020, 0x1020}},
  {27021, {0x2000, 0x23FE, 0x2202, 0x2202, 0xFBFE, 0x2210, 0x2292, 0x7254, 0x6AFE, 0xA282, 0xA2FE, 0x2282, 0x22FE, 0x2482, 0x248A, 0x2884}},
  {27028, {0x1100, 0x109E, 0x13D2, 0x1252, 0xFE54, 0x13D4, 0x3258, 0x3A54, 0x57D2, 0x5212, 0x9292, 0x125A, 0x12D4, 0x1350, 0x1210, 0x1010}},
  {27029, {0x1040, 0x1020, 0x13FE, 0x1202, 0xFC50, 0x1088, 0x3124, 0x3850, 0x5488, 0x5104, 0x92FA, 0x1088, 0x1088, 0x1088, 0x10F8, 0x1088}},
  {27032, {0x2000, 0x20FC, 0x3E80, 0x48F8, 0x8888, 0x7EF8, 0x1480, 0x22FC, 0x4000, 0x0100, 0xFFFE, 0x0540, 0x0920, 0x3118, 0xC106, 0x0100}},
  {27035, {0x1020, 0x1020, 0x13FE, 0x1020, 0xFDFC, 0x1040, 0x3BFE, 0x3488, 0x5134, 0x52E2, 0x9020, 0x11FC, 0x1070, 0x10AC, 0x1322, 0x1020}},
  {27036, {0x1040, 0x1020, 0x13FC, 0x1108, 0xFC90, 0x13FE, 0x3202, 0x3C44, 0x5420, 0x53FC, 0x9080, 0x10F8, 0x1088, 0x1108, 0x1128, 0x1210}},
  {27047, {0x1000, 0x13FE, 0x1228, 0x1228, 0xFEEE, 0x1228, 0x3228, 0x3AEE, 0x5628, 0x5228, 0x92EE, 0x1228, 0x1228, 0x1228, 0x13FE, 0x1000}},
  {27048, {0x1040, 0x1020, 0x13FE, 0x128A, 0xFD04, 0x1080, 0x30FE, 0x3940, 0x5640, 0x507C, 0x9040, 0x1040, 0x107E, 0x1040, 0x1040, 0x1040}},
  {27051, {0x10A0, 0x1090, 0x11FE, 0x1320, 0xFDFC, 0x1120, 0x31FC, 0x3920, 0x55FE, 0x5500, 0x9020, 0x13FE, 0x1020, 0x1020, 0x1020, 0x1020}},
  {27053, {0x2084, 0x2104, 0x23C4, 0x2244, 0xFBDE, 0x2244, 0x33C4, 0x6A64, 0x6254, 0xA7D4, 0xA0C4, 0x2144, 0x2244, 0x2444, 0x2154, 0x2088}},
  {27057, {0x2080, 0x2040, 0x27FE, 0x2000, 0xFBF8, 0x2208, 0x2FFE, 0x7208, 0x6BF8, 0xA0A4, 0xA128, 0x2310, 0x2510, 0x2948, 0x2186, 0x2100}},
  {27060, {0x1040, 0x13BE, 0x1212, 0x1292, 0xFE52, 0x12AA, 0x3324, 0x3840, 0x57FE, 0x5222, 0x9222, 0x13FE, 0x1222, 0x1222, 0x13FE, 0x1202}},
  {27063, {0x1080, 0x1080, 0x17FE, 0x1522, 0xFD10, 0x13FC, 0x3620, 0x3A20, 0x57FC, 0x5220, 0x9220, 0x13FC, 0x1220, 0x1220, 0x13FE, 0x1200}},
  {27067, {0x1000, 0x11FC, 0x1104, 0x11FC, 0xFD04, 0x11FC, 0x3800, 0x3400, 0x53DE, 0x5042, 0x9252, 0x114A, 0x1252, 0x1042, 0x114A, 0x1084}},
  {27073, {0x1040, 0x1020, 0x13FE, 0x1000, 0xFDFC, 0x1104, 0x31FC, 0x3800, 0x57FE, 0x5202, 0x92FA, 0x128A, 0x12FA, 0x1202, 0x120A, 0x1204}},
  {27082, {0x2200, 0x147C, 0xFF44, 0x087C, 0x4944, 0x497C, 0x7F44, 0x0844, 0x1094, 0x2108, 0xFFFE, 0x0540, 0x0920, 0x3118, 0xC106, 0x0100}},
  {27084, {0x1010, 0x1220, 0x117C, 0x1144, 0xFC44, 0x107C, 0x3340, 0x3940, 0x557C, 0x5544, 0x9144, 0x117C, 0x1144, 0x1280, 0x147E, 0x1000}},
  {27086, {0x1108, 0x1088, 0x1090, 0x13FC, 0xFC40, 0x11F8, 0x3040, 0x3BFE, 0x5480, 0x5500, 0x91FC, 0x1220, 0x1420, 0x1820, 0x13FE, 0x1000}},
  {27088, {0x1020, 0x1040, 0x11FC, 0x1124, 0xFD24, 0x11FC, 0x3124, 0x3944, 0x55FC, 0x5440, 0x90B0, 0x10A4, 0x113C, 0x1122, 0x1222, 0x141E}},
  {27092, {0x1040, 0x1080, 0x13F8, 0x1208, 0xFBF8, 0x1208, 0x33F8, 0x3880, 0x57FC, 0x5110, 0x9248, 0x1444, 0x1BFA, 0x1040, 0x1040, 0x1040}},
  {27099, {0x1048, 0x1148, 0x114E, 0x1150, 0xFD68, 0x1144, 0x3144, 0x3840, 0x5400, 0x55FC, 0x9154, 0x1154, 0x1154, 0x1154, 0x17FE, 0x1000}},
  {27103, {0x1040, 0x1020, 0x13FE, 0x1202, 0xFC14, 0x11E0, 0x3100, 0x3900, 0x55FC, 0x5110, 0x9110, 0x17FE, 0x1000, 0x1090, 0x1108, 0x1204}},
  {27104, {0x2020, 0x2420, 0x22FA, 0x2224, 0xF828, 0x21FE, 0x2E20, 0x7240, 0x6AFC, 0xA344, 0xA244, 0x227C, 0x22C4, 0x2344, 0x227C, 0x2044}},
  {27117, {0x2014, 0x2012, 0x2010, 0x27FE, 0xFC10, 0x2490, 0x24D2, 0x7492, 0x6FF2, 0xA494, 0xA494, 0x25C8, 0x2AAA, 0x289A, 0x31A6, 0x2042}},
  {27122, {0x2204, 0x2204, 0x2784, 0x2494, 0xF90C, 0x27C4, 0x2564, 0x7554, 0x6FC4, 0xA546, 0xA57C, 0x27C4, 0x2544, 0x2544, 0x2444, 0x28C4}},
  {27133, {0x1090, 0x1090, 0x17FE, 0x1090, 0xFBFC, 0x1294, 0x33FC, 0x3A94, 0x57FC, 0x5000, 0x91F8, 0x1108, 0x11F8, 0x1108, 0x11F8, 0x1108}},
  {27135, {0x1088, 0x1088, 0x17FE, 0x1088, 0xFCF8, 0x1020, 0x31FC, 0x3924, 0x55FC, 0x5020, 0x93FE, 0x1020, 0x11FC, 0x1020, 0x17FE, 0x1000}},
  {27146, {0x2448, 0x2288, 0xF93E, 0x2288, 0x6458, 0x729C, 0xA92A, 0x2288, 0x2548, 0x0100, 0xFFFE, 0x0280, 0x0440, 0x0820, 0x3018, 0xC006}},
  {27159, {0x11FC, 0x1020, 0x13FE, 0x1222, 0xFDAC, 0x1020, 0x31AC, 0x3800, 0x55FC, 0x5000, 0x93FE, 0x1080, 0x10FC, 0x1004, 0x1028, 0x1010}},
  {27160, {0x1020, 0x1124, 0x10A8, 0x13FE, 0xFE02, 0x10F8, 0x3088, 0x3888, 0x54F8, 0x5420, 0x9020, 0x11FC, 0x1020, 0x1020, 0x13FE, 0x1000}},
  {27167, {0x1020, 0x11FC, 0x1088, 0x1050, 0xFBFE, 0x1000, 0x31FC, 0x3904, 0x55FC, 0x5104, 0x91FC, 0x1020, 0x13FE, 0x1020, 0x1020, 0x1020}},
  {27169, {0x1110, 0x1110, 0x17FC, 0x1110, 0xFC00, 0x13F8, 0x3208, 0x3BF8, 0x5608, 0x53F8, 0x9040, 0x17FC, 0x10A0, 0x1110, 0x1208, 0x1406}},
  {27176, {0x2000, 0x23FE, 0x2202, 0x23FE, 0xFA10, 0x2254, 0x2238, 0x7254, 0x6A82, 0xA250, 0xA27C, 0x2290, 0x2210, 0x25FE, 0x2410, 0x2810}},
  {27178, {0x1110, 0x1110, 0x13FC, 0xFD10, 0x1110, 0x17FE, 0x3040, 0x3BF8, 0x5648, 0x53F8, 0x9248, 0x13F8, 0x1000, 0x1110, 0x1208, 0x1404}},
  {27183, {0x1020, 0x1020, 0x13FE, 0x1020, 0xFD24, 0x10A8, 0x33FE, 0x3800, 0x55FC, 0x5504, 0x9174, 0x1154, 0x1174, 0x1104, 0x11FC, 0x1104}},
  {27185, {0x2000, 0x2FBE, 0x28A2, 0x2AAA, 0xFAAA, 0x2AAA, 0x2514, 0x78A2, 0x6880, 0xAFFE, 0xA110, 0x2210, 0x23A0, 0x2060, 0x2198, 0x2E04}},
  {27189, {0x1090, 0x1088, 0x11FE, 0x1110, 0xFB10, 0x15FE, 0x3110, 0x3910, 0x55FE, 0x5110, 0x9110, 0x11FE, 0x1100, 0x12A4, 0x1252, 0x1452}},
  {27197, {0x1088, 0x1050, 0x13FE, 0x1050, 0xFDFC, 0x1154, 0x318C, 0x3974, 0x5504, 0x55FC, 0x9008, 0x13FE, 0x1108, 0x1088, 0x10A8, 0x1010}},
  {27198, {0x2114, 0x2112, 0x2112, 0x2790, 0xF97E, 0x2150, 0x2FD4, 0x7154, 0x6954, 0xA548, 0xA5EA, 0x2556, 0x2722, 0x2500, 0x24FE, 0x2800}},
  {27204, {0x2008, 0x2788, 0x2088, 0x2110, 0xFFDE, 0x2494, 0x24A4, 0x7794, 0x6C94, 0xA794, 0xA494, 0x24C8, 0x2788, 0x2C94, 0x20A4, 0x20C2}},
  {27207, {0x1038, 0x13C0, 0x1078, 0x13C0, 0xFC78, 0x13C4, 0x383C, 0x3400, 0x50C6, 0x5738, 0x91CE, 0x1738, 0x11CE, 0x1738, 0x114A, 0x1186}},
  {27216, {0x0100, 0x7FFC, 0x1110, 0x1FF0, 0x0100, 0xFFFE, 0x8002, 0x3FF8, 0x0400, 0x1FF0, 0x6810, 0x0FF0, 0x0100, 0xFFFE, 0x0920, 0x711C}},
  {27224, {0x1000, 0x13FC, 0x1048, 0x1030, 0xFBFE, 0x1052, 0x3094, 0x3B50, 0x5420, 0x53FE, 0x9252, 0x128A, 0x1376, 0x1252, 0x1272, 0x1206}},
  {27225, {0x1020, 0x17A4, 0x10A8, 0x1292, 0xF914, 0x1208, 0x35F4, 0x3802, 0x57F8, 0x5208, 0x9208, 0x13F8, 0x1208, 0x1110, 0x1FFE, 0x1000}},
  {27227, {0x2000, 0x2FFE, 0x2800, 0x2A28, 0xF948, 0x2BEE, 0x2892, 0x7884, 0x6AA0, 0xAAA8, 0xABE8, 0x2888, 0x2894, 0x2914, 0x2924, 0x3242}},
  {27233, {0x1080, 0x10F8, 0x1108, 0x13FE, 0xFD12, 0x1122, 0x39FE, 0x3440, 0x50A2, 0x5354, 0x9098, 0x1334, 0x1054, 0x1092, 0x1350, 0x1020}},
  {27237, {0x2822, 0x11FC, 0x2828, 0x4BFE, 0x9840, 0x29FC, 0x4E84, 0x88FC, 0x2884, 0x10FC, 0x0100, 0x7FFC, 0x0540, 0x1930, 0xE10E, 0x0100}},
  {27249, {0x2000, 0x27FE, 0x2400, 0x2404, 0xF7E4, 0x2404, 0x25DE, 0x7544, 0x6D44, 0xA5D4, 0xA40C, 0x2544, 0x2484, 0x24E4, 0x2B14, 0x2008}},
  {27257, {0x1080, 0x10F8, 0x1110, 0x13FC, 0xFD24, 0x11FC, 0x3924, 0x35FC, 0x5000, 0x53FE, 0x9000, 0x11FC, 0x1104, 0x11FC, 0x1104, 0x11FC}},
  {27260, {0x2220, 0x223C, 0x2444, 0x2578, 0xF908, 0x2EFE, 0x2220, 0x74D2, 0x681A, 0xAF2C, 0xA0CC, 0x201A, 0x232A, 0x2CC8, 0x2028, 0x2010}},
  {27264, {0x2040, 0x2FFE, 0x2000, 0x27FC, 0xFC04, 0x25F4, 0x2514, 0x77FC, 0x6800, 0xA3F8, 0xA208, 0x23F8, 0x2208, 0x23F8, 0x2000, 0x2FFE}},
  {27268, {0x2108, 0x2208, 0x27C8, 0x2450, 0xFFDE, 0x2464, 0x27D4, 0x7214, 0x6914, 0xA7D4, 0xA214, 0x23C8, 0x2248, 0x2454, 0x2554, 0x28A2}},
  {27278, {0x1020, 0x1050, 0x1088, 0x1124, 0xFEFA, 0x1050, 0x3124, 0x3954, 0x55FC, 0x5020, 0x93FE, 0x1242, 0x1292, 0x12FA, 0x120A, 0x1206}},
  {27280, {0x1100, 0x11F8, 0x1208, 0x17FE, 0xFA88, 0x1324, 0x33FE, 0x3A00, 0x56FC, 0x5200, 0x92FC, 0x1200, 0x12FC, 0x1484, 0x14FC, 0x1884}},
  {27281, {0x1000, 0x11FC, 0x1020, 0x13FE, 0xFA22, 0x11AC, 0x3020, 0x39AC, 0x5400, 0x51FC, 0x9124, 0x1124, 0x11FC, 0x1124, 0x1124, 0x11FC}},
  {27287, {0x0040, 0x7C20, 0x45FC, 0x4488, 0x7C50, 0x43FE, 0x7C20, 0xA5FC, 0x2420, 0x3C20, 0x0100, 0x7FFC, 0x0540, 0x1930, 0xE10E, 0x0100}},
  {27296, {0x2420, 0xFF20, 0x243E, 0x7E44, 0x8284, 0x7A28, 0x4A10, 0x7A28, 0x0444, 0x0100, 0xFFFE, 0x0540, 0x0920, 0x3118, 0xC106, 0x0100}},
  {27305, {0x1020, 0x13FE, 0x1000, 0x11FC, 0xFD04, 0x1174, 0x3154, 0x3974, 0x5504, 0x55FC, 0x9000, 0x11FC, 0x1000, 0x13FE, 0x1124, 0x1262}},
  {27307, {0x2080, 0x2040, 0x27FE, 0x2402, 0xFA24, 0x23BC, 0x34A4, 0x6AA8, 0x6510, 0xA2E8, 0xA404, 0x2BFA, 0x2040, 0x2248, 0x2444, 0x20C0}},
  {27308, {0x2110, 0x27FC, 0x2110, 0x27FC, 0xF404, 0x23F8, 0x2000, 0x77FC, 0x6880, 0xA144, 0xA6A8, 0x2170, 0x26A8, 0x2126, 0x26A0, 0x2040}},
  {27424, {0x0800, 0x0800, 0x0800, 0x0FFC, 0x1004, 0x1108, 0x2110, 0x4100, 0x0100, 0x0280, 0x0280, 0x0440, 0x0820, 0x1010, 0x2008, 0xC006}},
  {27425, {0x0080, 0x4080, 0x2080, 0x20FC, 0x0104, 0x0908, 0x0A40, 0x1440, 0x1040, 0xE0A0, 0x20A0, 0x2110, 0x2110, 0x2208, 0x2404, 0x0802}},
  {27426, {0x0080, 0x0080, 0xFC80, 0x04FC, 0x0504, 0x4908, 0x2A40, 0x1440, 0x1040, 0x28A0, 0x24A0, 0x4510, 0x8110, 0x0208, 0x0404, 0x0802}},
  {27427, {0x0220, 0x0720, 0x3820, 0x207E, 0x2042, 0x2084, 0x3F10, 0x2410, 0x2410, 0x2410, 0x2428, 0x2428, 0x2448, 0x4444, 0x4484, 0x8102}},
  {27428, {0x2020, 0x2020, 0x2020, 0x3F7E, 0x2042, 0x4084, 0x4010, 0x7E10, 0x0210, 0x0210, 0x1A28, 0xE228, 0x4248, 0x0244, 0x1484, 0x0902}},
  {27431, {0x0040, 0x7E40, 0x4040, 0x447C, 0x6484, 0x5488, 0x4920, 0x4820, 0x5420, 0x5450, 0x6450, 0x4050, 0x4088, 0x7E88, 0x0104, 0x0202}},
  {27442, {0x1420, 0x1220, 0x2120, 0x497E, 0x0842, 0x1484, 0x2210, 0x4110, 0xBE10, 0x2210, 0x2228, 0x2228, 0x2248, 0x3E44, 0x2284, 0x0102}},
  {27447, {0x4220, 0x2420, 0x1820, 0x247E, 0x5242, 0x1084, 0xFF10, 0x2010, 0x2810, 0x7E10, 0xAA28, 0x2A28, 0x2A48, 0x2E44, 0x0884, 0x0902}},
  {27449, {0x0820, 0x0820, 0x7F20, 0x143E, 0x2222, 0x4144, 0xFF50, 0x0290, 0x7A10, 0x4A10, 0x4A10, 0x7A28, 0x4A28, 0x0244, 0x0A44, 0x0482}},
  {27450, {0x2220, 0x2220, 0xFFA0, 0x227E, 0x2242, 0x3E84, 0x2210, 0x2210, 0x3E10, 0x2210, 0x2228, 0xFFA8, 0x2448, 0x2244, 0x4284, 0x8102}},
  {27454, {0x0820, 0x0820, 0xFF20, 0x087E, 0x0842, 0x7E84, 0x0010, 0x7E10, 0x0010, 0xFF10, 0x0828, 0x4A28, 0x4948, 0x8944, 0x2884, 0x1102}},
  {27459, {0x0220, 0x0F20, 0x7820, 0x087E, 0x0842, 0xFF84, 0x2810, 0x4B10, 0x4910, 0x4910, 0x6B28, 0x4928, 0x4948, 0x7F44, 0x4184, 0x0102}},
  {27462, {0x1020, 0x0820, 0xFF20, 0x007E, 0x4242, 0x2484, 0xFF10, 0x0010, 0x7E10, 0x4210, 0x4228, 0x7E28, 0x4248, 0x4244, 0x7E84, 0x4302}},
  {27463, {0x0020, 0x7E20, 0x4220, 0x7E7E, 0x4242, 0x7E84, 0x2010, 0x7F10, 0x8910, 0x4910, 0x5528, 0x4128, 0x7D28, 0x0144, 0x0A44, 0x0482}},
  {27465, {0x2220, 0x1420, 0xFFA0, 0x147E, 0x1442, 0x7F84, 0x1510, 0xFF90, 0x1510, 0x7F10, 0x1428, 0x3628, 0x5528, 0x94C4, 0x1444, 0x1482}},
  {27468, {0x0020, 0xFF20, 0x0220, 0x7A7E, 0x4A42, 0x7A84, 0x0010, 0xFF10, 0x0210, 0x7A10, 0x4A28, 0x4A28, 0x7A28, 0x0244, 0x0A44, 0x0482}},
  {27481, {0x0820, 0x1420, 0x2220, 0x5D3E, 0x80A2, 0x3E44, 0x2250, 0x3E90, 0x0010, 0x7710, 0x1110, 0x5528, 0x3328, 0x5544, 0x1144, 0x3382}},
  {27490, {0x0100, 0x0100, 0x0100, 0x0100, 0x1100, 0x1100, 0x11F8, 0x1100, 0x1100, 0x1100, 0x1100, 0x1100, 0x1100, 0x1100, 0xFFFE, 0x0000}},
  {27491, {0x0000, 0x7FFC, 0x0100, 0x0100, 0x0100, 0x0100, 0x1100, 0x11F8, 0x1100, 0x1100, 0x1100, 0x1100, 0x1100, 0x1100, 0xFFFE, 0x0000}},
  {27492, {0x0440, 0x0440, 0x0440, 0x2444, 0x2448, 0x2750, 0x2460, 0x2440, 0x2440, 0x2440, 0x2440, 0x2442, 0x2F42, 0xF042, 0x403E, 0x0000}},
  {27493, {0x0100, 0x0100, 0x11F8, 0x1100, 0x1100, 0x1100, 0xFFFE, 0x0100, 0x0100, 0x1108, 0x1110, 0x2120, 0x40C0, 0x0300, 0x1C00, 0xE000}},
  {27494, {0x0040, 0x0050, 0x3F48, 0x0048, 0x0040, 0xFFFE, 0x0040, 0x0440, 0x0440, 0x2740, 0x2420, 0x2422, 0x2412, 0x278A, 0xF806, 0x4002}},
  {27495, {0x0820, 0x0820, 0x0820, 0x0BFE, 0x4820, 0x4E20, 0x4820, 0x49FC, 0x4884, 0x4888, 0x4848, 0x4E50, 0x5820, 0xE050, 0x0188, 0x0606}},
  {27498, {0x0000, 0x7FFC, 0x0100, 0x0300, 0x0560, 0x1918, 0x6104, 0x0000, 0x7FFC, 0x0100, 0x1100, 0x11F8, 0x1100, 0x1100, 0xFFFE, 0x0000}},
  {27513, {0x0000, 0xFFFE, 0x0200, 0x0200, 0x0400, 0x07F8, 0x0808, 0x1010, 0x2410, 0x4220, 0x0140, 0x0080, 0x0100, 0x0200, 0x0C00, 0x7000}},
  {27515, {0x0000, 0xFFFC, 0x1080, 0x1080, 0x1084, 0x1E88, 0x2290, 0x22A0, 0x52C0, 0x8C80, 0x0480, 0x0884, 0x0884, 0x1084, 0x207C, 0x4000}},
  {27516, {0x0008, 0x003C, 0xFDE0, 0x2020, 0x2020, 0x3C20, 0x4420, 0x47FE, 0x6420, 0x9420, 0x0820, 0x0820, 0x1020, 0x2020, 0x4020, 0x8020}},
  {27521, {0x0000, 0x00F8, 0xFC88, 0x2088, 0x2088, 0x3D06, 0x4600, 0x45FC, 0x6484, 0x9484, 0x0848, 0x0850, 0x1020, 0x2050, 0x4088, 0x8306}},
  {27522, {0x0000, 0x01F8, 0xFD08, 0x2108, 0x2108, 0x3DF8, 0x4508, 0x4508, 0x6508, 0x95F8, 0x0908, 0x0908, 0x1108, 0x2108, 0x47FE, 0x8000}},
  {27523, {0x0020, 0x0020, 0xFC20, 0x21FC, 0x2124, 0x3D24, 0x4524, 0x4524, 0x6524, 0x97FE, 0x0820, 0x0850, 0x1050, 0x2088, 0x4104, 0x8202}},
  {27524, {0x0020, 0x0020, 0xFC50, 0x2088, 0x2104, 0x3E12, 0x4420, 0x4440, 0x6588, 0x9410, 0x0820, 0x0844, 0x1188, 0x2010, 0x4060, 0x8380}},
  {27526, {0x0020, 0xFC20, 0x2020, 0x2040, 0x2048, 0x3C84, 0x45FE, 0x4482, 0x6400, 0x94FC, 0x0884, 0x0884, 0x1084, 0x2084, 0x40FC, 0x8084}},
  {27527, {0x0080, 0x0080, 0xFCFE, 0x2100, 0x22F8, 0x3C10, 0x4420, 0x4440, 0x65FC, 0x9494, 0x0894, 0x0924, 0x1224, 0x2444, 0x40A8, 0x8110}},
  {27529, {0x0080, 0xFE80, 0x21FC, 0x2104, 0x2204, 0x3DE4, 0x4524, 0x4524, 0xA5E4, 0x1924, 0x0924, 0x11E4, 0x1124, 0x2004, 0x4028, 0x8010}},
  {27530, {0x0020, 0x0120, 0xFD20, 0x21FC, 0x2120, 0x3E20, 0x4420, 0x47FE, 0x6470, 0x94A8, 0x08A8, 0x0924, 0x1124, 0x2222, 0x4020, 0x8020}},
  {27531, {0x0050, 0x0048, 0xFC40, 0x205C, 0x21E0, 0x3C40, 0x445E, 0x47E0, 0x6444, 0x9448, 0x0830, 0x0822, 0x1052, 0x208A, 0x4306, 0x8002}},
  {27533, {0x0008, 0x003C, 0xFDC0, 0x2004, 0x2144, 0x3CA8, 0x4400, 0x45F8, 0x6410, 0x9420, 0x0BFE, 0x0820, 0x1020, 0x2020, 0x40A0, 0x8040}},
  {27538, {0x0000, 0x00F8, 0xFC88, 0x2088, 0x20F8, 0x3C00, 0x45FC, 0x4504, 0x6524, 0x9524, 0x0924, 0x0924, 0x1050, 0x2048, 0x4084, 0x8304}},
  {27539, {0x0020, 0x0020, 0xFC50, 0x2050, 0x2088, 0x3D04, 0x46FA, 0x4400, 0x6444, 0x9424, 0x0924, 0x08A8, 0x1088, 0x2010, 0x43FE, 0x8000}},
  {27542, {0x0020, 0xFC20, 0x23FE, 0x2020, 0x2020, 0x3DFC, 0x4504, 0x45FC, 0x6504, 0x95FC, 0x0904, 0x09FC, 0x1104, 0x2104, 0x47FE, 0x8000}},
  {27546, {0x0104, 0x0088, 0xFC50, 0x21FC, 0x2124, 0x3D24, 0x45FC, 0x4524, 0x6524, 0x95FC, 0x0820, 0x0820, 0x13FE, 0x2020, 0x4020, 0x8020}},
  {27547, {0x0000, 0x03FC, 0xF808, 0x2010, 0x2020, 0x3BAE, 0x4AA2, 0x4AAA, 0x6AA4, 0x9AA4, 0x0BAA, 0x1032, 0x10A0, 0x2040, 0x47FE, 0x8000}},
  {27553, {0x0040, 0x0020, 0xFBFE, 0x2202, 0x2414, 0x39E0, 0x4900, 0x4900, 0x69FC, 0x9910, 0x0910, 0x17FE, 0x1000, 0x2090, 0x4108, 0x8204}},
  {27562, {0x0020, 0x03FE, 0xF820, 0x21FC, 0x2000, 0x3BFE, 0x4A02, 0x49FC, 0x6800, 0x99FC, 0x0904, 0x11FC, 0x1104, 0x2088, 0x43FE, 0x8000}},
  {27571, {0x0000, 0x0FE0, 0x0820, 0x0820, 0x0820, 0x1020, 0x201E, 0xC000, 0x3FF0, 0x1010, 0x0820, 0x0440, 0x0380, 0x0C60, 0x3018, 0xC006}},
  {27572, {0x0000, 0x7EF8, 0x4088, 0x4488, 0x6488, 0x5486, 0x4900, 0x4800, 0x55FC, 0x5484, 0x6488, 0x4050, 0x4020, 0x7E50, 0x0088, 0x0306}},
  {27573, {0x0600, 0x38F8, 0x2088, 0x2088, 0x2088, 0x3C86, 0x2100, 0x2000, 0x3DFC, 0x2084, 0x2088, 0x2C50, 0xF020, 0x2050, 0x2088, 0x2306}},
  {27575, {0x0600, 0x3878, 0x2048, 0x3E48, 0x2248, 0x3E86, 0x2200, 0x3EFC, 0x2044, 0x3E44, 0x2228, 0x2228, 0x4210, 0x4A28, 0x8444, 0x0182}},
  {27583, {0x0000, 0x3F78, 0x2148, 0x2148, 0x3F48, 0x2086, 0x2A00, 0x2AFC, 0x3F44, 0x2A44, 0x2A28, 0x3F28, 0x2010, 0x4A28, 0x9144, 0x2182}},
  {27585, {0x2000, 0xCE78, 0x8248, 0x8248, 0xEE48, 0x8286, 0x8200, 0xFEFC, 0x0044, 0x0044, 0xFE28, 0x1028, 0x1010, 0x1E28, 0xF044, 0x4182}},
  {27586, {0x1000, 0xFE78, 0x1048, 0x7C48, 0x0048, 0xFE86, 0x8200, 0x10FC, 0x7C44, 0x2044, 0x5028, 0x7C28, 0x1010, 0xFE28, 0x1044, 0x1182}},
  {27589, {0x1000, 0x0878, 0x7F48, 0x2248, 0x1448, 0xFF86, 0x1000, 0x29FC, 0xCE44, 0x1444, 0x2628, 0xCD28, 0x1510, 0x2428, 0xD444, 0x0982}},
  {27595, {0x0000, 0x1FF0, 0x1110, 0x1110, 0x1110, 0x1110, 0xFFFE, 0x2110, 0x2210, 0x2210, 0x2210, 0x3FFC, 0x0410, 0x0810, 0x10A0, 0x2040}},
  {27597, {0x0000, 0x1FF0, 0x1010, 0x1210, 0x1110, 0x1110, 0xFFFE, 0x2010, 0x2210, 0x2110, 0x2110, 0x3FFC, 0x0010, 0x0010, 0x00A0, 0x0040}},
  {27599, {0x1000, 0x1FFC, 0x2000, 0x2000, 0x5FF0, 0x9010, 0x1210, 0x1110, 0xFFFE, 0x2010, 0x2210, 0x2110, 0x3FFC, 0x0010, 0x00A0, 0x0040}},
  {27602, {0x0100, 0x3FF8, 0x0100, 0x1FF0, 0x0100, 0x7FFC, 0x0000, 0x1FF0, 0x1210, 0x1110, 0xFFFE, 0x2210, 0x2110, 0x3FFC, 0x0010, 0x0060}},
  {27603, {0x4020, 0x4010, 0x7DFE, 0x8020, 0x7C48, 0x4484, 0x65FE, 0x5402, 0xFEA8, 0x44A8, 0xA4A8, 0x94A8, 0xFEAA, 0x052A, 0x2926, 0x1200}},
  {27604, {0x0080, 0x2080, 0x2080, 0x2084, 0x2088, 0x2090, 0x3EA0, 0x20C0, 0x2080, 0x2080, 0x2080, 0x2082, 0x2682, 0x3882, 0x207E, 0x0000}},
  {27605, {0x2080, 0x2088, 0x20B0, 0x3EC0, 0x2080, 0x2084, 0x2684, 0x387C, 0x2100, 0x0100, 0xFFFE, 0x0100, 0x0100, 0x0100, 0x0100, 0x0100}},
  {27606, {0x2080, 0x2088, 0x20B0, 0x3EC0, 0x2080, 0x2084, 0x2684, 0x387C, 0x0100, 0x0090, 0x48A4, 0x4842, 0x8982, 0x0E10, 0x1810, 0xE7F0}},
  {27607, {0x0010, 0x0110, 0x7D10, 0x5512, 0x5512, 0x5514, 0x55D8, 0x7D10, 0x5510, 0x5510, 0x5510, 0x5512, 0x7D52, 0x4592, 0x010E, 0x0000}},
  {27609, {0x4100, 0x4118, 0x7DE0, 0x4104, 0x4D04, 0x70FC, 0x0000, 0xFFFE, 0x1080, 0x1088, 0x3E90, 0x42E0, 0x1480, 0x0884, 0x3084, 0xC07C}},
  {27611, {0x0010, 0x01F8, 0x7E00, 0x0200, 0x0200, 0x03F0, 0x3E00, 0x0200, 0x0200, 0x03FC, 0xFE00, 0x0200, 0x0204, 0x0204, 0x0204, 0x01FC}},
  {27617, {0x0840, 0x1C40, 0x7040, 0x107C, 0x1040, 0x1C40, 0x7040, 0x11F8, 0x1108, 0x1D08, 0xF108, 0x11FA, 0x110A, 0x1002, 0x0FFE, 0x0000}},
  {27626, {0x1040, 0x3840, 0xE090, 0x2108, 0x23FC, 0x3824, 0xE120, 0x21FC, 0x2120, 0x3A20, 0xE7FE, 0x2020, 0x2022, 0x2022, 0x2022, 0x1FFE}},
  {27627, {0x0100, 0x7FFC, 0x0000, 0x1FF0, 0x1010, 0x1FF0, 0x0000, 0x7FFE, 0x4002, 0x81F4, 0x3E00, 0x03F0, 0x3E00, 0x03FA, 0x7E02, 0x01FE}},
  {27631, {0x1040, 0x3A44, 0xE244, 0x2448, 0x20A0, 0x3910, 0xE608, 0x2044, 0x2040, 0x3A48, 0xE248, 0x2450, 0x20A2, 0x2112, 0x220A, 0x1FFE}},
  {27635, {0x01F0, 0x3E00, 0x03F0, 0x3E00, 0x03FA, 0x7E02, 0x01FE, 0x0000, 0x1830, 0x71C0, 0x1C78, 0x71C0, 0x1C78, 0x71C4, 0x1444, 0x183C}},
  {27637, {0x0808, 0x101C, 0x24E0, 0x7E20, 0x1020, 0xFF3C, 0x24E0, 0x4220, 0x8920, 0x303C, 0xC4E0, 0x0822, 0x3222, 0xC422, 0x381E, 0xC000}},
  {27641, {0x0804, 0x140E, 0x2270, 0x4110, 0xBE90, 0x001C, 0x78F0, 0x4A90, 0x4A90, 0x7A9E, 0x4AF0, 0x4A90, 0x7A92, 0x4892, 0x4A92, 0x590E}},
  {27645, {0x1010, 0x3810, 0xE77C, 0x2114, 0x22FE, 0x3A14, 0xE77C, 0x2110, 0x217C, 0x3910, 0xE6FE, 0x2210, 0x2512, 0x28FE, 0x2002, 0x1FFE}},
  {27653, {0x0820, 0x4920, 0x2A3E, 0x7F48, 0x41A8, 0x5D28, 0x5510, 0x5D28, 0x42F6, 0x3F00, 0x01F0, 0x3F00, 0x01F8, 0x7F02, 0x0102, 0x00FE}},
  {27654, {0x1108, 0x3890, 0xE3FC, 0x2090, 0x2294, 0x3998, 0xE090, 0x27FE, 0x2000, 0x39F8, 0xE108, 0x21F8, 0x210A, 0x21FA, 0x2002, 0x1FFE}},
  {27655, {0x1100, 0x3BF0, 0xE410, 0x2BF8, 0x2248, 0x3BF8, 0xE248, 0x27FC, 0x2000, 0x3BF8, 0xE208, 0x23F8, 0x220A, 0x23FA, 0x2002, 0x1FFE}},
  {27661, {0x7704, 0x550E, 0x7770, 0x5510, 0x7710, 0x551C, 0x7770, 0x2210, 0x7F90, 0xA41E, 0x3F70, 0x2410, 0x3F12, 0x2412, 0x3F92, 0x200E}},
  {27663, {0x0010, 0x00F8, 0x3F80, 0x2080, 0x2080, 0x2080, 0x3FFE, 0x2080, 0x2080, 0x2040, 0x2040, 0x2022, 0x2012, 0x280A, 0x3006, 0x2002}},
  {27664, {0x0010, 0x00F8, 0x3F80, 0x2080, 0x2080, 0x2080, 0x3FFE, 0x2080, 0x2080, 0x2040, 0x2040, 0x2022, 0x2112, 0x288A, 0x3046, 0x2042}},
  {27665, {0x0000, 0x3FF8, 0x2008, 0x2008, 0x2008, 0x3FF8, 0x2080, 0x2080, 0x3FFC, 0x2080, 0x2040, 0x2040, 0x2424, 0x2814, 0x300C, 0x2004}},
  {27667, {0x2000, 0x13FC, 0x1204, 0x0204, 0xFA04, 0x43FC, 0x4220, 0x4220, 0x43FE, 0x4220, 0x4220, 0x4210, 0x7A12, 0x028A, 0x0306, 0x0202}},
  {27668, {0x1000, 0x1000, 0x3FFC, 0x2000, 0x4FF0, 0x8000, 0x3FF0, 0x0010, 0x0010, 0x0010, 0x0010, 0x0010, 0x000A, 0x000A, 0x0006, 0x0002}},
  {27669, {0x1000, 0x1000, 0x3FFC, 0x2000, 0x4FF0, 0x8000, 0x3FF0, 0x0010, 0x0410, 0x0410, 0x0410, 0x0410, 0x080A, 0x080A, 0x1006, 0x2002}},
  {27670, {0x1000, 0x1000, 0x3FFC, 0x2000, 0x4FF0, 0x8000, 0x3FF0, 0x0010, 0x3F10, 0x1110, 0x1210, 0x17D0, 0x204A, 0x204A, 0x4286, 0x8102}},
  {27672, {0x1000, 0x1000, 0x3FFC, 0x2000, 0x4FF0, 0x8000, 0x3FF0, 0x0010, 0x0010, 0x1110, 0x1110, 0x1110, 0x210A, 0x210A, 0x4106, 0x8102}},
  {27673, {0x1000, 0x1000, 0x3FFC, 0x2000, 0x4FF0, 0x8000, 0x3FF0, 0x0010, 0x0410, 0x0410, 0x4450, 0x4450, 0x444A, 0x7FCA, 0x0046, 0x0002}},
  {27674, {0x1000, 0x1000, 0x3FFC, 0x2000, 0x4FF0, 0x8000, 0x3FF0, 0x0010, 0x2490, 0x2490, 0x2490, 0x2490, 0x248A, 0x448A, 0x4486, 0x8082}},
  {27675, {0x2000, 0x3FFC, 0x4000, 0x9FF0, 0x0000, 0x7FF0, 0x0010, 0x1210, 0x2110, 0x4090, 0xBF50, 0x1112, 0x110A, 0x110A, 0x2506, 0x4202}},
  {27679, {0x2000, 0x3FFC, 0x4000, 0x9FF0, 0x0000, 0x7FF0, 0x1210, 0x7F90, 0x1290, 0x7F90, 0x5210, 0x7FD2, 0x124A, 0x134A, 0x2286, 0x4202}},
  {27681, {0x2000, 0x3FFC, 0x4000, 0x9FF0, 0x0000, 0x7FF0, 0x1010, 0x1F90, 0x2090, 0x5110, 0x0E10, 0x3192, 0xCC6A, 0x030A, 0x1C06, 0x0302}},
  {27682, {0x2000, 0x3FFC, 0x4000, 0x9FF0, 0x0000, 0x7FF0, 0x0010, 0x3FD0, 0x0310, 0x0CD0, 0x7030, 0x1FD2, 0x020A, 0x020A, 0x7FF6, 0x0002}},
  {27684, {0x2000, 0x3FFC, 0x4000, 0x9FF0, 0x0000, 0x7FF0, 0x0010, 0x7FD0, 0x4450, 0x4450, 0x5F50, 0x4452, 0x4A4A, 0x514A, 0x7FC6, 0x4042}},
  {27686, {0x2000, 0x3FFC, 0x4000, 0x9FF0, 0x0000, 0x7FF0, 0x0410, 0x7FD0, 0x0810, 0x1110, 0x3E10, 0x0492, 0x190A, 0x620A, 0x0D06, 0x3082}},
  {27687, {0x2000, 0x3FFC, 0x4000, 0x9FF0, 0x0000, 0x7FF0, 0x1110, 0x0A10, 0x7FD0, 0x0410, 0x3F90, 0x0412, 0xFFEA, 0x040A, 0x0406, 0x0402}},
  {27688, {0x2000, 0x3FFC, 0x4000, 0x9FF0, 0x0000, 0x7FF0, 0x0410, 0x7FD0, 0x4050, 0x0810, 0xFFD0, 0x1112, 0x320A, 0x0C0A, 0x1B06, 0x6082}},
  {27689, {0x2000, 0x3FFC, 0x4000, 0x9FF0, 0x0000, 0x7FF0, 0x0010, 0x7F90, 0x1210, 0x1250, 0x9290, 0x5312, 0x520A, 0x120A, 0xFFC6, 0x0002}},
  {27690, {0x2000, 0x3FFC, 0x4000, 0x9FF0, 0x0000, 0x7FF0, 0x0410, 0x7FD0, 0x0410, 0x3F90, 0x2090, 0x3F92, 0x0A0A, 0x124A, 0x2246, 0x41C2}},
  {27694, {0x2000, 0x3FFC, 0x4000, 0x9FF0, 0x0000, 0x7FF0, 0x0410, 0x2490, 0x0B10, 0x1090, 0x6050, 0x0412, 0x248A, 0x0B0A, 0x1086, 0x6042}},
  {27695, {0x2000, 0x3FFC, 0x4000, 0x9FF0, 0x0000, 0x7FF0, 0x0010, 0x7F90, 0x0090, 0x3F90, 0x0090, 0xFFF2, 0x248A, 0x150A, 0x2486, 0x4C42}},
  {27696, {0x2000, 0x3FFC, 0x4000, 0x9FF0, 0x0000, 0x7FF0, 0x0410, 0x7FD0, 0x0410, 0x3F90, 0x0410, 0xFFF2, 0x208A, 0x3F8A, 0x2086, 0x2182}},
  {27698, {0x2000, 0x3FFC, 0x4000, 0x9FF0, 0x0000, 0x7FF0, 0x0010, 0x3F90, 0x2090, 0x3F90, 0x2090, 0x3F92, 0x000A, 0x7FCA, 0x4A46, 0xFFE2}},
  {27700, {0x0100, 0x0100, 0x0100, 0x0108, 0x0108, 0x7D90, 0x05A0, 0x0940, 0x0940, 0x1120, 0x1110, 0x2108, 0x4106, 0x8100, 0x0500, 0x0200}},
  {27701, {0x0000, 0x2000, 0x1000, 0x1000, 0x8000, 0x4000, 0x4800, 0x0800, 0x1000, 0x1000, 0xE000, 0x2000, 0x2000, 0x2000, 0x2000, 0x0000}},
  {27704, {0x0200, 0x0100, 0x0080, 0x1F00, 0x0104, 0x0108, 0x7D90, 0x05A0, 0x0540, 0x0940, 0x0920, 0x1110, 0x2108, 0xC106, 0x0500, 0x0200}},
  {27709, {0x0100, 0x0280, 0x0440, 0x0820, 0x3118, 0xC106, 0x0100, 0x3D84, 0x0588, 0x0950, 0x0920, 0x1110, 0x2108, 0xC106, 0x0500, 0x0200}},
  {27712, {0x0000, 0x2000, 0x13FE, 0x1020, 0x8020, 0x4020, 0x4820, 0x0820, 0x1020, 0x1020, 0xE020, 0x2020, 0x2020, 0x2020, 0x20A0, 0x0040}},
  {27713, {0x0040, 0x2040, 0x1040, 0x1040, 0x8040, 0x4040, 0x47FE, 0x1040, 0x1040, 0x2040, 0xE040, 0x2040, 0x2040, 0x2040, 0x2040, 0x0040}},
  {27714, {0x0120, 0x0110, 0x0100, 0x7FFC, 0x0100, 0x2108, 0x1110, 0x09A0, 0x0340, 0x0520, 0x0910, 0x1108, 0x6106, 0x0100, 0x0500, 0x0200}},
  {27718, {0x0600, 0x0100, 0x0280, 0x0C60, 0x3118, 0xC106, 0x0100, 0x3D84, 0x0588, 0x0950, 0x0920, 0x1110, 0x2108, 0xC106, 0x0500, 0x0200}},
  {27719, {0x0000, 0x23FE, 0x1200, 0x1200, 0x8200, 0x4200, 0x4A00, 0x0A00, 0x1200, 0x1200, 0xE200, 0x2200, 0x2200, 0x2200, 0x23FE, 0x0000}},
  {27721, {0x0000, 0x27F8, 0x1208, 0x1208, 0x8208, 0x4110, 0x4910, 0x0910, 0x10A0, 0x10A0, 0xE040, 0x2040, 0x20A0, 0x2110, 0x2208, 0x0C06}},
  {27722, {0x0000, 0x27F8, 0x1208, 0x1288, 0x8248, 0x4150, 0x4910, 0x0910, 0x10A0, 0x10A0, 0xE040, 0x2040, 0x20A0, 0x2110, 0x2208, 0x0C06}},
  {27728, {0x0080, 0x2080, 0x1080, 0x10FC, 0x8104, 0x4104, 0x4284, 0x1448, 0x1028, 0x2010, 0xE010, 0x2020, 0x2040, 0x2080, 0x2100, 0x0600}},
  {27732, {0x0080, 0x2080, 0x1100, 0x11FE, 0x8200, 0x4400, 0x41F8, 0x1008, 0x1010, 0x2060, 0xE080, 0x2100, 0x2202, 0x2202, 0x21FE, 0x0000}},
  {27733, {0x0040, 0x2040, 0x1040, 0x1040, 0x8444, 0x4444, 0x4444, 0x1444, 0x1444, 0x2444, 0xE444, 0x2444, 0x2444, 0x27FC, 0x2004, 0x0000}},
  {27735, {0x0000, 0x2000, 0x13FC, 0x1040, 0x8040, 0x4040, 0x4840, 0x0840, 0x17FE, 0x1040, 0xE040, 0x2040, 0x2040, 0x2040, 0x2040, 0x0040}},
  {27739, {0x0000, 0x27F0, 0x1110, 0x1110, 0x8110, 0x4110, 0x4110, 0x17D0, 0x1110, 0x2110, 0xE110, 0x2112, 0x210A, 0x210A, 0x2106, 0x0102}},
  {27740, {0x0000, 0x23F8, 0x1208, 0x1208, 0x8208, 0x4208, 0x4A08, 0x0BF8, 0x1200, 0x1200, 0xE200, 0x2202, 0x2202, 0x2202, 0x21FE, 0x0000}},
  {27741, {0x0080, 0x2080, 0x1080, 0x1080, 0x8FFE, 0x4108, 0x4108, 0x1208, 0x1210, 0x2610, 0xE1A0, 0x2040, 0x20A0, 0x2110, 0x2208, 0x0C04}},
  {27742, {0x0000, 0x3FF8, 0x0100, 0x0100, 0x0100, 0xFFFE, 0x0000, 0x0100, 0x0104, 0x7D88, 0x0550, 0x0920, 0x1110, 0x2108, 0xC506, 0x0200}},
  {27743, {0x0000, 0x2000, 0x17FC, 0x1040, 0x8040, 0x4040, 0x4840, 0x0840, 0x1040, 0x1040, 0xE040, 0x2040, 0x2040, 0x2FFE, 0x2000, 0x0000}},
  {27744, {0x0040, 0x2040, 0x1240, 0x1258, 0x8268, 0x42C8, 0x5348, 0x1E48, 0x1248, 0x2248, 0xE258, 0x2242, 0x2202, 0x2202, 0x21FE, 0x0000}},
  {27745, {0x0000, 0x23F8, 0x1000, 0x1000, 0x8000, 0x47FE, 0x4080, 0x1080, 0x1100, 0x21F8, 0xE008, 0x2008, 0x2008, 0x2008, 0x2050, 0x0020}},
  {27748, {0x0000, 0x23F0, 0x1020, 0x1040, 0x8080, 0x4100, 0x43FC, 0x1124, 0x1124, 0x2124, 0xE224, 0x2244, 0x2444, 0x2884, 0x2128, 0x0210}},
  {27752, {0x0000, 0x23FC, 0x1204, 0x1204, 0x8204, 0x4204, 0x4A04, 0x0BFC, 0x1204, 0x1204, 0xE204, 0x2204, 0x2204, 0x23FC, 0x2204, 0x0000}},
  {27753, {0x0000, 0x2000, 0x17FC, 0x1404, 0x8404, 0x4404, 0x4404, 0x17F4, 0x1404, 0x2404, 0xE404, 0x2404, 0x2404, 0x27FC, 0x2404, 0x0000}},
  {27754, {0x0000, 0x27FC, 0x1040, 0x1040, 0x8040, 0x4040, 0x4040, 0x13FC, 0x1040, 0x2040, 0xE040, 0x2040, 0x2040, 0x2040, 0x2FFE, 0x0000}},
  {27760, {0x0040, 0x2040, 0x1040, 0x1040, 0x87FE, 0x4040, 0x4840, 0x08A0, 0x10A0, 0x10A0, 0xE110, 0x2110, 0x2288, 0x2248, 0x2444, 0x0802}},
  {27762, {0x0000, 0x27F8, 0x1108, 0x1110, 0x8110, 0x4120, 0x493C, 0x0904, 0x1104, 0x1288, 0xE288, 0x2250, 0x2420, 0x2450, 0x2888, 0x0306}},
  {27764, {0x0080, 0x2040, 0x1040, 0x1000, 0x87FE, 0x4080, 0x4880, 0x08C0, 0x10A0, 0x1090, 0xE088, 0x2088, 0x2080, 0x2080, 0x2080, 0x0080}},
  {27766, {0x0080, 0x2040, 0x1040, 0x17FC, 0x8110, 0x4110, 0x4910, 0x0910, 0x1110, 0x10A0, 0xE0A0, 0x2040, 0x20A0, 0x2110, 0x2208, 0x0C06}},
  {27769, {0x0000, 0x2008, 0x1108, 0x1088, 0x8252, 0x4252, 0x4A22, 0x0A22, 0x1252, 0x1292, 0xE30A, 0x220A, 0x2202, 0x23FE, 0x2002, 0x0000}},
  {27773, {0x0100, 0x2100, 0x11FC, 0x1200, 0x8400, 0x41F8, 0x4800, 0x0800, 0x13F8, 0x1008, 0xE008, 0x2008, 0x200A, 0x200A, 0x2006, 0x0002}},
  {27774, {0x0010, 0x2110, 0x1110, 0x1208, 0x8208, 0x4404, 0x5802, 0x13F8, 0x1108, 0x2108, 0xE108, 0x2108, 0x2208, 0x2208, 0x2450, 0x0820}},
  {27777, {0x0000, 0x2080, 0x1040, 0x1020, 0x8120, 0x4100, 0x4100, 0x1504, 0x1502, 0x2502, 0xE502, 0x2908, 0x2108, 0x2108, 0x20F8, 0x0000}},
  {27778, {0x0008, 0x203C, 0x13C0, 0x1200, 0x8200, 0x4200, 0x43FE, 0x1210, 0x1210, 0x2210, 0xE210, 0x2210, 0x2210, 0x2410, 0x2410, 0x0810}},
  {27779, {0x0010, 0x2078, 0x17C0, 0x1040, 0x8040, 0x4040, 0x4040, 0x17FE, 0x1040, 0x20A0, 0xE0A0, 0x2110, 0x2110, 0x2208, 0x2404, 0x0802}},
  {27781, {0x0000, 0x2000, 0x13F8, 0x1000, 0x8000, 0x4000, 0x47FC, 0x1120, 0x1120, 0x2120, 0xE120, 0x2120, 0x2222, 0x2222, 0x241E, 0x0800}},
  {27782, {0x0080, 0x2040, 0x1040, 0x17FC, 0x8000, 0x4000, 0x49F0, 0x0910, 0x1110, 0x1110, 0xE110, 0x2112, 0x2212, 0x2212, 0x240E, 0x0800}},
  {27784, {0x0040, 0x2040, 0x1040, 0x17FE, 0x8444, 0x4848, 0x4040, 0x10A0, 0x10A0, 0x20A0, 0xE120, 0x2120, 0x2222, 0x2222, 0x241E, 0x0800}},
  {27785, {0x0000, 0x2000, 0x13FE, 0x1202, 0x8404, 0x4000, 0x41F0, 0x1110, 0x1110, 0x2110, 0xE110, 0x2112, 0x2212, 0x2212, 0x240E, 0x0800}},
  {27788, {0x0040, 0x2040, 0x1040, 0x17FC, 0x8040, 0x4248, 0x4A48, 0x0A48, 0x1248, 0x13F8, 0xE048, 0x2040, 0x2042, 0x2042, 0x203E, 0x0000}},
  {27791, {0x0000, 0x2200, 0x12FC, 0x1224, 0x8224, 0x4224, 0x53A4, 0x1E24, 0x1224, 0x2224, 0xE2A4, 0x2324, 0x2244, 0x2044, 0x2094, 0x0108}},
  {27792, {0x0040, 0x2040, 0x1040, 0x1040, 0x87FE, 0x4040, 0x48E0, 0x08E0, 0x1150, 0x1150, 0xE248, 0x2444, 0x2842, 0x2040, 0x2040, 0x0040}},
  {27795, {0x0100, 0x0108, 0x7D10, 0x05A0, 0x0960, 0x3118, 0xC506, 0x0200, 0x1FF0, 0x1010, 0x1010, 0x1FF0, 0x1010, 0x1010, 0x1FF0, 0x1010}},
  {27796, {0x0000, 0x27FE, 0x1040, 0x1040, 0x8240, 0x427C, 0x4A44, 0x0A44, 0x1244, 0x13FC, 0xE004, 0x2004, 0x2004, 0x2004, 0x2028, 0x0010}},
  {27801, {0x0040, 0x2040, 0x1040, 0x1148, 0x8144, 0x4242, 0x4242, 0x1448, 0x1048, 0x2048, 0xE010, 0x2010, 0x2020, 0x2040, 0x2180, 0x0600}},
  {27803, {0x0040, 0x4040, 0x2040, 0x2FFE, 0x0040, 0x8040, 0x47FC, 0x5444, 0x1444, 0x2444, 0xE444, 0x2454, 0x2448, 0x2040, 0x2040, 0x0040}},
  {27807, {0x0100, 0x2100, 0x1100, 0x11FC, 0x8204, 0x4484, 0x4084, 0x1104, 0x1144, 0x2224, 0xE7F4, 0x2214, 0x2004, 0x2004, 0x2028, 0x0010}},
  {27809, {0x0000, 0x21F0, 0x1110, 0x1110, 0x8110, 0x4210, 0x540E, 0x1800, 0x13F8, 0x2208, 0xE108, 0x2110, 0x20A0, 0x2040, 0x21B0, 0x0E0E}},
  {27811, {0x0020, 0x2020, 0x1020, 0x13FE, 0x8020, 0x4020, 0x4820, 0x09FC, 0x1020, 0x1020, 0xE020, 0x27FE, 0x2020, 0x2020, 0x2020, 0x0020}},
  {27812, {0x0000, 0x23FC, 0x1200, 0x1208, 0x8288, 0x4250, 0x4A50, 0x0A20, 0x1220, 0x1250, 0xE250, 0x2288, 0x2308, 0x2200, 0x23FE, 0x0000}},
  {27813, {0x0000, 0x23FE, 0x1200, 0x1220, 0x8220, 0x4220, 0x4AFC, 0x0A24, 0x1224, 0x1224, 0xE244, 0x2244, 0x2484, 0x2484, 0x2928, 0x1210}},
  {27814, {0x0040, 0x2040, 0x10A0, 0x10A0, 0x8110, 0x4208, 0x4406, 0x1110, 0x1120, 0x2140, 0xE180, 0x2100, 0x2104, 0x2104, 0x20FC, 0x0000}},
  {27815, {0x0040, 0x4040, 0x20A0, 0x2110, 0x0208, 0x8404, 0x4BF2, 0x4210, 0x1210, 0x2210, 0xE250, 0x2220, 0x2204, 0x2204, 0x21FC, 0x0000}},
  {27817, {0x0040, 0x2240, 0x1140, 0x1140, 0x8040, 0x47FC, 0x4044, 0x1044, 0x1084, 0x20A4, 0xE094, 0x2114, 0x2104, 0x2204, 0x2428, 0x0810}},
  {27818, {0x0080, 0x2040, 0x1040, 0x13FC, 0x8204, 0x4204, 0x4204, 0x13FC, 0x1204, 0x2200, 0xE200, 0x2200, 0x2400, 0x2400, 0x2800, 0x1000}},
  {27819, {0x0040, 0x2040, 0x1040, 0x17FE, 0x8040, 0x4040, 0x4840, 0x0BFC, 0x1040, 0x10E0, 0xE150, 0x2248, 0x2446, 0x2840, 0x2040, 0x0040}},
  {27821, {0x0040, 0x2050, 0x1048, 0x1040, 0x87FC, 0x4040, 0x40E0, 0x10E0, 0x1150, 0x2150, 0xE248, 0x2444, 0x2842, 0x2040, 0x2040, 0x0040}},
  {27822, {0x0000, 0x23F8, 0x1208, 0x1208, 0x8208, 0x43F8, 0x4A08, 0x0A08, 0x1208, 0x13F8, 0xE208, 0x2208, 0x2208, 0x2208, 0x2FFE, 0x0000}},
  {27825, {0x0080, 0x2040, 0x1040, 0x17FC, 0x8404, 0x4808, 0x4200, 0x1210, 0x1220, 0x2240, 0xE380, 0x2204, 0x2204, 0x2204, 0x21FC, 0x0000}},
  {27826, {0x0100, 0x2100, 0x13FC, 0x1200, 0x8440, 0x4840, 0x4278, 0x12C8, 0x1348, 0x2E48, 0xE248, 0x225A, 0x2242, 0x2202, 0x21FE, 0x0000}},
  {27827, {0x0000, 0x2000, 0x17FE, 0x1008, 0x8008, 0x43C8, 0x4248, 0x1248, 0x1248, 0x2248, 0xE3C8, 0x2248, 0x2008, 0x2008, 0x2028, 0x0010}},
  {27832, {0x0120, 0x2120, 0x1120, 0x17F8, 0x8128, 0x4128, 0x47F8, 0x1520, 0x1520, 0x27FC, 0xE124, 0x2124, 0x2234, 0x2228, 0x2420, 0x0820}},
  {27833, {0x0040, 0x2040, 0x1040, 0x1040, 0x87FC, 0x4444, 0x4444, 0x1444, 0x1444, 0x27FC, 0xE444, 0x2444, 0x2444, 0x2444, 0x27FC, 0x0404}},
  {27835, {0x0040, 0x2040, 0x1080, 0x1110, 0x8208, 0x47FC, 0x4004, 0x1000, 0x13F8, 0x2208, 0xE208, 0x2208, 0x2208, 0x2208, 0x23F8, 0x0208}},
  {27836, {0x0000, 0x27FC, 0x1084, 0x1084, 0x8084, 0x4104, 0x4114, 0x1208, 0x1400, 0x23FC, 0xE204, 0x2204, 0x2204, 0x2204, 0x23FC, 0x0204}},
  {27837, {0x0040, 0x2040, 0x1040, 0x1040, 0x87FE, 0x4040, 0x4840, 0x0840, 0x13F8, 0x1208, 0xE208, 0x2208, 0x2208, 0x2208, 0x23F8, 0x0208}},
  {27838, {0x0040, 0x2040, 0x1040, 0x107E, 0x8040, 0x4040, 0x4840, 0x0840, 0x13FC, 0x1204, 0xE204, 0x2204, 0x2204, 0x2204, 0x23FC, 0x0204}},
  {27839, {0x0000, 0x21F0, 0x1110, 0x1110, 0x8110, 0x4110, 0x420E, 0x1400, 0x1000, 0x23F8, 0xE208, 0x2208, 0x2208, 0x2208, 0x23F8, 0x0208}},
  {27844, {0x0048, 0x2248, 0x1248, 0x1248, 0x8248, 0x4FFE, 0x4248, 0x1248, 0x1248, 0x2248, 0xE278, 0x2200, 0x2200, 0x2200, 0x23FE, 0x0000}},
  {27845, {0x0000, 0x27FC, 0x1404, 0x1444, 0x8444, 0x4444, 0x4444, 0x1444, 0x1444, 0x24A4, 0xE494, 0x2514, 0x2604, 0x2404, 0x27FC, 0x0404}},
  {27849, {0x0100, 0x0200, 0x1FF0, 0x1010, 0x1010, 0x1FF0, 0x1010, 0x1010, 0x1FF0, 0x0104, 0x7D88, 0x0950, 0x1120, 0x2118, 0xC506, 0x0200}},
  {27850, {0x0040, 0x2040, 0x1080, 0x13FC, 0x8204, 0x4204, 0x4A04, 0x0A04, 0x13FC, 0x1204, 0xE204, 0x2204, 0x2204, 0x2204, 0x23FC, 0x0204}},
  {27852, {0x0000, 0x2080, 0x1040, 0x1028, 0x8128, 0x4108, 0x4110, 0x1514, 0x1522, 0x2522, 0xE542, 0x2988, 0x2108, 0x2308, 0x24F8, 0x0800}},
  {27856, {0x0010, 0x4790, 0x2490, 0x2510, 0x057E, 0x8612, 0x4512, 0x5492, 0x1492, 0x2492, 0xE692, 0x2512, 0x2422, 0x2422, 0x244A, 0x0484}},
  {27859, {0x0008, 0x2788, 0x1088, 0x1088, 0x8088, 0x4788, 0x4408, 0x1410, 0x1410, 0x2790, 0xE094, 0x20A4, 0x20A2, 0x20BE, 0x2502, 0x0200}},
  {27860, {0x0108, 0x2108, 0x1108, 0x1108, 0x87FE, 0x4108, 0x4108, 0x1108, 0x1108, 0x21F8, 0xE108, 0x2108, 0x2108, 0x2108, 0x21F8, 0x0108}},
  {27861, {0x0040, 0x2040, 0x1040, 0x1040, 0x87FC, 0x4040, 0x4040, 0x1040, 0x1FFE, 0x2040, 0xE080, 0x2100, 0x2210, 0x2408, 0x2FFC, 0x0404}},
  {27862, {0x0000, 0x2100, 0x163C, 0x14A4, 0x84A4, 0x44A4, 0x44A4, 0x14A4, 0x14A4, 0x25A4, 0xE6B4, 0x24A8, 0x2120, 0x2120, 0x2220, 0x0420}},
  {27863, {0x0000, 0x2000, 0x17FC, 0x14A4, 0x84A4, 0x44A4, 0x44A4, 0x14A4, 0x14A4, 0x2524, 0xE51C, 0x2604, 0x2404, 0x2404, 0x27FC, 0x0404}},
  {27867, {0x0010, 0x2078, 0x1780, 0x1000, 0x8080, 0x4040, 0x47F8, 0x1010, 0x1020, 0x2040, 0xE080, 0x2100, 0x2200, 0x2500, 0x28FC, 0x0000}},
  {27870, {0x0080, 0x2040, 0x1040, 0x17FC, 0x8404, 0x4808, 0x4000, 0x1000, 0x17FC, 0x2040, 0xE040, 0x2040, 0x2040, 0x2040, 0x2140, 0x0080}},
  {27872, {0x0040, 0x2040, 0x10A0, 0x10A0, 0x8110, 0x4248, 0x4426, 0x1020, 0x13F8, 0x2008, 0xE010, 0x2110, 0x20A0, 0x2040, 0x2020, 0x0020}},
  {27873, {0x0100, 0x2100, 0x11FC, 0x1204, 0x8204, 0x47E4, 0x4A24, 0x1224, 0x1224, 0x23E4, 0xE214, 0x2208, 0x2202, 0x2202, 0x21FE, 0x0000}},
  {27874, {0x0020, 0x2020, 0x1020, 0x13FE, 0x8222, 0x4224, 0x4A20, 0x0BFC, 0x1284, 0x1288, 0xE248, 0x2250, 0x2220, 0x2450, 0x2488, 0x0906}},
  {27875, {0x0080, 0x2040, 0x1040, 0x1000, 0x87FC, 0x4000, 0x4008, 0x1208, 0x1208, 0x2110, 0xE110, 0x2110, 0x2120, 0x2020, 0x2FFE, 0x0000}},
  {27877, {0x0000, 0x23FC, 0x1204, 0x1204, 0x8204, 0x43FC, 0x4A00, 0x0A40, 0x1244, 0x1248, 0xE270, 0x2240, 0x2442, 0x2442, 0x283E, 0x1000}},
  {27880, {0x0080, 0x2040, 0x1000, 0x17FC, 0x8040, 0x4040, 0x4040, 0x1040, 0x13FC, 0x2040, 0xE040, 0x2040, 0x2040, 0x2040, 0x2FFE, 0x0000}},
  {27882, {0x0000, 0x23FC, 0x1204, 0x1204, 0x8204, 0x43FC, 0x4A04, 0x0A04, 0x1204, 0x13FC, 0xE204, 0x2204, 0x2204, 0x2204, 0x23FC, 0x0204}},
  {27883, {0x0080, 0x2040, 0x1040, 0x17FE, 0x8040, 0x4080, 0x4108, 0x1210, 0x17E0, 0x2040, 0xE080, 0x2108, 0x2204, 0x27FE, 0x2202, 0x0000}},
  {27886, {0x0040, 0x2040, 0x1248, 0x1148, 0x8150, 0x4040, 0x4BF8, 0x0840, 0x1040, 0x1040, 0xE7FC, 0x2040, 0x2040, 0x2040, 0x2040, 0x0040}},
  {27887, {0x0000, 0x23FC, 0x1204, 0x1204, 0x8204, 0x43FC, 0x4A20, 0x0A20, 0x13FE, 0x1220, 0xE220, 0x2210, 0x2212, 0x228A, 0x2306, 0x0202}},
  {27888, {0x0100, 0x0100, 0x7FFC, 0x0100, 0x3FF8, 0x0200, 0xFFFE, 0x0440, 0x0920, 0x3118, 0xCB26, 0x05C0, 0x1930, 0x6108, 0x0500, 0x0200}},
  {27889, {0x0040, 0x2040, 0x1040, 0x13F8, 0x8248, 0x4248, 0x4A48, 0x0A48, 0x1248, 0x17FE, 0xE040, 0x20A0, 0x20A0, 0x2110, 0x2208, 0x0406}},
  {27891, {0x0080, 0x2040, 0x1020, 0x13C0, 0x8044, 0x4044, 0x4F48, 0x1150, 0x1160, 0x2160, 0xE250, 0x2448, 0x2844, 0x3042, 0x2140, 0x0080}},
  {27893, {0x0000, 0xFFFE, 0x0400, 0x0800, 0x1FF0, 0x2810, 0xC810, 0x0FF0, 0x0100, 0x0104, 0x7D88, 0x0950, 0x1120, 0x2118, 0xC506, 0x0200}},
  {27894, {0x2208, 0x1108, 0x1110, 0x0020, 0x7FFE, 0x4002, 0x8004, 0x0100, 0x0104, 0x7D88, 0x0550, 0x0920, 0x1110, 0x2108, 0xC506, 0x0200}},
  {27895, {0x0120, 0x2110, 0x1110, 0x1100, 0x87FE, 0x4140, 0x4940, 0x0948, 0x1148, 0x1250, 0xE250, 0x2262, 0x2442, 0x24C2, 0x293E, 0x1000}},
  {27896, {0x0040, 0x2040, 0x107E, 0x1040, 0x8040, 0x43FC, 0x4A04, 0x0A04, 0x1204, 0x13FC, 0xE204, 0x2200, 0x2200, 0x2400, 0x2400, 0x0800}},
  {27898, {0x0008, 0x203C, 0x17C0, 0x1400, 0x8440, 0x4440, 0x4440, 0x17FE, 0x1040, 0x2040, 0xE248, 0x2244, 0x2442, 0x2842, 0x2140, 0x0080}},
  {27899, {0x0000, 0x27FE, 0x1402, 0x1904, 0x8100, 0x41FC, 0x4900, 0x0A00, 0x13FC, 0x1004, 0xE004, 0x27F4, 0x2004, 0x2004, 0x2028, 0x0010}},
  {27900, {0x0040, 0x2048, 0x1244, 0x1240, 0x83FE, 0x4080, 0x4880, 0x08FC, 0x1144, 0x1144, 0xE148, 0x2250, 0x2220, 0x2450, 0x2888, 0x0306}},
  {27901, {0x0000, 0x27F8, 0x1208, 0x1110, 0x80A0, 0x4040, 0x41B0, 0x164E, 0x1040, 0x23F8, 0xE040, 0x2040, 0x27FC, 0x2040, 0x2040, 0x0040}},
  {27902, {0x0000, 0x27F8, 0x1010, 0x1020, 0x8060, 0x4098, 0x4104, 0x1602, 0x1000, 0x23FC, 0xE040, 0x2040, 0x2040, 0x2040, 0x27FE, 0x0000}},
  {27905, {0x0040, 0x4040, 0x2040, 0x2FFE, 0x0040, 0x8040, 0x47FC, 0x5000, 0x1000, 0x23F8, 0xE208, 0x2208, 0x2208, 0x2208, 0x23F8, 0x0208}},
  {27908, {0x0000, 0x27FE, 0x1402, 0x1402, 0x84F2, 0x4492, 0x4492, 0x1492, 0x1492, 0x2492, 0xE4F2, 0x2492, 0x2402, 0x2402, 0x27FE, 0x0402}},
  {27911, {0x0000, 0x27FC, 0x1404, 0x1444, 0x8444, 0x4444, 0x47FC, 0x1444, 0x1444, 0x24A4, 0xE494, 0x2514, 0x2604, 0x2404, 0x27FC, 0x0404}},
  {27915, {0x0208, 0x2108, 0x1110, 0x1000, 0x87FC, 0x4040, 0x4040, 0x13F8, 0x1040, 0x2040, 0xE7FE, 0x2040, 0x2040, 0x2040, 0x2040, 0x0040}},
  {27916, {0x0002, 0x4002, 0x2FC2, 0x2212, 0x0212, 0x83D2, 0x4252, 0x5452, 0x1652, 0x2552, 0xE892, 0x2092, 0x2102, 0x2202, 0x240A, 0x0804}},
  {27918, {0x0040, 0x2080, 0x13FC, 0x1204, 0x8204, 0x4204, 0x4BFC, 0x0A04, 0x1204, 0x1204, 0xE3FC, 0x2204, 0x2204, 0x2204, 0x23FC, 0x0204}},
  {27922, {0x0000, 0x2FFE, 0x10A0, 0x10A0, 0x87FC, 0x44A4, 0x44A4, 0x14A4, 0x14A4, 0x24A4, 0xE51C, 0x2604, 0x2404, 0x2404, 0x27FC, 0x0404}},
  {27927, {0x0040, 0x2240, 0x1240, 0x13FC, 0x8440, 0x4840, 0x4040, 0x17FE, 0x1120, 0x2120, 0xE120, 0x2120, 0x2222, 0x2222, 0x241E, 0x0800}},
  {27929, {0x0040, 0x2240, 0x1240, 0x13FC, 0x8440, 0x4040, 0x4040, 0x17FE, 0x10E0, 0x2150, 0xE150, 0x2248, 0x2444, 0x2842, 0x2040, 0x0040}},
  {27930, {0x0100, 0x2100, 0x11F8, 0x1310, 0x84A0, 0x4040, 0x51B0, 0x164E, 0x1040, 0x23FC, 0xE040, 0x2440, 0x27FE, 0x2040, 0x2040, 0x0040}},
  {27931, {0x0080, 0x2080, 0x11F8, 0x1208, 0x8510, 0x40A0, 0x4040, 0x10A0, 0x1318, 0x2C06, 0xE3F8, 0x2208, 0x2208, 0x2208, 0x23F8, 0x0208}},
  {27934, {0x0000, 0x27FC, 0x1404, 0x1404, 0x85F4, 0x4404, 0x4404, 0x15F4, 0x1514, 0x2514, 0xE514, 0x25F4, 0x2404, 0x2404, 0x2414, 0x0408}},
  {27941, {0x0040, 0x2040, 0x13F8, 0x1048, 0x87FE, 0x4048, 0x4BF8, 0x0840, 0x1040, 0x13F8, 0xE040, 0x2040, 0x27FC, 0x2040, 0x2040, 0x0040}},
  {27943, {0x0040, 0x2040, 0x17FE, 0x1080, 0x8100, 0x41FC, 0x4304, 0x1504, 0x19FC, 0x2104, 0xE104, 0x21FC, 0x2104, 0x2104, 0x2114, 0x0108}},
  {27946, {0x0110, 0x2110, 0x1110, 0x1110, 0x87FC, 0x4110, 0x4110, 0x1110, 0x1110, 0x2FFE, 0xE000, 0x2110, 0x2108, 0x2208, 0x2404, 0x0804}},
  {27947, {0x0040, 0x2040, 0x1080, 0x1100, 0x83FC, 0x4294, 0x4A94, 0x0A94, 0x1294, 0x1294, 0xE294, 0x2294, 0x2294, 0x2294, 0x2FFE, 0x0000}},
  {27950, {0x0090, 0x2090, 0x1090, 0x1492, 0x8294, 0x4098, 0x4090, 0x1198, 0x1294, 0x2492, 0xE090, 0x2090, 0x2112, 0x2112, 0x2212, 0x040E}},
  {27953, {0x0000, 0x27FC, 0x1208, 0x1208, 0x83F8, 0x4208, 0x4208, 0x13F8, 0x1208, 0x2208, 0xE20E, 0x23F8, 0x2E08, 0x2008, 0x2008, 0x0008}},
  {27954, {0x0104, 0x2124, 0x1124, 0x1124, 0x8124, 0x4124, 0x45B4, 0x156C, 0x1924, 0x2124, 0xE124, 0x2124, 0x2124, 0x2224, 0x2204, 0x0404}},
  {27955, {0x0100, 0x2100, 0x1100, 0x111E, 0x87D2, 0x4252, 0x4252, 0x1252, 0x1252, 0x2492, 0xE292, 0x2112, 0x2292, 0x225E, 0x2452, 0x0800}},
  {27957, {0x0080, 0x2080, 0x1100, 0x11FC, 0x8204, 0x4404, 0x43E4, 0x1224, 0x1224, 0x23E4, 0xE224, 0x2224, 0x23E4, 0x2004, 0x2028, 0x0010}},
  {27961, {0x0000, 0x27FC, 0x1000, 0x1000, 0x83F8, 0x4208, 0x4208, 0x13F8, 0x1208, 0x2208, 0xE3F8, 0x2208, 0x2000, 0x2000, 0x2FFE, 0x0000}},
  {27963, {0x0010, 0x2078, 0x13C0, 0x1040, 0x8040, 0x47FE, 0x4040, 0x1040, 0x1040, 0x23F8, 0xE208, 0x2208, 0x2208, 0x2208, 0x23F8, 0x0208}},
  {27964, {0x0040, 0x2040, 0x13F8, 0x1040, 0x8040, 0x4040, 0x47FC, 0x1000, 0x1040, 0x2040, 0xE3F8, 0x2040, 0x2040, 0x2040, 0x27FC, 0x0000}},
  {27965, {0x0040, 0x2040, 0x10A0, 0x1110, 0x8208, 0x4406, 0x43F8, 0x1000, 0x1000, 0x23F8, 0xE208, 0x2208, 0x2208, 0x2208, 0x23F8, 0x0208}},
  {27966, {0x0008, 0x203C, 0x17C0, 0x1400, 0x841C, 0x45E0, 0x4520, 0x1522, 0x1524, 0x2528, 0xE510, 0x2510, 0x2508, 0x2944, 0x2982, 0x1100}},
  {27969, {0x0080, 0x2040, 0x17FE, 0x1080, 0x8110, 0x4208, 0x47FC, 0x1004, 0x1000, 0x2248, 0xE248, 0x2248, 0x2248, 0x224A, 0x244A, 0x0846}},
  {27971, {0x0040, 0x2040, 0x1040, 0x17FC, 0x8040, 0x4248, 0x5150, 0x1040, 0x1FFE, 0x20A0, 0xE0A0, 0x2110, 0x2110, 0x2208, 0x2404, 0x0802}},
  {27973, {0x00A0, 0x2090, 0x1080, 0x10B8, 0x87C0, 0x4080, 0x40BC, 0x17C0, 0x1088, 0x2090, 0xE060, 0x2044, 0x20A4, 0x2114, 0x260C, 0x0004}},
  {27974, {0x0840, 0x4840, 0x28FC, 0x0904, 0x1A88, 0x2850, 0x4860, 0x8980, 0x0104, 0x7D88, 0x0550, 0x0920, 0x1110, 0x2108, 0xC506, 0x0200}},
  {27975, {0x0080, 0x2080, 0x10BC, 0x13C0, 0x8050, 0x4024, 0x48D4, 0x0B0C, 0x1000, 0x17FE, 0xE090, 0x2090, 0x2112, 0x2112, 0x220E, 0x0400}},
  {27976, {0x0040, 0x2040, 0x107E, 0x1040, 0x8040, 0x43F8, 0x4A08, 0x0A48, 0x1248, 0x1248, 0xE248, 0x2248, 0x20A0, 0x2110, 0x2208, 0x0404}},
  {27978, {0x0040, 0x2040, 0x1040, 0x17FC, 0x8444, 0x4444, 0x4444, 0x1444, 0x17FC, 0x2444, 0xE040, 0x2048, 0x2044, 0x2FFE, 0x2402, 0x0000}},
  {27979, {0x0004, 0x27C4, 0x1444, 0x1454, 0x8554, 0x4554, 0x4554, 0x1554, 0x1554, 0x2554, 0xE554, 0x2104, 0x2284, 0x2244, 0x2414, 0x0808}},
  {27981, {0x0040, 0x2040, 0x10A0, 0x1110, 0x8208, 0x4406, 0x41F0, 0x1000, 0x1000, 0x27FC, 0xE040, 0x2080, 0x2110, 0x2208, 0x27FC, 0x0204}},
  {27982, {0x0080, 0x2040, 0x17FE, 0x1208, 0x8110, 0x40A0, 0x4040, 0x11B0, 0x160E, 0x2110, 0xE110, 0x2110, 0x2110, 0x2210, 0x2210, 0x0410}},
  {27983, {0x0204, 0x4104, 0x2104, 0x2FE4, 0x0094, 0x8494, 0x4294, 0x5294, 0x1114, 0x2114, 0xE294, 0x2294, 0x2444, 0x2844, 0x3014, 0x0008}},
  {27985, {0x0000, 0x23FE, 0x1202, 0x1444, 0x8040, 0x43FC, 0x4880, 0x08A0, 0x1120, 0x11FC, 0xE020, 0x2020, 0x27FE, 0x2020, 0x2020, 0x0020}},
  {27986, {0x0040, 0x4440, 0x2240, 0x227C, 0x0050, 0x8090, 0x4E10, 0x5210, 0x12FE, 0x2210, 0xE210, 0x2290, 0x2310, 0x2210, 0x2010, 0x0010}},
  {27987, {0x0040, 0x2040, 0x1040, 0x17FC, 0x8484, 0x4888, 0x4140, 0x1144, 0x1348, 0x2530, 0xE920, 0x2110, 0x2108, 0x2144, 0x2182, 0x0100}},
  {27988, {0x0000, 0x27F8, 0x1008, 0x1008, 0x83F8, 0x4008, 0x4008, 0x17F8, 0x1010, 0x2010, 0xEFFE, 0x2210, 0x2110, 0x2110, 0x2050, 0x0020}},
  {27993, {0x0208, 0x421C, 0x2260, 0x2240, 0x0FC0, 0x8240, 0x427E, 0x52C8, 0x1348, 0x2E48, 0xE248, 0x2248, 0x2248, 0x2248, 0x2A88, 0x0508}},
  {27994, {0x0080, 0x2080, 0x1110, 0x1208, 0x87FC, 0x4004, 0x4110, 0x1288, 0x1484, 0x21F0, 0xE310, 0x24A0, 0x2040, 0x20A0, 0x2310, 0x0C0C}},
  {27996, {0x0010, 0x2038, 0x13C0, 0x1200, 0x8200, 0x43FC, 0x4220, 0x1220, 0x1220, 0x2220, 0xEFFE, 0x2000, 0x2120, 0x2210, 0x2408, 0x0804}},
  {27998, {0x0000, 0x23F8, 0x1208, 0x1208, 0x8208, 0x4208, 0x43F8, 0x1040, 0x1040, 0x2240, 0xE27C, 0x2240, 0x2240, 0x2540, 0x28FE, 0x1000}},
  {28000, {0x0208, 0x2110, 0x10E0, 0x1110, 0x8208, 0x4080, 0x4FFE, 0x1140, 0x1240, 0x27FC, 0xEA44, 0x2244, 0x2254, 0x2248, 0x2040, 0x0040}},
  {28003, {0x0080, 0x2040, 0x17FC, 0x1404, 0x8808, 0x43F0, 0x4000, 0x1000, 0x17FC, 0x2120, 0xE120, 0x2120, 0x2224, 0x2224, 0x241C, 0x0800}},
  {28006, {0x0048, 0x4044, 0x2FFE, 0x2040, 0x0040, 0x87FC, 0x4444, 0x5444, 0x17FC, 0x2444, 0xE444, 0x27FC, 0x2444, 0x2444, 0x2454, 0x0408}},
  {28009, {0x0040, 0x2240, 0x1240, 0x13FC, 0x8440, 0x4840, 0x4040, 0x17FE, 0x1000, 0x2000, 0xE3F8, 0x2208, 0x2208, 0x2208, 0x23F8, 0x0208}},
  {28010, {0x0080, 0x2040, 0x13F8, 0x1208, 0x8208, 0x43F8, 0x4A08, 0x0A08, 0x13F8, 0x1240, 0xE244, 0x2228, 0x2210, 0x2288, 0x2306, 0x0200}},
  {28014, {0x0008, 0x203C, 0x13C0, 0x1004, 0x8244, 0x4128, 0x4800, 0x0BF8, 0x1010, 0x1020, 0xE7FE, 0x2020, 0x2020, 0x2020, 0x20A0, 0x0040}},
  {28015, {0x0000, 0x27FC, 0x1040, 0x1040, 0x83F8, 0x4088, 0x4088, 0x17FE, 0x1000, 0x2000, 0xE3F8, 0x2208, 0x2208, 0x2208, 0x23F8, 0x0208}},
  {28020, {0x0110, 0x2108, 0x1204, 0x1444, 0x8040, 0x40A0, 0x4110, 0x1208, 0x1406, 0x23F8, 0xE208, 0x2208, 0x2208, 0x2208, 0x23F8, 0x0208}},
  {28023, {0x0100, 0x2100, 0x11FC, 0x1200, 0x85F8, 0x4108, 0x4948, 0x0928, 0x17FE, 0x1108, 0xE248, 0x2228, 0x23FC, 0x2008, 0x2050, 0x0020}},
  {28024, {0x0000, 0x23F8, 0x1008, 0x11F8, 0x8008, 0x43F8, 0x4000, 0x17FC, 0x1404, 0x23F0, 0xE110, 0x2110, 0x20A0, 0x2040, 0x21B0, 0x060E}},
  {28028, {0x0100, 0x2100, 0x11F0, 0x1210, 0x8220, 0x47FC, 0x4A44, 0x1244, 0x1244, 0x23FC, 0xE2A4, 0x20A0, 0x2120, 0x2222, 0x2422, 0x081E}},
  {28034, {0x0040, 0x2040, 0x10A0, 0x1110, 0x8208, 0x45F6, 0x4040, 0x1040, 0x17FC, 0x2040, 0xE250, 0x2248, 0x2444, 0x2844, 0x2140, 0x0080}},
  {28037, {0x0000, 0x27FC, 0x1404, 0x1404, 0x87FC, 0x4404, 0x4404, 0x17FC, 0x1040, 0x2040, 0xE7FC, 0x2040, 0x2040, 0x2040, 0x2FFE, 0x0000}},
  {28040, {0x0040, 0x2248, 0x1148, 0x1150, 0x8040, 0x43F8, 0x4A08, 0x0A08, 0x13F8, 0x1208, 0xE208, 0x23F8, 0x2208, 0x2208, 0x2228, 0x0210}},
  {28041, {0x0020, 0x2020, 0x1120, 0x113C, 0x8120, 0x4120, 0x47FE, 0x1000, 0x1020, 0x2124, 0xE124, 0x2228, 0x2410, 0x2020, 0x20C0, 0x0700}},
  {28044, {0x0000, 0x27F8, 0x1010, 0x11A0, 0x8040, 0x47FC, 0x4444, 0x1444, 0x17FC, 0x2444, 0xE444, 0x27FC, 0x2444, 0x2444, 0x2454, 0x0408}},
  {28046, {0x0008, 0x201C, 0x1770, 0x1110, 0x8110, 0x4250, 0x425C, 0x1750, 0x1150, 0x2550, 0xE550, 0x227C, 0x2200, 0x2500, 0x28FE, 0x1000}},
  {28049, {0x0040, 0x4040, 0x2FFE, 0x2040, 0x0040, 0x87FC, 0x4444, 0x5444, 0x17FC, 0x2040, 0xE0E0, 0x2150, 0x2248, 0x2C46, 0x2040, 0x0040}},
  {28051, {0x0000, 0x21F8, 0x1108, 0x1108, 0x81F8, 0x4000, 0x4BFC, 0x0A04, 0x1204, 0x13FC, 0xE204, 0x2204, 0x23FC, 0x2204, 0x2214, 0x0208}},
  {28052, {0x0040, 0x2248, 0x1248, 0x1248, 0x83F8, 0x4040, 0x48A0, 0x0910, 0x1288, 0x1446, 0xE040, 0x23F0, 0x2010, 0x2020, 0x2020, 0x0040}},
  {28053, {0x0210, 0x2110, 0x1120, 0x17F8, 0x8048, 0x4048, 0x47F8, 0x1440, 0x1440, 0x27FC, 0xE0C4, 0x2144, 0x2254, 0x2448, 0x2840, 0x0040}},
  {28059, {0x0040, 0x2040, 0x17FC, 0x1040, 0x83F8, 0x4080, 0x47FE, 0x1090, 0x1110, 0x21FE, 0xE210, 0x2290, 0x2450, 0x2810, 0x2050, 0x0020}},
  {28061, {0x0108, 0x2108, 0x17FE, 0x1108, 0x8000, 0x47FE, 0x5402, 0x1884, 0x1080, 0x27FC, 0xE084, 0x2104, 0x2104, 0x2204, 0x2428, 0x0810}},
  {28062, {0x0040, 0x2040, 0x1040, 0x17FC, 0x8040, 0x4248, 0x4148, 0x1150, 0x17FE, 0x20E0, 0xE150, 0x2150, 0x2248, 0x2444, 0x2842, 0x0040}},
  {28063, {0x0020, 0x2420, 0x1220, 0x12FE, 0x8040, 0x4050, 0x4E90, 0x12FE, 0x1210, 0x2210, 0xE3FE, 0x2210, 0x2210, 0x2510, 0x28FE, 0x0000}},
  {28064, {0x0000, 0x27FC, 0x1444, 0x1444, 0x85F4, 0x4444, 0x44E4, 0x1444, 0x15F4, 0x2454, 0xE454, 0x2474, 0x2444, 0x2444, 0x27FC, 0x0404}},
  {28065, {0x0000, 0x23F8, 0x1208, 0x1208, 0x8208, 0x43F8, 0x4040, 0x1040, 0x17FC, 0x2444, 0xE4A4, 0x2514, 0x2614, 0x2404, 0x2414, 0x0408}},
  {28067, {0x0100, 0x2100, 0x11F0, 0x1210, 0x8420, 0x4BF8, 0x4248, 0x1248, 0x1248, 0x2248, 0xEFFE, 0x20A0, 0x20A0, 0x2110, 0x2208, 0x0C06}},
  {28068, {0x0080, 0x2080, 0x11F8, 0x1308, 0x8490, 0x4060, 0x4198, 0x1646, 0x1040, 0x27FC, 0xE040, 0x2248, 0x2244, 0x2444, 0x2140, 0x0080}},
  {28070, {0x0200, 0x217C, 0x1504, 0x1404, 0x85F4, 0x4444, 0x4444, 0x1444, 0x15F4, 0x2444, 0xE444, 0x2444, 0x25F4, 0x2404, 0x2414, 0x0408}},
  {28071, {0x0200, 0x217C, 0x1504, 0x1404, 0x8404, 0x45F4, 0x4514, 0x1514, 0x15F4, 0x2514, 0xE514, 0x25F4, 0x2404, 0x2404, 0x2414, 0x0408}},
  {28072, {0x0040, 0x4F44, 0x2144, 0x2148, 0x0148, 0x8F50, 0x4840, 0x58FE, 0x1850, 0x2F50, 0xE148, 0x2148, 0x2144, 0x2144, 0x2A62, 0x0440}},
  {28073, {0x0000, 0x23FC, 0x1044, 0x1244, 0x8244, 0x4484, 0x4094, 0x1108, 0x1220, 0x2020, 0xE13C, 0x2120, 0x2120, 0x2120, 0x27FE, 0x0000}},
  {28074, {0x0080, 0x2040, 0x13FC, 0x1000, 0x8208, 0x4108, 0x4110, 0x17FE, 0x1000, 0x2000, 0xE3FC, 0x2204, 0x2204, 0x2204, 0x23FC, 0x0204}},
  {28075, {0x0080, 0x4040, 0x27FE, 0x2402, 0x0804, 0x83F8, 0x4208, 0x5208, 0x13F8, 0x2200, 0xE200, 0x23FC, 0x2204, 0x2204, 0x23FC, 0x0204}},
  {28078, {0x0002, 0x47E2, 0x2422, 0x242A, 0x07EA, 0x848A, 0x448A, 0x548A, 0x17EA, 0x26AA, 0xE6AA, 0x2AAA, 0x2AA2, 0x32E2, 0x208A, 0x0084}},
  {28079, {0x0000, 0x27FE, 0x1420, 0x1420, 0x85FC, 0x4420, 0x4420, 0x17FE, 0x1400, 0x2420, 0xE420, 0x25FC, 0x2420, 0x2820, 0x2BFE, 0x1000}},
  {28082, {0x0080, 0x2040, 0x17FE, 0x1120, 0x8120, 0x423C, 0x4244, 0x1664, 0x1294, 0x2348, 0xE248, 0x2230, 0x2220, 0x2250, 0x2288, 0x0306}},
  {28085, {0x0000, 0x23F8, 0x1010, 0x1020, 0x8444, 0x4554, 0x44E4, 0x1444, 0x14E4, 0x2554, 0xE64C, 0x2544, 0x2484, 0x2404, 0x27FC, 0x0004}},
  {28088, {0x0000, 0x27FC, 0x1444, 0x1444, 0x87FC, 0x4444, 0x4444, 0x15F4, 0x1514, 0x2514, 0xE514, 0x25F4, 0x2514, 0x2404, 0x27FC, 0x0404}},
  {28095, {0x0000, 0x4FFE, 0x2080, 0x2184, 0x0244, 0x8468, 0x4AB0, 0x4130, 0x12A8, 0x2468, 0xE8A4, 0x2124, 0x2222, 0x2420, 0x20A0, 0x0040}},
  {28096, {0x0040, 0x2020, 0x13FE, 0x1202, 0x8404, 0x4000, 0x43FE, 0x1020, 0x1020, 0x2120, 0xE13C, 0x2120, 0x22A0, 0x2260, 0x243E, 0x0800}},
  {28100, {0x0124, 0x2124, 0x1248, 0x1490, 0x8248, 0x4124, 0x4124, 0x1000, 0x17FC, 0x2444, 0xE444, 0x27FC, 0x2444, 0x2444, 0x27FC, 0x0404}},
  {28101, {0x0200, 0x420C, 0x2270, 0x2240, 0x0F40, 0x8240, 0x427E, 0x5648, 0x1748, 0x2AC8, 0xEA48, 0x3248, 0x2248, 0x2248, 0x2248, 0x0288}},
  {28102, {0x0210, 0x2120, 0x10C0, 0x1330, 0x8C88, 0x4080, 0x4FFE, 0x1100, 0x13F8, 0x2608, 0xEBF8, 0x2208, 0x23F8, 0x2208, 0x2228, 0x0210}},
  {28103, {0x0108, 0x2108, 0x17FE, 0x1108, 0x8108, 0x41F8, 0x4908, 0x0908, 0x11F8, 0x1108, 0xE108, 0x27FE, 0x2000, 0x2090, 0x2108, 0x0204}},
  {28107, {0x0110, 0x2110, 0x1110, 0x1110, 0x87BC, 0x4110, 0x4110, 0x1338, 0x13B8, 0x2554, 0xE554, 0x2992, 0x2110, 0x2110, 0x2110, 0x0110}},
  {28108, {0x0040, 0x2248, 0x1148, 0x1150, 0x8040, 0x47FC, 0x4404, 0x1404, 0x15F4, 0x2514, 0xE514, 0x2514, 0x25F4, 0x2404, 0x2414, 0x0408}},
  {28113, {0x0100, 0x2100, 0x11DC, 0x1114, 0x8114, 0x4114, 0x47D4, 0x1014, 0x1114, 0x2114, 0xE588, 0x2548, 0x2948, 0x2114, 0x2514, 0x0222}},
  {28118, {0x0040, 0x2040, 0x107E, 0x1040, 0x83FC, 0x4204, 0x4BFC, 0x0A04, 0x13FC, 0x1244, 0xE040, 0x27FE, 0x2040, 0x2040, 0x2040, 0x0040}},
  {28120, {0x0100, 0x2100, 0x11FC, 0x1204, 0x8504, 0x41E4, 0x4284, 0x1084, 0x17F4, 0x2084, 0xE2A4, 0x22A4, 0x23E4, 0x2004, 0x2028, 0x0010}},
  {28121, {0x0080, 0x4040, 0x27FE, 0x2402, 0x0804, 0x83F0, 0x4000, 0x5000, 0x17FC, 0x2040, 0xE250, 0x2248, 0x2444, 0x2844, 0x2140, 0x0080}},
  {28125, {0x0000, 0x27BE, 0x14AA, 0x14AA, 0x84AA, 0x47AA, 0x44AA, 0x14AA, 0x14BE, 0x27A0, 0xE4A0, 0x24A0, 0x24A2, 0x28A2, 0x2AA2, 0x111E}},
  {28126, {0x0208, 0x4228, 0x2228, 0x2228, 0x0FA4, 0x8244, 0x4254, 0x5692, 0x1710, 0x2AA0, 0xEA20, 0x3228, 0x2244, 0x22FC, 0x2244, 0x0200}},
  {28128, {0x0000, 0x27FC, 0x1444, 0x1444, 0x87FC, 0x4444, 0x4444, 0x17FC, 0x1000, 0x2000, 0xEFFE, 0x2208, 0x2208, 0x2208, 0x2408, 0x0808}},
  {28129, {0x0040, 0x2244, 0x1244, 0x1448, 0x80A0, 0x4110, 0x4608, 0x1044, 0x1040, 0x2248, 0xE248, 0x2450, 0x20A0, 0x2110, 0x2208, 0x0C06}},
  {28132, {0x0210, 0x4110, 0x2010, 0x2FA8, 0x0428, 0x8444, 0x4402, 0x5790, 0x1488, 0x2488, 0xE480, 0x24A0, 0x2490, 0x2888, 0x2A88, 0x1100}},
  {28134, {0x0040, 0x2040, 0x10A0, 0x1110, 0x8208, 0x4406, 0x41F0, 0x1040, 0x1040, 0x23F8, 0xE040, 0x2248, 0x2148, 0x2150, 0x2FFE, 0x0000}},
  {28139, {0x0008, 0x203C, 0x17C0, 0x1084, 0x8444, 0x4248, 0x4210, 0x103C, 0x17C0, 0x2040, 0xE040, 0x2FFE, 0x2040, 0x2040, 0x27FC, 0x0000}},
  {28140, {0x0080, 0x2040, 0x17FC, 0x1000, 0x8110, 0x4110, 0x42A8, 0x1444, 0x1000, 0x2040, 0xE7FE, 0x2040, 0x2040, 0x2040, 0x2040, 0x0040}},
  {28142, {0x0140, 0x2120, 0x1120, 0x13FE, 0x8220, 0x4620, 0x4BFC, 0x1220, 0x1220, 0x23FC, 0xE220, 0x2220, 0x2220, 0x23FE, 0x2200, 0x0200}},
  {28145, {0x0000, 0x27FC, 0x1404, 0x14A4, 0x8110, 0x4208, 0x4040, 0x1040, 0x17FC, 0x2040, 0xE0E0, 0x2150, 0x2248, 0x2C46, 0x2040, 0x0040}},
  {28147, {0x0080, 0x2040, 0x17FC, 0x1000, 0x83F8, 0x4208, 0x4BF8, 0x0800, 0x13F8, 0x1010, 0xE020, 0x27FC, 0x2040, 0x2040, 0x2140, 0x0080}},
  {28151, {0x0000, 0x27FC, 0x1404, 0x1404, 0x87FC, 0x4404, 0x4404, 0x17FC, 0x1000, 0x2420, 0xE422, 0x27AC, 0x2430, 0x2422, 0x25A2, 0x061E}},
  {28153, {0x0040, 0x2080, 0x17FE, 0x1110, 0x8248, 0x4446, 0x43F8, 0x1248, 0x1248, 0x23F8, 0xE248, 0x2248, 0x23F8, 0x2042, 0x2042, 0x003E}},
  {28155, {0x0000, 0x23FC, 0x1040, 0x1040, 0x87FE, 0x40A0, 0x4110, 0x1208, 0x1446, 0x2040, 0xE048, 0x2264, 0x2252, 0x2452, 0x2140, 0x0080}},
  {28156, {0x0100, 0x0108, 0x7D10, 0x05A0, 0x0960, 0x3118, 0xC506, 0x0200, 0x0810, 0x0A14, 0x6AD4, 0x2C58, 0x2A54, 0x4A94, 0xA952, 0x1020}},
  {28165, {0x0040, 0x2040, 0x17FC, 0x1040, 0x83F8, 0x4040, 0x47FE, 0x1000, 0x13F8, 0x2208, 0xE3F8, 0x2208, 0x23F8, 0x2208, 0x2228, 0x0210}},
  {28170, {0x0444, 0x2444, 0x1654, 0x1554, 0x8564, 0x4444, 0x47FC, 0x1444, 0x14C4, 0x24E4, 0xE554, 0x2554, 0x2644, 0x2844, 0x2844, 0x1044}},
  {28172, {0x0000, 0x23F8, 0x1008, 0x1008, 0x83F8, 0x4008, 0x4008, 0x17FE, 0x1040, 0x2444, 0xE2E8, 0x2150, 0x2248, 0x2446, 0x2140, 0x0080}},
  {28173, {0x0040, 0x2040, 0x17FC, 0x1040, 0x83F8, 0x4040, 0x47FE, 0x1000, 0x13F8, 0x2208, 0xE248, 0x2248, 0x2248, 0x20A0, 0x2110, 0x0608}},
  {28174, {0x0040, 0x2040, 0x13F8, 0x1040, 0x8040, 0x47FC, 0x4004, 0x1128, 0x10A0, 0x2220, 0xE120, 0x27FC, 0x2050, 0x2088, 0x2104, 0x0604}},
  {28176, {0x0100, 0x4102, 0x211C, 0x2FD0, 0x0210, 0x8210, 0x451E, 0x57D4, 0x1114, 0x2114, 0xE1D4, 0x2F14, 0x2514, 0x2124, 0x2124, 0x0144}},
  {28177, {0x0000, 0x23F8, 0x1208, 0x1208, 0x83F8, 0x4040, 0x47FC, 0x1444, 0x1444, 0x27FC, 0xE444, 0x2444, 0x27FC, 0x2042, 0x2042, 0x003E}},
  {28180, {0x0100, 0x4100, 0x23F0, 0x2210, 0x0420, 0x8FFC, 0x5444, 0x5444, 0x17FC, 0x2444, 0xE444, 0x27FC, 0x2000, 0x2000, 0x2FFE, 0x0000}},
  {28182, {0x0080, 0x2040, 0x17FC, 0x1444, 0x8040, 0x43F8, 0x4248, 0x1248, 0x13F8, 0x2248, 0xE248, 0x23F8, 0x2248, 0x2040, 0x2040, 0x0040}},
  {28183, {0x0080, 0x2090, 0x1108, 0x13FC, 0x8040, 0x47FE, 0x4110, 0x1248, 0x1C86, 0x2310, 0xE020, 0x20C4, 0x2308, 0x2030, 0x20C0, 0x0700}},
  {28186, {0x0080, 0x2088, 0x17E8, 0x1090, 0x80A0, 0x4FFE, 0x4080, 0x1100, 0x13F8, 0x2608, 0xEA08, 0x23F8, 0x2208, 0x2208, 0x23F8, 0x0208}},
  {28189, {0x0040, 0x20A0, 0x1110, 0x1208, 0x85F6, 0x4800, 0x47C4, 0x1454, 0x1454, 0x27D4, 0xE454, 0x2454, 0x27D4, 0x2444, 0x2554, 0x0488}},
  {28192, {0x23FC, 0x1200, 0x83F8, 0x4A08, 0x0A08, 0x13F8, 0xE200, 0x23FC, 0x2100, 0x0100, 0xFFFE, 0x0540, 0x0920, 0x3118, 0xC106, 0x0100}},
  {28193, {0x0040, 0x2020, 0x17FE, 0x1488, 0x8488, 0x47FE, 0x4488, 0x14F8, 0x1400, 0x25FC, 0xE484, 0x2488, 0x2450, 0x2820, 0x28D8, 0x1306}},
  {28195, {0x0040, 0x2040, 0x17FC, 0x10E0, 0x8150, 0x4248, 0x4446, 0x13F8, 0x1208, 0x23F8, 0xE208, 0x23F8, 0x2208, 0x2000, 0x2FFE, 0x0000}},
  {28196, {0x0210, 0x8210, 0x5FD0, 0x0210, 0x823E, 0x5FD2, 0x5052, 0x2092, 0x2F12, 0x4112, 0xC212, 0x4392, 0x5E22, 0x4222, 0x4A4A, 0x0484}},
  {28197, {0x0000, 0x23FC, 0x1204, 0x1204, 0x83FC, 0x4200, 0x4BFC, 0x0A40, 0x1288, 0x13FC, 0xE224, 0x2220, 0x25FC, 0x2420, 0x2820, 0x13FE}},
  {28201, {0x0000, 0x23F8, 0x1208, 0x1208, 0x83F8, 0x4208, 0x4208, 0x13F8, 0x1000, 0x27FC, 0xE4A4, 0x24A4, 0x24A4, 0x24A4, 0x2FFE, 0x0000}},
  {28203, {0x0090, 0x2290, 0x1290, 0x17FE, 0x8290, 0x4290, 0x42F0, 0x1200, 0x13FC, 0x2040, 0xE7FE, 0x20E0, 0x2150, 0x2248, 0x2C46, 0x0040}},
  {28205, {0x0000, 0x27FC, 0x1444, 0x17FC, 0x8444, 0x47FC, 0x4000, 0x13F8, 0x1208, 0x23F8, 0xE208, 0x23F8, 0x2208, 0x2208, 0x2228, 0x0210}},
  {28207, {0x0110, 0x2110, 0x17FC, 0x1110, 0x8110, 0x4FFE, 0x4110, 0x1208, 0x17F4, 0x2A12, 0xE210, 0x23F0, 0x2204, 0x2204, 0x21FC, 0x0000}},
  {28210, {0x0080, 0x4040, 0x27FC, 0x2404, 0x0808, 0x83F8, 0x4000, 0x53F8, 0x1208, 0x23F8, 0xE208, 0x23F8, 0x2208, 0x2000, 0x27FC, 0x0000}},
  {28212, {0x0000, 0x23F8, 0x1208, 0x13F8, 0x8208, 0x43F8, 0x4900, 0x0BFC, 0x1444, 0x1244, 0xE2A4, 0x2204, 0x23F4, 0x2004, 0x2028, 0x0010}},
  {28216, {0x0210, 0x2110, 0x1110, 0x17BE, 0x8220, 0x4240, 0x43BC, 0x1284, 0x1288, 0x2288, 0xE2BE, 0x2288, 0x2488, 0x2488, 0x29A8, 0x1010}},
  {28218, {0x4010, 0x2010, 0x2F10, 0x8910, 0x4914, 0x4F52, 0x0952, 0x2992, 0x2F10, 0x4914, 0xC904, 0x4F08, 0x4910, 0x4020, 0x4040, 0x0180}},
  {28227, {0x0100, 0x43BC, 0x2E10, 0x2210, 0x023C, 0x8F90, 0x4210, 0x523C, 0x1210, 0x2F90, 0xE27E, 0x2210, 0x2210, 0x2210, 0x2410, 0x0810}},
  {28228, {0x0000, 0x23FC, 0x1224, 0x1224, 0x83FC, 0x4200, 0x4AFC, 0x0A84, 0x1284, 0x12FC, 0xE284, 0x22FC, 0x2484, 0x2484, 0x28FC, 0x1084}},
  {28237, {0x0040, 0x2444, 0x1444, 0x1444, 0x87FC, 0x4000, 0x4FFE, 0x1040, 0x1080, 0x27FC, 0xE4A4, 0x24A4, 0x24A4, 0x24A4, 0x24A4, 0x040C}},
  {28238, {0x0000, 0x27FE, 0x1040, 0x1080, 0x87FE, 0x4492, 0x4492, 0x14F2, 0x1492, 0x2492, 0xE4F2, 0x2492, 0x2492, 0x2492, 0x27FE, 0x0402}},
  {28243, {0x0010, 0x2110, 0x1108, 0x1204, 0x85FA, 0x4088, 0x4108, 0x1228, 0x1410, 0x23F8, 0xE2A8, 0x22A8, 0x22A8, 0x22A8, 0x2FFE, 0x0000}},
  {28244, {0x0208, 0x4108, 0x2110, 0x2FFE, 0x0000, 0x87C4, 0x4454, 0x5454, 0x17D4, 0x2454, 0xE454, 0x27D4, 0x2454, 0x2444, 0x2554, 0x0488}},
  {28246, {0x0100, 0x211E, 0x1112, 0x17D2, 0x8112, 0x411E, 0x4112, 0x17D2, 0x1452, 0x245E, 0xE452, 0x27D2, 0x2452, 0x2022, 0x202A, 0x0044}},
  {28248, {0x0200, 0x4200, 0x227C, 0x2244, 0x0F44, 0x8244, 0x427C, 0x5744, 0x16C4, 0x2A44, 0xF27C, 0x2244, 0x2244, 0x2244, 0x227C, 0x0244}},
  {28251, {0x0108, 0x2108, 0x17FE, 0x1108, 0x81F8, 0x4108, 0x49F8, 0x0908, 0x1108, 0x17FE, 0xE250, 0x2288, 0x2304, 0x2200, 0x23FC, 0x0000}},
  {28255, {0x0040, 0x2080, 0x13F8, 0x1208, 0x83F8, 0x4208, 0x4BF8, 0x0800, 0x17FC, 0x1040, 0xE040, 0x23F8, 0x2040, 0x2040, 0x27FC, 0x0000}},
  {28267, {0x4390, 0x2E10, 0x2210, 0x8212, 0x4252, 0x4FD4, 0x0258, 0x2690, 0x2710, 0x4AA8, 0xCA28, 0x5228, 0x4248, 0x4244, 0x4284, 0x0302}},
  {28270, {0x0000, 0x27FC, 0x10A0, 0x10A0, 0x87FC, 0x44A4, 0x44A4, 0x14A4, 0x17FC, 0x2040, 0xE040, 0x27FC, 0x2040, 0x2040, 0x2FFE, 0x0000}},
  {28286, {0x0100, 0x2080, 0x1FFC, 0x1120, 0x8528, 0x4924, 0x4000, 0x17F0, 0x1010, 0x27F0, 0xE400, 0x27F8, 0x2008, 0x2008, 0x2050, 0x0020}},
  {28287, {0x0000, 0x27F8, 0x1408, 0x1408, 0x87F8, 0x4408, 0x4408, 0x17F8, 0x1120, 0x2120, 0xE924, 0x2528, 0x2330, 0x2120, 0x2FFE, 0x0000}},
  {28291, {0x0040, 0x2040, 0x13F8, 0x1248, 0x83F8, 0x4040, 0x4FFE, 0x1000, 0x13F8, 0x2208, 0xE248, 0x2248, 0x2248, 0x20A0, 0x2110, 0x0608}},
  {28293, {0x0010, 0x4F94, 0x2892, 0x2890, 0x0A9E, 0x8AF0, 0x4A90, 0x5A9E, 0x1AF0, 0x2A94, 0xEA94, 0x2208, 0x250A, 0x249A, 0x2826, 0x1042}},
  {28294, {0x4200, 0x2200, 0x257C, 0x84A4, 0x4824, 0x5724, 0x0224, 0x2228, 0x2FA8, 0x4228, 0xCB10, 0x4A90, 0x52A8, 0x4228, 0x4A44, 0x0482}},
  {28297, {0x0000, 0x27BE, 0x1488, 0x1488, 0x87A8, 0x44A8, 0x44A8, 0x17BE, 0x1410, 0x2518, 0xE498, 0x25A8, 0x26AA, 0x244A, 0x2046, 0x0080}},
  {28303, {0x0040, 0x2020, 0x17FE, 0x1420, 0x85FC, 0x4424, 0x47FE, 0x1424, 0x15FC, 0x2420, 0xE5FC, 0x2504, 0x2504, 0x2904, 0x29FC, 0x1104}},
  {28304, {0x0000, 0x27FE, 0x1420, 0x1440, 0x85FC, 0x4504, 0x45FC, 0x1504, 0x15FC, 0x2524, 0xE420, 0x24A8, 0x2924, 0x2A22, 0x30A0, 0x0040}},
  {28312, {0x0040, 0x2040, 0x13FC, 0x1040, 0x8040, 0x4FFE, 0x4080, 0x1110, 0x13F8, 0x2008, 0xE7FC, 0x24A4, 0x24A4, 0x24A4, 0x2FFE, 0x0000}},
  {28316, {0x0080, 0x277C, 0x1424, 0x1524, 0x84A4, 0x4554, 0x4648, 0x1080, 0x17FC, 0x2444, 0xE444, 0x27FC, 0x2444, 0x2444, 0x27FC, 0x0404}},
  {28319, {0x0000, 0x27FC, 0x1404, 0x1000, 0x83F8, 0x4208, 0x4BF8, 0x0A08, 0x13F8, 0x1080, 0xE040, 0x27FC, 0x2000, 0x2110, 0x2208, 0x0404}},
  {28322, {0x0208, 0x2108, 0x1110, 0x1000, 0x87FC, 0x4000, 0x4110, 0x1208, 0x1404, 0x23F8, 0xE2A8, 0x22A8, 0x22A8, 0x22A8, 0x2FFE, 0x0000}},
  {28325, {0x0050, 0x4048, 0x2FFE, 0x2040, 0x07FC, 0x8444, 0x47FC, 0x5444, 0x17FC, 0x2444, 0xE008, 0x2FFE, 0x2208, 0x2108, 0x2128, 0x0010}},
  {28327, {0x0000, 0x27FC, 0x10A0, 0x10A0, 0x87FC, 0x44A4, 0x44A4, 0x17FC, 0x1040, 0x2040, 0xE7FC, 0x20E0, 0x2150, 0x2248, 0x2C46, 0x0040}},
  {28330, {0x003C, 0x27C0, 0x1244, 0x1128, 0x8080, 0x4110, 0x43E0, 0x1040, 0x1188, 0x23FC, 0xE044, 0x2040, 0x27FC, 0x20A0, 0x2110, 0x060E}},
  {28335, {0x0440, 0x425E, 0x2292, 0x2012, 0x07D2, 0x811E, 0x4552, 0x5552, 0x1552, 0x27DE, 0xE152, 0x2112, 0x2212, 0x2222, 0x242A, 0x0844}},
  {28337, {0x0040, 0x2040, 0x17FC, 0x1040, 0x83F8, 0x4080, 0x47FC, 0x1110, 0x1268, 0x25C6, 0xE040, 0x23F8, 0x20E0, 0x2158, 0x2644, 0x0040}},
  {28338, {0x0040, 0x2140, 0x165C, 0x1444, 0x8444, 0x475C, 0x4444, 0x1444, 0x17FC, 0x2040, 0xE7F8, 0x2110, 0x20A0, 0x2060, 0x2398, 0x1C06}},
  {28340, {0x0040, 0x2080, 0x13F8, 0x1208, 0x83F8, 0x4208, 0x43F8, 0x1208, 0x13F8, 0x2050, 0xE048, 0x27FE, 0x20A0, 0x2110, 0x2208, 0x0C06}},
  {28342, {0x0040, 0x2020, 0x13FE, 0x1202, 0x8494, 0x4108, 0x4A64, 0x0890, 0x1108, 0x1204, 0xE5FA, 0x2108, 0x2108, 0x2108, 0x21F8, 0x0108}},
  {28343, {0x0000, 0x27FE, 0x1402, 0x15FA, 0x8442, 0x44C2, 0x452A, 0x146A, 0x14B2, 0x252A, 0xE46A, 0x24AA, 0x2522, 0x2442, 0x27FE, 0x0402}},
  {28346, {0x0000, 0x27BC, 0x1084, 0x1084, 0x87BC, 0x4420, 0x4420, 0x17BC, 0x1084, 0x24A4, 0xE294, 0x2294, 0x24A4, 0x2084, 0x2528, 0x0210}},
  {28347, {0x0000, 0x23F8, 0x1208, 0x13F8, 0x8208, 0x43F8, 0x4000, 0x17BC, 0x1084, 0x24A4, 0xE294, 0x218C, 0x26B4, 0x2084, 0x2294, 0x0108}},
  {28349, {0x0000, 0x23FE, 0x1200, 0x12FC, 0x8200, 0x43FE, 0x4AA8, 0x0A90, 0x12C8, 0x1286, 0xE208, 0x23FE, 0x2288, 0x2448, 0x2408, 0x0818}},
  {28353, {0x4010, 0x2F10, 0x2928, 0x8A28, 0x4A44, 0x4CBA, 0x0A10, 0x2910, 0x29FE, 0x4910, 0xCD58, 0x4A54, 0x4892, 0x4912, 0x4850, 0x0820}},
  {28354, {0x0080, 0x4040, 0x27FC, 0x2210, 0x0120, 0x8FFE, 0x4882, 0x5044, 0x17FC, 0x2100, 0xE100, 0x21F8, 0x2108, 0x2208, 0x2228, 0x0410}},
  {28359, {0x0040, 0x2040, 0x17FC, 0x1040, 0x83F8, 0x4208, 0x43F8, 0x1208, 0x13F8, 0x2208, 0xE3F8, 0x2208, 0x2FFE, 0x2110, 0x2208, 0x0404}},
  {28363, {0x0108, 0x2088, 0x1090, 0x17FE, 0x8108, 0x4108, 0x4210, 0x1294, 0x14A4, 0x2738, 0xE108, 0x2210, 0x2210, 0x24A4, 0x27BC, 0x0084}},
  {28367, {0x0110, 0x4208, 0x2514, 0x20A0, 0x00E0, 0x8318, 0x4C06, 0x53F8, 0x1040, 0x2040, 0xE7FC, 0x2040, 0x2248, 0x2150, 0x2FFE, 0x0000}},
  {28369, {0x0000, 0x23F8, 0x1208, 0x13C8, 0x8248, 0x4FFE, 0x4802, 0x13F8, 0x1208, 0x23F8, 0xE208, 0x23F8, 0x2208, 0x2208, 0x2228, 0x0210}},
  {28371, {0x0080, 0x2040, 0x17FC, 0x1484, 0x8040, 0x43F8, 0x4110, 0x10A0, 0x17FC, 0x2040, 0xE040, 0x23F8, 0x2040, 0x2040, 0x2040, 0x0040}},
  {28372, {0x003E, 0x4FC0, 0x2084, 0x2444, 0x0248, 0x8210, 0x4100, 0x561C, 0x1404, 0x2404, 0xE71C, 0x2404, 0x2404, 0x2404, 0x27FC, 0x0404}},
  {28373, {0x0020, 0x7924, 0x48A8, 0x49FC, 0x4820, 0x7840, 0x4BFE, 0x4888, 0x4924, 0x7A22, 0x4D24, 0x48A8, 0x4924, 0x4A22, 0x48A0, 0x9840}},
  {28375, {0x0210, 0x2210, 0x13DE, 0x1528, 0x8884, 0x4078, 0x4780, 0x1080, 0x10F8, 0x2780, 0xE080, 0x20F8, 0x2F84, 0x2084, 0x2084, 0x007C}},
  {28378, {0x0080, 0x2040, 0x17FC, 0x1110, 0x8248, 0x4484, 0x4120, 0x13F0, 0x1010, 0x2088, 0xE150, 0x2320, 0x2510, 0x2948, 0x2186, 0x0100}},
  {28382, {0x0150, 0x2150, 0x17FC, 0x1150, 0x8150, 0x4000, 0x47FE, 0x1442, 0x1844, 0x23F8, 0xE248, 0x2248, 0x2248, 0x2258, 0x2040, 0x0040}},
  {28383, {0x0420, 0x8420, 0x4478, 0x1F48, 0x8490, 0x447C, 0x4454, 0x1E54, 0x2454, 0x447C, 0xC440, 0x5F40, 0x4442, 0x4442, 0x443E, 0x0400}},
  {28384, {0x0000, 0x23FC, 0x1108, 0x11F8, 0x8108, 0x41F8, 0x410E, 0x17F8, 0x1008, 0x27BC, 0xE0A4, 0x22A4, 0x2128, 0x2290, 0x24A8, 0x0846}},
  {28385, {0x0108, 0x2108, 0x17FE, 0x1108, 0x8000, 0x47FE, 0x4090, 0x1090, 0x17FE, 0x2492, 0xE492, 0x256A, 0x2646, 0x2402, 0x240A, 0x0404}},
  {28386, {0x0110, 0x2110, 0x17FE, 0x1110, 0x8000, 0x4FFE, 0x4802, 0x1000, 0x17FC, 0x2040, 0xE040, 0x23F8, 0x2050, 0x2048, 0x2FFE, 0x0000}},
  {28388, {0x0040, 0x207C, 0x1040, 0x17FE, 0x8442, 0x4470, 0x47C4, 0x1444, 0x143C, 0x2420, 0xE410, 0x2454, 0x2542, 0x2942, 0x294A, 0x1238}},
  {28389, {0x0090, 0x2490, 0x149E, 0x1490, 0x84A8, 0x44A4, 0x44C4, 0x1080, 0x1000, 0x27FC, 0xE4A4, 0x24A4, 0x24A4, 0x24A4, 0x2FFE, 0x0000}},
  {28390, {0x0080, 0x4040, 0x2FFE, 0x20A0, 0x02A8, 0x82A4, 0x44A4, 0x5040, 0x1040, 0x27FE, 0xE0E0, 0x2150, 0x2248, 0x2444, 0x2842, 0x0040}},
  {28392, {0x0080, 0x2040, 0x17FE, 0x1402, 0x8814, 0x43E0, 0x4A00, 0x0A00, 0x13FC, 0x1210, 0xE210, 0x2FFE, 0x2000, 0x2110, 0x2208, 0x0404}},
  {28393, {0x0050, 0x4048, 0x2E80, 0x22FE, 0x0390, 0x9290, 0x4AFC, 0x5A90, 0x1490, 0x24FC, 0xEA90, 0x2A90, 0x3290, 0x20FE, 0x2080, 0x0080}},
  {28404, {0x0080, 0x2040, 0x17FC, 0x1110, 0x80A0, 0x47FC, 0x4444, 0x15F4, 0x1444, 0x25F4, 0xE514, 0x2514, 0x25F4, 0x2404, 0x2414, 0x0408}},
  {28409, {0x0040, 0x207C, 0x1040, 0x17FE, 0x8442, 0x4478, 0x45C4, 0x143C, 0x1408, 0x24F0, 0xE524, 0x24A8, 0x27FE, 0x2820, 0x28A0, 0x1040}},
  {28418, {0x0000, 0x4FFE, 0x20A0, 0x27FC, 0x04A4, 0x84A4, 0x47FC, 0x5000, 0x17FC, 0x2000, 0xEFFE, 0x2040, 0x2248, 0x2444, 0x2942, 0x0080}},
  {28422, {0x0040, 0x2040, 0x17FC, 0x10E0, 0x8158, 0x4644, 0x40A0, 0x1110, 0x1248, 0x2C46, 0xE248, 0x2150, 0x2248, 0x2444, 0x2140, 0x0080}},
  {28425, {0x0080, 0x2040, 0x17FC, 0x14A0, 0x84A0, 0x47FC, 0x44A4, 0x14A4, 0x17FC, 0x2400, 0xE524, 0x25A8, 0x2530, 0x2924, 0x29A4, 0x111C}},
  {28431, {0x0000, 0x47FE, 0x2402, 0x2402, 0x07FE, 0x8400, 0x47FE, 0x5420, 0x17FE, 0x2622, 0xE6AA, 0x2A22, 0x2AAA, 0x3222, 0x222A, 0x0204}},
  {28435, {0x0080, 0x2040, 0x17FE, 0x1000, 0x82A8, 0x4248, 0x42A8, 0x13F8, 0x1040, 0x27FC, 0xE484, 0x2524, 0x25F4, 0x2414, 0x2404, 0x040C}},
  {28436, {0x0080, 0x2040, 0x17FC, 0x1404, 0x8000, 0x43F8, 0x4040, 0x13F8, 0x1248, 0x23F8, 0xE248, 0x23F8, 0x2000, 0x2110, 0x2208, 0x0404}},
  {28437, {0x00A0, 0x20A0, 0x17FE, 0x10A0, 0x87FC, 0x44A4, 0x47FC, 0x14A4, 0x17FC, 0x2000, 0xE3F8, 0x2208, 0x23F8, 0x2208, 0x23F8, 0x0208}},
  {28448, {0x0110, 0x2110, 0x17FC, 0x1110, 0x8000, 0x43F8, 0x4A08, 0x0BF8, 0x1208, 0x13F8, 0xE040, 0x27FC, 0x20A0, 0x2110, 0x2208, 0x0C06}},
  {28452, {0x0110, 0x4110, 0x27BC, 0x2110, 0x03B8, 0x8554, 0x4912, 0x4080, 0x1080, 0x2FFC, 0xE110, 0x2210, 0x2120, 0x20C0, 0x2330, 0x0C08}},
  {28457, {0x0420, 0x4220, 0x2220, 0x2F7E, 0x0480, 0x8400, 0x477C, 0x5514, 0x1510, 0x2550, 0xE55C, 0x2550, 0x2950, 0x2B50, 0x30BE, 0x2100}},
  {28458, {0x0020, 0x4920, 0x25FC, 0x2220, 0x0650, 0x8A88, 0x43FE, 0x5208, 0x16E8, 0x2AA8, 0xE2A8, 0x22E8, 0x22A8, 0x2208, 0x2A28, 0x0410}},
  {28459, {0x03F8, 0x2208, 0x13F8, 0x1208, 0x83F8, 0x4000, 0x47FC, 0x14A4, 0x14A4, 0x27FC, 0xE000, 0x23F8, 0x2110, 0x20E0, 0x2318, 0x0C06}},
  {28461, {0x0110, 0x2110, 0x17FC, 0x1110, 0x8048, 0x47FC, 0x40A0, 0x1110, 0x1208, 0x2514, 0xE110, 0x27FE, 0x2110, 0x2110, 0x2210, 0x0410}},
  {28463, {0x0000, 0x27FC, 0x1444, 0x17FC, 0x8444, 0x47FC, 0x4100, 0x1210, 0x17E0, 0x20C8, 0xE304, 0x2FFE, 0x2042, 0x2248, 0x2544, 0x0882}},
  {28465, {0x0108, 0x2108, 0x17C8, 0x1108, 0x811E, 0x47D2, 0x4564, 0x1540, 0x17C8, 0x2108, 0xE388, 0x2548, 0x2954, 0x2114, 0x2124, 0x0142}},
  {28467, {0x0040, 0x27FC, 0x1110, 0x10A0, 0x8FFE, 0x4000, 0x43F8, 0x1208, 0x13F8, 0x2208, 0xE3F8, 0x2040, 0x2FFE, 0x2040, 0x2040, 0x0040}},
  {28470, {0x0040, 0x2040, 0x13F8, 0x1248, 0x83F8, 0x4040, 0x47FC, 0x1444, 0x17FC, 0x2040, 0xE080, 0x2048, 0x2544, 0x2514, 0x28F0, 0x0000}},
  {28478, {0x0208, 0x2110, 0x17FC, 0x1040, 0x83F8, 0x4040, 0x47FC, 0x1040, 0x1020, 0x21C0, 0xE044, 0x2768, 0x2150, 0x2248, 0x2D46, 0x0080}},
  {28486, {0x0110, 0x4FFE, 0x2110, 0x2000, 0x0FFE, 0x8882, 0x5114, 0x43E0, 0x1040, 0x2088, 0xE7FC, 0x2044, 0x2250, 0x2448, 0x2944, 0x0080}},
  {28487, {0x0110, 0x4110, 0x2FFE, 0x2110, 0x0040, 0x87FC, 0x4044, 0x5FFE, 0x1044, 0x27FC, 0xE040, 0x2564, 0x2554, 0x2654, 0x2844, 0x1044}},
  {28491, {0x4210, 0x2210, 0x2510, 0x84A0, 0x483E, 0x5744, 0x0024, 0x24A4, 0x32A4, 0x4AA8, 0xC8A8, 0x4110, 0x43A8, 0x5C28, 0x4044, 0x0082}},
  {28493, {0x0450, 0x8448, 0x4480, 0x08FE, 0x8B90, 0x5E90, 0x44FC, 0x0490, 0x2890, 0x5EFC, 0xC890, 0x4090, 0x4690, 0x58FE, 0x4080, 0x0080}},
  {28504, {0x0078, 0x27C0, 0x1248, 0x1150, 0x87FC, 0x4150, 0x4248, 0x1406, 0x13F8, 0x2248, 0xE248, 0x23F8, 0x2248, 0x2248, 0x23F8, 0x0208}},
  {28508, {0x0110, 0x4110, 0x27BC, 0x2110, 0x0FFE, 0x8110, 0x42A8, 0x5444, 0x13FA, 0x2208, 0xE208, 0x23F8, 0x2208, 0x2208, 0x23F8, 0x0208}},
  {28510, {0x0010, 0x2790, 0x14BC, 0x14A4, 0x84C4, 0x47A8, 0x4110, 0x1128, 0x1146, 0x25C0, 0xE53C, 0x2524, 0x2524, 0x25A4, 0x2E3C, 0x0024}},
  {28514, {0x0110, 0x2110, 0x17FC, 0x1110, 0x8110, 0x4FFE, 0x4040, 0x17FC, 0x1444, 0x27FC, 0xE444, 0x27FC, 0x2000, 0x2110, 0x2208, 0x0404}},
  {28518, {0x0040, 0x2040, 0x17FC, 0x10A0, 0x8514, 0x4208, 0x47FC, 0x1A0A, 0x13F8, 0x2208, 0xE3F8, 0x2040, 0x2248, 0x2444, 0x2944, 0x0080}},
  {28525, {0x0000, 0x27FC, 0x10A0, 0x17FC, 0x84A4, 0x47FC, 0x4000, 0x13F8, 0x1208, 0x23F8, 0xE208, 0x23F8, 0x2040, 0x27FC, 0x2040, 0x0040}},
  {28526, {0x0100, 0x411E, 0x27D2, 0x2112, 0x0112, 0x87DE, 0x4452, 0x57D2, 0x1452, 0x27DE, 0xE112, 0x2112, 0x2FD2, 0x2122, 0x212A, 0x0144}},
  {28530, {0x0110, 0x4E10, 0x2254, 0x2238, 0x0210, 0x8F7C, 0x4244, 0x5344, 0x16FC, 0x2644, 0xEA44, 0x227C, 0x2244, 0x2244, 0x2254, 0x0248}},
  {28532, {0x0020, 0x4920, 0x25FA, 0x2224, 0x0628, 0x8BFE, 0x4220, 0x5240, 0x16FC, 0x2B44, 0xE244, 0x227C, 0x2244, 0x2244, 0x2A7C, 0x0444}},
  {28536, {0x0210, 0x8210, 0x4F7C, 0x0210, 0x8738, 0x4AD4, 0x5212, 0x0000, 0x27F8, 0x4408, 0xC7F8, 0x4408, 0x47F8, 0x4408, 0x4428, 0x0410}},
  {28538, {0x07FC, 0x2404, 0x17FC, 0x1400, 0x85F8, 0x4410, 0x47FE, 0x1420, 0x1460, 0x279C, 0xE484, 0x2508, 0x29DE, 0x2F08, 0x3108, 0x0318}},
  {28540, {0x0040, 0x23F8, 0x1110, 0x10A0, 0x87FC, 0x4000, 0x4BF8, 0x0A48, 0x13F8, 0x1248, 0xE3F8, 0x2040, 0x23F8, 0x2040, 0x27FE, 0x0000}},
  {28548, {0x0020, 0x27A4, 0x10A8, 0x1292, 0x8114, 0x4208, 0x55F4, 0x1802, 0x13F8, 0x2208, 0xE208, 0x23F8, 0x2208, 0x2110, 0x2FFE, 0x0000}},
  {28552, {0x0208, 0x2108, 0x17C8, 0x1210, 0x849E, 0x4FD4, 0x4064, 0x1794, 0x1494, 0x2794, 0xE494, 0x2788, 0x2488, 0x2494, 0x24A4, 0x05C2}},
  {28553, {0x0008, 0x4788, 0x2088, 0x2110, 0x0FDE, 0x8494, 0x44A4, 0x5794, 0x1494, 0x2794, 0xE494, 0x24C8, 0x2788, 0x2C94, 0x20A4, 0x00C2}},
  {28556, {0x0480, 0x4482, 0x249C, 0x2FD0, 0x0490, 0x8790, 0x449E, 0x5794, 0x1494, 0x2494, 0xEFD4, 0x2014, 0x2514, 0x28A4, 0x3024, 0x0044}},
  {28557, {0x0104, 0x4104, 0x2FE4, 0x2104, 0x013E, 0x87C4, 0x4004, 0x57E4, 0x1454, 0x2454, 0xE7C4, 0x2444, 0x2284, 0x20E4, 0x2F14, 0x0408}},
  {28558, {0x0104, 0x4104, 0x2FE8, 0x2110, 0x0100, 0x87C4, 0x4004, 0x57C8, 0x1450, 0x2442, 0xE7C2, 0x2444, 0x2284, 0x20E8, 0x2F10, 0x0420}},
  {28572, {0x0200, 0x217C, 0x1504, 0x1444, 0x85F4, 0x4444, 0x45F4, 0x1554, 0x1574, 0x25D4, 0xE554, 0x25F4, 0x24E4, 0x2554, 0x2444, 0x044C}},
  {28577, {0x03F8, 0x4208, 0x2208, 0x23F8, 0x0000, 0x87BC, 0x44A4, 0x54A4, 0x17BC, 0x2040, 0xEFFE, 0x2160, 0x2250, 0x2448, 0x3846, 0x0040}},
  {28583, {0x00A0, 0x20A0, 0x17FC, 0x14A4, 0x87FC, 0x44A4, 0x47FC, 0x1000, 0x17FC, 0x2000, 0xE3F8, 0x2208, 0x23F8, 0x2110, 0x20A0, 0x0FFE}},
  {28595, {0x0080, 0x2100, 0x17FC, 0x1444, 0x8554, 0x4444, 0x47FC, 0x14E4, 0x1554, 0x2404, 0xE040, 0x2FFE, 0x20A0, 0x2110, 0x2208, 0x0C06}},
  {28598, {0x0040, 0x4FFE, 0x2000, 0x27FC, 0x0404, 0x85F4, 0x4514, 0x57FC, 0x1000, 0x23F8, 0xE208, 0x23F8, 0x2208, 0x23F8, 0x2000, 0x0FFE}},
  {28601, {0x0200, 0x43F8, 0x2410, 0x27FE, 0x0D48, 0x9624, 0x47FE, 0x5400, 0x15FC, 0x2400, 0xE5FC, 0x2400, 0x25FC, 0x2904, 0x29FC, 0x1104}},
  {28608, {0x0210, 0x4410, 0x2F90, 0x2890, 0x0FBE, 0x88A4, 0x4FD4, 0x5414, 0x1214, 0x2FD4, 0xE414, 0x2788, 0x2488, 0x2894, 0x2A94, 0x1122}},
  {28610, {0x0020, 0x27FE, 0x1508, 0x1490, 0x87FC, 0x4450, 0x45FC, 0x1454, 0x17FE, 0x2454, 0xE5FC, 0x2450, 0x24D8, 0x2954, 0x2A52, 0x1050}},
  {28617, {0x0028, 0x4024, 0x2F40, 0x297E, 0x09C8, 0x8F48, 0x497E, 0x5948, 0x1F48, 0x297E, 0xE948, 0x2948, 0x2F48, 0x297E, 0x2040, 0x0040}},
  {28625, {0x0210, 0x4210, 0x2F9C, 0x2224, 0x0248, 0x8FBE, 0x4AA2, 0x5AAA, 0x1FAA, 0x222A, 0xE72A, 0x2AAA, 0x3288, 0x2214, 0x2222, 0x0242}},
  {28626, {0x4200, 0x227E, 0x2A10, 0x8BA0, 0x4A7C, 0x4A44, 0x1FD4, 0x2054, 0x2254, 0x4AD4, 0xCAD4, 0x4B54, 0x5120, 0x4228, 0x4444, 0x1882}},
  {28638, {0x0080, 0x23F8, 0x1208, 0x13F8, 0x8208, 0x43F8, 0x4000, 0x17FC, 0x1444, 0x27FC, 0xE444, 0x27FC, 0x2000, 0x2FFE, 0x2110, 0x0210}},
  {28640, {0x0040, 0x27FE, 0x1000, 0x11F8, 0x8108, 0x41F8, 0x4000, 0x17FE, 0x1402, 0x23F8, 0xE180, 0x2644, 0x21B8, 0x2668, 0x21A6, 0x0E60}},
  {28641, {0x0000, 0x47FC, 0x2040, 0x2FFE, 0x0842, 0x8358, 0x4040, 0x5358, 0x1000, 0x2FFE, 0xE040, 0x27FC, 0x24A4, 0x24A4, 0x24A4, 0x040C}},
  {28654, {0x0128, 0x21AA, 0x116C, 0x1228, 0x82FE, 0x4644, 0x5628, 0x1AFE, 0x1210, 0x227C, 0xE210, 0x22FE, 0x2210, 0x2228, 0x2244, 0x0282}},
  {28655, {0x0000, 0x27BC, 0x1084, 0x14A4, 0x8294, 0x44A4, 0x4120, 0x1210, 0x17FC, 0x2A20, 0xE3FC, 0x2220, 0x23FC, 0x2220, 0x23FE, 0x0200}},
  {28689, {0x03F8, 0x2208, 0x13F8, 0x1208, 0x83F8, 0x4110, 0x47FC, 0x1110, 0x1FFE, 0x2110, 0xE248, 0x2554, 0x20E0, 0x2150, 0x2248, 0x00C0}},
  {28698, {0x0410, 0x8410, 0x4428, 0x1F44, 0x8482, 0x5F00, 0x51EE, 0x1F22, 0x31AA, 0x5F66, 0xC422, 0x5F66, 0x44AA, 0x4422, 0x44AA, 0x0444}},
  {28699, {0x0080, 0xBFFC, 0x4800, 0x0FF8, 0x8000, 0x4FF8, 0x4808, 0x0FF8, 0x2080, 0x5C9C, 0xD7D4, 0x5D54, 0x555C, 0x5C96, 0x5556, 0x2E22}},
  {28707, {0x0100, 0x41BC, 0x2524, 0x27A8, 0x0490, 0x8AA8, 0x4146, 0x52A0, 0x17BC, 0x20A0, 0xE3B8, 0x20A0, 0x27BC, 0x20A0, 0x2FFE, 0x0000}},
  {28725, {0x0248, 0x2150, 0x17FC, 0x1150, 0x864C, 0x43F8, 0x4248, 0x13F8, 0x1248, 0x23F8, 0xE110, 0x27FC, 0x2110, 0x2FFE, 0x2208, 0x0404}},
  {28729, {0x4040, 0x20A0, 0x2110, 0x8208, 0x4DF6, 0x4000, 0x0EEE, 0x2AAA, 0x2EEE, 0x4000, 0xCFFE, 0x4922, 0x4FFE, 0x4922, 0x492A, 0x0804}},
  {28748, {0x0110, 0x4FFE, 0x2110, 0x27BC, 0x04A4, 0x87BC, 0x4140, 0x5120, 0x13FE, 0x2220, 0xE7FC, 0x2A20, 0x23FC, 0x2220, 0x23FE, 0x0200}},
  {28751, {0x4000, 0x2FBE, 0x2888, 0x8F90, 0x48BE, 0x4FA2, 0x0222, 0x3FEA, 0x202A, 0x4FAA, 0xC8AA, 0x4FAA, 0x4208, 0x4A94, 0x5252, 0x0622}},
  {28766, {0x47FC, 0x2040, 0x2FFE, 0x8842, 0x4358, 0x4500, 0x0FBC, 0x2524, 0x2724, 0x423C, 0xCFA4, 0x4AA4, 0x4FBC, 0x4224, 0x5FA4, 0x024C}},
  {28779, {0x0100, 0x0100, 0x0100, 0x1108, 0x1108, 0x1110, 0x2120, 0x2100, 0x4280, 0x0280, 0x0440, 0x0440, 0x0820, 0x1010, 0x2008, 0xC006}},
  {28780, {0x0000, 0x0000, 0x0000, 0x0000, 0x0000, 0x0000, 0x0000, 0x0000, 0x0000, 0x0000, 0x0000, 0x0000, 0x2488, 0x2244, 0x4244, 0x8004}},
  {28781, {0x0000, 0xFFFE, 0x0100, 0x0100, 0x1108, 0x1108, 0x1110, 0x2120, 0x4280, 0x0280, 0x0440, 0x0440, 0x0820, 0x1010, 0x2008, 0xC006}},
  {28783, {0x1000, 0x1000, 0x13FE, 0x1020, 0x5420, 0x5820, 0x5020, 0x9020, 0x1020, 0x1020, 0x1020, 0x2820, 0x2420, 0x4420, 0x40A0, 0x8040}},
  {28784, {0x0400, 0x0400, 0x0400, 0xFFFE, 0x0400, 0x0840, 0x0840, 0x0848, 0x1248, 0x1250, 0x2440, 0x20A0, 0x40A0, 0x8110, 0x0208, 0x0C06}},
  {28789, {0x0000, 0x3FF8, 0x0008, 0x0008, 0x1FF8, 0x0008, 0x0008, 0x3FF8, 0x0100, 0x1110, 0x1110, 0x22A0, 0x0440, 0x0820, 0x3018, 0xC006}},
  {28790, {0x1020, 0x1020, 0x1020, 0x1020, 0x5420, 0x5820, 0x51FC, 0x9020, 0x1020, 0x1020, 0x1020, 0x2820, 0x2420, 0x4420, 0x43FE, 0x8000}},
  {28792, {0x0400, 0x0400, 0x0FE0, 0x1040, 0x2080, 0x0360, 0x0C18, 0x7004, 0x0100, 0x1110, 0x1110, 0x22A0, 0x0440, 0x0820, 0x3018, 0xC006}},
  {28796, {0x1040, 0x1040, 0x1080, 0x10FC, 0x5504, 0x5A04, 0x5004, 0x9104, 0x1084, 0x1044, 0x1044, 0x2804, 0x2404, 0x4404, 0x4028, 0x8010}},
  {28798, {0x0200, 0x0100, 0x7FFE, 0x4002, 0x8104, 0x0100, 0x1108, 0x1108, 0x1110, 0x2120, 0x0280, 0x0280, 0x0440, 0x0820, 0x3018, 0xC006}},
  {28799, {0x1020, 0x1020, 0x1020, 0x1020, 0x5524, 0x5924, 0x5124, 0x9124, 0x1124, 0x1124, 0x1124, 0x2924, 0x2524, 0x45FC, 0x4004, 0x8000}},
  {28800, {0x1000, 0x11F8, 0x1010, 0x1420, 0x5840, 0x5080, 0x51FE, 0x9092, 0x1092, 0x1092, 0x1112, 0x2922, 0x2622, 0x4442, 0x4094, 0x8108}},
  {28805, {0x0000, 0x1FF0, 0x1010, 0x1010, 0x1FF0, 0x1010, 0x1010, 0x1FF0, 0x0100, 0x1108, 0x1110, 0x2280, 0x0440, 0x0820, 0x3018, 0xC006}},
  {28809, {0x1080, 0x1040, 0x1040, 0x15FC, 0x5904, 0x5104, 0x5104, 0x91FC, 0x1104, 0x1100, 0x1100, 0x2900, 0x2600, 0x4200, 0x4400, 0x8800}},
  {28810, {0x1040, 0x1040, 0x1040, 0x127C, 0x5284, 0x5488, 0x5920, 0x9020, 0x1020, 0x1050, 0x2850, 0x2850, 0x2488, 0x4488, 0x4104, 0x8202}},
  {28814, {0x0100, 0x1108, 0x1110, 0x2120, 0x02C0, 0x0430, 0x1808, 0x6004, 0x0100, 0x1110, 0x1110, 0x22A0, 0x0440, 0x0820, 0x3018, 0xC006}},
  {28818, {0x1020, 0x1020, 0x1020, 0x10A8, 0x54A4, 0x58A2, 0x5122, 0x9120, 0x1224, 0x1024, 0x1028, 0x2808, 0x2410, 0x4420, 0x40C0, 0x8300}},
  {28820, {0x1040, 0x1040, 0x1040, 0x17F8, 0x5848, 0x5048, 0x5048, 0x9048, 0x17FE, 0x1040, 0x10A0, 0x28A0, 0x2510, 0x4110, 0x4208, 0x8406}},
  {28821, {0x1080, 0x1040, 0x1040, 0x13FC, 0x5400, 0x5800, 0x51F0, 0x9110, 0x1110, 0x1110, 0x1110, 0x2912, 0x2512, 0x4612, 0x420E, 0x8400}},
  {28822, {0x1020, 0x1020, 0x1020, 0x11FE, 0x5420, 0x5924, 0x5124, 0x9124, 0x1124, 0x11FC, 0x1024, 0x2820, 0x2422, 0x4422, 0x401E, 0x8000}},
  {28825, {0x0200, 0x0400, 0x0FF8, 0x1210, 0x6920, 0x04C0, 0x0300, 0x0C00, 0x7100, 0x1110, 0x1110, 0x22A0, 0x0440, 0x0820, 0x3018, 0xC006}},
  {28828, {0x1040, 0x1040, 0x1040, 0x13FE, 0x5440, 0x5840, 0x51FC, 0x9040, 0x1040, 0x13FE, 0x1042, 0x2842, 0x244A, 0x4444, 0x4040, 0x8040}},
  {28829, {0x1040, 0x1040, 0x10A0, 0x14A0, 0x5910, 0x5208, 0x5406, 0x91F0, 0x1110, 0x1110, 0x1150, 0x2920, 0x2504, 0x4504, 0x40FC, 0x8000}},
  {28843, {0x1020, 0x1010, 0x1010, 0x15FE, 0x5820, 0x5020, 0x5044, 0x9084, 0x11F8, 0x1010, 0x1020, 0x2844, 0x2482, 0x45FE, 0x4082, 0x8000}},
  {28844, {0x1000, 0x11FE, 0x1100, 0x1100, 0x5500, 0x59FC, 0x5104, 0x9104, 0x1104, 0x1104, 0x11FC, 0x2900, 0x2500, 0x4500, 0x41FE, 0x8000}},
  {28845, {0x0100, 0x2108, 0x2108, 0x3FF8, 0x0800, 0x0800, 0xFFFE, 0x1080, 0x1088, 0x1488, 0x2490, 0x2940, 0x4140, 0x8220, 0x0C18, 0x3006}},
  {28846, {0x1080, 0x1080, 0x11FC, 0x1504, 0x5A04, 0x55F4, 0x5114, 0x9114, 0x1114, 0x11F4, 0x1104, 0x2928, 0x2512, 0x4502, 0x40FE, 0x8000}},
  {28847, {0x1000, 0x11FE, 0x1102, 0x1502, 0x5902, 0x517A, 0x514A, 0x914A, 0x114A, 0x114A, 0x117A, 0x294A, 0x2502, 0x4502, 0x410A, 0x8104}},
  {28849, {0x0200, 0x0400, 0x0820, 0x1010, 0x3FF8, 0x0008, 0x1FF0, 0x1010, 0x1010, 0x1FF0, 0x0100, 0x1110, 0x22A0, 0x0440, 0x1830, 0xE00E}},
  {28851, {0x1000, 0x13FE, 0x1020, 0x1420, 0x5820, 0x53FE, 0x5222, 0x9222, 0x1252, 0x124A, 0x128A, 0x2B02, 0x2602, 0x4202, 0x420A, 0x8204}},
  {28855, {0x1040, 0x1020, 0x1000, 0x15FE, 0x5820, 0x5020, 0x5020, 0x9020, 0x11FC, 0x1020, 0x1020, 0x2820, 0x2420, 0x4020, 0x43FE, 0x8000}},
  {28856, {0x1100, 0x1100, 0x1100, 0x15FE, 0x5A80, 0x5280, 0x5480, 0x90F8, 0x1080, 0x1080, 0x1080, 0x28FC, 0x2480, 0x4480, 0x4080, 0x8080}},
  {28857, {0x0200, 0x0200, 0x0200, 0x03FC, 0x0200, 0x0200, 0x3FF0, 0x2010, 0x2010, 0x2010, 0x3FF0, 0x0000, 0x2488, 0x2244, 0x4244, 0x8004}},
  {28859, {0x1000, 0x1000, 0x13FE, 0x1020, 0x5420, 0x5840, 0x5040, 0x90FC, 0x1184, 0x1284, 0x1484, 0x2884, 0x2484, 0x4484, 0x40FC, 0x8084}},
  {28860, {0x1040, 0x1040, 0x17FC, 0x1080, 0x5480, 0x5BE0, 0x5120, 0x9220, 0x13FC, 0x1020, 0x1128, 0x2924, 0x2622, 0x4422, 0x40A0, 0x8040}},
  {28861, {0x1000, 0x1000, 0x11FC, 0x1104, 0x5504, 0x5904, 0x5104, 0x9104, 0x11FC, 0x1104, 0x1000, 0x2890, 0x2488, 0x4504, 0x4202, 0x8402}},
  {28864, {0x1008, 0x103C, 0x13E0, 0x1020, 0x5524, 0x58A4, 0x50A8, 0x9020, 0x13FE, 0x1020, 0x1020, 0x2820, 0x2420, 0x4420, 0x40A0, 0x8040}},
  {28865, {0x1008, 0x101C, 0x11E0, 0x1100, 0x5520, 0x5920, 0x5120, 0x91FE, 0x1020, 0x1020, 0x10A8, 0x28A4, 0x2522, 0x4622, 0x40A0, 0x8040}},
  {28866, {0x1000, 0x1108, 0x1088, 0x1490, 0x5800, 0x53FE, 0x5000, 0x9000, 0x1000, 0x11FC, 0x1000, 0x2800, 0x2400, 0x4000, 0x43FE, 0x8000}},
  {28867, {0x1000, 0x11FC, 0x1008, 0x1010, 0x5430, 0x5848, 0x5084, 0x9302, 0x1000, 0x11FC, 0x1020, 0x2820, 0x2420, 0x4420, 0x43FE, 0x8000}},
  {28872, {0x0004, 0x7F84, 0x0824, 0x0824, 0x1F24, 0x2124, 0x5124, 0x0A24, 0x0404, 0x0814, 0x3008, 0xC000, 0x2488, 0x2244, 0x4244, 0x8004}},
  {28874, {0x1104, 0x1084, 0x1088, 0x1400, 0x5BFE, 0x5020, 0x5020, 0x91FC, 0x1020, 0x1020, 0x13FE, 0x2820, 0x2420, 0x4420, 0x4020, 0x8020}},
  {28888, {0x1088, 0x1088, 0x1088, 0x1088, 0x55FE, 0x5888, 0x5088, 0x9088, 0x1088, 0x13FE, 0x1000, 0x2888, 0x2484, 0x4504, 0x4202, 0x8402}},
  {28889, {0x1080, 0x1080, 0x10F8, 0x1508, 0x5B10, 0x54A0, 0x5040, 0x90A0, 0x1118, 0x1206, 0x15F8, 0x2908, 0x2508, 0x4508, 0x41F8, 0x8108}},
  {28891, {0x1020, 0x1020, 0x1020, 0x11FC, 0x5524, 0x5924, 0x5124, 0x9124, 0x11FC, 0x1124, 0x1020, 0x2828, 0x2424, 0x45FE, 0x4082, 0x8000}},
  {28895, {0x1000, 0x13FE, 0x1202, 0x1622, 0x5A22, 0x5222, 0x53FE, 0x9222, 0x1222, 0x1252, 0x124A, 0x2A8A, 0x2702, 0x4202, 0x43FE, 0x8202}},
  {28900, {0x1040, 0x1044, 0x11F4, 0x1048, 0x5450, 0x5BFE, 0x5040, 0x9080, 0x11FE, 0x1240, 0x1480, 0x28FC, 0x2404, 0x4404, 0x4028, 0x8010}},
  {28902, {0x1000, 0x13FE, 0x1020, 0x1040, 0x55FC, 0x5904, 0x5104, 0x9124, 0x1124, 0x1124, 0x1124, 0x2944, 0x2450, 0x4488, 0x4104, 0x8204}},
  {28903, {0x2080, 0x2080, 0x20BC, 0x23C0, 0xA850, 0xB024, 0xA0D4, 0xA30C, 0x2000, 0x27FE, 0x2090, 0x2090, 0x5112, 0x4912, 0x420E, 0x8400}},
  {28904, {0x1090, 0x1094, 0x1114, 0x1518, 0x5B10, 0x5532, 0x5152, 0x910E, 0x1120, 0x1020, 0x13FE, 0x2820, 0x2420, 0x4420, 0x4020, 0x8020}},
  {28905, {0x1020, 0x1020, 0x1050, 0x1488, 0x5904, 0x5202, 0x50F8, 0x9000, 0x1000, 0x13FE, 0x1020, 0x2840, 0x2488, 0x4104, 0x43FE, 0x8102}},
  {28907, {0x23F0, 0x1020, 0x80C0, 0x43FC, 0x1124, 0x2124, 0xE244, 0x2484, 0x2928, 0x2010, 0x0100, 0x1110, 0x22A0, 0x0440, 0x1830, 0xE00E}},
  {28908, {0x1000, 0x11FC, 0x1104, 0x1504, 0x59FC, 0x5110, 0x5110, 0x9108, 0x1104, 0x1262, 0x1410, 0x2800, 0x24E0, 0x4418, 0x4004, 0x8000}},
  {28909, {0x1040, 0x1040, 0x1040, 0xFDF8, 0x1048, 0x1048, 0x1CC8, 0x3048, 0xD0AA, 0x10AA, 0x5106, 0x2202, 0x0000, 0x4888, 0x4444, 0x8444}},
  {28911, {0x1184, 0x1068, 0x1030, 0x14C8, 0x5B04, 0x5040, 0x53FE, 0x90A0, 0x1120, 0x13FC, 0x1524, 0x2924, 0x2534, 0x4128, 0x4020, 0x8020}},
  {28919, {0x1040, 0x1020, 0x13FE, 0x1602, 0x5C04, 0x51F8, 0x5000, 0x9000, 0x13FE, 0x1090, 0x1090, 0x2890, 0x2512, 0x4112, 0x420E, 0x8400}},
  {28921, {0x0100, 0xFFFE, 0x0000, 0x1FF0, 0x1010, 0x1FF0, 0x0000, 0x3FF0, 0x0060, 0x0180, 0x0100, 0x0500, 0x0200, 0x4888, 0x4444, 0x8444}},
  {28925, {0x1040, 0x1040, 0x10FC, 0x1088, 0x5550, 0x5820, 0x50D8, 0x9326, 0x10F8, 0x1020, 0x10F8, 0x2820, 0x27FE, 0x4420, 0x4020, 0x8020}},
  {28937, {0x0000, 0x7FFC, 0x0100, 0x11F8, 0x1100, 0x1100, 0xFFFE, 0x0800, 0x0FF8, 0x1000, 0x1FFC, 0x0004, 0x2924, 0x2494, 0x4028, 0x0010}},
  {28938, {0x1000, 0x11FC, 0x1104, 0x11FC, 0x5504, 0x59FC, 0x5000, 0x9000, 0x11FC, 0x1020, 0x1020, 0x2BFE, 0x2420, 0x4420, 0x4020, 0x8020}},
  {28944, {0x1000, 0x13FE, 0x1040, 0x1040, 0x55FC, 0x5884, 0x5084, 0x93FE, 0x1000, 0x1000, 0x11FC, 0x2904, 0x2504, 0x4504, 0x41FC, 0x8104}},
  {28947, {0x1020, 0x1020, 0x1050, 0x1488, 0x5944, 0x5222, 0x50F8, 0x9008, 0x1010, 0x1020, 0x11FC, 0x2904, 0x2504, 0x4504, 0x41FC, 0x8104}},
  {28949, {0x1080, 0x1080, 0x10F8, 0x1508, 0x5A10, 0x55FC, 0x5124, 0x9124, 0x1124, 0x1124, 0x13FE, 0x2850, 0x2450, 0x4488, 0x4104, 0x8602}},
  {28950, {0x1100, 0x10BE, 0x1282, 0x1602, 0x5A22, 0x5212, 0x5252, 0x9242, 0x12CA, 0x1356, 0x1252, 0x2A32, 0x2602, 0x4202, 0x420A, 0x8204}},
  {28952, {0x0200, 0x0200, 0x7FFC, 0x0200, 0x3FF8, 0x0400, 0xFFFE, 0x0820, 0x1FFC, 0x2020, 0x4420, 0x8220, 0x02A0, 0x0040, 0x2488, 0x4244}},
  {28953, {0x1040, 0x1020, 0x11FC, 0x1000, 0x5508, 0x5890, 0x5000, 0x93FE, 0x1000, 0x1000, 0x11FC, 0x2904, 0x2504, 0x4504, 0x41FC, 0x8104}},
  {28954, {0x0820, 0x0820, 0x7EFC, 0x0830, 0x1C68, 0x2AA4, 0xC922, 0x0820, 0x0920, 0x1110, 0x1110, 0x22A0, 0x0440, 0x0820, 0x3018, 0xC006}},
  {28966, {0x0900, 0x0880, 0x1FFC, 0x1080, 0x3080, 0x5FF8, 0x9080, 0x1080, 0x1FF8, 0x1080, 0x1080, 0x1FFC, 0x1000, 0x4888, 0x4444, 0x8444}},
  {28975, {0x1020, 0x1020, 0x103E, 0x1420, 0x59FC, 0x5104, 0x51FC, 0x9104, 0x11FC, 0x1124, 0x1020, 0x2BFE, 0x2420, 0x4420, 0x4020, 0x8020}},
  {28976, {0x1040, 0x1040, 0x107C, 0x1484, 0x5908, 0x5200, 0x5020, 0x91CE, 0x1102, 0x1102, 0x11CE, 0x2902, 0x2502, 0x4502, 0x41FE, 0x8102}},
  {28977, {0x0100, 0x1108, 0x1108, 0x2290, 0x0440, 0x1830, 0xE00E, 0x0810, 0x0A10, 0x2A54, 0x2C54, 0x4898, 0x1410, 0x2228, 0x4244, 0x8082}},
  {28982, {0x1020, 0x1028, 0x1E24, 0x2220, 0x33FE, 0x4A20, 0xA450, 0x1450, 0x0888, 0x1088, 0x2104, 0x4202, 0x0000, 0x4888, 0x4444, 0x8444}},
  {28997, {0x1020, 0x11DC, 0x1114, 0x1114, 0x5514, 0x59D4, 0x5126, 0x9100, 0x11DC, 0x1114, 0x1114, 0x29D4, 0x2708, 0x4508, 0x4114, 0x8122}},
  {29002, {0x1040, 0x1020, 0x13FE, 0x1202, 0x5404, 0x59FC, 0x5000, 0x91FC, 0x1104, 0x11FC, 0x1104, 0x29FC, 0x2504, 0x4400, 0x43FE, 0x8000}},
  {29004, {0x1020, 0x1040, 0x11FC, 0x1504, 0x59FC, 0x5104, 0x51FC, 0x9000, 0x13FE, 0x1020, 0x1020, 0x29FC, 0x2420, 0x4020, 0x43FE, 0x8000}},
  {29006, {0x1010, 0x0820, 0xFFFE, 0x0000, 0x3E48, 0x2248, 0x3E48, 0x2248, 0x3E08, 0x2208, 0x2A28, 0x2410, 0x0000, 0x4888, 0x4444, 0x8444}},
  {29020, {0x1000, 0x11FC, 0x1104, 0x15FC, 0x5904, 0x51FC, 0x5104, 0x9040, 0x1020, 0x13FE, 0x1000, 0x2904, 0x2488, 0x4000, 0x47FE, 0x8000}},
  {29022, {0x2020, 0x2020, 0x3C40, 0x447E, 0x8884, 0x7F44, 0x0244, 0x0228, 0x7E28, 0x0210, 0x0228, 0xFE44, 0x0082, 0x4888, 0x4444, 0x8444}},
  {29028, {0x1088, 0x1088, 0x13FE, 0x1088, 0x5488, 0x58F8, 0x5088, 0x9088, 0x10F8, 0x1020, 0x13FE, 0x2870, 0x24A8, 0x4524, 0x4222, 0x8020}},
  {29030, {0x0100, 0x7900, 0x49FC, 0x4A04, 0x4C04, 0x79E4, 0x4924, 0x4924, 0x49E4, 0x4804, 0x7828, 0x0010, 0x2488, 0x2244, 0x4244, 0x8004}},
  {29031, {0x0000, 0x7DFC, 0x4444, 0x4444, 0x4444, 0x4494, 0x7D08, 0x44FC, 0x4484, 0x4484, 0x4484, 0x7CFC, 0x0000, 0x4888, 0x4444, 0x8444}},
  {29032, {0x1000, 0x11FC, 0x1124, 0x1124, 0x55FC, 0x5924, 0x5124, 0x91FC, 0x1000, 0x13FE, 0x1120, 0x2922, 0x2514, 0x4548, 0x4184, 0x8102}},
  {29038, {0x0200, 0x0208, 0x3FD0, 0x0220, 0xFFFE, 0x0100, 0x0FF0, 0x3810, 0xCFF0, 0x0810, 0x0810, 0x0FF0, 0x0000, 0x4888, 0x4444, 0x8444}},
  {29042, {0x0800, 0x0BF8, 0x1208, 0x33F8, 0x5040, 0x97FC, 0x1150, 0x1248, 0x1444, 0x1040, 0x0100, 0x1110, 0x22A0, 0x0440, 0x1830, 0xE00E}},
  {29043, {0x1100, 0x113C, 0x1124, 0x17A4, 0x5924, 0x513C, 0x5124, 0x93A4, 0x12A4, 0x12BC, 0x12A4, 0x2AA4, 0x27A4, 0x4444, 0x4054, 0x8088}},
  {29048, {0x1040, 0x1020, 0x11FE, 0x1102, 0x5502, 0x59FE, 0x5100, 0x9100, 0x11FE, 0x11AA, 0x12AA, 0x2AFE, 0x24AA, 0x44AA, 0x40A2, 0x8086}},
  {29050, {0x2000, 0x24F8, 0x2288, 0x2288, 0xA8F8, 0xB088, 0xAE88, 0xA2F8, 0x22A2, 0x2294, 0x2288, 0x22A8, 0x52C4, 0x4A84, 0x4500, 0x88FE}},
  {29053, {0x1020, 0x1010, 0x11FE, 0x1502, 0x5902, 0x51FE, 0x5100, 0x91EE, 0x1122, 0x11AA, 0x1166, 0x2922, 0x2566, 0x42AA, 0x4222, 0x8466}},
  {29060, {0x1020, 0x1040, 0x11FC, 0x1504, 0x59FC, 0x5104, 0x51FC, 0x9104, 0x11FC, 0x1040, 0x1020, 0x28A4, 0x268A, 0x428A, 0x4478, 0x8000}},
  {29066, {0x1080, 0x2498, 0x42E0, 0x7E84, 0x0084, 0x7E7C, 0x4280, 0x7E98, 0x42E0, 0x7E84, 0x4284, 0x467C, 0x0000, 0x4888, 0x4444, 0x8444}},
  {29071, {0x00F8, 0x3F00, 0x0100, 0xFFFE, 0x0100, 0x3FF8, 0x2928, 0x2548, 0x3FF8, 0x0100, 0x3FF8, 0x0100, 0xFFFE, 0x4888, 0x4444, 0x8444}},
  {29076, {0x1040, 0x1020, 0x13FE, 0x1602, 0x5850, 0x5088, 0x5124, 0x9050, 0x1088, 0x1104, 0x12FA, 0x2888, 0x2488, 0x4488, 0x40F8, 0x8088}},
  {29080, {0x1040, 0x13BE, 0x1212, 0x1692, 0x5A52, 0x52AA, 0x5324, 0x9040, 0x13FE, 0x1222, 0x1222, 0x2BFE, 0x2622, 0x4222, 0x43FE, 0x8202}},
  {29081, {0x0000, 0x7F7C, 0x4444, 0x4444, 0x5F44, 0x517C, 0x5140, 0x5F40, 0x4442, 0x4442, 0x7FBE, 0x0000, 0x2488, 0x2244, 0x4244, 0x8004}},
  {29087, {0x1040, 0xFE40, 0x0040, 0x7DF8, 0x4448, 0x7C48, 0x00C8, 0x7C48, 0x08AA, 0xFEAA, 0x1106, 0x5202, 0x2000, 0x4888, 0x4444, 0x8444}},
  {29088, {0x1000, 0x13DE, 0x1042, 0x1252, 0x554A, 0x5A52, 0x5042, 0x9020, 0x11FC, 0x1104, 0x1104, 0x29FC, 0x2504, 0x4504, 0x41FC, 0x8104}},
  {29096, {0x3F08, 0x2108, 0x3F7E, 0x2008, 0x2F48, 0x2028, 0x5FA8, 0x4408, 0x9528, 0x2C90, 0x0100, 0x1110, 0x22A0, 0x0440, 0x1830, 0xE00E}},
  {29100, {0x0820, 0x0820, 0x7F20, 0x087E, 0x7E44, 0x08A4, 0xFF28, 0x1010, 0x1E28, 0x2244, 0x4682, 0x8000, 0x2488, 0x2244, 0x4244, 0x8004}},
  {29107, {0x1000, 0x11F8, 0x1108, 0x11F8, 0x5508, 0x59F8, 0x5000, 0x93FC, 0x1294, 0x13FC, 0x1000, 0x29F8, 0x2490, 0x4460, 0x4198, 0x8606}},
  {29109, {0x1040, 0x1020, 0x13FE, 0x1488, 0x5850, 0x53FE, 0x5252, 0x928A, 0x1306, 0x12FA, 0x128A, 0x2A8A, 0x26FA, 0x4202, 0x420A, 0x8204}},
  {29113, {0x0100, 0x7FFC, 0x0100, 0x3FF8, 0x0000, 0x3FF8, 0x2008, 0x3FF8, 0x0820, 0xFFFE, 0x0000, 0x3FF8, 0x2008, 0x3FF8, 0x2488, 0x4244}},
  {29123, {0x1110, 0x1114, 0x11D2, 0x1650, 0x5A7E, 0x5550, 0x5090, 0x92A8, 0x1128, 0x1144, 0x1244, 0x2C82, 0x2408, 0x42A4, 0x4252, 0x8452}},
  {29134, {0x2040, 0x2040, 0x27FC, 0x20A0, 0xAD14, 0xB208, 0xA7FC, 0xAA0A, 0x23F8, 0x2208, 0x23F8, 0x2040, 0x5248, 0x4C44, 0x4944, 0x8080}},
  {29140, {0x103C, 0x13E0, 0x1124, 0x10A8, 0x55FE, 0x58A8, 0x5124, 0x9202, 0x11FC, 0x1124, 0x1124, 0x29FC, 0x2524, 0x4524, 0x41FC, 0x8104}},
  {29141, {0x0440, 0xFFFE, 0x0440, 0x0440, 0x17D0, 0x1012, 0xF01C, 0x17D0, 0x1450, 0x3452, 0xD7D2, 0x100E, 0x0000, 0x4888, 0x4444, 0x8444}},
  {29152, {0x2080, 0x2100, 0x27FC, 0x2444, 0xAD54, 0xB444, 0xA7FC, 0xA4E4, 0x2554, 0x2404, 0x2040, 0x27FE, 0x50A0, 0x4910, 0x4208, 0x8C06}},
  {29157, {0x10F8, 0x1088, 0x1088, 0x14F8, 0x5800, 0x51DC, 0x5154, 0x9154, 0x11DC, 0x1020, 0x13FE, 0x2870, 0x24A8, 0x4124, 0x4222, 0x8020}},
  {29159, {0x1044, 0x1224, 0x1128, 0x147E, 0x5810, 0x5028, 0x534A, 0x911C, 0x1128, 0x114C, 0x111A, 0x292A, 0x2548, 0x4110, 0x42FE, 0x8400}},
  {29166, {0x2108, 0x27C8, 0x2008, 0x6B9A, 0xB02C, 0x2388, 0x2008, 0x5394, 0x4A92, 0x8BA2, 0x0000, 0x3FF0, 0x0820, 0x04C0, 0x0780, 0xF87E}},
  {29177, {0xFEFE, 0x2020, 0x5050, 0x9A9A, 0x2C2C, 0x4848, 0x9C9C, 0x2A2A, 0xC8C8, 0x1818, 0x0100, 0x1110, 0x22A0, 0x0440, 0x1830, 0xE00E}},
  {29190, {0x11FC, 0x1104, 0x11FC, 0x1504, 0x59FC, 0x5088, 0x53FE, 0x9088, 0x17FE, 0x1088, 0x1124, 0x2AAA, 0x2470, 0x40A8, 0x4124, 0x8060}},
  {29213, {0x101E, 0x13E0, 0x1122, 0x1494, 0x5BFE, 0x5252, 0x53FE, 0x9004, 0x13C4, 0x127E, 0x13C4, 0x2A54, 0x27CC, 0x4284, 0x42D4, 0x8348}},
  {29224, {0x2FEC, 0x4824, 0x6BAC, 0x4824, 0x6BAC, 0x4AA4, 0xFFFE, 0x8822, 0x7EFC, 0x2C68, 0x4AA4, 0xFFFE, 0x1110, 0x2928, 0xC6C6, 0x1830}},
  {29226, {0x0010, 0x00F8, 0x1F20, 0x1220, 0x1220, 0x1220, 0x1220, 0x1220, 0x1220, 0x1210, 0x1210, 0x2210, 0x2208, 0x4208, 0x4204, 0x8002}},
  {29228, {0x0E00, 0x7400, 0x55FC, 0x5524, 0x5524, 0x5524, 0x55FC, 0x5500, 0x5500, 0x5502, 0x5502, 0x52FE, 0x5200, 0x5100, 0x90FE, 0x1000}},
  {29232, {0x0008, 0x01FC, 0x7E10, 0x2210, 0x1120, 0x3FF8, 0x0200, 0x0200, 0x7FFC, 0x0400, 0x0FE0, 0x1420, 0x2240, 0x4180, 0x8660, 0x381C}},
  {29233, {0x0008, 0x01FC, 0x7E10, 0x2210, 0x1120, 0x7FFE, 0x4202, 0x8204, 0x7FF8, 0x0400, 0x07F0, 0x0A10, 0x1120, 0x20C0, 0x4330, 0x1C0E}},
  {29237, {0x00FC, 0x7F00, 0x2208, 0x1110, 0x7FFC, 0x4444, 0x7FFC, 0x0008, 0x7E08, 0x42FE, 0x7E08, 0x4248, 0x7E28, 0x4808, 0x7428, 0x4210}},
  {29238, {0x0440, 0x0820, 0x1010, 0x2008, 0x4024, 0x0820, 0x0820, 0x0440, 0x0440, 0x0280, 0x0100, 0x0280, 0x0440, 0x0820, 0x3018, 0xC006}},
  {29239, {0x0440, 0x0820, 0x1850, 0x2488, 0x0300, 0x0CC0, 0x3030, 0xC00E, 0x1FF0, 0x0210, 0x0210, 0x0210, 0x0250, 0x0220, 0x0200, 0x0200}},
  {29240, {0x0440, 0x0820, 0x1850, 0x2488, 0x0300, 0x0CC0, 0x3030, 0xC00E, 0x1FF0, 0x1110, 0x1110, 0x1FF0, 0x1010, 0x1004, 0x1004, 0x0FFC}},
  {29241, {0x0440, 0x0820, 0x1850, 0x2488, 0x0300, 0x0CC0, 0x3230, 0xC7CE, 0x1A40, 0x01A0, 0x1E78, 0x0188, 0x0E90, 0x0060, 0x0380, 0x3C00}},
  {29243, {0x0008, 0x1810, 0x0660, 0x0180, 0x0660, 0x1818, 0x6004, 0x0020, 0x0820, 0x0440, 0x0280, 0x0100, 0x0280, 0x0C40, 0x3030, 0xC00E}},
  {29245, {0x0100, 0x0100, 0x7FFC, 0x0100, 0x2928, 0x1110, 0x2928, 0x0100, 0x2928, 0x1110, 0x2AA8, 0x0280, 0x0440, 0x0820, 0x3018, 0xC006}},
  {29247, {0x0010, 0x0810, 0x0810, 0x0810, 0x0FF0, 0x0010, 0x0010, 0x0010, 0x7FF0, 0x0810, 0x0810, 0x0810, 0x1010, 0x1010, 0x2010, 0x4010}},
  {29255, {0x0040, 0x1040, 0x1040, 0x1040, 0x1040, 0x1FFC, 0x1000, 0x1000, 0x1000, 0x1FE0, 0x1020, 0x1020, 0x1020, 0x2020, 0x2020, 0x4020}},
  {29256, {0x0808, 0x481C, 0x49E0, 0x4900, 0x4900, 0x7DFC, 0x4144, 0x4144, 0x7944, 0x4928, 0x4928, 0x4910, 0x4910, 0x4A28, 0x4A44, 0x8C82}},
  {29260, {0x0840, 0x4880, 0x49FC, 0x4924, 0x4924, 0x7DFC, 0x4124, 0x4144, 0x79FC, 0x4890, 0x4910, 0x4BFE, 0x4810, 0x4810, 0x4810, 0x8810}},
  {29261, {0x0820, 0x4820, 0x48FC, 0x4820, 0x4820, 0x7DFE, 0x4002, 0x4094, 0x7850, 0x4890, 0x4850, 0x49FE, 0x4828, 0x4844, 0x4882, 0x8902}},
  {29266, {0x0848, 0x4948, 0x4948, 0x4BFE, 0x4948, 0x7D48, 0x4178, 0x4100, 0x79FE, 0x4820, 0x4BFE, 0x4870, 0x48A8, 0x4924, 0x4E22, 0x8820}},
  {29270, {0x0840, 0x4820, 0x4BFE, 0x4A02, 0x4BFE, 0x7E14, 0x43FE, 0x4210, 0x7AFE, 0x4A92, 0x4AFE, 0x4A92, 0x4AFE, 0x4A92, 0x4C92, 0x8896}},
  {29273, {0x0000, 0x3FFC, 0x0040, 0x0040, 0x1040, 0x1040, 0x2040, 0x3FFE, 0x0140, 0x0240, 0x0440, 0x0840, 0x1040, 0x6040, 0x0140, 0x0080}},
  {29275, {0x0100, 0x1100, 0x1100, 0x1100, 0x1FF8, 0x2100, 0x4100, 0x0100, 0x0100, 0xFFFE, 0x0100, 0x0100, 0x0100, 0x0100, 0x0100, 0x0100}},
  {29277, {0x0880, 0x0880, 0x4880, 0x4884, 0x7E88, 0x4890, 0x88A0, 0x08C0, 0x0E80, 0xF880, 0x4880, 0x0884, 0x0884, 0x0884, 0x087C, 0x0800}},
  {29279, {0x0200, 0x0400, 0x0820, 0x1010, 0x3FF8, 0x0008, 0x0100, 0x1100, 0x1FF8, 0x2100, 0x0100, 0xFFFE, 0x0100, 0x0100, 0x0100, 0x0100}},
  {29281, {0x0820, 0x0820, 0x4820, 0x4820, 0x7E20, 0x4820, 0x89FC, 0x0820, 0x0E20, 0xF820, 0x4820, 0x0820, 0x0820, 0x0820, 0x0BFE, 0x0800}},
  {29282, {0x0200, 0x0100, 0x7FFE, 0x4002, 0x8104, 0x1100, 0x1100, 0x1FF8, 0x2100, 0x4100, 0x0100, 0xFFFE, 0x0100, 0x0100, 0x0100, 0x0100}},
  {29286, {0x0808, 0x083C, 0x49E0, 0x4820, 0x7E20, 0x483C, 0x89E0, 0x0820, 0x0E20, 0xF83E, 0x4BE0, 0x0820, 0x0822, 0x0822, 0x0822, 0x081E}},
  {29287, {0x0840, 0x0840, 0x4840, 0x4880, 0x7EFE, 0x4908, 0x8A88, 0x0888, 0x0E88, 0xF850, 0x4850, 0x0820, 0x0850, 0x0888, 0x0904, 0x0A02}},
  {29289, {0x1080, 0x1080, 0x5080, 0x50FC, 0x7D54, 0x5254, 0x9054, 0x1094, 0x1C94, 0xF124, 0x5224, 0x1044, 0x1044, 0x1084, 0x1128, 0x1010}},
  {29294, {0x08A0, 0x1090, 0x30BE, 0x57C0, 0x9040, 0x1024, 0x1014, 0x110C, 0x0900, 0x1FF8, 0x2100, 0x0100, 0xFFFE, 0x0100, 0x0100, 0x0100}},
  {29295, {0x1020, 0x1020, 0x5020, 0x5020, 0x7DFE, 0x5020, 0x9020, 0x1020, 0x1DFC, 0xF104, 0x5104, 0x1104, 0x1104, 0x1104, 0x11FC, 0x1104}},
  {29298, {0x1020, 0x1020, 0x5120, 0x5120, 0x7DFC, 0x5120, 0x9220, 0x1020, 0x1C20, 0xF1FC, 0x5020, 0x1020, 0x1020, 0x1020, 0x13FE, 0x1000}},
  {29301, {0x0100, 0x0100, 0x3FF8, 0x0280, 0x0440, 0x0820, 0x7FFE, 0x4102, 0x8904, 0x0FF0, 0x1100, 0x0100, 0x7FFC, 0x0100, 0x0100, 0x0100}},
  {29305, {0x1020, 0x1020, 0x5020, 0x51FC, 0x7C20, 0x5020, 0x93FE, 0x1008, 0x1C08, 0xF1FE, 0x5008, 0x1088, 0x1048, 0x1008, 0x1028, 0x1010}},
  {29306, {0x1000, 0x17FE, 0x5090, 0x5090, 0x7C90, 0x53FC, 0x9294, 0x1294, 0x1E94, 0xF294, 0x529C, 0x1304, 0x1204, 0x1204, 0x13FC, 0x1204}},
  {29310, {0x1000, 0x13FE, 0x5040, 0x5040, 0x7DFC, 0x5084, 0x9084, 0x13FE, 0x1C00, 0xF000, 0x51FC, 0x1104, 0x1104, 0x1104, 0x11FC, 0x1104}},
  {29311, {0x1020, 0x1120, 0x5120, 0x51FC, 0x7D20, 0x5220, 0x9020, 0x13FE, 0x1C00, 0xF000, 0x51FC, 0x1104, 0x1104, 0x1104, 0x11FC, 0x1104}},
  {29312, {0x0000, 0x3FFC, 0x2004, 0x3FFC, 0x2000, 0x2888, 0x26B0, 0x2808, 0x2480, 0x27F8, 0x2880, 0x2080, 0x5FFE, 0x4080, 0x8080, 0x0080}},
  {29313, {0x0308, 0x3C08, 0x0448, 0x7F48, 0x0C48, 0x1648, 0x2508, 0x4428, 0x0510, 0x1100, 0x1FF8, 0x2100, 0x0100, 0xFFFE, 0x0100, 0x0100}},
  {29316, {0x1020, 0x1020, 0x51FC, 0x5050, 0x7C88, 0x5104, 0x93FE, 0x1008, 0x1DE8, 0xF128, 0x5128, 0x11E8, 0x1128, 0x1008, 0x1028, 0x1010}},
  {29322, {0x1020, 0x1020, 0x51FC, 0x5020, 0x7C20, 0x53FE, 0x9002, 0x1094, 0x1C50, 0xF110, 0x5090, 0x13FE, 0x1028, 0x1044, 0x1082, 0x1302}},
  {29323, {0x1000, 0x11F8, 0x5108, 0x5108, 0x7DF8, 0x5108, 0x91F8, 0x1108, 0x1DF8, 0xF108, 0x5108, 0x17FE, 0x1000, 0x1090, 0x1108, 0x1204}},
  {29325, {0x1010, 0x1010, 0x577C, 0x5114, 0x7DFE, 0x5214, 0x927C, 0x1710, 0x1D7C, 0xF510, 0x55FE, 0x1210, 0x1210, 0x1500, 0x18FE, 0x1000}},
  {29327, {0x1080, 0x1040, 0x53FC, 0x5204, 0x7E04, 0x53FC, 0x9200, 0x1200, 0x1FFC, 0xF354, 0x5354, 0x15FC, 0x1554, 0x1554, 0x1944, 0x110C}},
  {29330, {0x1040, 0x1020, 0x53FE, 0x5000, 0x7DFC, 0x5104, 0x91FC, 0x1000, 0x1FFE, 0xF202, 0x52FA, 0x128A, 0x12FA, 0x1202, 0x120A, 0x1204}},
  {29343, {0x7CF8, 0x0488, 0x04F8, 0x7C20, 0x41FC, 0x7D24, 0x05FC, 0x0428, 0x2BFC, 0x1004, 0x1100, 0x1FF8, 0x2100, 0xFFFE, 0x0100, 0x0100}},
  {29356, {0x0100, 0x0120, 0x0110, 0x0110, 0x0100, 0xFFFE, 0x0100, 0x0100, 0x0280, 0x0280, 0x0440, 0x0440, 0x0820, 0x1010, 0x2008, 0xC006}},
  {29357, {0x0000, 0x4400, 0x2800, 0x1000, 0x2800, 0x4800, 0x8800, 0x0800, 0x1800, 0x2800, 0x4800, 0x8800, 0x0800, 0x0800, 0x5000, 0x2000}},
  {29359, {0x0000, 0x4400, 0x29F8, 0x1108, 0x2908, 0x4908, 0x8908, 0x0908, 0x1928, 0x2910, 0x4900, 0x8902, 0x0902, 0x0902, 0x50FE, 0x2000}},
  {29360, {0x0080, 0x4480, 0x2880, 0x1080, 0x2BF0, 0x4890, 0x8890, 0x0890, 0x1890, 0x2890, 0x4890, 0x8892, 0x0912, 0x0912, 0x520E, 0x2400}},
  {29364, {0x0000, 0x45FC, 0x2820, 0x1020, 0x2820, 0x4820, 0x8820, 0x0BFE, 0x1820, 0x2820, 0x4820, 0x8820, 0x0820, 0x0820, 0x5020, 0x2020}},
  {29366, {0x0840, 0x0848, 0x0844, 0x4844, 0x2840, 0x2FFE, 0x0840, 0x0840, 0x1840, 0x28A0, 0xC8A0, 0x0890, 0x0910, 0x0908, 0x0A04, 0x0C02}},
  {29367, {0x0020, 0x4410, 0x2810, 0x11FE, 0x2900, 0x4900, 0x8900, 0x0900, 0x1900, 0x2900, 0x4900, 0x8900, 0x0900, 0x0A00, 0x5200, 0x2400}},
  {29368, {0x0000, 0x47F0, 0x2810, 0x1010, 0x2910, 0x4910, 0x8910, 0x09FC, 0x1804, 0x2804, 0x4804, 0x8BF4, 0x0804, 0x0804, 0x5028, 0x2010}},
  {29369, {0x0090, 0x4488, 0x2888, 0x1080, 0x2BFE, 0x48A0, 0x88A0, 0x08A0, 0x18A0, 0x28A0, 0x4920, 0x8922, 0x0922, 0x0A22, 0x521E, 0x2400}},
  {29377, {0x0040, 0x4440, 0x2880, 0x1088, 0x2904, 0x4BFE, 0x8802, 0x0890, 0x1890, 0x2890, 0x4890, 0x8890, 0x0912, 0x0912, 0x520E, 0x2400}},
  {29378, {0x0000, 0x4400, 0x29FC, 0x1020, 0x2820, 0x4820, 0x8820, 0x0820, 0x19FC, 0x2820, 0x4820, 0x8820, 0x0820, 0x0820, 0x53FE, 0x2000}},
  {29379, {0x0000, 0x45FC, 0x2844, 0x1044, 0x2844, 0x4844, 0x8844, 0x0BFC, 0x1884, 0x2884, 0x4884, 0x8884, 0x0884, 0x0884, 0x53FE, 0x2000}},
  {29380, {0x0040, 0x4440, 0x2840, 0x1040, 0x2944, 0x4944, 0x8948, 0x0A50, 0x1840, 0x28A0, 0x48A0, 0x8890, 0x0910, 0x0908, 0x5204, 0x2402}},
  {29384, {0x0000, 0x45FC, 0x2904, 0x1104, 0x2924, 0x4924, 0x8924, 0x0924, 0x1924, 0x2924, 0x4924, 0x8850, 0x0848, 0x0884, 0x5102, 0x2602}},
  {29389, {0x0080, 0x4480, 0x29FC, 0x1104, 0x2A04, 0x4DF4, 0x8914, 0x0914, 0x1914, 0x29F4, 0x4904, 0x8928, 0x0912, 0x0902, 0x50FE, 0x2000}},
  {29390, {0x0000, 0x45FC, 0x2924, 0x1124, 0x2924, 0x49FC, 0x8924, 0x0924, 0x1924, 0x29FC, 0x4924, 0x8820, 0x0820, 0x0820, 0x5020, 0x2020}},
  {29392, {0x0008, 0x883C, 0x53D0, 0x2290, 0x5290, 0x9290, 0x1290, 0x1290, 0x3290, 0x5288, 0x9288, 0x12C8, 0x12A4, 0x14D4, 0xA492, 0x4800}},
  {29394, {0x0090, 0x4490, 0x2890, 0x13FC, 0x2894, 0x4894, 0x8BFC, 0x0A90, 0x1A90, 0x2BFE, 0x4892, 0x8892, 0x091A, 0x0914, 0x5210, 0x2410}},
  {29399, {0x0080, 0x4480, 0x2900, 0x11FC, 0x2A04, 0x4C04, 0x89E4, 0x0924, 0x1924, 0x2924, 0x49E4, 0x8924, 0x0804, 0x0804, 0x5028, 0x2010}},
  {29401, {0x0000, 0x45F8, 0x2908, 0x1108, 0x2908, 0x49F8, 0x8908, 0x0908, 0x1908, 0x29F8, 0x4908, 0x8908, 0x0908, 0x0908, 0x57FE, 0x2000}},
  {29406, {0x0040, 0x4420, 0x2820, 0x13FE, 0x2A02, 0x4C04, 0x8800, 0x0800, 0x1BFE, 0x2820, 0x4820, 0x8820, 0x0820, 0x0820, 0x50A0, 0x2040}},
  {29408, {0x0000, 0x45F8, 0x2908, 0x1108, 0x29F8, 0x4908, 0x8908, 0x09F8, 0x1944, 0x2948, 0x4930, 0x8920, 0x0910, 0x0948, 0x5186, 0x2100}},
  {29409, {0x0040, 0x4420, 0x2820, 0x13FE, 0x2800, 0x4888, 0x8904, 0x0A02, 0x1888, 0x2888, 0x4850, 0x8850, 0x0820, 0x0850, 0x5088, 0x2306}},
  {29416, {0x0028, 0x4424, 0x2824, 0x1020, 0x2BFE, 0x4820, 0x8924, 0x0924, 0x1924, 0x2BA8, 0x4928, 0x8910, 0x0A12, 0x0A2A, 0x5446, 0x2082}},
  {29417, {0x0040, 0x8820, 0x53FE, 0x2202, 0x5414, 0x9010, 0x1010, 0x13FE, 0x3010, 0x5110, 0x9090, 0x1090, 0x1010, 0x1010, 0xA050, 0x4020}},
  {29420, {0x0020, 0x4420, 0x2820, 0x11FC, 0x2924, 0x4924, 0x8924, 0x0924, 0x19FC, 0x2924, 0x4820, 0x8828, 0x0824, 0x0BFE, 0x5102, 0x2000}},
  {29421, {0x0020, 0x4420, 0x2820, 0x11FC, 0x2820, 0x4924, 0x88A4, 0x08A8, 0x1820, 0x2BFE, 0x4850, 0x8850, 0x0888, 0x0888, 0x5104, 0x2202}},
  {29422, {0x0100, 0x89FE, 0x5110, 0x2510, 0x557C, 0x9554, 0x1554, 0x1554, 0x3554, 0x5554, 0x9554, 0x1154, 0x125C, 0x1210, 0xA410, 0x4810}},
  {29423, {0x0040, 0x8840, 0x50A0, 0x2110, 0x5208, 0x9406, 0x11F0, 0x1000, 0x3000, 0x57FC, 0x9040, 0x1080, 0x1110, 0x1208, 0xA7FC, 0x4204}},
  {29424, {0x0080, 0x4480, 0x29F0, 0x1210, 0x2820, 0x4BFC, 0x8844, 0x0844, 0x1FFE, 0x2844, 0x4844, 0x8BFC, 0x0844, 0x0840, 0x5140, 0x2080}},
  {29425, {0x0020, 0x9428, 0x5224, 0x2224, 0x5020, 0x9E20, 0x12FC, 0x1220, 0x3220, 0x5250, 0x92D0, 0x1350, 0x1288, 0x1088, 0xA104, 0x4202}},
  {29426, {0x0000, 0x8810, 0x5790, 0x2090, 0x5110, 0x9210, 0x12D8, 0x1354, 0x3254, 0x5692, 0x9A92, 0x1312, 0x1210, 0x1210, 0xA250, 0x4620}},
  {29427, {0x0040, 0x8840, 0x50A0, 0x2110, 0x5208, 0x95F6, 0x1040, 0x1040, 0x37FC, 0x5040, 0x9250, 0x1248, 0x1444, 0x1844, 0xA140, 0x4080}},
  {29428, {0x0220, 0x8A24, 0x5228, 0x23B0, 0x5220, 0x9222, 0x12A2, 0x131E, 0x3040, 0x5040, 0x93FC, 0x1040, 0x1040, 0x1040, 0xA7FE, 0x4000}},
  {29431, {0x0000, 0x45F8, 0x2908, 0x1108, 0x29F8, 0x4800, 0x8BFC, 0x0A04, 0x1A04, 0x2BFC, 0x4A04, 0x8A04, 0x0BFC, 0x0A04, 0x5214, 0x2208}},
  {29432, {0x0000, 0x45FC, 0x2924, 0x1124, 0x29FC, 0x4924, 0x8924, 0x09FC, 0x1820, 0x2820, 0x49FC, 0x8820, 0x0820, 0x0820, 0x53FE, 0x2000}},
  {29434, {0x0040, 0x4420, 0x2BFE, 0x1000, 0x2800, 0x49FC, 0x8800, 0x0800, 0x19FC, 0x2800, 0x4800, 0x89FC, 0x0904, 0x0904, 0x51FC, 0x2104}},
  {29435, {0x0040, 0x4440, 0x2888, 0x1104, 0x2BFE, 0x4802, 0x8888, 0x0944, 0x1A42, 0x28F8, 0x4988, 0x8A50, 0x0820, 0x0850, 0x5188, 0x2606}},
  {29436, {0x0040, 0x4420, 0x29FC, 0x1104, 0x2904, 0x49FC, 0x8904, 0x0904, 0x19FC, 0x2920, 0x4922, 0x8914, 0x0908, 0x0944, 0x5182, 0x2100}},
  {29441, {0x0084, 0x89C4, 0x5704, 0x2114, 0x5114, 0x9114, 0x1FD4, 0x1114, 0x3314, 0x5394, 0x9554, 0x1504, 0x1904, 0x1104, 0xA114, 0x4108}},
  {29443, {0x0040, 0x8840, 0x50A0, 0x20A0, 0x5110, 0x9208, 0x15F6, 0x1000, 0x3088, 0x5048, 0x9248, 0x1150, 0x1110, 0x1020, 0xA7FE, 0x4000}},
  {29450, {0x0000, 0x9040, 0x539C, 0x2204, 0x5204, 0x939C, 0x1204, 0x1204, 0x33FC, 0x5090, 0x9090, 0x1090, 0x1090, 0x1112, 0xA212, 0x440E}},
  {29454, {0x0088, 0x4488, 0x2888, 0x13FE, 0x2888, 0x4888, 0x8FFE, 0x0800, 0x19FC, 0x2904, 0x4904, 0x89FC, 0x0904, 0x0904, 0x51FC, 0x2104}},
  {29459, {0x0000, 0x8BF8, 0x5248, 0x2248, 0x53F8, 0x9248, 0x1248, 0x13F8, 0x3040, 0x57FC, 0x90E0, 0x1150, 0x1248, 0x1446, 0xA040, 0x4040}},
  {29461, {0x0020, 0x9720, 0x5120, 0x213E, 0x5142, 0x9744, 0x1490, 0x1410, 0x3410, 0x5754, 0x9152, 0x1152, 0x1192, 0x1110, 0xA550, 0x4220}},
  {29462, {0x01F8, 0x4508, 0x2908, 0x11F8, 0x2908, 0x4908, 0x89F8, 0x0800, 0x1BFC, 0x2A04, 0x4A04, 0x8BFC, 0x0A04, 0x0A04, 0x53FC, 0x2204}},
  {29463, {0x0040, 0x8840, 0x53FC, 0x20A0, 0x5110, 0x9208, 0x17FE, 0x1008, 0x33C8, 0x5248, 0x9248, 0x1248, 0x13C8, 0x1008, 0xA028, 0x4010}},
  {29467, {0x0000, 0x45FC, 0x2808, 0x1010, 0x2820, 0x4BFE, 0x8820, 0x08A0, 0x1840, 0x29FC, 0x4954, 0x8954, 0x0954, 0x0954, 0x57FE, 0x2000}},
  {29468, {0x0020, 0x4420, 0x2BFE, 0x1020, 0x29FC, 0x4820, 0x8BFE, 0x0800, 0x19FC, 0x2904, 0x49FC, 0x8904, 0x09FC, 0x0904, 0x5114, 0x2108}},
  {29469, {0x0080, 0x8840, 0x57FC, 0x2000, 0x5110, 0x9110, 0x12A8, 0x1444, 0x3000, 0x5040, 0x97FE, 0x1040, 0x1040, 0x1040, 0xA040, 0x4040}},
  {29470, {0x0040, 0x8840, 0x50A0, 0x2110, 0x5208, 0x95F6, 0x1040, 0x1040, 0x37FC, 0x5040, 0x9040, 0x13F8, 0x1208, 0x1208, 0xA3F8, 0x4208}},
  {29473, {0x0000, 0x8BFE, 0x5252, 0x2252, 0x5252, 0x93FE, 0x1020, 0x1040, 0x30FC, 0x5104, 0x9288, 0x1050, 0x1020, 0x1040, 0xA180, 0x4600}},
  {29474, {0x0100, 0x891E, 0x5112, 0x27D2, 0x5112, 0x911E, 0x1112, 0x17D2, 0x3452, 0x545E, 0x9452, 0x17D2, 0x1452, 0x1022, 0xA02A, 0x4044}},
  {29477, {0x0000, 0x8BF8, 0x5248, 0x2248, 0x53F8, 0x9248, 0x1248, 0x13F8, 0x3000, 0x57FE, 0x9240, 0x1244, 0x1228, 0x1290, 0xA308, 0x4206}},
  {29481, {0x0000, 0x8BF8, 0x5208, 0x23F8, 0x5208, 0x93F8, 0x1040, 0x1240, 0x33FC, 0x5440, 0x9040, 0x13F8, 0x1040, 0x1040, 0xA7FE, 0x4000}},
  {29482, {0x0040, 0x8844, 0x53F4, 0x2048, 0x5050, 0x97FE, 0x1040, 0x1080, 0x31F8, 0x5308, 0x9508, 0x11F8, 0x1108, 0x1108, 0xA1F8, 0x4108}},
  {29483, {0x0088, 0x4488, 0x2BFE, 0x1088, 0x2888, 0x4800, 0x89FC, 0x0924, 0x1924, 0x2924, 0x49FC, 0x8924, 0x0924, 0x0924, 0x51FC, 0x2104}},
  {29484, {0x0000, 0x97FC, 0x5444, 0x27FC, 0x5444, 0x97FC, 0x1000, 0x13F8, 0x3208, 0x53F8, 0x9208, 0x13F8, 0x1208, 0x1208, 0xA228, 0x4210}},
  {29486, {0x0810, 0x0814, 0xFF92, 0x0812, 0x0810, 0x7F7E, 0x4110, 0x5510, 0x4910, 0x5D10, 0x4928, 0x7F28, 0x4928, 0x4944, 0x4544, 0x4282}},
  {29489, {0x0000, 0x8BF8, 0x5090, 0x2060, 0x57FC, 0x90A4, 0x1128, 0x1220, 0x3460, 0x5040, 0x97FC, 0x10E0, 0x1150, 0x1248, 0xAC46, 0x4040}},
  {29492, {0x0100, 0x8978, 0x5108, 0x2208, 0x52FE, 0x9640, 0x1A40, 0x127C, 0x3290, 0x5210, 0x92FE, 0x1210, 0x1228, 0x1228, 0xA244, 0x4282}},
  {29495, {0x2210, 0x1214, 0x1412, 0xFF92, 0x1410, 0x14FE, 0x7F10, 0x5510, 0x5510, 0x6328, 0x4128, 0x7F28, 0x4144, 0x4144, 0x7F84, 0x4102}},
  {29496, {0x0000, 0x8BFC, 0x5224, 0x2224, 0x53FC, 0x9200, 0x12FC, 0x1284, 0x3284, 0x52FC, 0x9284, 0x12FC, 0x1284, 0x1284, 0xA4FC, 0x4884}},
  {29497, {0x0040, 0x9040, 0x57FC, 0x20E0, 0x5150, 0x9248, 0x1446, 0x13F8, 0x3208, 0x53F8, 0x9208, 0x13F8, 0x1208, 0x1000, 0xA7FE, 0x4000}},
  {29502, {0x0000, 0x8BF8, 0x5208, 0x23C8, 0x5248, 0x9FFE, 0x1802, 0x13F8, 0x3208, 0x53F8, 0x9208, 0x13F8, 0x1208, 0x1208, 0xA228, 0x4210}},
  {29503, {0x0040, 0x9040, 0x53F8, 0x2040, 0x57FE, 0x9000, 0x13F8, 0x1208, 0x3208, 0x53F8, 0x90A4, 0x1128, 0x1310, 0x1D48, 0xA186, 0x4100}},
  {29517, {0x0080, 0x8840, 0x53F8, 0x2110, 0x50A0, 0x97FE, 0x1000, 0x13F8, 0x3208, 0x53F8, 0x9208, 0x13F8, 0x1120, 0x1122, 0xA222, 0x4C1E}},
  {29520, {0x0020, 0x45FC, 0x2888, 0x1050, 0x2BFE, 0x4800, 0x89FC, 0x0904, 0x19FC, 0x2904, 0x49FC, 0x8820, 0x0BFE, 0x0820, 0x5020, 0x2020}},
  {29522, {0x0820, 0x7F20, 0x083E, 0x7E44, 0x0884, 0xFF28, 0x2010, 0x3E28, 0x4244, 0x8722, 0x0110, 0x7FFC, 0x0280, 0x0440, 0x1830, 0xE00E}},
  {29527, {0x0000, 0x9FFE, 0x5800, 0x2A28, 0x6948, 0xABEE, 0x2892, 0x2884, 0x6AA0, 0xAAA8, 0x2BE8, 0x2888, 0x2894, 0x2914, 0xA924, 0x5242}},
  {29536, {0x0040, 0x9040, 0x57FC, 0x20A0, 0x5514, 0x9208, 0x17FC, 0x1A0A, 0x33F8, 0x5208, 0x93F8, 0x1040, 0x1248, 0x1444, 0xA944, 0x4080}},
  {29548, {0x0200, 0x939E, 0x548A, 0x290A, 0x67D2, 0xA566, 0x2540, 0x27D4, 0x655E, 0xA564, 0x27C4, 0x2544, 0x255E, 0x2544, 0xA444, 0x48C4}},
  {29549, {0x0210, 0x9210, 0x5F9C, 0x2224, 0x6248, 0xAFBE, 0x2AA2, 0x2AAA, 0x6FAA, 0xA22A, 0x272A, 0x2AAA, 0x3288, 0x2214, 0xA222, 0x4242}},
  {29551, {0x003C, 0x97C0, 0x5040, 0x2FFE, 0x5040, 0x97FC, 0x1554, 0x14E4, 0x37FC, 0x5040, 0x97FC, 0x1040, 0x1FFE, 0x1000, 0xA524, 0x4892}},
  {29566, {0x0110, 0x8FFE, 0x5110, 0x27BC, 0x54A4, 0x97BC, 0x1140, 0x1120, 0x33FE, 0x5220, 0x97FC, 0x1A20, 0x13FC, 0x1220, 0xA3FE, 0x4200}},
  {29572, {0x0200, 0x0100, 0x0100, 0xFFFE, 0x0200, 0x0420, 0x0820, 0x1040, 0x3F80, 0x1100, 0x0200, 0x0420, 0x0810, 0x3FF8, 0x1008, 0x0008}},
  {29575, {0x0200, 0x0100, 0x7FFC, 0x0200, 0x4444, 0x2F88, 0x1110, 0x2248, 0x4FE4, 0x0020, 0x0100, 0xFFFE, 0x0100, 0x0100, 0x0100, 0x0100}},
  {29577, {0x0000, 0x7FFC, 0x0100, 0x0100, 0x0100, 0x0100, 0x0100, 0x3FF8, 0x0100, 0x0100, 0x0120, 0x0110, 0x0110, 0x0100, 0xFFFE, 0x0000}},
  {29579, {0x0000, 0x7FFC, 0x0100, 0x0100, 0x0100, 0x0100, 0x0100, 0x3FF8, 0x0100, 0x0100, 0x0100, 0x0100, 0x0100, 0x0100, 0xFFFE, 0x0000}},
  {29582, {0x0000, 0x0000, 0xFEFE, 0x1010, 0x1010, 0x1010, 0x7C10, 0x1010, 0x1010, 0x1010, 0x1010, 0x1E10, 0xF010, 0x4010, 0x0050, 0x0020}},
  {29585, {0x0000, 0x01F0, 0xFD10, 0x1110, 0x1110, 0x1110, 0x1110, 0x7D10, 0x1110, 0x1110, 0x1110, 0x1112, 0x1D12, 0xE212, 0x420E, 0x0400}},
  {29590, {0x0080, 0x0080, 0xFC80, 0x10F8, 0x1108, 0x1108, 0x7D10, 0x1210, 0x1020, 0x1020, 0x1050, 0x1C50, 0xE088, 0x4108, 0x0204, 0x0402}},
  {29595, {0x0000, 0x03F8, 0xFC08, 0x1008, 0x1108, 0x1108, 0x1108, 0x7DFE, 0x1002, 0x1002, 0x1002, 0x13FA, 0x1C02, 0xE002, 0x4014, 0x0008}},
  {29599, {0x0040, 0x0020, 0xFC20, 0x13FE, 0x1088, 0x1088, 0x1088, 0x7C88, 0x1088, 0x1050, 0x1050, 0x1020, 0x1C50, 0xE088, 0x4104, 0x0602}},
  {29602, {0x0010, 0x0090, 0xFC90, 0x1088, 0x1108, 0x1104, 0x1204, 0x7DFA, 0x1088, 0x1088, 0x1088, 0x1088, 0x1D08, 0xE108, 0x4228, 0x0410}},
  {29609, {0x0000, 0x0000, 0xFDFC, 0x1000, 0x1000, 0x1000, 0x13FE, 0x7C90, 0x1090, 0x1090, 0x1090, 0x1090, 0x1D12, 0xE112, 0x420E, 0x0400}},
  {29611, {0x0040, 0x0040, 0xFE40, 0x1080, 0x10FE, 0x1108, 0x7E88, 0x1088, 0x1088, 0x1050, 0x1050, 0x1E20, 0xF050, 0x4088, 0x0104, 0x0202}},
  {29614, {0x0040, 0x0040, 0xFC40, 0x13FE, 0x1040, 0x1040, 0x11FC, 0x7C40, 0x1040, 0x13FE, 0x1042, 0x1042, 0x1C4A, 0xE044, 0x4040, 0x0040}},
  {29615, {0x0000, 0x0000, 0xFDFE, 0x1010, 0x1010, 0x1020, 0x1020, 0x7C68, 0x10A4, 0x1122, 0x1222, 0x1020, 0x1C20, 0xE020, 0x4020, 0x0020}},
  {29616, {0x0000, 0x01FC, 0xFD04, 0x1104, 0x1124, 0x1124, 0x1124, 0x7D24, 0x1124, 0x1154, 0x1050, 0x1090, 0x1C90, 0xE112, 0x4212, 0x040E}},
  {29618, {0x0020, 0x0020, 0xFC50, 0x1050, 0x1088, 0x1124, 0x1212, 0x7C10, 0x11FC, 0x1004, 0x1008, 0x1088, 0x1C50, 0xE020, 0x4010, 0x0010}},
  {29619, {0x0050, 0x0054, 0xFC52, 0x1092, 0x1090, 0x119E, 0x11F0, 0x7E90, 0x1090, 0x1090, 0x1090, 0x1090, 0x1C8A, 0xE08A, 0x4086, 0x0082}},
  {29623, {0x0020, 0x0020, 0xFC20, 0x1020, 0x103E, 0x1020, 0x1020, 0x7C20, 0x11FC, 0x1104, 0x1104, 0x1104, 0x1D04, 0xE104, 0x41FC, 0x0104}},
  {29626, {0x0800, 0x0800, 0x1FFC, 0x2104, 0x4108, 0x0920, 0x1110, 0x2508, 0x0200, 0x7FFC, 0x0100, 0x3FF8, 0x0120, 0x0110, 0xFFFE, 0x0000}},
  {29627, {0x0020, 0x0020, 0xF820, 0x23FE, 0x2222, 0x2224, 0x2220, 0xFBFC, 0x2284, 0x2288, 0x2248, 0x3A50, 0xE220, 0x4450, 0x0488, 0x0906}},
  {29632, {0x0020, 0x0020, 0xFC40, 0x11FC, 0x1104, 0x1104, 0x1104, 0x7D04, 0x11FC, 0x1104, 0x1104, 0x1104, 0x1D04, 0xE104, 0x41FC, 0x0104}},
  {29634, {0x0000, 0x0000, 0xFDFE, 0x1008, 0x1008, 0x11E8, 0x1128, 0x7D28, 0x1128, 0x1128, 0x11E8, 0x1128, 0x1C08, 0xE008, 0x4028, 0x0010}},
  {29640, {0x0200, 0x0200, 0xFA00, 0x221E, 0x27D2, 0x2252, 0x2252, 0xFA52, 0x2252, 0x2252, 0x2252, 0x3A52, 0xE452, 0x445E, 0x0952, 0x1080}},
  {29641, {0x0000, 0x01FC, 0xFD04, 0x1104, 0x1104, 0x11FC, 0x1120, 0x7D20, 0x11FE, 0x1120, 0x1120, 0x1110, 0x1D12, 0xE14A, 0x4186, 0x0102}},
  {29642, {0x0000, 0xF7BC, 0x24A4, 0x24A4, 0x24A4, 0x24A4, 0xF4A4, 0x2FFE, 0x24A4, 0x24A4, 0x24A4, 0x34A4, 0xE4A4, 0x45A4, 0x0854, 0x1088}},
  {29645, {0x0020, 0x0020, 0xFC50, 0x1088, 0x1104, 0x1212, 0x7C20, 0x1040, 0x1188, 0x1010, 0x1020, 0x1C44, 0xE188, 0x4010, 0x0060, 0x0380}},
  {29647, {0x0000, 0x0000, 0xFDFC, 0x1020, 0x1020, 0x1020, 0x1020, 0x7C20, 0x11FC, 0x1020, 0x1028, 0x1024, 0x1C24, 0xE020, 0x43FE, 0x0000}},
  {29648, {0x0020, 0x0020, 0xFC20, 0x11FC, 0x1020, 0x1020, 0x1020, 0x7DFE, 0x1020, 0x1020, 0x1040, 0x1048, 0x1C84, 0xE1FE, 0x4082, 0x0000}},
  {29649, {0x0090, 0x0088, 0xFC88, 0x1080, 0x13FE, 0x10A0, 0x10A0, 0x7CA4, 0x10A4, 0x10A8, 0x1128, 0x1132, 0x1D22, 0xE262, 0x429E, 0x0400}},
  {29657, {0x0088, 0x0088, 0xFC88, 0x1088, 0x13FE, 0x1088, 0x1088, 0x7C88, 0x1088, 0x17FE, 0x1000, 0x1088, 0x1C84, 0xE104, 0x4202, 0x0402}},
  {29662, {0x0080, 0x0080, 0xF8F8, 0x2108, 0x2310, 0x24A0, 0x2040, 0xF8A0, 0x2118, 0x2206, 0x25F8, 0x2108, 0x3908, 0xE108, 0x01F8, 0x0108}},
  {29664, {0x0020, 0x0120, 0xFD20, 0x11FC, 0x1120, 0x1220, 0x7C20, 0x13FE, 0x1070, 0x10A8, 0x10A8, 0x1D24, 0xE124, 0x4222, 0x0020, 0x0020}},
  {29669, {0x0000, 0x03FE, 0xFD08, 0x1108, 0x1108, 0x11F8, 0x7D08, 0x1108, 0x11F8, 0x1108, 0x1108, 0x1D1E, 0xE3E8, 0x4008, 0x0008, 0x0008}},
  {29671, {0x0090, 0x0090, 0xF890, 0x2292, 0x2194, 0x2098, 0x2090, 0xF998, 0x2294, 0x2492, 0x2090, 0x2090, 0x3912, 0xE112, 0x0212, 0x040E}},
  {29673, {0x0080, 0x0080, 0xF93C, 0x2200, 0x2480, 0x2080, 0x217E, 0xFB08, 0x2508, 0x2108, 0x2108, 0x3908, 0xE108, 0x4108, 0x0128, 0x0110}},
  {29677, {0x0080, 0x0080, 0xF8BE, 0x2288, 0x2288, 0x2288, 0x2288, 0xFABE, 0x2288, 0x2488, 0x2088, 0x3908, 0xE108, 0x423E, 0x0400, 0x0800}},
  {29682, {0x0000, 0x03FE, 0xFA02, 0x2444, 0x2040, 0x23FC, 0x2080, 0xF8A0, 0x2120, 0x21FC, 0x2020, 0x3820, 0xE3FE, 0x4020, 0x0020, 0x0020}},
  {29699, {0x0028, 0x0024, 0xFC24, 0x1020, 0x13FE, 0x1020, 0x1120, 0x7CB2, 0x10B4, 0x1068, 0x10A8, 0x1124, 0x1E22, 0xE020, 0x40A0, 0x0040}},
  {29701, {0x0040, 0x0020, 0xFDFC, 0x1104, 0x1104, 0x11FC, 0x1104, 0x7D04, 0x11FC, 0x1120, 0x1122, 0x1114, 0x1D08, 0xE144, 0x4182, 0x0100}},
  {29702, {0x0000, 0x01FC, 0xFD24, 0x1124, 0x11FC, 0x1124, 0x1124, 0x7DFC, 0x1020, 0x1020, 0x11FC, 0x1020, 0x1C20, 0xE020, 0x43FE, 0x0000}},
  {29705, {0x0040, 0x0020, 0xFBFC, 0x2040, 0x2090, 0x2108, 0x23FC, 0xF804, 0x2150, 0x2150, 0x2150, 0x3950, 0xE250, 0x4252, 0x0452, 0x080E}},
  {29706, {0x0000, 0x07DE, 0xF892, 0x2492, 0x2494, 0x2494, 0x27D8, 0xF894, 0x2192, 0x2192, 0x2292, 0x3A9A, 0xE494, 0x4890, 0x0290, 0x0110}},
  {29711, {0x0020, 0x0420, 0xFA20, 0x22FE, 0x2040, 0x2050, 0x2E90, 0xFAFE, 0x2210, 0x2210, 0x23FE, 0x3A10, 0xE210, 0x4510, 0x08FE, 0x0000}},
  {29712, {0x0020, 0x0124, 0xFCA4, 0x10A8, 0x1020, 0x11FC, 0x1104, 0x7D24, 0x1124, 0x1124, 0x1124, 0x1124, 0x1C50, 0xE088, 0x4104, 0x0202}},
  {29722, {0x0000, 0x03FC, 0xFA04, 0x2204, 0x23FC, 0x2220, 0x2220, 0xFBFE, 0x2220, 0x2220, 0x22FC, 0x3A84, 0xE284, 0x4484, 0x04FC, 0x0884}},
  {29723, {0x0000, 0x07FC, 0xFC04, 0x24A4, 0x2110, 0x2208, 0x2040, 0xF840, 0x27FC, 0x2040, 0x20E0, 0x3950, 0xE248, 0x4C46, 0x0040, 0x0040}},
  {29730, {0x0000, 0x03FE, 0xF840, 0x2080, 0x2144, 0x2224, 0x2068, 0xFAB0, 0x2130, 0x22A8, 0x2068, 0x38A4, 0xE122, 0x4220, 0x00A0, 0x0040}},
  {29733, {0x0040, 0x0040, 0xF87C, 0x2040, 0x23FC, 0x2244, 0x2270, 0xFBC0, 0x2244, 0x223C, 0x2200, 0x3AF0, 0xE490, 0x4492, 0x0912, 0x120E}},
  {29734, {0x0040, 0x0040, 0xFBFC, 0x20A0, 0x2110, 0x2208, 0x27FE, 0xF808, 0x23C8, 0x2248, 0x2248, 0x3A48, 0xE3C8, 0x4008, 0x0028, 0x0010}},
  {29736, {0x0000, 0x01FC, 0xFD04, 0x1104, 0x11FC, 0x1104, 0x1104, 0x7DFC, 0x1000, 0x1112, 0x11D4, 0x1118, 0x1D10, 0xE152, 0x4192, 0x010E}},
  {29738, {0x0108, 0x0108, 0xFBFC, 0x2108, 0x2108, 0x21F8, 0x2108, 0xF908, 0x21F8, 0x2108, 0x2108, 0x3BFE, 0xE000, 0x4090, 0x0108, 0x0204}},
  {29740, {0x0040, 0x0020, 0xFBFE, 0x2202, 0x2504, 0x2100, 0x21DE, 0xFA52, 0x2252, 0x2352, 0x249A, 0x3894, 0xE110, 0x4112, 0x0212, 0x040E}},
  {29742, {0x0040, 0x0020, 0xFBFE, 0x2202, 0x2000, 0x21FC, 0x2000, 0xF800, 0x23FE, 0x2020, 0x2128, 0x3924, 0xE222, 0x4422, 0x00A0, 0x0040}},
  {29744, {0x0020, 0x0122, 0xF922, 0x2224, 0x2050, 0x2088, 0x2304, 0xF822, 0x2020, 0x2124, 0x2124, 0x2228, 0x3850, 0xE088, 0x0104, 0x0602}},
  {29747, {0x0110, 0x0110, 0xF910, 0x2110, 0x27BC, 0x2110, 0x2110, 0xFB38, 0x23B8, 0x2554, 0x2554, 0x3992, 0xE110, 0x4110, 0x0110, 0x0110}},
  {29748, {0x0000, 0xFEFE, 0x1010, 0x1010, 0x7C7C, 0x1010, 0x1010, 0xFEFE, 0x0100, 0x06C0, 0x1A30, 0xE10E, 0x1FE0, 0x0040, 0x0080, 0x0100}},
  {29749, {0x0000, 0xFEFE, 0x1010, 0x1010, 0x7C7C, 0x1010, 0x1010, 0xFEFE, 0x0000, 0x2080, 0x2084, 0x3E98, 0x20E0, 0x2084, 0x2684, 0x387C}},
  {29750, {0x0000, 0xFEFE, 0x1010, 0x1010, 0x7C7C, 0x1010, 0x1010, 0xFEFE, 0x0000, 0x3FF8, 0x2108, 0x2108, 0x3FF8, 0x2002, 0x2002, 0x1FFE}},
  {29756, {0x0040, 0x0020, 0xFBFE, 0x2000, 0x2000, 0x21FC, 0xF904, 0x2104, 0x21FC, 0x2020, 0x2128, 0x3924, 0xE222, 0x4422, 0x00A0, 0x0040}},
  {29761, {0x0000, 0x01FE, 0xFD02, 0x117A, 0x1102, 0x117A, 0x1102, 0x7C00, 0x10FC, 0x1084, 0x10FC, 0x1084, 0x1CFC, 0xE084, 0x40FC, 0x0084}},
  {29781, {0x0000, 0x03DE, 0xFA42, 0x2242, 0x2242, 0x23DE, 0x2200, 0xFA3E, 0x23D2, 0x2212, 0x2214, 0x3BD4, 0xE208, 0x4214, 0x0224, 0x0242}},
  {29783, {0x003C, 0x07C0, 0xFA44, 0x2128, 0x2000, 0x23FC, 0x2080, 0xF880, 0x27FE, 0x2100, 0x21F8, 0x3A88, 0xE250, 0x4420, 0x08D8, 0x0306}},
  {29785, {0x0092, 0x0124, 0xFA48, 0x2124, 0x2092, 0x2040, 0x2080, 0xFBFE, 0x2202, 0x228A, 0x2252, 0x3A22, 0xE252, 0x428A, 0x03FE, 0x0202}},
  {29786, {0x0100, 0x013C, 0xF924, 0x27E4, 0x2124, 0x213C, 0x2124, 0xFBA4, 0x22A4, 0x22BC, 0x22A4, 0x3AA4, 0xE3A4, 0x4044, 0x0054, 0x0088}},
  {29787, {0x0088, 0x0088, 0xFBFE, 0x2088, 0x20A8, 0x2020, 0x21FC, 0xF924, 0x2124, 0x2124, 0x23FE, 0x3820, 0xE050, 0x4088, 0x0104, 0x0202}},
  {29788, {0x0040, 0x00A0, 0xF910, 0x2208, 0x25F6, 0x2000, 0x23C4, 0xFA54, 0x2254, 0x23D4, 0x2254, 0x3A54, 0xE3D4, 0x4244, 0x0254, 0x02C8}},
  {29790, {0x0020, 0x0222, 0xFA22, 0x2222, 0x23FE, 0x2000, 0x27FE, 0xF820, 0x2040, 0x23FE, 0x2252, 0x3A52, 0xE252, 0x4252, 0x0252, 0x0206}},
  {29791, {0x0000, 0xFEFE, 0x1010, 0x1010, 0x7C7C, 0x1010, 0x1010, 0xFEFE, 0x0110, 0x08A0, 0x4844, 0x4982, 0x8E12, 0x1810, 0xE7F0, 0x0000}},
  {29805, {0x0020, 0x0010, 0xFBFE, 0x2220, 0x22FC, 0x2224, 0x23FE, 0xFA24, 0x22FC, 0x2220, 0x22FC, 0x3A84, 0xE284, 0x4484, 0x04FC, 0x0884}},
  {29808, {0x0020, 0x0040, 0xFBFC, 0x2224, 0x2224, 0x23FC, 0x2224, 0xFA44, 0x23FC, 0x2040, 0x20A8, 0x38B4, 0xE13C, 0x4122, 0x0222, 0x041E}},
  {29814, {0x0008, 0x003C, 0xFBC0, 0x2004, 0x2244, 0x2128, 0xF9FC, 0x2220, 0x2020, 0x23FE, 0x2020, 0x3924, 0xE124, 0x4124, 0x01FC, 0x0004}},
  {29815, {0x000E, 0x03F0, 0xF844, 0x2224, 0x2108, 0x23FE, 0x2242, 0xF840, 0x23FE, 0x2080, 0x20FC, 0x3944, 0xE128, 0x4210, 0x0468, 0x0186}},
  {29822, {0x0088, 0x0088, 0xFBFE, 0x2088, 0x20F8, 0x2020, 0x21FC, 0xF924, 0x21FC, 0x2020, 0x23FE, 0x3820, 0xE1FC, 0x4020, 0x03FE, 0x0000}},
  {29824, {0x0020, 0x0222, 0xFBFE, 0x2090, 0x2088, 0x21FE, 0x2310, 0xFD10, 0x21FE, 0x2110, 0x2110, 0x39FE, 0xE110, 0x4110, 0x01FE, 0x0100}},
  {29825, {0x0040, 0x0080, 0xFBFC, 0x2244, 0x22F4, 0x2314, 0x22A4, 0xFA44, 0x22A4, 0x23FC, 0x2040, 0x3824, 0xE522, 0x450A, 0x0908, 0x00F8}},
  {29827, {0x0040, 0x0020, 0xFBFE, 0x2000, 0x2154, 0x2124, 0x2154, 0xF9FC, 0x2020, 0x23FE, 0x2242, 0x3A92, 0xE2FA, 0x420A, 0x0202, 0x0206}},
  {29831, {0x0210, 0x0110, 0xF910, 0x27BE, 0x2240, 0x2200, 0x23BE, 0xFA8A, 0x2288, 0x22A8, 0x22AE, 0x3AA8, 0xE4A8, 0x45A8, 0x085E, 0x1080}},
  {29835, {0x0020, 0x01FC, 0xFC88, 0x1050, 0x13FE, 0x1000, 0x7DFC, 0x1104, 0x11FC, 0x1104, 0x11FC, 0x1C20, 0xE3FE, 0x4020, 0x0020, 0x0020}},
  {29838, {0x0000, 0x0FBE, 0xF8A2, 0x2AAA, 0x2AAA, 0x2AAA, 0x2514, 0xF8A2, 0x2080, 0x2FFE, 0x2110, 0x3A10, 0xE3A0, 0x4060, 0x0198, 0x0E04}},
  {29840, {0x0010, 0x0790, 0xFCBC, 0x24A4, 0x24C4, 0x27A8, 0x2110, 0xF928, 0x2146, 0x25C0, 0x253C, 0x3D24, 0xE524, 0x45A4, 0x0E3C, 0x0024}},
  {29852, {0x0088, 0x0088, 0xFDFC, 0x1088, 0x1088, 0x13FE, 0x1020, 0x7DFC, 0x1124, 0x11FC, 0x1124, 0x11FC, 0x1C00, 0xE088, 0x4104, 0x0202}},
  {29854, {0x0050, 0x0252, 0xF954, 0x2050, 0x23FE, 0x2088, 0x2050, 0xFBFE, 0x2020, 0x21FC, 0x2020, 0x3BFE, 0xE050, 0x4088, 0x0104, 0x0602}},
  {29863, {0x3E10, 0x22FE, 0x3E44, 0x2028, 0x7EFE, 0xA210, 0x3EFC, 0x2210, 0x0000, 0x7FFC, 0x0100, 0x3FF8, 0x0120, 0x0110, 0xFFFE, 0x0000}},
  {29864, {0x0080, 0x00DC, 0xFA84, 0x23D4, 0x2448, 0x2A94, 0x2324, 0xFC40, 0x2248, 0x2150, 0x27FC, 0x38E0, 0xE150, 0x4248, 0x0C46, 0x0040}},
  {29865, {0x0040, 0x007C, 0xF840, 0x23FE, 0x2242, 0x2278, 0x23C4, 0xFA3C, 0x2200, 0x23FE, 0x2240, 0x3BA4, 0xE258, 0x45B4, 0x0452, 0x09B0}},
  {29882, {0x2FEC, 0x4824, 0x4BA4, 0x682C, 0x4BA4, 0x6AAC, 0x4BA4, 0x4824, 0xFFFE, 0x8002, 0x7FFC, 0x0100, 0x3FF8, 0x0120, 0x0110, 0xFFFE}},
  {29906, {0x0104, 0x0514, 0xF7DE, 0x2924, 0x2FFF, 0x210C, 0xF355, 0x2DA7, 0x23FC, 0x2204, 0x2224, 0x3A24, 0xE244, 0x00B0, 0x0108, 0x0604}},
  {29916, {0x0010, 0x00F8, 0x1F20, 0x1220, 0x1220, 0x1220, 0x1220, 0x1220, 0x1220, 0x1210, 0x1290, 0x2250, 0x22A8, 0x4328, 0x4204, 0x8002}},
  {29918, {0x0210, 0x0710, 0x3850, 0x2A7C, 0x2A90, 0x2B10, 0x2AFE, 0x2A10, 0x2A28, 0x2924, 0x2942, 0x2882, 0x2840, 0x4A30, 0x4D0E, 0x8900}},
  {29920, {0x1008, 0x101C, 0xFEE8, 0x28A8, 0x44A8, 0x82A8, 0x7CA8, 0x00A8, 0xFEA8, 0x20A4, 0x40A4, 0x7CA4, 0x04A2, 0x0528, 0x2934, 0x1224}},
  {29922, {0x0008, 0xFE1C, 0x28E8, 0xFEA8, 0xAAA8, 0xAAA8, 0xFEA8, 0x00A8, 0x7CA8, 0x00A4, 0xFEA4, 0x10A4, 0x54A2, 0x9328, 0x5134, 0x2224}},
  {29923, {0x4090, 0x21C8, 0x2708, 0xFD3E, 0x0580, 0x5554, 0x2548, 0xFD7E, 0x2548, 0x2548, 0x755C, 0x2528, 0x2508, 0x4948, 0x49A8, 0x9128}},
  {29924, {0x1008, 0xFE1C, 0x00E8, 0xEEA8, 0xAAA8, 0xEEA8, 0x44A8, 0xFEA8, 0x44A8, 0xFEA4, 0x44A4, 0xFEA4, 0x50A2, 0xCB28, 0x6534, 0x4224}},
  {29926, {0x0000, 0xFFFE, 0x0400, 0x0400, 0x0400, 0x07E0, 0x0820, 0x0A20, 0x0920, 0x0920, 0x0820, 0x1022, 0x1322, 0x1C22, 0x101E, 0x0000}},
  {29934, {0x0440, 0x0820, 0x1010, 0x2208, 0xC446, 0x0820, 0x1FF0, 0x0000, 0x0000, 0x7FFC, 0x0800, 0x0FE0, 0x0920, 0x10A4, 0x1624, 0x181C}},
  {29935, {0x0000, 0x7EFC, 0x4040, 0x4440, 0x6440, 0x5478, 0x4848, 0x4848, 0x54A8, 0x5498, 0x6488, 0x4088, 0x40AA, 0x7ECA, 0x008A, 0x0006}},
  {29940, {0x1000, 0x10FC, 0x2840, 0x2440, 0x4240, 0x9178, 0x0848, 0x0848, 0xFEA8, 0x0298, 0x4488, 0x2888, 0x10AA, 0x08CA, 0x088A, 0x0006}},
  {29942, {0x4200, 0x24FC, 0x0040, 0x7E40, 0x2440, 0x2478, 0x2448, 0x2448, 0xFEA8, 0x2498, 0x2488, 0x2488, 0x24AA, 0x44CA, 0x448A, 0x8406}},
  {29943, {0x0100, 0x4100, 0x21FC, 0x0A44, 0x1448, 0xE0A0, 0x2110, 0x260C, 0x0000, 0x7FFC, 0x0800, 0x0FE0, 0x0920, 0x10A4, 0x1624, 0x181C}},
  {29951, {0x1000, 0x08FC, 0x7F40, 0x0040, 0x2240, 0x1478, 0xFF48, 0x0048, 0x00A8, 0x3E98, 0x2288, 0x2288, 0x22AA, 0x3ECA, 0x228A, 0x0006}},
  {29956, {0x0000, 0xFEFC, 0x2840, 0x2840, 0xFE40, 0xAA78, 0xAA48, 0xFE48, 0x10A8, 0x1098, 0xFE88, 0x1088, 0x10AA, 0x1ECA, 0xF08A, 0x4006}},
  {29965, {0x0820, 0xFFFE, 0x0820, 0x3FF8, 0x2448, 0x3FF8, 0x0000, 0x7FFE, 0x4002, 0xBFF4, 0x0800, 0x0FE0, 0x0920, 0x10A4, 0x1624, 0x181C}},
  {29967, {0x0804, 0x7F08, 0x0810, 0x3E64, 0x0008, 0x3E10, 0x2264, 0x3E08, 0x1410, 0x7F60, 0x0000, 0x7FFC, 0x0800, 0x0FE0, 0x1124, 0x1C9C}},
  {29969, {0x4400, 0x24FC, 0x2840, 0xFE40, 0x9240, 0xD678, 0xBA48, 0x9248, 0xFEA8, 0x0098, 0x7C88, 0x4488, 0x7CAA, 0x44CA, 0x7C8A, 0x4406}},
  {29971, {0x0040, 0x7C20, 0x45FC, 0x4488, 0x7C50, 0x43FE, 0x7C20, 0xA5FC, 0x2420, 0x3C20, 0x0000, 0x7FFC, 0x0800, 0x0FE0, 0x1124, 0x1C9C}},
  {29976, {0x0810, 0x0810, 0x0810, 0x0810, 0x7FFE, 0x0810, 0x0810, 0x0810, 0x0810, 0x0FF0, 0x0810, 0x0810, 0x0810, 0x0810, 0x0FF0, 0x0810}},
  {29977, {0x0050, 0x0048, 0x0040, 0xFFFE, 0x0040, 0x2240, 0x2240, 0xFF40, 0x2240, 0x2220, 0x3E20, 0x2212, 0x2212, 0x3E0A, 0x2206, 0x0002}},
  {29978, {0x0820, 0x0820, 0x7FFC, 0x0820, 0x0820, 0x0FE0, 0x0820, 0x0820, 0x0FE0, 0x0820, 0x0820, 0xFFFE, 0x1220, 0x1410, 0x1000, 0x1FF8}},
  {29980, {0x0888, 0x1C88, 0x7088, 0x1088, 0x11FE, 0xFC88, 0x1088, 0x1088, 0x7C88, 0x44F8, 0x4488, 0x4488, 0x4488, 0x7C88, 0x44F8, 0x0088}},
  {29983, {0x0100, 0x1100, 0x1100, 0x1100, 0x3FFC, 0x2100, 0x4100, 0x8100, 0x0100, 0x3FF8, 0x0100, 0x0100, 0x0100, 0x0100, 0xFFFE, 0x0000}},
  {29989, {0x11FC, 0x1124, 0x5124, 0x51FC, 0x7D24, 0x5124, 0x91FC, 0x1040, 0x7C40, 0x13FE, 0x1042, 0x1082, 0x1C82, 0xE102, 0x4214, 0x0408}},
  {29992, {0x0000, 0x3FF8, 0x2108, 0x2108, 0x2108, 0x3FF8, 0x2108, 0x2108, 0x2108, 0x3FF8, 0x2108, 0x2108, 0x2108, 0x4108, 0x4128, 0x8010}},
  {29993, {0x0000, 0x3FF8, 0x2108, 0x2108, 0x2108, 0x3FF8, 0x2108, 0x2108, 0x2108, 0x3FF8, 0x2108, 0x2108, 0x2128, 0x4112, 0x4102, 0x80FE}},
  {29995, {0x0120, 0x0110, 0xFFFE, 0x0100, 0x0100, 0x3FF8, 0x2108, 0x2108, 0x3FF8, 0x2108, 0x2108, 0x3FF8, 0x2108, 0x2108, 0x2128, 0x2010}},
  {29996, {0x0000, 0x3FF0, 0x0020, 0x0640, 0x0180, 0x3FF8, 0x2108, 0x2108, 0x3FF8, 0x2108, 0x2108, 0x3FF8, 0x2108, 0x2108, 0x2128, 0x2010}},
  {29997, {0x7FFC, 0x0100, 0x0770, 0x190C, 0xE102, 0x0000, 0x3FF8, 0x2108, 0x2108, 0x3FF8, 0x2108, 0x2108, 0x3FF8, 0x4108, 0x4128, 0x8110}},
  {29999, {0x0200, 0x0100, 0x7FFE, 0x4102, 0x9494, 0x1428, 0x23E8, 0x0000, 0x3FF8, 0x2108, 0x3FF8, 0x2108, 0x3FF8, 0x2108, 0x2128, 0x2010}},
  {30000, {0x0000, 0x3FF8, 0x2108, 0x2108, 0x2108, 0x2108, 0x2108, 0x3FF8, 0x2108, 0x2108, 0x2108, 0x2108, 0x2108, 0x3FF8, 0x2008, 0x0000}},
  {30001, {0x0100, 0x0100, 0x0100, 0x0100, 0x3FF8, 0x2108, 0x2108, 0x2108, 0x2108, 0x3FF8, 0x2108, 0x2108, 0x2108, 0x2108, 0x3FF8, 0x2008}},
  {30002, {0x0000, 0x3FF8, 0x2108, 0x2108, 0x2108, 0x3FF8, 0x2108, 0x2108, 0x2108, 0x3FF8, 0x2108, 0x0100, 0x0100, 0x0100, 0x0100, 0x0100}},
  {30003, {0x0100, 0x0100, 0x0100, 0x3FF8, 0x2108, 0x2108, 0x2108, 0x3FF8, 0x2108, 0x2108, 0x2108, 0x3FF8, 0x2108, 0x0100, 0x0100, 0x0100}},
  {30005, {0x0100, 0x0100, 0x0100, 0x3FF8, 0x2108, 0x2108, 0x2108, 0x3FF8, 0x2108, 0x2108, 0x2108, 0x3FF8, 0x210A, 0x0102, 0x0102, 0x00FE}},
  {30007, {0x3FF8, 0x2108, 0x2108, 0x3FF8, 0x2108, 0x2108, 0x3FF8, 0x0000, 0x0100, 0x7FFC, 0x0104, 0x0104, 0x0204, 0x0404, 0x1814, 0x6008}},
  {30008, {0x0800, 0x0800, 0x1000, 0x1FF8, 0x2008, 0x4008, 0xBF88, 0x2488, 0x2488, 0x3F88, 0x2488, 0x2488, 0x3F88, 0x2088, 0x0050, 0x0020}},
  {30010, {0x0000, 0x0000, 0x7DFE, 0x5410, 0x5410, 0x5410, 0x5410, 0x7C10, 0x5410, 0x5410, 0x5410, 0x5410, 0x7C10, 0x4410, 0x0050, 0x0020}},
  {30011, {0x0000, 0xFFFE, 0x0000, 0x0000, 0x4FE4, 0x4924, 0x4924, 0x4FE4, 0x4924, 0x4924, 0x4924, 0x4FE4, 0x4004, 0x4004, 0x7FFC, 0x0004}},
  {30014, {0x0888, 0x1110, 0x2220, 0x1110, 0x0888, 0x0000, 0x3FF8, 0x2108, 0x2108, 0x2108, 0x3FF8, 0x2108, 0x2108, 0x2108, 0x3FF8, 0x2008}},
  {30016, {0x0000, 0x1FF0, 0x1110, 0x1110, 0x1FF0, 0x1110, 0x1110, 0x1FF0, 0x0000, 0x0000, 0xFFFE, 0x0820, 0x0820, 0x0820, 0x1020, 0x2020}},
  {30021, {0x1000, 0x11F8, 0x1010, 0x7C20, 0x5440, 0x5480, 0x7DFC, 0x5454, 0x5454, 0x5494, 0x7D24, 0x5424, 0x1044, 0x1084, 0x1128, 0x1010}},
  {30024, {0x0008, 0x001C, 0x7DE0, 0x5500, 0x5500, 0x55FC, 0x5544, 0x7D44, 0x5544, 0x5528, 0x5528, 0x5510, 0x7D10, 0x4628, 0x0244, 0x0482}},
  {30027, {0x0040, 0x0040, 0x7C40, 0x5480, 0x54FE, 0x5508, 0x5688, 0x7C88, 0x5488, 0x5450, 0x5450, 0x5420, 0x7C50, 0x4488, 0x0104, 0x0202}},
  {30028, {0x0000, 0x1FF0, 0x1110, 0x1110, 0x1FF0, 0x1110, 0x1110, 0x1FF0, 0x0280, 0x0C60, 0x3458, 0xC446, 0x0440, 0x0840, 0x0840, 0x1040}},
  {30030, {0x0020, 0x0028, 0x7C24, 0x5424, 0x5420, 0x55FE, 0x5420, 0x7C20, 0x5420, 0x5450, 0x5450, 0x5450, 0x7C88, 0x4488, 0x0104, 0x0202}},
  {30031, {0x0000, 0x1FF0, 0x1110, 0x1110, 0x1FF0, 0x1110, 0x1110, 0x1FF0, 0x0000, 0xFFFE, 0x1110, 0x10A0, 0x1040, 0x1430, 0x180E, 0x1000}},
  {30036, {0x0020, 0x0020, 0x7D24, 0x54A4, 0x54A8, 0x5420, 0x55FC, 0x7C20, 0x5420, 0x5420, 0x57FE, 0x5420, 0x7C20, 0x4420, 0x0020, 0x0020}},
  {30041, {0x0600, 0x78FC, 0x4044, 0x4844, 0x4444, 0x5A94, 0x6108, 0x0000, 0x3FF8, 0x2108, 0x2108, 0x3FF8, 0x2108, 0x2108, 0x3FF8, 0x2008}},
  {30042, {0x0200, 0x0440, 0x0820, 0x1FF0, 0x0200, 0x7FFC, 0x0820, 0x1010, 0x3FF8, 0xD116, 0x1110, 0x1FF0, 0x1110, 0x1110, 0x1FF0, 0x1010}},
  {30043, {0x0020, 0x0020, 0x7C50, 0x5488, 0x5504, 0x5612, 0x5420, 0x7C40, 0x5588, 0x5410, 0x5420, 0x5444, 0x7D88, 0x4410, 0x0060, 0x0380}},
  {30044, {0x0200, 0x0100, 0x7FFC, 0x0400, 0x0820, 0x1FC0, 0x0310, 0x0C08, 0x3FFC, 0x0004, 0x3FF8, 0x2108, 0x3FF8, 0x2108, 0x3FF8, 0x2008}},
  {30053, {0x0080, 0x0080, 0xF8F8, 0xA908, 0xAB10, 0xACA0, 0xF840, 0xA8A0, 0xA918, 0xAA06, 0xADF8, 0xF908, 0x8908, 0x0108, 0x01F8, 0x0108}},
  {30054, {0x0020, 0x0020, 0x7DFC, 0x5420, 0x5420, 0x5420, 0x57FE, 0x7C00, 0x5420, 0x5420, 0x55FC, 0x5420, 0x7C20, 0x4420, 0x03FE, 0x0000}},
  {30058, {0x00F8, 0x3F00, 0x1110, 0x0920, 0x0100, 0xFFFE, 0x0920, 0x1010, 0x3FF8, 0xD116, 0x1110, 0x1FF0, 0x1110, 0x1110, 0x1FF0, 0x1010}},
  {30066, {0x0100, 0x0280, 0x0C60, 0x37D8, 0xC006, 0x3FF8, 0x0920, 0x1110, 0x2508, 0x0200, 0x3FF8, 0x2108, 0x3FF8, 0x2108, 0x3FF8, 0x2008}},
  {30068, {0x0020, 0x0020, 0xFBFE, 0xA820, 0xA9FC, 0xA840, 0xFBFE, 0xA848, 0xA888, 0xA8FE, 0xA908, 0xF948, 0x8A28, 0x0408, 0x0028, 0x0010}},
  {30072, {0x0020, 0x0020, 0x7DFC, 0x5450, 0x5488, 0x5504, 0x57FE, 0x7C08, 0x55E8, 0x5528, 0x5528, 0x55E8, 0x7D28, 0x4408, 0x0028, 0x0010}},
  {30073, {0x0040, 0x0020, 0xFBFE, 0xAA02, 0xAD04, 0xA900, 0xF9DE, 0xAA52, 0xAA52, 0xAB52, 0xAC9A, 0xF894, 0x8910, 0x0112, 0x0212, 0x040E}},
  {30079, {0x1110, 0x2120, 0x4544, 0x7978, 0x1110, 0x2524, 0x7D7C, 0x0524, 0x0110, 0xFFFE, 0x0080, 0x7C88, 0x5452, 0x7C22, 0x545A, 0x7D86}},
  {30083, {0x0020, 0x01FC, 0x7C88, 0x5450, 0x57FE, 0x5400, 0x55FC, 0x7D24, 0x55FC, 0x5524, 0x55FC, 0x5420, 0x7DFC, 0x4420, 0x03FE, 0x0000}},
  {30086, {0x0000, 0xFBFE, 0x0800, 0x09FC, 0xF924, 0x81FC, 0x8124, 0xFBFE, 0x4800, 0x49FC, 0xE924, 0x49FC, 0x6924, 0x89FC, 0x5000, 0x23FE}},
  {30091, {0x0000, 0x0000, 0x7FFC, 0x0104, 0x0108, 0x0100, 0x1100, 0x1100, 0x11F8, 0x1100, 0x1100, 0x1100, 0x2900, 0x2500, 0x43FE, 0x8000}},
  {30095, {0x0020, 0x0010, 0x7DFE, 0x0420, 0x0848, 0x1084, 0x51FE, 0x5002, 0x5CA8, 0x50A8, 0x50A8, 0x50A8, 0x5D2A, 0x712A, 0xC22A, 0x0406}},
  {30097, {0x4000, 0x4DFC, 0x7008, 0x4450, 0x4420, 0x3DFE, 0x4024, 0x7C28, 0x90A0, 0x10B8, 0xFEA0, 0x10A0, 0x28E0, 0x2520, 0x451E, 0x8200}},
  {30098, {0x0080, 0x0040, 0x1FFE, 0x1000, 0x9000, 0x5000, 0x5000, 0x1000, 0x3000, 0x5000, 0x9000, 0x1000, 0x2000, 0x2000, 0x4000, 0x8000}},
  {30100, {0x0080, 0x0040, 0x1FFE, 0x1000, 0x9000, 0x57FC, 0x5040, 0x1040, 0x3040, 0x5040, 0x9040, 0x1040, 0x2040, 0x2040, 0x4140, 0x8080}},
  {30102, {0x0080, 0x0040, 0x1FFE, 0x1000, 0x9000, 0x57FC, 0x5084, 0x1084, 0x3084, 0x5084, 0x9094, 0x1088, 0x2080, 0x2080, 0x4080, 0x8080}},
  {30103, {0x0080, 0x0040, 0x1FFE, 0x1000, 0x9000, 0x57FC, 0x5008, 0x1010, 0x3020, 0x5040, 0x9040, 0x1040, 0x2040, 0x2040, 0x4140, 0x8080}},
  {30105, {0x0080, 0x0040, 0x1FFE, 0x1100, 0x9100, 0x53FC, 0x5400, 0x1800, 0x33F8, 0x5010, 0x9060, 0x1080, 0x2100, 0x2202, 0x4202, 0x81FE}},
  {30106, {0x0080, 0x0040, 0x1FFE, 0x1100, 0x9100, 0x5100, 0x53F0, 0x1210, 0x3410, 0x5820, 0x9020, 0x1040, 0x20A0, 0x2110, 0x4608, 0x9806}},
  {30109, {0x0080, 0x0040, 0x1FFE, 0x1000, 0x9040, 0x5040, 0x5040, 0x1444, 0x3444, 0x5444, 0x9444, 0x1444, 0x2444, 0x27FC, 0x4004, 0x8000}},
  {30111, {0x0080, 0x0040, 0x1FFE, 0x1000, 0x9000, 0x53FC, 0x5200, 0x1200, 0x3200, 0x5FFE, 0x9200, 0x1200, 0x2200, 0x23FC, 0x4000, 0x8000}},
  {30112, {0x0080, 0x0040, 0x1FFE, 0x1000, 0x9000, 0x57FC, 0x5100, 0x1100, 0x31F8, 0x5108, 0x9108, 0x1208, 0x2208, 0x2408, 0x4850, 0x9020}},
  {30113, {0x0080, 0x0040, 0x1FFE, 0x1000, 0x93F0, 0x5020, 0x50C0, 0x1100, 0x33FC, 0x5124, 0x9124, 0x1224, 0x2244, 0x2444, 0x48A8, 0x8110}},
  {30115, {0x0080, 0x0040, 0x1FFE, 0x1000, 0x9090, 0x5088, 0x5080, 0x17FE, 0x30A0, 0x5120, 0x9120, 0x1120, 0x2222, 0x2222, 0x4422, 0x881E}},
  {30116, {0x0080, 0x0040, 0x1FFE, 0x1000, 0x9000, 0x53F8, 0x5248, 0x1248, 0x3248, 0x5248, 0x93F8, 0x1200, 0x2202, 0x2202, 0x41FE, 0x8000}},
  {30117, {0x0080, 0x0040, 0x1FFE, 0x1040, 0x9040, 0x50A0, 0x5110, 0x1208, 0x3D16, 0x5110, 0x9110, 0x1110, 0x2110, 0x2210, 0x4210, 0x8410}},
  {30123, {0x0080, 0x0040, 0x1FFE, 0x1000, 0x93F0, 0x5210, 0x5210, 0x140E, 0x3800, 0x57F8, 0x9208, 0x1110, 0x20A0, 0x2040, 0x41B0, 0x8E0E}},
  {30124, {0x0080, 0x0040, 0x1FFE, 0x1000, 0x93FE, 0x5200, 0x5220, 0x1220, 0x32FC, 0x5224, 0x9224, 0x1244, 0x2244, 0x2484, 0x44A8, 0x8910}},
  {30126, {0x0080, 0x0040, 0x1FFE, 0x1040, 0x90A0, 0x5110, 0x5208, 0x1406, 0x3BF0, 0x5210, 0x9210, 0x1250, 0x2220, 0x2204, 0x4204, 0x81FC}},
  {30127, {0x0080, 0x0040, 0x1FFE, 0x1000, 0x9000, 0x53F8, 0x5208, 0x1328, 0x32A8, 0x5248, 0x9248, 0x12A8, 0x252A, 0x240A, 0x4806, 0x9002}},
  {30128, {0x0080, 0x0040, 0x1FFE, 0x1080, 0x9040, 0x5000, 0x57FC, 0x1040, 0x3040, 0x5040, 0x93F8, 0x1040, 0x2040, 0x2040, 0x4FFE, 0x8000}},
  {30129, {0x0080, 0x0040, 0x1FFE, 0x1200, 0x9200, 0x53FC, 0x5404, 0x1BE4, 0x3224, 0x5224, 0x93E4, 0x1214, 0x2208, 0x2202, 0x4202, 0x81FE}},
  {30130, {0x0080, 0x0040, 0x1FFE, 0x1040, 0x9040, 0x57FC, 0x5444, 0x1440, 0x37F8, 0x5508, 0x9510, 0x14A0, 0x2440, 0x28A0, 0x4918, 0x9606}},
  {30131, {0x0080, 0x0040, 0x1FFE, 0x1000, 0x9208, 0x5208, 0x5FFE, 0x1208, 0x3208, 0x5208, 0x93F8, 0x1208, 0x2208, 0x2208, 0x43F8, 0x8208}},
  {30132, {0x0080, 0x0040, 0x1FFE, 0x1000, 0x9000, 0x57FE, 0x5008, 0x1008, 0x33C8, 0x5248, 0x9248, 0x13C8, 0x2248, 0x2008, 0x4028, 0x8010}},
  {30133, {0x0080, 0x0040, 0x1FFE, 0x1000, 0x9110, 0x5110, 0x5512, 0x1514, 0x35D8, 0x5510, 0x9510, 0x1510, 0x2512, 0x25D2, 0x5E12, 0x880E}},
  {30136, {0x0100, 0x0080, 0x3FFE, 0x2000, 0x2000, 0xA7F8, 0x6408, 0x2408, 0x27F8, 0x6408, 0xA408, 0x27F8, 0x2000, 0x4000, 0x5FFE, 0x8000}},
  {30137, {0x0080, 0x0040, 0x1FFE, 0x1040, 0x90A0, 0x5110, 0x5208, 0x1426, 0x30C0, 0x5310, 0x9020, 0x10C0, 0x2308, 0x2010, 0x40E0, 0x8700}},
  {30140, {0x0080, 0x0040, 0x1FFE, 0x1100, 0x9100, 0x53F8, 0x5610, 0x1920, 0x30C0, 0x5330, 0x9C0E, 0x10C0, 0x2020, 0x2300, 0x40C0, 0x8020}},
  {30141, {0x0080, 0x0040, 0x1FFE, 0x1000, 0x9000, 0x53F8, 0x5208, 0x1208, 0x33F8, 0x5208, 0x9208, 0x13F8, 0x2208, 0x2208, 0x4FFE, 0x8000}},
  {30142, {0x0080, 0x0040, 0x1FFE, 0x1200, 0x9200, 0x53FC, 0x5240, 0x1440, 0x3040, 0x5FFE, 0x9040, 0x10A0, 0x20A0, 0x2110, 0x4208, 0x8C06}},
  {30146, {0x0100, 0x0080, 0x3FFE, 0x2400, 0x2400, 0xA400, 0x6FBC, 0x24A4, 0x24A4, 0x64A4, 0xA4A4, 0x24A4, 0x28A4, 0x48BC, 0x52A4, 0xA100}},
  {30147, {0x0080, 0x0040, 0x1FFE, 0x1080, 0x9040, 0x5FFE, 0x5080, 0x1108, 0x3210, 0x57E0, 0x9040, 0x1080, 0x2110, 0x2208, 0x47FC, 0x8204}},
  {30148, {0x0080, 0x0040, 0x1FFE, 0x1200, 0x9200, 0x53FE, 0x5500, 0x1900, 0x31F8, 0x5100, 0x9100, 0x11FC, 0x2100, 0x2100, 0x4100, 0x8100}},
  {30149, {0x0080, 0x0040, 0x1FFE, 0x1000, 0x9000, 0x57FC, 0x5040, 0x1040, 0x37FC, 0x5444, 0x94A4, 0x1514, 0x2614, 0x2404, 0x4414, 0x8408}},
  {30151, {0x0080, 0x0040, 0x1FFE, 0x1000, 0x9000, 0x5FFC, 0x5040, 0x1040, 0x3240, 0x527C, 0x9240, 0x1240, 0x2240, 0x2240, 0x5FFE, 0x8000}},
  {30152, {0x0080, 0x0040, 0x1FFE, 0x1000, 0x9000, 0x57FC, 0x5444, 0x1444, 0x37FC, 0x5444, 0x9444, 0x17FC, 0x2444, 0x2844, 0x4854, 0x9008}},
  {30153, {0x0080, 0x0040, 0x1FFE, 0x1000, 0x97F8, 0x5010, 0x5020, 0x10D8, 0x3304, 0x5C02, 0x93F8, 0x1040, 0x2040, 0x2040, 0x4FFE, 0x8000}},
  {30154, {0x0080, 0x0040, 0x1FFE, 0x1040, 0x90A0, 0x5110, 0x5208, 0x1DF6, 0x3040, 0x5040, 0x93F8, 0x1040, 0x2040, 0x2040, 0x4FFE, 0x8000}},
  {30157, {0x0080, 0x0040, 0x1FFE, 0x1040, 0x9FFE, 0x5040, 0x5FFC, 0x1044, 0x37FC, 0x5440, 0x97FE, 0x1042, 0x20AA, 0x2114, 0x4208, 0x8C06}},
  {30162, {0x0080, 0x0040, 0x1FFE, 0x1110, 0x90A0, 0x57FC, 0x5040, 0x1040, 0x33F8, 0x5040, 0x9040, 0x17FC, 0x2040, 0x2040, 0x4040, 0x8040}},
  {30164, {0x0080, 0x0040, 0x1FFE, 0x1040, 0x9040, 0x57FC, 0x5040, 0x1040, 0x3FFE, 0x5010, 0x9010, 0x1FFE, 0x2210, 0x2110, 0x4150, 0x8020}},
  {30165, {0x0080, 0x0040, 0x1FFE, 0x1000, 0x97F8, 0x5408, 0x57F8, 0x1408, 0x37F8, 0x5484, 0x9488, 0x1450, 0x2420, 0x2518, 0x4606, 0x8400}},
  {30166, {0x0080, 0x0040, 0x1FFE, 0x1000, 0x9000, 0x53FC, 0x5090, 0x1090, 0x3492, 0x5292, 0x9294, 0x1098, 0x2090, 0x2090, 0x47FE, 0x8000}},
  {30168, {0x0080, 0x0040, 0x1FFE, 0x1000, 0x9000, 0x57FC, 0x5000, 0x13F8, 0x3208, 0x5208, 0x93F8, 0x1000, 0x2110, 0x20A0, 0x4FFE, 0x8000}},
  {30171, {0x0100, 0x0080, 0x1FFE, 0x1000, 0x97F8, 0x50A0, 0x5040, 0x17FC, 0x3444, 0x57FC, 0x9444, 0x17FC, 0x2444, 0x2444, 0x4454, 0x8448}},
  {30174, {0x0080, 0x0040, 0x1FFE, 0x1000, 0x97FC, 0x5020, 0x5040, 0x11D0, 0x3648, 0x5044, 0x9000, 0x13F8, 0x2208, 0x2208, 0x4208, 0x83F8}},
  {30178, {0x0080, 0x0040, 0x1FFE, 0x1000, 0x90C4, 0x5704, 0x5114, 0x1114, 0x3FD4, 0x5314, 0x9394, 0x1554, 0x2504, 0x2904, 0x4114, 0x8108}},
  {30179, {0x0080, 0x0040, 0x1FFE, 0x1000, 0x9040, 0x5040, 0x57FC, 0x1040, 0x3040, 0x53FC, 0x9000, 0x1040, 0x2124, 0x252A, 0x450A, 0x88F8}},
  {30180, {0x0080, 0x0040, 0x1FFE, 0x1040, 0x9040, 0x5248, 0x5248, 0x1554, 0x38E2, 0x5040, 0x9040, 0x17FC, 0x2040, 0x2040, 0x4040, 0x8FFE}},
  {30182, {0x0080, 0x0040, 0x1FFE, 0x1000, 0x97FC, 0x5080, 0x53F8, 0x1088, 0x3108, 0x5FFE, 0x9000, 0x13F8, 0x2208, 0x2208, 0x43F8, 0x8208}},
  {30183, {0x0080, 0x0040, 0x1FFE, 0x1010, 0x9210, 0x5110, 0x5154, 0x1452, 0x3292, 0x5210, 0x9114, 0x1604, 0x2208, 0x2210, 0x4220, 0x80C0}},
  {30184, {0x0080, 0x0040, 0x1FFE, 0x1108, 0x9108, 0x57FE, 0x5108, 0x1000, 0x37FE, 0x5402, 0x9040, 0x17FC, 0x2084, 0x2104, 0x4228, 0x8C10}},
  {30186, {0x0080, 0x0040, 0x1FFE, 0x1100, 0x91F0, 0x5210, 0x5420, 0x1BF8, 0x3248, 0x5248, 0x9248, 0x1FFE, 0x20A0, 0x2110, 0x4208, 0x8C06}},
  {30187, {0x0080, 0x0040, 0x1FFE, 0x1000, 0x9200, 0x517C, 0x5404, 0x1444, 0x35F4, 0x5444, 0x94E4, 0x1554, 0x2644, 0x2444, 0x4454, 0x8408}},
  {30192, {0x0080, 0x0040, 0x1FFE, 0x1040, 0x9248, 0x5250, 0x54A0, 0x1110, 0x3208, 0x5C44, 0x9248, 0x1250, 0x24A0, 0x2110, 0x4208, 0x8C06}},
  {30193, {0x0080, 0x0040, 0x1FFE, 0x1000, 0x9090, 0x5090, 0x579E, 0x1090, 0x3090, 0x539C, 0x9090, 0x1090, 0x279E, 0x2090, 0x4090, 0x8090}},
  {30196, {0x0080, 0x0040, 0x1FFE, 0x1200, 0x9200, 0x53BC, 0x5524, 0x1924, 0x3124, 0x5FE4, 0x9124, 0x1124, 0x22A4, 0x22BC, 0x4424, 0x8800}},
  {30201, {0x0080, 0x0040, 0x1FFE, 0x1000, 0x93F8, 0x5248, 0x53F8, 0x1248, 0x33F8, 0x5000, 0x9FFE, 0x1110, 0x2110, 0x2110, 0x4210, 0x8410}},
  {30204, {0x0080, 0x0040, 0x1FFE, 0x1000, 0x97FC, 0x5444, 0x5444, 0x17FC, 0x3444, 0x55F4, 0x9514, 0x1514, 0x25F4, 0x2404, 0x47FC, 0x8404}},
  {30207, {0x0080, 0x0040, 0x1FFE, 0x1038, 0x97C0, 0x5040, 0x5FFE, 0x1150, 0x3248, 0x5C46, 0x9080, 0x1FFE, 0x2108, 0x2310, 0x40E0, 0x8F1C}},
  {30208, {0x0100, 0x0080, 0x3FFE, 0x2000, 0x2410, 0xA210, 0x6FA8, 0x2428, 0x2444, 0x6792, 0xA488, 0x2488, 0x28A0, 0x4890, 0x5288, 0xA108}},
  {30209, {0x0080, 0x0040, 0x1FFE, 0x1000, 0x9040, 0x57FC, 0x5110, 0x1110, 0x32A8, 0x5444, 0x9040, 0x1FFE, 0x2040, 0x2040, 0x4040, 0x8040}},
  {30211, {0x0100, 0x0080, 0x3FFE, 0x2000, 0x2FFC, 0xA100, 0x6308, 0x2488, 0x2D50, 0x6260, 0xA5E0, 0x2950, 0x2250, 0x4448, 0x5944, 0x8080}},
  {30213, {0x0080, 0x0040, 0x1FFE, 0x1208, 0x9110, 0x57FC, 0x5444, 0x17FC, 0x3444, 0x57FC, 0x9444, 0x1040, 0x2FFE, 0x2040, 0x4040, 0x8040}},
  {30218, {0x0100, 0x0080, 0x3FFE, 0x2000, 0x22F8, 0xA208, 0x6408, 0x2DFE, 0x3480, 0x64F8, 0xA520, 0x2420, 0x25FE, 0x4450, 0x4488, 0x8506}},
  {30220, {0x0080, 0x0040, 0x1FFE, 0x1100, 0x9104, 0x57C4, 0x5114, 0x17D4, 0x3554, 0x57D4, 0x9114, 0x1394, 0x2554, 0x2944, 0x4114, 0x8108}},
  {30224, {0x0100, 0x0080, 0x3FFE, 0x2000, 0x2280, 0xACB8, 0x6888, 0x2888, 0x2EB8, 0x6888, 0xA888, 0x2FF8, 0x2140, 0x4220, 0x4C18, 0xB006}},
  {30229, {0x0080, 0x0040, 0x1FFE, 0x1000, 0x97BC, 0x5484, 0x5484, 0x17BC, 0x3400, 0x547C, 0x97A4, 0x1424, 0x2428, 0x2790, 0x4428, 0x8446}},
  {30231, {0x0100, 0x0080, 0x3FFE, 0x2080, 0x2FF8, 0xA490, 0x62A0, 0x3FFE, 0x2140, 0x6220, 0xAC98, 0x3086, 0x2FF8, 0x4080, 0x4080, 0x9FFC}},
  {30232, {0x0080, 0x0040, 0x1FFE, 0x1248, 0x9150, 0x5FFE, 0x5150, 0x1248, 0x3444, 0x5080, 0x9FFE, 0x1108, 0x2390, 0x2060, 0x4198, 0x8604}},
  {30233, {0x0080, 0x0040, 0x1FFE, 0x1000, 0x97FC, 0x5248, 0x5110, 0x10E0, 0x3318, 0x5C46, 0x93F8, 0x1248, 0x23F8, 0x2044, 0x47FC, 0x8004}},
  {30235, {0x0080, 0x0040, 0x1FFE, 0x1100, 0x97BC, 0x5114, 0x5394, 0x1114, 0x37A4, 0x514C, 0x9100, 0x1040, 0x2024, 0x2522, 0x450A, 0x88F8}},
  {30239, {0x0100, 0x0080, 0x3FFE, 0x2000, 0x27F8, 0xA408, 0x67F8, 0x2408, 0x27F8, 0x6000, 0xAFFC, 0x2924, 0x2924, 0x4924, 0x7FFE, 0x8000}},
  {30240, {0x0080, 0x0040, 0x1FFE, 0x1444, 0x9248, 0x54A4, 0x5110, 0x1208, 0x37FC, 0x5A0A, 0x93F8, 0x1208, 0x23F8, 0x2208, 0x4228, 0x8210}},
  {30242, {0x0100, 0x0080, 0x3FFE, 0x2400, 0x2F78, 0xA948, 0x6D48, 0x2B86, 0x3F00, 0x6978, 0xA948, 0x2D48, 0x2B28, 0x4910, 0x4928, 0x9346}},
  {30244, {0x0080, 0x0040, 0x1FFE, 0x1080, 0x977C, 0x5424, 0x55A4, 0x1554, 0x3648, 0x5080, 0x97FC, 0x1444, 0x27FC, 0x2444, 0x47FC, 0x8404}},
  {30245, {0x0080, 0x0040, 0x1FFE, 0x1110, 0x90A0, 0x57FC, 0x5040, 0x13F8, 0x3080, 0x57FC, 0x9100, 0x13F8, 0x2440, 0x2840, 0x47FE, 0x8000}},
  {30246, {0x0080, 0x0040, 0x1FFE, 0x1140, 0x965C, 0x5444, 0x575C, 0x1444, 0x37FC, 0x5040, 0x97FC, 0x1208, 0x2110, 0x20E0, 0x4318, 0x8C06}},
  {30249, {0x0080, 0x0040, 0x1FFE, 0x1110, 0x9110, 0x57FC, 0x5150, 0x10A0, 0x3110, 0x52E8, 0x9C06, 0x13F8, 0x2208, 0x2208, 0x43F8, 0x8208}},
  {30250, {0x0080, 0x3FFE, 0x2100, 0x27F8, 0xA408, 0x67F8, 0x2408, 0x27F8, 0x6408, 0xA7F8, 0x2120, 0x2618, 0x3A66, 0x4388, 0x4208, 0x81F8}},
  {30251, {0x0100, 0x0080, 0x3FFE, 0x2050, 0x2048, 0xBEFE, 0x7290, 0x2A90, 0x2BFE, 0x6490, 0xA490, 0x2AFE, 0x2A90, 0x5290, 0x40FE, 0x8080}},
  {30253, {0x0080, 0x3FFE, 0x2000, 0x3FFE, 0xA120, 0x6FFC, 0x2924, 0x2FFC, 0x6000, 0xA7F8, 0x2000, 0x2FFC, 0x2248, 0x4444, 0x4942, 0x8080}},
  {30256, {0x0080, 0x3FFE, 0x2000, 0x27FC, 0xA444, 0x67FC, 0x2444, 0x27FC, 0x6100, 0xA208, 0x27F0, 0x20C4, 0x2FFE, 0x4448, 0x4944, 0x9082}},
  {30259, {0x0080, 0x3FFE, 0x2000, 0x2F7C, 0xA924, 0x6514, 0x29A4, 0x2160, 0x6618, 0xB886, 0x2320, 0x2C40, 0x2188, 0x4E30, 0x41C0, 0x8E00}},
  {30260, {0x0080, 0x3FFE, 0x2040, 0x27FC, 0xA110, 0x6FFE, 0x2000, 0x23F8, 0x6208, 0xA3F8, 0x2208, 0x23F8, 0x2040, 0x4FFE, 0x4040, 0x8040}},
  {30261, {0x0100, 0x0080, 0x3FFE, 0x2220, 0x23BC, 0xA4A4, 0x6AA8, 0x2510, 0x2208, 0x65F6, 0xA800, 0x27FC, 0x2250, 0x4448, 0x4944, 0x8080}},
  {30264, {0x0080, 0x0040, 0x1FFE, 0x1200, 0x97BC, 0x52A4, 0x54A4, 0x15BC, 0x3840, 0x57FC, 0x94A4, 0x1554, 0x2444, 0x24A4, 0x4514, 0x840C}},
  {30268, {0x0080, 0x0040, 0x1FFE, 0x1110, 0x97FC, 0x5110, 0x53F8, 0x1208, 0x33F8, 0x5208, 0x93F8, 0x1040, 0x2FFE, 0x20A0, 0x4318, 0x8C06}},
  {30270, {0x0080, 0x3FFE, 0x2040, 0x2E78, 0xAA88, 0x6B10, 0x2CFC, 0x2A04, 0x6AFC, 0xAA04, 0x2BFC, 0x2E20, 0x2814, 0x4952, 0x494A, 0x8A38}},
  {30271, {0x0080, 0x3FFE, 0x2000, 0x2FBE, 0xA8A2, 0x6AAA, 0x2AAA, 0x2AAA, 0x6514, 0xA8A2, 0x3FFE, 0x2208, 0x2710, 0x40E0, 0x431C, 0x9C02}},
  {30272, {0x0100, 0x0080, 0x3FFE, 0x2220, 0x2FF8, 0xA220, 0x7FFC, 0x2080, 0x2FF8, 0x6888, 0xAFF8, 0x2888, 0x2FF8, 0x4220, 0x4410, 0x8808}},
  {30275, {0x0080, 0x3FFE, 0x2020, 0x2F3C, 0xA944, 0x6AA8, 0x2C10, 0x2A28, 0x6946, 0xA938, 0x2D50, 0x2A7E, 0x2890, 0x487C, 0x4810, 0x88FE}},
  {30284, {0x0080, 0x0040, 0x1FFE, 0x1000, 0x93F8, 0x5208, 0x53F8, 0x1000, 0x37BC, 0x54A4, 0x97BC, 0x1040, 0x2444, 0x2444, 0x47FC, 0x8004}},
  {30285, {0x0100, 0x0080, 0x3FFE, 0x2080, 0x2E4E, 0xA444, 0x65F4, 0x2424, 0x2524, 0x6EAE, 0xA444, 0x2444, 0x24A4, 0x46A4, 0x590E, 0x8200}},
  {30292, {0x0080, 0x0040, 0x1FFE, 0x1040, 0x97FC, 0x5110, 0x5FFE, 0x1000, 0x33F8, 0x5208, 0x93F8, 0x1208, 0x23F8, 0x2544, 0x452A, 0x88FA}},
  {30294, {0x0100, 0x0080, 0x3FFE, 0x2010, 0x2788, 0xA4BE, 0x6480, 0x27A2, 0x2494, 0x643E, 0xAF88, 0x2C88, 0x34BE, 0x4788, 0x4488, 0x8008}},
  {30300, {0x0100, 0x0080, 0x3FFE, 0x2000, 0x2FDC, 0xA854, 0x6FD4, 0x2AA2, 0x2A80, 0x6FDC, 0xAA94, 0x2FD4, 0x2808, 0x5288, 0x5454, 0xA862}},
  {30302, {0x0080, 0x3FFE, 0x2210, 0x2F9C, 0xA224, 0x6248, 0x2FBE, 0x2AA2, 0x6AAA, 0xAFAA, 0x222A, 0x272A, 0x2AAA, 0x5294, 0x4222, 0x8242}},
  {30307, {0x0100, 0x0080, 0x3FFE, 0x2400, 0x2744, 0xA928, 0x727E, 0x2F90, 0x2A90, 0x6FBC, 0xAA90, 0x2F90, 0x207E, 0x4390, 0x5C10, 0x8010}},
  {30315, {0x0080, 0x3FFE, 0x2400, 0x3FBE, 0xA408, 0x6F10, 0x293E, 0x2F22, 0x692A, 0xAF2A, 0x292A, 0x2F2A, 0x292A, 0x7F94, 0x4912, 0x90A2}},
  {30319, {0x0080, 0x1FFE, 0x14A4, 0x17BC, 0x94A4, 0x57BC, 0x14A4, 0x37BC, 0x5120, 0x93FE, 0x1220, 0x17FC, 0x2A20, 0x23FC, 0x4220, 0x83FE}},
  {30328, {0x0090, 0x7EA0, 0x0244, 0x4448, 0x2830, 0x1010, 0x2008, 0xCFE6, 0x0100, 0x0100, 0x7FFC, 0x0100, 0x02C0, 0x0420, 0x1810, 0x6008}},
  {30331, {0x0080, 0x3E90, 0x02A4, 0x2448, 0x1450, 0x0820, 0x17D0, 0x2008, 0xDFF6, 0x1010, 0x1010, 0x1FF0, 0x0820, 0x0440, 0x7FFC, 0x0000}},
  {30333, {0x0100, 0x0200, 0x0400, 0x3FF8, 0x2008, 0x2008, 0x2008, 0x2008, 0x3FF8, 0x2008, 0x2008, 0x2008, 0x2008, 0x2008, 0x3FF8, 0x2008}},
  {30334, {0x0000, 0xFFFE, 0x0100, 0x0200, 0x0400, 0x3FF8, 0x2008, 0x2008, 0x2008, 0x3FF8, 0x2008, 0x2008, 0x2008, 0x2008, 0x3FF8, 0x2008}},
  {30338, {0x0100, 0x0200, 0x1FF0, 0x1010, 0x1010, 0x1FF0, 0x1010, 0x1010, 0x1FF0, 0x0200, 0x0200, 0x03FC, 0xFE00, 0x0204, 0x0204, 0x01FC}},
  {30340, {0x1040, 0x1040, 0x2040, 0x7E7C, 0x4284, 0x4284, 0x4304, 0x4244, 0x7E24, 0x4224, 0x4204, 0x4204, 0x4204, 0x7E04, 0x4228, 0x0010}},
  {30342, {0x2080, 0x2088, 0x3CB0, 0x20C0, 0x2084, 0x2C84, 0x317C, 0x0200, 0x1FF0, 0x1010, 0x1010, 0x1FF0, 0x1010, 0x1010, 0x1FF0, 0x1010}},
  {30343, {0x0200, 0x0400, 0x1FF0, 0x1010, 0x1FF0, 0x1010, 0x1FF0, 0x0000, 0x7FFC, 0x0100, 0x0100, 0x3FF8, 0x0100, 0x0100, 0xFFFE, 0x0000}},
  {30344, {0x1004, 0x100E, 0x20F0, 0x7C80, 0x4480, 0x44FC, 0x44A4, 0x44A4, 0x7CA4, 0x44A8, 0x44A8, 0x4490, 0x4510, 0x7D28, 0x4644, 0x0082}},
  {30347, {0x0200, 0x0400, 0x1FF0, 0x1010, 0x1FF0, 0x1010, 0x1FF0, 0x0200, 0x7FFC, 0x0440, 0x0920, 0x3118, 0xCFE6, 0x0100, 0x0100, 0x0100}},
  {30350, {0x1040, 0x1020, 0x2020, 0x7BFE, 0x4800, 0x4888, 0x4904, 0x4A02, 0x7888, 0x4888, 0x4850, 0x4820, 0x4850, 0x7888, 0x4904, 0x0602}},
  {30353, {0x1020, 0x1124, 0x2124, 0x7D24, 0x45FC, 0x4400, 0x45FC, 0x4404, 0x7C04, 0x45FC, 0x4500, 0x4500, 0x4502, 0x7D02, 0x44FE, 0x0000}},
  {30355, {0x1020, 0x1120, 0x2120, 0x7DFC, 0x4520, 0x4620, 0x4420, 0x47FE, 0x7C00, 0x4400, 0x45FC, 0x4504, 0x4504, 0x7D04, 0x45FC, 0x0104}},
  {30358, {0x1040, 0x1020, 0x23FE, 0x7A02, 0x4C04, 0x49F8, 0x4800, 0x4800, 0x7BFE, 0x4890, 0x4890, 0x4890, 0x4912, 0x7912, 0x4A0E, 0x0400}},
  {30361, {0x080C, 0x08F0, 0x7E80, 0x1880, 0x2CFE, 0x2A88, 0x4888, 0x8888, 0x0908, 0x0400, 0x1FF0, 0x1010, 0x1FF0, 0x1010, 0x1FF0, 0x1010}},
  {30372, {0x103C, 0x13E0, 0x2124, 0x78A8, 0x4BFE, 0x48A8, 0x4924, 0x4A02, 0x79FC, 0x4924, 0x4924, 0x49FC, 0x4924, 0x7924, 0x49FC, 0x0104}},
  {30382, {0x0080, 0x0080, 0x0080, 0x3FFC, 0x2084, 0x2088, 0x2080, 0x2FF0, 0x2410, 0x2410, 0x2220, 0x2140, 0x2080, 0x4140, 0x4630, 0x980E}},
  {30385, {0x2010, 0x2010, 0x3E10, 0x42FE, 0x8492, 0x0894, 0xFE90, 0x02FC, 0x02A4, 0x7EA4, 0x02A8, 0x02A8, 0x0290, 0xFF28, 0x0244, 0x0082}},
  {30386, {0x0010, 0xFF10, 0x9110, 0x10FE, 0xFE92, 0x2094, 0x2890, 0x48FC, 0x7EA4, 0x08A4, 0x08A8, 0x0EA8, 0xF890, 0x4928, 0x0944, 0x0A82}},
  {30388, {0x1010, 0x1010, 0x2010, 0x44FE, 0xFE92, 0x2894, 0x4490, 0xA2FC, 0x3CA4, 0x44A4, 0x44A8, 0xA8A8, 0x1090, 0x2928, 0x4544, 0x8282}},
  {30399, {0x0000, 0x0000, 0x3FF8, 0x2448, 0x2448, 0x2448, 0x2448, 0x2448, 0x2448, 0x2448, 0x2448, 0x2448, 0x2448, 0xFFFE, 0x0000, 0x0000}},
  {30402, {0x0000, 0x3FF8, 0x0100, 0x0100, 0xFFFE, 0x0100, 0x0100, 0x0500, 0x0200, 0x0000, 0x3FF8, 0x2448, 0x2448, 0x2448, 0xFFFE, 0x0000}},
  {30405, {0x0100, 0x0100, 0x3FF8, 0x2108, 0x2108, 0x2108, 0x3FF8, 0x2108, 0x0100, 0x0100, 0x3FF8, 0x2448, 0x2448, 0x2448, 0xFFFE, 0x0000}},
  {30406, {0x0440, 0x0820, 0x1010, 0x2FE8, 0xC426, 0x0420, 0x0820, 0x10A0, 0x6040, 0x0000, 0x3FF8, 0x2448, 0x2448, 0x2448, 0xFFFE, 0x0000}},
  {30408, {0x0000, 0x3FF0, 0x0810, 0x0FA0, 0x08BC, 0x1284, 0x1104, 0x2294, 0x4448, 0x0000, 0x3FF8, 0x2448, 0x2448, 0x2448, 0xFFFE, 0x0000}},
  {30410, {0x1010, 0x0820, 0x0000, 0xFFFE, 0x0000, 0x0820, 0x1010, 0x2008, 0x4004, 0x3FF8, 0x2448, 0x2448, 0x2448, 0x2448, 0xFFFE, 0x0000}},
  {30413, {0x0100, 0x0100, 0x3FF8, 0x0100, 0x0100, 0xFFFE, 0x0400, 0x0820, 0x1FF0, 0x0010, 0x3FF8, 0x2448, 0x2448, 0x2448, 0xFFFE, 0x0000}},
  {30414, {0x0100, 0x0100, 0x1FF0, 0x1110, 0x1110, 0xFFFE, 0x0280, 0x0C60, 0x3018, 0xC006, 0x3FF8, 0x2448, 0x2448, 0x2448, 0xFFFE, 0x0000}},
  {30415, {0x0240, 0x0220, 0x03F8, 0x7E00, 0x03FC, 0xFE10, 0x0160, 0x0382, 0x1C62, 0xE01E, 0x0000, 0x3FF8, 0x2448, 0x2448, 0x2448, 0xFFFE}},
  {30416, {0x0820, 0x0820, 0x7F20, 0x0828, 0x0824, 0x0F22, 0xF020, 0x4020, 0x0000, 0x3FF8, 0x2448, 0x2448, 0x2448, 0x2448, 0xFFFE, 0x0000}},
  {30417, {0x0440, 0x2440, 0x247C, 0x2440, 0x2490, 0x2488, 0x2508, 0x0400, 0x0000, 0x3FF8, 0x2448, 0x2448, 0x2448, 0x2448, 0xFFFE, 0x0000}},
  {30418, {0x0100, 0x0280, 0x0C60, 0x3018, 0xCFE6, 0x0000, 0x1FF0, 0x1010, 0x1FF0, 0x0000, 0x3FF8, 0x2448, 0x2448, 0x2448, 0xFFFE, 0x0000}},
  {30420, {0x0400, 0x0400, 0x7FFC, 0x0840, 0x1248, 0x1250, 0x24A0, 0x4110, 0x8208, 0x0C06, 0x0000, 0x3FF8, 0x2448, 0x2448, 0x2448, 0xFFFE}},
  {30422, {0x0820, 0x0440, 0x7FFC, 0x0100, 0x0100, 0x3FF8, 0x0100, 0x0100, 0xFFFE, 0x0000, 0x0000, 0x3FF8, 0x2448, 0x2448, 0x2448, 0xFFFE}},
  {30423, {0x4080, 0x2080, 0x09FC, 0x1204, 0x2448, 0xE040, 0x20A0, 0x2318, 0x2C06, 0x0000, 0x3FF8, 0x2448, 0x2448, 0x2448, 0xFFFE, 0x0000}},
  {30424, {0x0200, 0x0400, 0x1FF0, 0x1110, 0x1090, 0xFFFE, 0x1010, 0x1210, 0x2150, 0x4020, 0x3FF8, 0x2448, 0x2448, 0x2448, 0xFFFE, 0x0000}},
  {30427, {0x0090, 0x0088, 0x3FFC, 0x2080, 0x2088, 0x3E48, 0x2250, 0x2224, 0x4A54, 0x448C, 0x8104, 0x3FF8, 0x2448, 0x2448, 0xFFFE, 0x0000}},
  {30431, {0x0000, 0x7CFC, 0x4484, 0x44FC, 0x7C84, 0x44FC, 0x4484, 0x7C84, 0x0114, 0x0208, 0x3FF8, 0x2448, 0x2448, 0x2448, 0xFFFE, 0x0000}},
  {30437, {0x1100, 0x611C, 0x4D44, 0x4544, 0x759C, 0x4984, 0x4944, 0x755C, 0x4204, 0x0000, 0x3FF8, 0x2448, 0x2448, 0x2448, 0xFFFE, 0x0000}},
  {30446, {0x0000, 0x3FF8, 0x2008, 0x2008, 0x2008, 0x3FF8, 0x2008, 0x2008, 0x2008, 0x3FF8, 0x2008, 0x2008, 0x2008, 0x2008, 0x3FF8, 0x2008}},
  {30447, {0x0000, 0x0000, 0x7BFE, 0x4820, 0x4820, 0x7820, 0x4820, 0x4820, 0x7820, 0x4820, 0x4820, 0x4820, 0x7820, 0x4820, 0x00A0, 0x0040}},
  {30449, {0x0000, 0x01FC, 0x7C20, 0x4420, 0x4420, 0x7C20, 0x4420, 0x47FE, 0x7C20, 0x4420, 0x4420, 0x4420, 0x7C20, 0x4420, 0x00A0, 0x0040}},
  {30450, {0x0200, 0x0100, 0xFFFE, 0x1000, 0x1000, 0x1000, 0x1FF8, 0x0000, 0x1FF0, 0x1010, 0x1FF0, 0x1010, 0x1FF0, 0x1010, 0x1FF0, 0x1010}},
  {30452, {0x0100, 0x0100, 0x7FFC, 0x0100, 0x1FF0, 0x1010, 0x1010, 0x1FF0, 0x1010, 0x1FF0, 0x1010, 0x1FF0, 0x1010, 0x1010, 0xFFFE, 0x0000}},
  {30456, {0x0800, 0x08FC, 0x0884, 0x0884, 0xFE84, 0x08FC, 0x1884, 0x1C84, 0x2A84, 0x2AFC, 0x4884, 0x8884, 0x0884, 0x0884, 0x08FC, 0x0884}},
  {30457, {0x0020, 0x0020, 0x7820, 0x4BFE, 0x4820, 0x7924, 0x4924, 0x4924, 0x7924, 0x49FC, 0x4824, 0x4820, 0x7822, 0x4822, 0x001E, 0x0000}},
  {30460, {0x0010, 0x0090, 0x7890, 0x4888, 0x4908, 0x7904, 0x4A04, 0x4DFA, 0x7888, 0x4888, 0x4888, 0x4888, 0x7908, 0x4908, 0x0228, 0x0410}},
  {30462, {0x007C, 0x3F80, 0x2080, 0x3FFC, 0x2080, 0x2FF8, 0x2808, 0x2808, 0x2FF8, 0x2808, 0x2808, 0x2FF8, 0x4808, 0x4808, 0x8FF8, 0x0808}},
  {30465, {0x0100, 0x1110, 0x1108, 0x2124, 0x40C0, 0x0300, 0x0C00, 0x3FF8, 0xD008, 0x1FF8, 0x1008, 0x1FF8, 0x1008, 0x1008, 0x1FF8, 0x1008}},
  {30468, {0x0000, 0x03FE, 0x7C20, 0x4420, 0x4520, 0x7D3E, 0x4522, 0x4522, 0x7D22, 0x45FE, 0x4402, 0x4402, 0x7C02, 0x4402, 0x0014, 0x0008}},
  {30471, {0x0040, 0x0040, 0x7840, 0x4948, 0x4944, 0x7A42, 0x4A42, 0x4C48, 0x7848, 0x4848, 0x4810, 0x4810, 0x7820, 0x4840, 0x0180, 0x0600}},
  {30472, {0x0040, 0x0040, 0x7840, 0x4BFC, 0x4A44, 0x7C48, 0x4840, 0x4840, 0x78A0, 0x48A0, 0x48A0, 0x4920, 0x7922, 0x4A22, 0x041E, 0x0800}},
  {30473, {0x0000, 0x3FF8, 0x2108, 0x2108, 0x3FF8, 0x2000, 0x2FF8, 0x2808, 0x2808, 0x2FF8, 0x2808, 0x2FF8, 0x4808, 0x4808, 0x8FF8, 0x0808}},
  {30475, {0x00F8, 0x7F00, 0x0100, 0x3FF8, 0x0200, 0xFFFE, 0x0400, 0x0800, 0x1FF0, 0x2810, 0x4FF0, 0x8810, 0x0FF0, 0x0810, 0x0FF0, 0x0810}},
  {30477, {0x0000, 0x01FE, 0x7D00, 0x4504, 0x4544, 0x7D28, 0x4528, 0x4510, 0x7D10, 0x4528, 0x4528, 0x4544, 0x7D84, 0x4500, 0x01FE, 0x0000}},
  {30489, {0x0020, 0x0020, 0x7C20, 0x4440, 0x4448, 0x7C84, 0x45FE, 0x4482, 0x7C00, 0x44FC, 0x4484, 0x4484, 0x7C84, 0x4484, 0x00FC, 0x0084}},
  {30490, {0x0100, 0x1100, 0x1FF8, 0x2100, 0x5FF0, 0x0100, 0xFFFE, 0x0000, 0x1FF0, 0x1010, 0x1FF0, 0x1010, 0x1FF0, 0x1010, 0x1FF0, 0x1010}},
  {30495, {0x0100, 0x0100, 0x7FFC, 0x0100, 0x1FF0, 0x1010, 0x1FF0, 0x1010, 0x1FF0, 0x1010, 0x1FF0, 0x1010, 0xFFFE, 0x0820, 0x1010, 0x2008}},
  {30496, {0x0000, 0x01FC, 0x7D04, 0x4504, 0x4504, 0x7DFC, 0x4520, 0x4520, 0x7DFE, 0x4520, 0x4520, 0x4510, 0x7D12, 0x454A, 0x0186, 0x0102}},
  {30498, {0x1000, 0x1EF8, 0x2288, 0x62A8, 0x9492, 0x0882, 0x307E, 0xC000, 0x1FF0, 0x1010, 0x1FF0, 0x1010, 0x1FF0, 0x1010, 0x1FF0, 0x1010}},
  {30502, {0x0090, 0x0090, 0x7890, 0x4A90, 0x4A92, 0x7AD4, 0x4A98, 0x4A90, 0x7A90, 0x4A90, 0x4A90, 0x4A92, 0x7AD2, 0x4F12, 0x020E, 0x0000}},
  {30504, {0x0008, 0x003C, 0x7BC0, 0x4800, 0x4840, 0x7820, 0x4BFC, 0x4808, 0x7810, 0x4820, 0x4840, 0x4880, 0x7900, 0x4A80, 0x047E, 0x0000}},
  {30505, {0x0040, 0x0020, 0x7820, 0x4BFE, 0x4840, 0x7840, 0x4888, 0x4908, 0x7BF0, 0x4820, 0x4840, 0x4888, 0x7904, 0x4BFC, 0x0104, 0x0000}},
  {30509, {0x0020, 0x0020, 0x7DFC, 0x4420, 0x4420, 0x7C20, 0x47FE, 0x4400, 0x7C20, 0x4420, 0x45FC, 0x4420, 0x7C20, 0x4420, 0x03FE, 0x0000}},
  {30511, {0x0020, 0x0020, 0x7924, 0x48A4, 0x48A8, 0x7820, 0x4820, 0x4BFE, 0x7870, 0x48A8, 0x48A8, 0x4924, 0x7924, 0x4A22, 0x0020, 0x0020}},
  {30517, {0x0020, 0x0020, 0x7C7C, 0x4484, 0x4548, 0x7C30, 0x4420, 0x4448, 0x7D90, 0x443E, 0x4442, 0x45A4, 0x7C18, 0x4410, 0x0060, 0x0180}},
  {30518, {0x0000, 0x01FE, 0x7D00, 0x4500, 0x45FE, 0x7D10, 0x4510, 0x457C, 0x7D10, 0x4510, 0x4510, 0x45FE, 0x7D00, 0x4500, 0x01FE, 0x0000}},
  {30519, {0x0100, 0x1110, 0x0920, 0x3FF8, 0x0200, 0x7FFC, 0x0820, 0x1010, 0x2FE8, 0xC826, 0x0FE0, 0x0820, 0x0FE0, 0x0820, 0x0FE0, 0x0820}},
  {30520, {0x0040, 0x0040, 0x7890, 0x4908, 0x4BFC, 0x7824, 0x4920, 0x4920, 0x79FC, 0x4A20, 0x4820, 0x4FFE, 0x7820, 0x4820, 0x0020, 0x0020}},
  {30522, {0x0090, 0x0090, 0x7890, 0x4A92, 0x4994, 0x7898, 0x4890, 0x4998, 0x7A94, 0x4C92, 0x4890, 0x4890, 0x7912, 0x4912, 0x0212, 0x040E}},
  {30524, {0x0000, 0x03F8, 0x7A08, 0x4A08, 0x4BF8, 0x7A08, 0x4A08, 0x4BF8, 0x7A44, 0x4A48, 0x4A30, 0x4A20, 0x7A10, 0x4A88, 0x0306, 0x0200}},
  {30528, {0x0820, 0x0440, 0x7FFC, 0x0100, 0x3FF8, 0x0200, 0xFFFE, 0x0400, 0x0FF0, 0x1810, 0x2FF0, 0xC810, 0x0FF0, 0x0810, 0x0FF0, 0x0810}},
  {30529, {0x0100, 0x0100, 0x79F0, 0x4A10, 0x4C20, 0x7BF8, 0x4848, 0x4848, 0x7BFE, 0x4848, 0x4848, 0x4BF8, 0x7848, 0x4840, 0x0140, 0x0080}},
  {30531, {0x0040, 0x0040, 0x7888, 0x4904, 0x4BFE, 0x7802, 0x4888, 0x4944, 0x7A42, 0x48F8, 0x4988, 0x4A50, 0x7820, 0x4850, 0x0188, 0x0606}},
  {30535, {0x0108, 0x0088, 0x7890, 0x4BFC, 0x4824, 0x7824, 0x4BFC, 0x4A20, 0x7A20, 0x4BFE, 0x4862, 0x48A2, 0x792A, 0x4A24, 0x0420, 0x0020}},
  {30544, {0x0020, 0x0020, 0x7820, 0x4BFE, 0x4820, 0x7924, 0x48A4, 0x48A8, 0x7BFE, 0x4870, 0x48A8, 0x48A8, 0x7924, 0x4A22, 0x0420, 0x0020}},
  {30545, {0x0040, 0x0040, 0x78A0, 0x48A0, 0x4910, 0x7A08, 0x4DF6, 0x4800, 0x7888, 0x4848, 0x4A48, 0x4950, 0x7910, 0x4820, 0x07FE, 0x0000}},
  {30554, {0x0000, 0x03FE, 0x7A10, 0x4A10, 0x4AFE, 0x7A10, 0x4A10, 0x4BFE, 0x7A00, 0x4A10, 0x4A10, 0x4AFE, 0x7A10, 0x4C10, 0x05FE, 0x0800}},
  {30555, {0x0020, 0x0020, 0x7BFE, 0x4820, 0x49FC, 0x7820, 0x4BFE, 0x4800, 0x79FC, 0x4904, 0x49FC, 0x4904, 0x79FC, 0x4904, 0x0114, 0x0108}},
  {30561, {0x0010, 0x0078, 0xF3C0, 0x9040, 0x9040, 0xF7FC, 0x9248, 0x9248, 0xF7FE, 0x9248, 0x9248, 0x97FC, 0xF040, 0x9040, 0x07FC, 0x0000}},
  {30562, {0x00A0, 0x0090, 0x7880, 0x49FE, 0x4910, 0x7B10, 0x4DFC, 0x4910, 0x7910, 0x49FC, 0x4910, 0x4910, 0x7910, 0x49FE, 0x0100, 0x0100}},
  {30563, {0x0800, 0x0EFC, 0x0844, 0xFF44, 0x0828, 0x2A10, 0x4928, 0x0844, 0x1FF2, 0x1010, 0x1FF0, 0x1010, 0x1FF0, 0x1010, 0x1FF0, 0x1010}},
  {30565, {0x0040, 0x0080, 0x7BFC, 0x4A24, 0x4A24, 0x7BFC, 0x4A24, 0x4A44, 0x7BFC, 0x4890, 0x4910, 0x4FFE, 0x7810, 0x4810, 0x0010, 0x0010}},
  {30566, {0x0020, 0x0020, 0x79FC, 0x4820, 0x4820, 0x7BFE, 0x4888, 0x4904, 0x7A22, 0x4820, 0x49FC, 0x4820, 0x7820, 0x4820, 0x03FE, 0x0000}},
  {30568, {0x0000, 0x0040, 0x7B9C, 0x4A04, 0x4A04, 0x7B9C, 0x4A04, 0x4A04, 0x7BFC, 0x4890, 0x4890, 0x4890, 0x7890, 0x4912, 0x0212, 0x040E}},
  {30571, {0x0020, 0x0020, 0x7BFE, 0x4820, 0x49FC, 0x7824, 0x4BFE, 0x4824, 0x79FC, 0x4820, 0x4920, 0x493E, 0x7920, 0x4AA0, 0x027E, 0x0400}},
  {30572, {0x0008, 0x003C, 0x7BC0, 0x4844, 0x4A24, 0x7928, 0x4900, 0x4820, 0x7BFE, 0x4870, 0x48A8, 0x48A8, 0x7924, 0x4A22, 0x0420, 0x0020}},
  {30585, {0x0040, 0x0044, 0x7BF4, 0x4848, 0x4850, 0x7FFE, 0x4840, 0x4880, 0x79FC, 0x4B04, 0x4D04, 0x49FC, 0x7904, 0x4904, 0x01FC, 0x0104}},
  {30589, {0x0010, 0x03D4, 0x7858, 0x4A52, 0x498C, 0x7888, 0x4904, 0x4AFA, 0x7820, 0x4820, 0x4BFE, 0x4820, 0x7850, 0x4888, 0x0104, 0x0202}},
  {30590, {0x0400, 0x0800, 0x7FFC, 0x4444, 0x7FFC, 0x0100, 0x3FF8, 0x0100, 0xFFFE, 0x0820, 0x0440, 0x3FF8, 0x0100, 0xFFFE, 0x0100, 0x0100}},
  {30591, {0x0100, 0x01F8, 0x0100, 0x7FFE, 0x4002, 0x9FF4, 0x0920, 0x3290, 0x0C60, 0x3FF8, 0xD016, 0x1FF0, 0x1010, 0x1FF0, 0x1010, 0x1FF0}},
  {30592, {0x7E20, 0x243E, 0x1848, 0xFFA8, 0x2910, 0x4A28, 0x9846, 0x0000, 0x1FF0, 0x1010, 0x1FF0, 0x1010, 0x1FF0, 0x1010, 0x1FF0, 0x1010}},
  {30596, {0x0088, 0x0088, 0x7BFE, 0x4888, 0x4888, 0x7800, 0x49FC, 0x4924, 0x7924, 0x4924, 0x49FC, 0x4924, 0x7924, 0x4924, 0x01FC, 0x0104}},
  {30597, {0x0088, 0x01C8, 0xF708, 0x9108, 0x912A, 0xF12A, 0x97AC, 0x9148, 0xF308, 0x9388, 0x9554, 0x9514, 0xF914, 0x9124, 0x0124, 0x0142}},
  {30604, {0x0020, 0x0020, 0x79FC, 0x4820, 0x4820, 0x7BFE, 0x4880, 0x4904, 0x7BFE, 0x4802, 0x4BFC, 0x4A94, 0x7A94, 0x4A94, 0x07FE, 0x0000}},
  {30605, {0x0140, 0x065C, 0xF444, 0x9444, 0x975C, 0xF444, 0x9444, 0x97FC, 0xF040, 0x97FC, 0x9208, 0x9110, 0xF0A0, 0x9040, 0x01B0, 0x0E0E}},
  {30606, {0x0040, 0x0020, 0x7BFE, 0x4A02, 0x4C24, 0x79FC, 0x4820, 0x49FC, 0x7820, 0x4BFE, 0x4820, 0x49FC, 0x7904, 0x4904, 0x01FC, 0x0104}},
  {30609, {0x0000, 0x03FE, 0x7A02, 0x4800, 0x49FC, 0x7904, 0x49FC, 0x4904, 0x79FC, 0x4840, 0x4820, 0x4BFE, 0x7800, 0x4888, 0x0104, 0x0202}},
  {30610, {0x0108, 0x0108, 0xF7FE, 0x9108, 0x9000, 0xF7FE, 0x9090, 0x9090, 0xF7FE, 0x9492, 0x9492, 0x956A, 0xF646, 0x9402, 0x040A, 0x0404}},
  {30623, {0x0000, 0x03FE, 0x7850, 0x49FC, 0x4954, 0x7954, 0x49FC, 0x4800, 0x79FC, 0x4800, 0x4BFE, 0x4820, 0x78A8, 0x4924, 0x02A2, 0x0040}},
  {30624, {0x0020, 0x0124, 0x78A8, 0x4BFE, 0x4A02, 0x78F8, 0x4888, 0x4888, 0x78F8, 0x4820, 0x4820, 0x49FC, 0x7820, 0x4820, 0x03FE, 0x0000}},
  {30626, {0x0820, 0xFFFE, 0x0820, 0x3FF8, 0x2448, 0x3FF8, 0x0000, 0x7FFE, 0x4002, 0x9FF4, 0x1010, 0x1FF0, 0x1010, 0x1FF0, 0x1010, 0x1FF0}},
  {30629, {0x0820, 0x4920, 0x2A3E, 0x7F48, 0x4948, 0x5DA8, 0x6B10, 0x4928, 0x4346, 0x1FF0, 0x1010, 0x1FF0, 0x1010, 0x1FF0, 0x1010, 0x1FF0}},
  {30631, {0x00A0, 0x0090, 0x79FE, 0x4910, 0x4B10, 0x7DFE, 0x4910, 0x4910, 0x79FE, 0x4910, 0x4910, 0x49FE, 0x7900, 0x4AA4, 0x0252, 0x0452}},
  {30633, {0x0000, 0x07FC, 0xF404, 0x97FC, 0x9400, 0xF5FC, 0x9420, 0x95FC, 0xF524, 0x95FC, 0x9420, 0x97FE, 0xF62A, 0x96FA, 0x0A0A, 0x1206}},
  {30634, {0x0020, 0x07A4, 0xF0A8, 0x9292, 0x9114, 0xF208, 0x95F4, 0x9802, 0xF3F8, 0x9208, 0x9208, 0x93F8, 0xF208, 0x9110, 0x0FFE, 0x0000}},
  {30636, {0x003C, 0x07C0, 0xF044, 0x9224, 0x9108, 0xF7FE, 0x9402, 0x9A08, 0xF208, 0x93BE, 0x9488, 0x9AA8, 0xF13E, 0x9208, 0x0408, 0x0808}},
  {30640, {0x0008, 0x0788, 0xF088, 0x9110, 0x9FDE, 0xF494, 0x94A4, 0x9794, 0xF494, 0x9794, 0x9494, 0x94C8, 0xF788, 0x9C94, 0x00A4, 0x00C2}},
  {30643, {0x0020, 0x01FC, 0x7888, 0x4850, 0x4BFE, 0x7800, 0x49FC, 0x4924, 0x79FC, 0x4924, 0x49FC, 0x4820, 0x79FC, 0x4820, 0x03FE, 0x0000}},
  {30645, {0x0040, 0x0248, 0xF150, 0x97FC, 0x9150, 0xF248, 0x9444, 0x9208, 0xF208, 0x93BE, 0x9488, 0x9AA8, 0xF13E, 0x9208, 0x0408, 0x0808}},
  {30651, {0x0100, 0x01F8, 0x7A08, 0x4FFE, 0x4A88, 0x7B24, 0x4BFE, 0x4A00, 0x7AFC, 0x4A00, 0x4AFC, 0x4A00, 0x7AFC, 0x4C84, 0x04FC, 0x0884}},
  {30653, {0x0810, 0xFF7E, 0x0810, 0x7E7C, 0x4244, 0x7E28, 0x2418, 0xFEE6, 0x0000, 0x1FF0, 0x1010, 0x1FF0, 0x1010, 0x1FF0, 0x1010, 0x1FF0}},
  {30655, {0x3EF8, 0x2288, 0x3EF8, 0x2288, 0x3EF8, 0x2288, 0x3EF8, 0x0880, 0x1FFC, 0x3080, 0x5FF8, 0x9080, 0x1FF8, 0x1080, 0x1FFC, 0x1000}},
  {30669, {0x7CF8, 0x4488, 0x7CF8, 0x4488, 0x7CF8, 0x0900, 0x1FF8, 0x3100, 0x5FF0, 0x9100, 0x1FFC, 0x1000, 0x3FF0, 0x0820, 0x07C0, 0xF83E}},
  {30679, {0x0100, 0x3FF8, 0x0100, 0x0FE0, 0x0820, 0x0920, 0x0920, 0x7FFC, 0x0820, 0x7EFC, 0x0820, 0x3EF8, 0x2288, 0x2AA8, 0x2AA8, 0xFFFE}},
  {30683, {0x0000, 0x1FF0, 0x0010, 0x0220, 0x0140, 0x0080, 0x7FFE, 0x0182, 0x0284, 0x0480, 0x0880, 0x1080, 0x2080, 0xC080, 0x0280, 0x0100}},
  {30684, {0x0020, 0x7E20, 0x0250, 0x2450, 0x1888, 0x0944, 0xFE22, 0x0A20, 0x1800, 0x19FC, 0x2804, 0x4808, 0x8808, 0x0810, 0x2810, 0x1020}},
  {30690, {0x0800, 0x0800, 0x0800, 0x1FF8, 0x1100, 0x2100, 0x4100, 0x0100, 0xFFFE, 0x0100, 0x0280, 0x0280, 0x0440, 0x0820, 0x3018, 0xC006}},
  {30691, {0x0200, 0x0400, 0x0820, 0x1010, 0x3FF8, 0x0808, 0x0800, 0x1FF0, 0x2100, 0x0100, 0x7FFC, 0x0280, 0x0440, 0x0820, 0x3018, 0xC006}},
  {30693, {0x2000, 0x2000, 0x207C, 0x7E44, 0x4844, 0x8844, 0x0844, 0x0844, 0xFF44, 0x0844, 0x1444, 0x1444, 0x227C, 0x2244, 0x4200, 0x8000}},
  {30695, {0x2004, 0x21E4, 0x3C24, 0x5024, 0x9024, 0x11E4, 0x1104, 0xFF04, 0x1104, 0x11E4, 0x1024, 0x2824, 0x2424, 0x4424, 0x4144, 0x8084}},
  {30697, {0x2000, 0x21FE, 0x3D00, 0x5100, 0x9100, 0x11FC, 0x1104, 0xFF04, 0x1104, 0x1104, 0x11FC, 0x2900, 0x2500, 0x4500, 0x41FE, 0x8000}},
  {30699, {0x2008, 0x203C, 0x21E0, 0x7C20, 0x5020, 0x93FE, 0x1050, 0xFC88, 0x1104, 0x128A, 0x1088, 0x2888, 0x2488, 0x4508, 0x4108, 0x8208}},
  {30700, {0x2020, 0x2020, 0x2124, 0x7D24, 0x5124, 0x9124, 0x12AA, 0xFC72, 0x1020, 0x1020, 0x11FC, 0x2820, 0x2420, 0x4420, 0x43FE, 0x8000}},
  {30701, {0x2000, 0x21FE, 0x3C00, 0x5000, 0x90FC, 0x1084, 0x1084, 0xFE84, 0x10FC, 0x1000, 0x1084, 0x2844, 0x2448, 0x4400, 0x41FE, 0x8000}},
  {30702, {0x201C, 0x21E0, 0x3C20, 0x5020, 0x93FE, 0x10A8, 0x1124, 0xFE42, 0x1040, 0x13FE, 0x1088, 0x2908, 0x24D0, 0x4430, 0x4048, 0x8184}},
  {30707, {0x0000, 0xFFFE, 0x0200, 0x0200, 0x0400, 0x0400, 0x0800, 0x0FF8, 0x1808, 0x2808, 0x4808, 0x8808, 0x0808, 0x0808, 0x0FF8, 0x0808}},
  {30710, {0x0000, 0x01F0, 0xF910, 0x2110, 0x2110, 0x4110, 0x7910, 0xC910, 0x4910, 0x4910, 0x4910, 0x4912, 0x7A12, 0x4212, 0x040E, 0x0800}},
  {30712, {0x0000, 0x01FC, 0xFC20, 0x1020, 0x1020, 0x2020, 0x3C20, 0x67FE, 0x6420, 0xA420, 0x2420, 0x2420, 0x3C20, 0x2420, 0x2020, 0x0020}},
  {30717, {0x0040, 0x0040, 0xFC40, 0x107E, 0x1082, 0x2082, 0x3D42, 0x6624, 0x6414, 0xA408, 0x2408, 0x2410, 0x3C20, 0x2440, 0x2080, 0x0300}},
  {30718, {0x0000, 0x01F0, 0xF910, 0x2110, 0x2110, 0x4110, 0x7990, 0xC950, 0x4950, 0x4910, 0x4910, 0x4912, 0x7A12, 0x4212, 0x040E, 0x0800}},
  {30719, {0x0020, 0x0010, 0xFC10, 0x10FE, 0x1080, 0x2080, 0x3C80, 0x6480, 0x6480, 0xA480, 0x2480, 0x2480, 0x3C80, 0x2500, 0x2100, 0x0200}},
  {30720, {0x0000, 0x01F8, 0xFC10, 0x1020, 0x1040, 0x2080, 0x3DFE, 0x6492, 0x6492, 0xA492, 0x2512, 0x2522, 0x3E22, 0x2442, 0x2094, 0x0108}},
  {30721, {0x0000, 0x01F8, 0xFC08, 0x1008, 0x1088, 0x2088, 0x3C88, 0x64FE, 0x6402, 0xA402, 0x2402, 0x25FA, 0x3C02, 0x2402, 0x2014, 0x0008}},
  {30722, {0x0020, 0x0020, 0xFC20, 0x10A8, 0x10A4, 0x20A2, 0x3D22, 0x6520, 0x6624, 0xA424, 0x2428, 0x2408, 0x3C10, 0x2420, 0x20C0, 0x0300}},
  {30729, {0x0100, 0x0100, 0x7FFC, 0x0100, 0x3FF8, 0x0100, 0x7FFC, 0x0100, 0x7FFC, 0x0400, 0x0800, 0x3FF0, 0xC810, 0x0810, 0x0FF0, 0x0810}},
  {30732, {0x0000, 0x0100, 0xF97E, 0x2112, 0x2112, 0x4112, 0x79D2, 0x4F12, 0xC912, 0x4912, 0x4952, 0x4992, 0x7922, 0x4822, 0x004A, 0x0084}},
  {30733, {0x0040, 0x0040, 0xFC40, 0x107C, 0x1084, 0x2088, 0x3D20, 0x6420, 0x6420, 0xA450, 0x2450, 0x2450, 0x3C88, 0x2488, 0x2104, 0x0202}},
  {30737, {0x0000, 0x03FC, 0xF810, 0x2110, 0x2110, 0x4110, 0x7A10, 0xCBFE, 0x4830, 0x4850, 0x4890, 0x4910, 0x7A10, 0x4410, 0x0050, 0x0020}},
  {30738, {0x0010, 0x0110, 0xFD10, 0x1112, 0x1112, 0x2114, 0x3DD8, 0x6510, 0x6510, 0xA510, 0x2510, 0x2512, 0x3D52, 0x2592, 0x210E, 0x0000}},
  {30740, {0x0000, 0x01FC, 0xFC88, 0x1088, 0x1088, 0x2088, 0x3C88, 0x67FE, 0x6488, 0xA488, 0x2488, 0x2488, 0x3C88, 0x2508, 0x2108, 0x0208}},
  {30742, {0x0020, 0x0020, 0xFC20, 0x11FC, 0x1020, 0x2040, 0x3DFE, 0x6440, 0x6480, 0xA5FC, 0x2404, 0x2488, 0x3C50, 0x2420, 0x2010, 0x0010}},
  {30743, {0x0040, 0x0040, 0xFC40, 0x13FE, 0x1080, 0x20A0, 0x3D20, 0x65FC, 0x6420, 0xA420, 0x2420, 0x27FE, 0x3C20, 0x2420, 0x2020, 0x0020}},
  {30744, {0x0020, 0x0020, 0xFC20, 0x13FE, 0x1020, 0x2124, 0x3D24, 0x6524, 0x6524, 0xA5FC, 0x2424, 0x2420, 0x3C22, 0x2422, 0x201E, 0x0000}},
  {30746, {0x0000, 0x01FC, 0xFD04, 0x1104, 0x1124, 0x2124, 0x3D24, 0x6524, 0x6524, 0xA554, 0x2450, 0x2490, 0x3C90, 0x2512, 0x2212, 0x040E}},
  {30748, {0x0000, 0x03F8, 0xFA08, 0x2208, 0x2328, 0x42A8, 0x7AA8, 0xCA48, 0x4A48, 0x4AA8, 0x4AA8, 0x4B2A, 0x7C0A, 0x440A, 0x0806, 0x1002}},
  {30749, {0x0020, 0x0020, 0xFC20, 0x11FC, 0x1020, 0x2020, 0x3C20, 0x65FE, 0x6420, 0xA420, 0x2440, 0x2448, 0x3C84, 0x25FE, 0x2082, 0x0000}},
  {30751, {0x0080, 0x0080, 0xFC80, 0x10FE, 0x1140, 0x2140, 0x3E40, 0x647C, 0x6440, 0xA440, 0x2440, 0x247E, 0x3C40, 0x2440, 0x2040, 0x0040}},
  {30755, {0x0020, 0x0010, 0xFC10, 0x11FE, 0x1102, 0x2204, 0x3C80, 0x6488, 0x6490, 0xA4A0, 0x24C0, 0x2482, 0x3C82, 0x2482, 0x207E, 0x0000}},
  {30757, {0x0004, 0x001E, 0xFDF0, 0x1110, 0x1110, 0x2110, 0x3D10, 0x65FE, 0x6510, 0xA510, 0x2510, 0x2508, 0x3D0A, 0x254A, 0x21A6, 0x0112}},
  {30758, {0x0880, 0x0888, 0x2E90, 0x28E0, 0x2884, 0x2E84, 0xF07C, 0x0000, 0x7FFC, 0x0400, 0x0800, 0x3FF0, 0xC810, 0x0810, 0x0FF0, 0x0810}},
  {30759, {0x0020, 0x0020, 0xFC20, 0x1020, 0x103E, 0x2020, 0x3C20, 0x6420, 0x65FC, 0xA504, 0x2504, 0x2504, 0x3D04, 0x2504, 0x21FC, 0x0104}},
  {30761, {0x0090, 0x0090, 0xF890, 0x23FC, 0x2094, 0x4094, 0x7BFC, 0x4A90, 0xCA90, 0x4BFE, 0x4892, 0x4892, 0x791A, 0x4914, 0x0210, 0x0410}},
  {30764, {0x0040, 0x0020, 0xFC20, 0x1000, 0x11FE, 0x2000, 0x3C04, 0x6484, 0x6484, 0xA448, 0x2448, 0x2448, 0x3C50, 0x2410, 0x23FE, 0x0000}},
  {30765, {0x0004, 0x001E, 0xFDE0, 0x1000, 0x1020, 0x2010, 0x3DFE, 0x6404, 0x6408, 0xA410, 0x2420, 0x2440, 0x3C80, 0x2540, 0x223E, 0x0000}},
  {30768, {0x0000, 0x01FC, 0xFC20, 0x1020, 0x1124, 0x20A4, 0x3CA8, 0x6420, 0x67FE, 0xA420, 0x2420, 0x2420, 0x3C20, 0x2420, 0x2020, 0x0020}},
  {30772, {0x0010, 0x0010, 0xFC10, 0x11FE, 0x1112, 0x2114, 0x3D10, 0x65FC, 0x6544, 0xA544, 0x2528, 0x2528, 0x3D10, 0x2628, 0x2244, 0x0482}},
  {30775, {0x0020, 0x0020, 0xFC20, 0x11FC, 0x1124, 0x2124, 0x3D24, 0x65FC, 0x6524, 0xA524, 0x2524, 0x25FC, 0x3D24, 0x2420, 0x2020, 0x0020}},
  {30776, {0x0000, 0x03FE, 0xFA10, 0x2210, 0x2210, 0x42FE, 0x7A92, 0x4A92, 0xCA92, 0x4A92, 0x4A9A, 0x4A94, 0x7A10, 0x4A10, 0x03FE, 0x0000}},
  {30777, {0x0110, 0x0110, 0xFBFC, 0x2110, 0x2110, 0x4000, 0x7A08, 0xCA08, 0x4910, 0x4910, 0x48A0, 0x4840, 0x78A0, 0x4110, 0x0208, 0x0C06}},
  {30778, {0x0000, 0x01FE, 0xFD00, 0x1100, 0x1100, 0x21FE, 0x3D20, 0x6520, 0x653C, 0xA524, 0x2524, 0x2524, 0x3D24, 0x2244, 0x0254, 0x0488}},
  {30779, {0x0440, 0x0420, 0xFFFC, 0x0910, 0x1160, 0x2184, 0x4F04, 0x80FC, 0x0000, 0xFFFE, 0x0800, 0x1FF8, 0x2808, 0xC808, 0x0FF8, 0x0808}},
  {30780, {0x0020, 0x0020, 0xFC50, 0x1050, 0x1088, 0x2104, 0x3E02, 0x6400, 0x65FC, 0xA420, 0x2420, 0x2420, 0x3C20, 0x2420, 0x23FE, 0x0000}},
  {30782, {0x0008, 0x001C, 0xFDE0, 0x1100, 0x1120, 0x2120, 0x3D20, 0x65FE, 0x6420, 0xA420, 0x24A8, 0x24A4, 0x3D22, 0x2622, 0x20A0, 0x0040}},
  {30784, {0x0020, 0x0020, 0xFD24, 0x1124, 0x1124, 0x2124, 0x3DFC, 0x6420, 0x6420, 0xA524, 0x2524, 0x2524, 0x3D24, 0x2524, 0x21FC, 0x0004}},
  {30789, {0x0020, 0x0020, 0xF9FC, 0x2020, 0x2020, 0x4020, 0x7BFE, 0x4800, 0xC820, 0x4820, 0x49FC, 0x4820, 0x7820, 0x4820, 0x03FE, 0x0000}},
  {30791, {0x0020, 0x0020, 0xFC40, 0x11FC, 0x1104, 0x2104, 0x3D94, 0x6554, 0x6524, 0xA524, 0x2554, 0x2594, 0x3D04, 0x2504, 0x21FC, 0x0104}},
  {30796, {0x0040, 0x0040, 0xFC78, 0x1088, 0x1150, 0x2020, 0x3C50, 0x6488, 0x6506, 0xA4F8, 0x2488, 0x2488, 0x3C88, 0x2488, 0x20F8, 0x0088}},
  {30798, {0x0002, 0x07E2, 0xFA42, 0x224A, 0x224A, 0x424A, 0x7A4A, 0x4FEA, 0xCA4A, 0x4A4A, 0x4A4A, 0x4A4A, 0x7A42, 0x4C42, 0x044A, 0x0844}},
  {30800, {0x0000, 0x01FE, 0xFD02, 0x1102, 0x117A, 0x2102, 0x3D02, 0x657A, 0x654A, 0xA54A, 0x254A, 0x257A, 0x3D02, 0x2502, 0x210A, 0x0104}},
  {30802, {0x0000, 0x03FE, 0xFC50, 0x1050, 0x11FC, 0x2154, 0x3D54, 0x6554, 0x6554, 0xA554, 0x258C, 0x2504, 0x3D04, 0x2504, 0x21FC, 0x0104}},
  {30805, {0x0000, 0x03FE, 0xFC20, 0x1040, 0x11FC, 0x2104, 0x3D04, 0x6524, 0x6524, 0xA524, 0x2524, 0x2544, 0x3C50, 0x2488, 0x2104, 0x0204}},
  {30806, {0x0020, 0x0020, 0xFC20, 0x11FC, 0x1020, 0x2124, 0x3CA4, 0x64A8, 0x6420, 0xA7FE, 0x2450, 0x2450, 0x3C88, 0x2488, 0x2104, 0x0202}},
  {30807, {0x0080, 0x0080, 0xF8BC, 0x23C0, 0x2050, 0x4024, 0x78D4, 0x4B0C, 0xC800, 0x4BFE, 0x4890, 0x4890, 0x7912, 0x4912, 0x020E, 0x0400}},
  {30813, {0x0020, 0x0124, 0xFCA4, 0x10A8, 0x1020, 0x21FC, 0x3D04, 0x6504, 0x65FC, 0xA504, 0x2504, 0x25FC, 0x3D04, 0x2504, 0x2114, 0x0108}},
  {30826, {0x0010, 0x00D8, 0xFB94, 0x2094, 0x2090, 0x43FE, 0x7890, 0x4894, 0xC894, 0x48D8, 0x4B98, 0x4890, 0x78AA, 0x48CA, 0x0286, 0x0102}},
  {30827, {0x0040, 0x0020, 0xFBFC, 0x2040, 0x2090, 0x4108, 0x7BFC, 0x4804, 0xC950, 0x4950, 0x4950, 0x4950, 0x7A50, 0x4A52, 0x0452, 0x080E}},
  {30828, {0x0000, 0x01FE, 0xFC20, 0x1020, 0x11FC, 0x2124, 0x3D24, 0x65FC, 0x6524, 0xA524, 0x25FC, 0x2520, 0x3CA0, 0x2440, 0x20B0, 0x030E}},
  {30829, {0x0048, 0x0048, 0xFDFE, 0x1048, 0x1048, 0x2020, 0x3C10, 0x65FE, 0x6480, 0xA480, 0x2480, 0x2480, 0x3C80, 0x2480, 0x20FC, 0x0000}},
  {30830, {0x0040, 0x0040, 0xFC7C, 0x1084, 0x1108, 0x22FE, 0x3C92, 0x6492, 0x64FE, 0xA492, 0x2492, 0x24FE, 0x3C92, 0x2512, 0x210A, 0x0204}},
  {30839, {0x0040, 0x0040, 0xF8A0, 0x20A0, 0x2110, 0x4208, 0x7DF6, 0x4800, 0xC888, 0x4848, 0x4A48, 0x4950, 0x7910, 0x4820, 0x07FE, 0x0000}},
  {30844, {0x0000, 0x03DE, 0xFA52, 0x2252, 0x2252, 0x43DE, 0x7A52, 0x4A52, 0xCA52, 0x4BDE, 0x4A52, 0x4A52, 0x7A52, 0x4A52, 0x0552, 0x08A6}},
  {30855, {0x0040, 0x0020, 0xFBFE, 0x2202, 0x2404, 0x4000, 0x7BFE, 0x4820, 0xC820, 0x4920, 0x493C, 0x4920, 0x7AA0, 0x4A60, 0x043E, 0x0800}},
  {30857, {0x0000, 0x01FC, 0xFD24, 0x1124, 0x1174, 0x2124, 0x3DFC, 0x6504, 0x6574, 0xA554, 0x2554, 0x2574, 0x3D04, 0x2204, 0x0214, 0x0408}},
  {30860, {0x0000, 0x01F8, 0xF808, 0x2008, 0x21F8, 0x4008, 0x7808, 0x4BFE, 0xC820, 0x4A22, 0x4974, 0x48A8, 0x7924, 0x4A22, 0x00A0, 0x0040}},
  {30861, {0x0000, 0x01F8, 0xFD08, 0x11F8, 0x1108, 0x21F8, 0x3C00, 0x65FC, 0x6410, 0xA7FE, 0x2410, 0x2510, 0x3C90, 0x2410, 0x2050, 0x0020}},
  {30862, {0x0040, 0x0020, 0xFDFE, 0x1000, 0x1088, 0x2088, 0x3D54, 0x6622, 0x6400, 0xA420, 0x27FE, 0x2420, 0x3C20, 0x2420, 0x2020, 0x0020}},
  {30865, {0x0040, 0x0080, 0xFDFC, 0x1124, 0x1124, 0x21FC, 0x3D24, 0x6544, 0x65FC, 0xA490, 0x2510, 0x27FE, 0x3C10, 0x2410, 0x2010, 0x0010}},
  {30867, {0x0050, 0x0048, 0xFC80, 0x10FE, 0x1190, 0x2290, 0x3CFC, 0x6490, 0x6490, 0xA4FC, 0x2490, 0x2490, 0x3C90, 0x24FE, 0x2080, 0x0080}},
  {30871, {0x0040, 0x0020, 0xFBFE, 0x2202, 0x2504, 0x4100, 0x79DE, 0x4A52, 0xCA52, 0x4B52, 0x4C9A, 0x4894, 0x7910, 0x4912, 0x0212, 0x040E}},
  {30872, {0x0050, 0x0050, 0xFC50, 0x11FC, 0x1154, 0x2154, 0x3D54, 0x65FC, 0x6554, 0xA554, 0x2554, 0x27FE, 0x3C00, 0x2488, 0x2104, 0x0202}},
  {30874, {0x0040, 0x0020, 0xFDFC, 0x1000, 0x1108, 0x2090, 0x3C00, 0x67FE, 0x6400, 0xA400, 0x25FC, 0x2504, 0x3D04, 0x2504, 0x21FC, 0x0104}},
  {30875, {0x0020, 0x0020, 0xFBFE, 0x2020, 0x21FC, 0x4020, 0x7BFE, 0x4800, 0xC9FC, 0x4904, 0x4924, 0x4924, 0x7924, 0x4850, 0x0088, 0x0304}},
  {30876, {0x0080, 0x0090, 0xF908, 0x23FC, 0x2040, 0x47FE, 0x7910, 0x4A48, 0xCC86, 0x4B10, 0x4820, 0x48C4, 0x7B08, 0x4830, 0x00C0, 0x0700}},
  {30879, {0x0090, 0x0290, 0xFA90, 0x27FE, 0x2290, 0x4290, 0x7AF0, 0xCA00, 0x4BFC, 0x4840, 0x4FFE, 0x48E0, 0x7950, 0x4248, 0x0C46, 0x0040}},
  {30881, {0x0020, 0x01FE, 0xFC20, 0x10FC, 0x1020, 0x21FE, 0x3C00, 0x64FC, 0x64A4, 0xA494, 0x25FE, 0x24A4, 0x3D14, 0x25FE, 0x2004, 0x0018}},
  {30883, {0x0000, 0x01FC, 0xFD04, 0x11FC, 0x1104, 0x21FC, 0x3C80, 0x65FE, 0x6622, 0xA522, 0x2552, 0x2502, 0x3DFA, 0x2402, 0x2014, 0x0008}},
  {30885, {0x0080, 0x0040, 0xFBFC, 0x2204, 0x2204, 0x43FC, 0x7A00, 0xCA00, 0x4BFC, 0x4B54, 0x4B54, 0x4DFC, 0x7D54, 0x4554, 0x0944, 0x010C}},
  {30887, {0x0020, 0xFE40, 0x10FC, 0x7C84, 0x10FC, 0x1E84, 0xF0FC, 0x0000, 0x7FFC, 0x0400, 0x0800, 0x3FF0, 0xC810, 0x0810, 0x0FF0, 0x0810}},
  {30896, {0x0108, 0x0090, 0xF800, 0x23FC, 0x2090, 0x4090, 0x7892, 0x4C92, 0xCA94, 0x4A98, 0x4890, 0x4890, 0x7890, 0x4890, 0x07FE, 0x0000}},
  {30897, {0x0014, 0x0012, 0xF010, 0x27FE, 0x2410, 0x4410, 0x75D0, 0xD412, 0x5412, 0x55D4, 0x5554, 0x5548, 0x75DA, 0x542A, 0x0846, 0x1082}},
  {30898, {0x0040, 0x0020, 0xF9FC, 0x2000, 0x2088, 0x4050, 0x7BFE, 0x4A22, 0xCC24, 0x49FC, 0x4924, 0x4924, 0x7934, 0x4928, 0x0020, 0x0020}},
  {30899, {0x0020, 0x0124, 0xF924, 0x2124, 0x21FC, 0x4080, 0x7880, 0x4BFE, 0xC890, 0x4910, 0x4952, 0x4A54, 0x7AA8, 0x4C28, 0x0844, 0x0082}},
  {30900, {0x0020, 0x0020, 0xFBFE, 0x2070, 0x20A8, 0x4124, 0x7A22, 0x49FC, 0xC904, 0x49FC, 0x4904, 0x49FC, 0x7904, 0x4800, 0x03FE, 0x0000}},
  {30905, {0x0040, 0x0020, 0xFBFE, 0x2202, 0x2404, 0x41FC, 0x7800, 0x49FC, 0xC904, 0x49FC, 0x4904, 0x49FC, 0x7904, 0x4800, 0x03FE, 0x0000}},
  {30910, {0x0000, 0x01FE, 0xFD02, 0x1102, 0x11FE, 0x2124, 0x3D24, 0x657E, 0x6524, 0xA524, 0x25FE, 0x2552, 0x3D54, 0x2648, 0x2264, 0x0442}},
  {30913, {0x0108, 0x0088, 0xF090, 0x27FE, 0x2108, 0x4108, 0x7210, 0xD294, 0x54A4, 0x5738, 0x5108, 0x5210, 0x7210, 0x54A4, 0x07BC, 0x0084}},
  {30917, {0x0040, 0x0020, 0xFBFC, 0x2108, 0x2090, 0x43FE, 0x7A02, 0x4C44, 0xC820, 0x4BFC, 0x4880, 0x48F8, 0x7888, 0x4908, 0x0128, 0x0210}},
  {30921, {0x03F0, 0x0110, 0xF0E0, 0x2318, 0x2000, 0x47BC, 0x74A4, 0xD318, 0x54A4, 0x5040, 0x57FC, 0x50E0, 0x7150, 0x5248, 0x0C46, 0x0040}},
  {30922, {0x7FFC, 0x0400, 0x0800, 0x1FF0, 0x2810, 0x4810, 0x8FF0, 0x0000, 0x7EFE, 0x1020, 0x2040, 0x7EFC, 0xA344, 0x2244, 0x3E7C, 0x2244}},
  {30923, {0x0084, 0x0044, 0xFC48, 0x11FE, 0x1020, 0x20FC, 0x3C20, 0x65FE, 0x6440, 0xA480, 0x24FE, 0x2510, 0x3E10, 0x2410, 0x21FE, 0x0000}},
  {30928, {0x0878, 0x3E48, 0x228E, 0x2A00, 0x7EF8, 0x2248, 0x2A30, 0x46CC, 0x0000, 0xFFFE, 0x0800, 0x1FF8, 0x2808, 0xC808, 0x0FF8, 0x0808}},
  {30932, {0x0208, 0x0208, 0xF3BE, 0x2488, 0x2AA8, 0x413E, 0x7208, 0xD448, 0x5848, 0x57FC, 0x50E0, 0x5150, 0x7248, 0x5C46, 0x0040, 0x0040}},
  {30933, {0x0020, 0x0020, 0xFCFC, 0x1020, 0x1020, 0x21FE, 0x3C40, 0x6484, 0x65FE, 0xA402, 0x25FC, 0x2554, 0x3D54, 0x2554, 0x23FE, 0x0000}},
  {30937, {0x0040, 0x0020, 0xFBFE, 0x2088, 0x2124, 0x4242, 0x7890, 0x49F8, 0xC808, 0x4844, 0x48A8, 0x4990, 0x7A88, 0x4CA4, 0x00C2, 0x0080}},
  {30952, {0x0080, 0x3FFE, 0x2210, 0x2F7C, 0x2210, 0x2738, 0x2AD4, 0x2210, 0x2FFC, 0x2100, 0x2200, 0x27F8, 0x4A08, 0x5208, 0x83F8, 0x0208}},
  {30956, {0x0800, 0x7F78, 0x0848, 0x3E48, 0x0086, 0x3E78, 0x2A48, 0x3E30, 0x4048, 0xFFFE, 0x0800, 0x1FF8, 0x2808, 0xC808, 0x0FF8, 0x0808}},
  {30962, {0x0200, 0x017E, 0xF840, 0x247C, 0x2244, 0x40FC, 0x7940, 0x4E7E, 0xCA20, 0x4820, 0x4BFE, 0x4870, 0x78A8, 0x4924, 0x0222, 0x0020}},
  {30964, {0x0020, 0x07A4, 0xF0A8, 0x2292, 0x2114, 0x4208, 0x75F4, 0xD802, 0x53F8, 0x5208, 0x5208, 0x53F8, 0x7208, 0x5110, 0x0FFE, 0x0000}},
  {30967, {0x0020, 0x0124, 0xF8A8, 0x23FE, 0x20A8, 0x4124, 0x7A22, 0x4904, 0xC904, 0x49DE, 0x4A44, 0x4D54, 0x789E, 0x4904, 0x0204, 0x0404}},
  {30970, {0x0088, 0x0088, 0xFDFC, 0x1088, 0x1088, 0x23FE, 0x3C20, 0x65FC, 0x6524, 0xA5FC, 0x2524, 0x25FC, 0x3C00, 0x2488, 0x2104, 0x0202}},
  {30977, {0x00A0, 0x0090, 0xF9FE, 0x2110, 0x2310, 0x45FE, 0x7910, 0x4910, 0xC9FE, 0x4910, 0x4910, 0x49FE, 0x7900, 0x4AA4, 0x0252, 0x0452}},
  {30981, {0x0208, 0x0108, 0xF7C8, 0x2010, 0x279E, 0x4494, 0x77A4, 0xD014, 0x5794, 0x5094, 0x5114, 0x51C8, 0x7708, 0x5114, 0x0524, 0x0242}},
  {30995, {0x0000, 0x03FE, 0xFC00, 0x11FC, 0x1124, 0x21FC, 0x3D24, 0x67FE, 0x6400, 0xA5FC, 0x2524, 0x25FC, 0x3D24, 0x25FC, 0x2000, 0x03FE}},
  {31006, {0x0088, 0x03FE, 0xF888, 0x23FE, 0x2202, 0x41FC, 0x7800, 0x4BFE, 0xC840, 0x48A2, 0x4B54, 0x48B8, 0x7B54, 0x4892, 0x0350, 0x0020}},
  {31012, {0x0088, 0x0088, 0xFBFE, 0x2088, 0x2110, 0x41DE, 0x7A52, 0x4D54, 0xCA88, 0x4974, 0x4A02, 0x49FC, 0x7820, 0x4924, 0x0222, 0x0060}},
  {31028, {0x0088, 0x03FE, 0xF088, 0x2412, 0x22FE, 0x4010, 0x74FE, 0xD292, 0x52FE, 0x5092, 0x51FE, 0x5292, 0x7604, 0x52FE, 0x0244, 0x022C}},
  {31034, {0x0000, 0x3FF8, 0x0000, 0x0000, 0x0000, 0x0000, 0xFFFE, 0x0100, 0x0100, 0x1110, 0x1108, 0x2104, 0x4102, 0x8102, 0x0500, 0x0200}},
  {31035, {0x2000, 0x1000, 0x1000, 0xF800, 0x0800, 0x1000, 0x1000, 0x3800, 0x5400, 0x9400, 0x1000, 0x1000, 0x1000, 0x1000, 0x1000, 0x1000}},
  {31036, {0x2080, 0x1080, 0x1080, 0xF880, 0x0880, 0x1080, 0x1080, 0x3880, 0x5480, 0x9480, 0x1080, 0x1084, 0x1084, 0x1084, 0x107C, 0x1000}},
  {31038, {0x2020, 0x1020, 0x1020, 0xF820, 0x0820, 0x1020, 0x13FE, 0x3820, 0x5420, 0x9420, 0x1020, 0x1020, 0x1020, 0x1020, 0x17FE, 0x1000}},
  {31040, {0x2000, 0x1000, 0x11FC, 0xF904, 0x0904, 0x1104, 0x1104, 0x39FC, 0x5504, 0x9500, 0x1100, 0x1102, 0x1102, 0x1102, 0x10FE, 0x1000}},
  {31041, {0x2000, 0x10FC, 0x1084, 0xFC88, 0x0488, 0x0890, 0x1088, 0x3888, 0x5484, 0x9284, 0x10C4, 0x10A8, 0x1090, 0x1080, 0x1080, 0x1080}},
  {31046, {0x2000, 0x1000, 0x11FC, 0xF820, 0x0820, 0x1020, 0x1020, 0x3BFE, 0x5420, 0x9420, 0x1050, 0x1050, 0x1088, 0x1088, 0x1104, 0x1202}},
  {31048, {0x2008, 0x101C, 0x11E0, 0xF900, 0x0900, 0x1100, 0x11FE, 0x3910, 0x5510, 0x9510, 0x1110, 0x1110, 0x1110, 0x1210, 0x1210, 0x1410}},
  {31049, {0x2020, 0x1020, 0x1020, 0xF920, 0x0920, 0x1120, 0x113C, 0x3920, 0x5520, 0x9520, 0x1120, 0x1120, 0x1120, 0x1120, 0x17FE, 0x1000}},
  {31059, {0x2050, 0x1048, 0x1048, 0xF840, 0x0BFE, 0x1080, 0x1080, 0x38FC, 0x5544, 0x9544, 0x1128, 0x1128, 0x1210, 0x1228, 0x1444, 0x1182}},
  {31062, {0x2000, 0x11F8, 0x1108, 0xF908, 0x0908, 0x11F8, 0x1108, 0x3908, 0x5508, 0x95F8, 0x1108, 0x1108, 0x1108, 0x1108, 0x17FE, 0x1000}},
  {31063, {0x4008, 0x203C, 0x23E0, 0xFA20, 0x1220, 0x1220, 0x2220, 0x33FE, 0x6A20, 0xAA10, 0x2210, 0x2212, 0x220A, 0x228A, 0x2326, 0x2212}},
  {31066, {0x2080, 0x1080, 0x1080, 0xF8FE, 0x0940, 0x1140, 0x1240, 0x387C, 0x5440, 0x9440, 0x1040, 0x107E, 0x1040, 0x1040, 0x1040, 0x1040}},
  {31067, {0x2020, 0x1020, 0x1020, 0xF9FC, 0x0820, 0x1020, 0x1020, 0x3BFE, 0x5420, 0x9420, 0x1040, 0x1048, 0x1084, 0x11FE, 0x1082, 0x1000}},
  {31068, {0x2020, 0x1020, 0x1020, 0xF820, 0x0BFE, 0x1020, 0x1020, 0x3820, 0x55FC, 0x9504, 0x1104, 0x1104, 0x1104, 0x1104, 0x11FC, 0x1104}},
  {31069, {0x2000, 0x13FC, 0x1204, 0xFA04, 0x0A04, 0x1204, 0x13FC, 0x3890, 0x5490, 0x9490, 0x1090, 0x1112, 0x1112, 0x1212, 0x140E, 0x1800}},
  {31070, {0x2020, 0x1020, 0x1020, 0xF9FC, 0x0924, 0x1124, 0x1124, 0x39FC, 0x5524, 0x9524, 0x1124, 0x11FC, 0x1124, 0x1020, 0x1020, 0x1020}},
  {31071, {0x0100, 0x1110, 0x1110, 0x1FF0, 0x4104, 0x4104, 0x7FFC, 0x0000, 0x3FF8, 0x0000, 0xFFFE, 0x0100, 0x1110, 0x2108, 0x4504, 0x0200}},
  {31072, {0x2000, 0x11FC, 0x1004, 0xF804, 0x0BF4, 0x1004, 0x1004, 0x39E4, 0x5524, 0x9524, 0x1124, 0x11E4, 0x1004, 0x1004, 0x1014, 0x1008}},
  {31074, {0x2080, 0x1080, 0x1080, 0xF8FE, 0x0902, 0x1104, 0x1220, 0x3820, 0x54A8, 0x94A4, 0x1124, 0x1122, 0x1222, 0x1020, 0x10A0, 0x1040}},
  {31077, {0x2104, 0x1084, 0x1088, 0xF800, 0x0BFE, 0x1020, 0x1020, 0x39FC, 0x5420, 0x9020, 0x13FE, 0x1020, 0x1020, 0x1020, 0x1020, 0x1020}},
  {31079, {0x2090, 0x1090, 0x1090, 0xFA92, 0x0994, 0x1098, 0x1890, 0x3598, 0x5294, 0x9492, 0x1090, 0x1090, 0x1112, 0x1112, 0x1212, 0x140E}},
  {31080, {0x0000, 0x7FFC, 0x0440, 0x3FF8, 0x2448, 0x2448, 0x3FF8, 0x0000, 0x3FF8, 0x0000, 0xFFFE, 0x0100, 0x1110, 0x2108, 0x4504, 0x0200}},
  {31085, {0x1000, 0x1080, 0x1EBC, 0x2244, 0x5448, 0xA830, 0x1010, 0x2FE8, 0xC006, 0x0000, 0x7FFC, 0x0100, 0x1110, 0x2108, 0x4504, 0x0200}},
  {31087, {0x2020, 0x1020, 0x103E, 0xF820, 0x0820, 0x11FC, 0x1104, 0x3924, 0x5524, 0x9524, 0x1124, 0x1124, 0x1050, 0x1048, 0x1084, 0x1104}},
  {31095, {0x2020, 0x1020, 0x13FE, 0xF820, 0x09FC, 0x1040, 0x13FE, 0x3848, 0x5488, 0x94FE, 0x1108, 0x1148, 0x1228, 0x1408, 0x1028, 0x1010}},
  {31096, {0x2000, 0x11FC, 0x1104, 0xF904, 0x0904, 0x11FC, 0x1820, 0x3420, 0x53FE, 0x9222, 0x1252, 0x128A, 0x130A, 0x1202, 0x120A, 0x1204}},
  {31098, {0x2108, 0x1108, 0x13FC, 0xF908, 0x0908, 0x11F8, 0x1108, 0x3908, 0x55F8, 0x9508, 0x1108, 0x17FE, 0x1000, 0x1090, 0x1108, 0x1204}},
  {31104, {0x0100, 0xFFFE, 0x0000, 0x3FF8, 0x2008, 0x27C8, 0x2448, 0x27C8, 0x2008, 0x3FF8, 0x0000, 0x3FF8, 0x0000, 0xFFFE, 0x1110, 0x2308}},
  {31105, {0x0820, 0x0820, 0x7EFC, 0x1C70, 0x2AA8, 0x4926, 0x8A20, 0x0000, 0x1FF0, 0x0000, 0x0000, 0xFFFE, 0x0100, 0x1110, 0x2508, 0x4204}},
  {31108, {0x4000, 0x21F8, 0x2008, 0xF808, 0x11F8, 0x1008, 0x2008, 0x33FE, 0x6820, 0xAA22, 0x2174, 0x20A8, 0x2124, 0x2222, 0x20A0, 0x2040}},
  {31109, {0x2104, 0x1088, 0x1050, 0xF9FC, 0x0924, 0x1124, 0x11FC, 0x3924, 0x5524, 0x95FC, 0x1020, 0x1020, 0x13FE, 0x1020, 0x1020, 0x1020}},
  {31114, {0x4100, 0x213C, 0x27D4, 0xF914, 0x1394, 0x1114, 0x27D4, 0x3124, 0x694C, 0xA840, 0x27FE, 0x2040, 0x20A0, 0x2110, 0x2208, 0x2C06}},
  {31119, {0x4000, 0x23FE, 0x2000, 0xF9FC, 0x1104, 0x1104, 0x21FC, 0x3000, 0x6BFE, 0xAA22, 0x2222, 0x23FE, 0x2222, 0x2222, 0x23FE, 0x2202}},
  {31130, {0x2104, 0x1084, 0x1088, 0xF800, 0x0BFE, 0x1020, 0x1820, 0x35FC, 0x5020, 0x9020, 0x13FE, 0x1000, 0x12A4, 0x1252, 0x1452, 0x1000}},
  {31143, {0x4040, 0x27FC, 0x2040, 0xFBF8, 0x1000, 0x13F8, 0x2208, 0x33F8, 0x6910, 0xAFFE, 0x2000, 0x23F8, 0x2208, 0x2208, 0x23F8, 0x2208}},
  {31155, {0x2020, 0x13FE, 0x1000, 0xF9DC, 0x0954, 0x11DC, 0x1888, 0x37FE, 0x5088, 0x93FE, 0x1088, 0x17FE, 0x1094, 0x1188, 0x16A4, 0x10C2}},
  {31161, {0x0010, 0x00F8, 0x3F00, 0x0100, 0x1FF0, 0x1110, 0x1110, 0x1FF0, 0x0100, 0x7FFC, 0x4104, 0x4124, 0x5FF4, 0x4814, 0x4004, 0x400C}},
  {31162, {0x0000, 0x3FF8, 0x2108, 0x2108, 0x3FF8, 0x2108, 0x2108, 0x3FF8, 0x0100, 0x7FFC, 0x4104, 0x4124, 0x5FE4, 0x4824, 0x4014, 0x4008}},
  {31163, {0x0200, 0x0100, 0xFFFE, 0x0000, 0x1450, 0x1390, 0x1450, 0x1FF0, 0x0100, 0x7FFC, 0x4204, 0x4444, 0x4FE4, 0x4424, 0x4014, 0x4008}},
  {31165, {0x0100, 0x0280, 0x0C60, 0x3118, 0xCFE6, 0x0440, 0x1390, 0x1450, 0x1FF0, 0x0100, 0x7FFC, 0x4204, 0x4444, 0x4FE4, 0x4424, 0x400C}},
  {31166, {0x0010, 0x00F8, 0x3F00, 0x0100, 0x0100, 0x0100, 0x7FFC, 0x0380, 0x0540, 0x0540, 0x0920, 0x1110, 0x2108, 0xC106, 0x0100, 0x0100}},
  {31168, {0x0070, 0x1F80, 0x0100, 0x0100, 0x7FFC, 0x0540, 0x0920, 0x3118, 0xCFE6, 0x0420, 0x0440, 0x0478, 0x0808, 0x0808, 0x1050, 0x6020}},
  {31169, {0x0420, 0x0E20, 0x7820, 0x0820, 0x0820, 0xFF40, 0x0840, 0x1840, 0x1C40, 0x2A48, 0x2A84, 0x4884, 0x89FE, 0x0882, 0x0802, 0x0800}},
  {31171, {0x0070, 0x1F80, 0x0100, 0x0100, 0x7FFC, 0x0540, 0x0920, 0x3118, 0xC006, 0x0FC0, 0x0840, 0x0840, 0x0844, 0x1044, 0x203C, 0x4000}},
  {31174, {0x0800, 0x1DFC, 0xF020, 0x1020, 0x1020, 0xFC20, 0x1020, 0x33FE, 0x3820, 0x5420, 0x5420, 0x9020, 0x1020, 0x1020, 0x1020, 0x1020}},
  {31177, {0x00F8, 0x3F00, 0x0100, 0x7FFC, 0x0100, 0x3FF8, 0x0108, 0xFFFE, 0x0108, 0x3FF8, 0x0380, 0x0540, 0x0920, 0x3118, 0xC106, 0x0100}},
  {31179, {0x0840, 0x1C40, 0xF040, 0x1040, 0x1144, 0xFD44, 0x1148, 0x3250, 0x3840, 0x54A0, 0x54A0, 0x9090, 0x1110, 0x1108, 0x1204, 0x1402}},
  {31181, {0x0820, 0x1C20, 0xF020, 0x1020, 0x11FC, 0xFD24, 0x1124, 0x3124, 0x3924, 0x55FC, 0x5524, 0x9020, 0x1020, 0x1020, 0x1020, 0x1020}},
  {31185, {0x0810, 0x1D10, 0xF090, 0x1090, 0x1010, 0xFD10, 0x1090, 0x3890, 0x3410, 0x501E, 0x53F0, 0x9010, 0x1010, 0x1010, 0x1010, 0x1010}},
  {31186, {0x0820, 0x1C20, 0xF020, 0x10A8, 0x10A4, 0xFCA2, 0x1122, 0x3120, 0x3A24, 0x5424, 0x5428, 0x9008, 0x1010, 0x1020, 0x10C0, 0x1300}},
  {31189, {0x0810, 0x1D10, 0xF110, 0x1112, 0x1112, 0xFD14, 0x11D8, 0x3110, 0x3910, 0x5510, 0x5510, 0x9112, 0x1152, 0x1192, 0x110E, 0x1000}},
  {31192, {0x0800, 0x1C40, 0xF020, 0x1028, 0x1008, 0xFC88, 0x1090, 0x3A94, 0x36A2, 0x52A2, 0x54C2, 0x9088, 0x1188, 0x1288, 0x1478, 0x1000}},
  {31199, {0x0800, 0x1DF8, 0xF108, 0x1108, 0x1108, 0xFDF8, 0x1108, 0x3108, 0x3908, 0x55F8, 0x5508, 0x9108, 0x1108, 0x1108, 0x17FE, 0x1000}},
  {31203, {0x0820, 0x1C20, 0xF020, 0x13FE, 0x1020, 0xFC20, 0x1020, 0x31FC, 0x3870, 0x54A8, 0x54A8, 0x9124, 0x1124, 0x1222, 0x1020, 0x1020}},
  {31204, {0x0800, 0x1DFC, 0xF020, 0x1020, 0x1124, 0xFCA4, 0x10A8, 0x3020, 0x3BFE, 0x5420, 0x5420, 0x9020, 0x1020, 0x1020, 0x1020, 0x1020}},
  {31206, {0x0100, 0x7FFC, 0x0100, 0x3FF8, 0x0200, 0xFFFE, 0x0820, 0x10D0, 0x2F08, 0xC106, 0x1FF0, 0x0540, 0x0920, 0x1110, 0x6108, 0x0100}},
  {31207, {0x0820, 0x1C20, 0xF020, 0x11FC, 0x1124, 0xFD24, 0x1124, 0x3124, 0x3924, 0x57FE, 0x5420, 0x9050, 0x1050, 0x1088, 0x1104, 0x1202}},
  {31209, {0x0820, 0x1C20, 0xF120, 0x1120, 0x11FC, 0xFD20, 0x1220, 0x3020, 0x39FE, 0x5420, 0x5450, 0x9050, 0x1088, 0x1088, 0x1104, 0x1202}},
  {31211, {0x0840, 0x1C50, 0xF048, 0x1040, 0x17FC, 0xFC40, 0x10E0, 0x38E0, 0x3550, 0x5150, 0x5248, 0x9444, 0x1842, 0x1040, 0x1040, 0x1040}},
  {31213, {0x0820, 0x1C20, 0xF02E, 0x11F0, 0x1120, 0xFD20, 0x1120, 0x39FE, 0x3422, 0x5462, 0x50A2, 0x912A, 0x1624, 0x1020, 0x1020, 0x1020}},
  {31215, {0x0400, 0x0E00, 0x78FC, 0x0884, 0x0884, 0xFF84, 0x0884, 0x1884, 0x1CFC, 0x2A84, 0x2A00, 0x4848, 0x8844, 0x0884, 0x0882, 0x0902}},
  {31216, {0x0880, 0x1C80, 0xF080, 0x10FE, 0x1102, 0xFD04, 0x1220, 0x3020, 0x38A8, 0x54A4, 0x5124, 0x9122, 0x1222, 0x1020, 0x10A0, 0x1040}},
  {31224, {0x0820, 0x1C20, 0xF020, 0x13FE, 0x1020, 0xFC20, 0x11FC, 0x3000, 0x3800, 0x55FC, 0x5504, 0x9104, 0x1104, 0x1104, 0x11FC, 0x1104}},
  {31227, {0x0820, 0x1C20, 0xF07C, 0x1084, 0x1148, 0xFC30, 0x1020, 0x3048, 0x3990, 0x543E, 0x5442, 0x91A4, 0x1018, 0x1010, 0x1060, 0x1180}},
  {31229, {0x0820, 0x1D24, 0xF124, 0x1124, 0x11FC, 0xFC40, 0x1040, 0x38FC, 0x3504, 0x5284, 0x5048, 0x9050, 0x1020, 0x1040, 0x1080, 0x1300}},
  {31232, {0x0984, 0x1C68, 0xF030, 0x10C8, 0x1304, 0xFC40, 0x13FE, 0x38A0, 0x3520, 0x53FC, 0x5524, 0x9124, 0x1134, 0x1128, 0x1020, 0x1020}},
  {31234, {0x0840, 0x1C20, 0xF1FC, 0x1104, 0x1104, 0xFDFC, 0x1104, 0x3104, 0x39FC, 0x5520, 0x5522, 0x9114, 0x1108, 0x1144, 0x1182, 0x1100}},
  {31235, {0x0804, 0x1C1E, 0xF1E0, 0x1002, 0x1122, 0xFC94, 0x1000, 0x39FC, 0x3408, 0x5010, 0x53FE, 0x9010, 0x1010, 0x1010, 0x1050, 0x1020}},
  {31238, {0x0800, 0x1CFC, 0xF084, 0x1084, 0x1084, 0xFC84, 0x10FC, 0x3800, 0x3400, 0x55FE, 0x5102, 0x9102, 0x1102, 0x1102, 0x11FE, 0x1102}},
  {31243, {0x0000, 0x0DFC, 0xF104, 0x1104, 0x1104, 0xFDFC, 0x1000, 0x3800, 0x35FC, 0x5420, 0x5020, 0x91FC, 0x1020, 0x1020, 0x1020, 0x17FE}},
  {31245, {0x0820, 0x1D24, 0xF0A4, 0x10A8, 0x1020, 0xFDFC, 0x1104, 0x3104, 0x39FC, 0x5504, 0x5504, 0x91FC, 0x1104, 0x1104, 0x1114, 0x1108}},
  {31246, {0x0904, 0x1C84, 0xF088, 0x1010, 0x11FC, 0xFD04, 0x1104, 0x3104, 0x39FC, 0x5450, 0x5450, 0x9090, 0x1092, 0x1112, 0x120E, 0x1400}},
  {31252, {0x0820, 0x1C20, 0xF050, 0x1088, 0x1144, 0xFE22, 0x11F8, 0x3808, 0x3450, 0x5420, 0x50A4, 0x9282, 0x128A, 0x128A, 0x1478, 0x1000}},
  {31255, {0x0840, 0x1C80, 0xF1FC, 0x1124, 0x1124, 0xFDFC, 0x1124, 0x3944, 0x35FC, 0x5490, 0x5110, 0x93FE, 0x1010, 0x1010, 0x1010, 0x1010}},
  {31258, {0x08A0, 0x1C90, 0xF090, 0x11FE, 0x1110, 0xFF10, 0x15FE, 0x3110, 0x3910, 0x55FE, 0x5510, 0x9110, 0x1110, 0x11FE, 0x1100, 0x1100}},
  {31262, {0x0800, 0x1DFC, 0xF124, 0x1124, 0x11FC, 0xFD24, 0x1124, 0x31FC, 0x3820, 0x57FE, 0x5470, 0x90A8, 0x1124, 0x1222, 0x1020, 0x1020}},
  {31264, {0x0800, 0x1DFC, 0xF124, 0x1124, 0x1174, 0xFD24, 0x11FC, 0x3104, 0x3974, 0x5554, 0x5554, 0x9174, 0x1104, 0x1204, 0x1214, 0x1408}},
  {31267, {0x2008, 0x203C, 0x7DE0, 0x4420, 0x8820, 0x7C20, 0x55FE, 0x5420, 0x7C70, 0x5468, 0x54A8, 0x7CA4, 0x0122, 0x1C20, 0xE020, 0x4020}},
  {31283, {0x0840, 0x1CF8, 0xF108, 0x1210, 0x11FC, 0xFC04, 0x1004, 0x39FC, 0x3404, 0x5404, 0x51FC, 0x9040, 0x1024, 0x12A2, 0x128A, 0x1478}},
  {31287, {0x0800, 0x1DFC, 0xF124, 0x11FC, 0x1124, 0xFDFC, 0x1088, 0x3144, 0x3A42, 0x54F8, 0x5188, 0x9250, 0x1020, 0x1050, 0x1188, 0x1606}},
  {31289, {0x0820, 0x1C20, 0xF3FE, 0x1020, 0x11FC, 0xFD04, 0x11FC, 0x3904, 0x35FC, 0x5504, 0x51FC, 0x9104, 0x17FE, 0x1088, 0x1104, 0x1202}},
  {31291, {0x081E, 0x1DE0, 0xF022, 0x1112, 0x1094, 0xFC80, 0x1020, 0x31CE, 0x3902, 0x5502, 0x55CE, 0x9102, 0x1102, 0x1102, 0x11FE, 0x1102}},
  {31292, {0x0840, 0x1C20, 0xF3FE, 0x1202, 0x1000, 0xFDFC, 0x1040, 0x30A2, 0x3B34, 0x5458, 0x5094, 0x9334, 0x1052, 0x1090, 0x1350, 0x1020}},
  {31293, {0x0850, 0x1C48, 0xF3FC, 0x10A0, 0x1122, 0xFE1E, 0x1110, 0x31E0, 0x3904, 0x54FC, 0x5400, 0x91FC, 0x1104, 0x11FC, 0x1104, 0x11FC}},
  {31295, {0x0840, 0x1C20, 0xF3FE, 0x1000, 0x11F8, 0xFD08, 0x11F8, 0x3800, 0x37FC, 0x5204, 0x52F4, 0x9294, 0x1294, 0x12F4, 0x1214, 0x1208}},
  {31302, {0x0820, 0x1C40, 0xF1FC, 0x1104, 0x11FC, 0xFD04, 0x11FC, 0x3820, 0x3524, 0x5632, 0x50C0, 0x9318, 0x1060, 0x118C, 0x1030, 0x13C0}},
  {31313, {0x0820, 0x1C20, 0xF3FE, 0x1020, 0x1124, 0xFCA8, 0x13FE, 0x3000, 0x39FC, 0x5504, 0x5574, 0x9154, 0x1174, 0x1104, 0x11FC, 0x1104}},
  {31319, {0x0820, 0x1C20, 0xF3FE, 0x1020, 0x11FC, 0xFD24, 0x11FC, 0x3924, 0x35FC, 0x5022, 0x53FE, 0x9042, 0x1024, 0x12A2, 0x128A, 0x1478}},
  {31344, {0x1040, 0xE7FC, 0x2000, 0x23B8, 0x22A8, 0xFBB8, 0x2110, 0x37FC, 0x6910, 0x67FC, 0xA110, 0x2FFE, 0x2128, 0x2310, 0x2D48, 0x2186}},
  {31348, {0x0200, 0x0100, 0x0100, 0x7FFE, 0x4002, 0x8044, 0x0440, 0x0440, 0x0420, 0x0820, 0x0820, 0x1010, 0x1010, 0x2008, 0x4004, 0x8002}},
  {31350, {0x0200, 0x0100, 0x7FFE, 0x4002, 0x8824, 0x1210, 0x2208, 0x0200, 0x3FE0, 0x0220, 0x0420, 0x0420, 0x0822, 0x1022, 0x201E, 0x4000}},
  {31351, {0x0200, 0x0100, 0x7FFE, 0x4002, 0x8824, 0x1010, 0x2208, 0x0200, 0x7FF0, 0x0210, 0x0410, 0x0410, 0x0810, 0x1010, 0x20A0, 0x4040}},
  {31352, {0x0200, 0x0100, 0x7FFE, 0x4002, 0x8824, 0x1010, 0x2208, 0x0400, 0x0FF0, 0x1010, 0x6820, 0x0440, 0x0280, 0x0300, 0x1C00, 0xE000}},
  {31353, {0x0200, 0x0100, 0x7FFE, 0x4822, 0x9014, 0x2FF8, 0x0010, 0x0010, 0x1FF0, 0x1000, 0x2000, 0x3FF8, 0x0008, 0x0008, 0x0050, 0x0020}},
  {31354, {0x0200, 0x0100, 0x7FFE, 0x4002, 0x8824, 0x1010, 0x2008, 0x0000, 0x1FF0, 0x0100, 0x0100, 0x0100, 0x0100, 0x0100, 0x7FFC, 0x0000}},
  {31359, {0x0200, 0x0100, 0x7FFE, 0x4822, 0x9014, 0x0000, 0x3FFC, 0x0040, 0x1040, 0x2040, 0x3FFE, 0x0140, 0x0640, 0x1840, 0x6140, 0x0080}},
  {31360, {0x0200, 0x0100, 0x7FFE, 0x4822, 0x9114, 0x2108, 0xFFFE, 0x0100, 0x2108, 0x2108, 0x2108, 0x3FF8, 0x010A, 0x0102, 0x0102, 0x00FE}},
  {31361, {0x0200, 0x0100, 0x7FFE, 0x4002, 0x8824, 0x1110, 0x2148, 0x0120, 0x0100, 0x7FFC, 0x0100, 0x0280, 0x0440, 0x0820, 0x3018, 0xC006}},
  {31363, {0x0200, 0x0100, 0x7FFE, 0x4822, 0x9014, 0x2000, 0x21FC, 0x2C44, 0xF044, 0x2044, 0x2044, 0x2484, 0x2884, 0x3104, 0x2228, 0x0410}},
  {31364, {0x0200, 0x0100, 0x7FFE, 0x4822, 0x9014, 0x2808, 0x0FF8, 0x1400, 0x2400, 0x47F0, 0x0400, 0x0400, 0x07F8, 0x0400, 0x0400, 0x0400}},
  {31366, {0x0200, 0x0100, 0x7FFE, 0x4822, 0x9014, 0x01F0, 0x3E00, 0x0200, 0x0100, 0x7FF8, 0x0060, 0x0180, 0x0E00, 0x3000, 0x4800, 0x87FE}},
  {31368, {0x0200, 0x0100, 0x7FFE, 0x4822, 0x9014, 0x0840, 0x0840, 0x12F8, 0x2248, 0x7C48, 0x0848, 0x1448, 0x2288, 0x7E88, 0x2128, 0x0210}},
  {31373, {0x0200, 0x0100, 0x7FFE, 0x4822, 0x9014, 0x2008, 0x0000, 0x7DFE, 0x1040, 0x1080, 0x11FC, 0x1004, 0x1E04, 0xE004, 0x4028, 0x0010}},
  {31377, {0x0200, 0x0100, 0x7FFE, 0x4822, 0x9014, 0x2008, 0x0800, 0x1FF8, 0x2100, 0x0100, 0xFFFE, 0x0100, 0x2108, 0x2108, 0x3FF8, 0x0008}},
  {31378, {0x0200, 0x0100, 0x7FFE, 0x4822, 0x9014, 0x0000, 0x7FFC, 0x0400, 0x0820, 0x1FF0, 0x0110, 0x0100, 0x3FF8, 0x0100, 0x0100, 0xFFFE}},
  {31381, {0x0200, 0x0100, 0x7FFE, 0x4822, 0x9014, 0x0440, 0x4448, 0x2450, 0x2460, 0x0C40, 0x3460, 0xC852, 0x084A, 0x1042, 0x203E, 0x4000}},
  {31382, {0x0200, 0x0100, 0x7FFE, 0x4822, 0x9114, 0x0900, 0x0FF0, 0x1100, 0x0100, 0xFFFE, 0x0000, 0x1FF0, 0x1010, 0x1010, 0x1FF0, 0x1010}},
  {31383, {0x0200, 0x0100, 0x7FFE, 0x4822, 0x9214, 0x0400, 0x3FF8, 0x2208, 0x23C8, 0x2448, 0x2A88, 0x2108, 0x2288, 0x2408, 0x3FF8, 0x2008}},
  {31384, {0x0200, 0x0100, 0x7FFE, 0x4822, 0x9014, 0x3FF8, 0x0408, 0xFFFE, 0x0408, 0x3FF8, 0x0800, 0x1FF8, 0x2808, 0x4808, 0x8FF8, 0x0808}},
  {31388, {0x0200, 0x0100, 0x7FFE, 0x4822, 0x9114, 0x0100, 0x3FF8, 0x2108, 0x3FF8, 0x0100, 0x7FFC, 0x4104, 0x7FFC, 0x4104, 0x0100, 0x0100}},
  {31389, {0x0200, 0x0100, 0x7FFE, 0x4822, 0x9014, 0x2FE8, 0x0820, 0x0820, 0x0FE0, 0x0100, 0x3FF8, 0x2108, 0x2288, 0x2448, 0x2008, 0x2018}},
  {31391, {0x0200, 0x0100, 0x7FFE, 0x4822, 0x9014, 0x3FF8, 0x2008, 0x3FF8, 0x2080, 0x2490, 0x2490, 0x27F0, 0x2080, 0x4888, 0x4888, 0x8FF8}},
  {31392, {0x0200, 0x0100, 0x7FFE, 0x4822, 0x9014, 0x3FF8, 0x1110, 0x1FF0, 0x1110, 0x1FF0, 0x0100, 0xFFFE, 0x0540, 0x0920, 0x3118, 0xC106}},
  {31397, {0x0200, 0x0100, 0x7FFE, 0x4822, 0x9014, 0x0000, 0x11FC, 0x7D04, 0x1124, 0x1124, 0xFD24, 0x1154, 0x2850, 0x2490, 0x4112, 0x860E}},
  {31398, {0x0200, 0x0100, 0x7FFE, 0x4822, 0x9114, 0x2FE8, 0x0100, 0x7FFC, 0x0484, 0x1288, 0x0900, 0xFFFE, 0x0260, 0x0410, 0x1808, 0x6004}},
  {31400, {0x0200, 0x0100, 0x7FFE, 0x4A22, 0x9114, 0x3FF8, 0x0820, 0x0440, 0xFFFE, 0x0000, 0x1FF0, 0x1010, 0x1FF0, 0x1010, 0x1FF0, 0x1010}},
  {31404, {0x0200, 0x0100, 0x7FFE, 0x4922, 0x9294, 0x0C60, 0x37D8, 0xC006, 0x3E08, 0x2248, 0x3E48, 0x2248, 0x3E48, 0x2208, 0x2228, 0x2610}},
  {31405, {0x0200, 0x0100, 0x7FFE, 0x4822, 0x9114, 0x0920, 0x7FFC, 0x0540, 0x1930, 0x610C, 0x0400, 0xFFFE, 0x0820, 0x1E40, 0x03C0, 0x3C38}},
  {31411, {0x0200, 0x0100, 0x7FFE, 0x4822, 0x9014, 0x061C, 0x38E8, 0x28A8, 0x2CA8, 0x2AA8, 0x2AA8, 0x2AA8, 0x28A4, 0x5554, 0x5D74, 0x8212}},
  {31423, {0x0100, 0x7FFE, 0x4822, 0x9114, 0x79F0, 0x4A90, 0x5060, 0x6198, 0x5606, 0x49F0, 0x4A40, 0x6BF8, 0x5440, 0x43F8, 0x4040, 0x47FC}},
  {31435, {0x0200, 0x0100, 0x0100, 0x0000, 0x7FFC, 0x0000, 0x0010, 0x1010, 0x0820, 0x0820, 0x0440, 0x0440, 0x0480, 0x0000, 0xFFFE, 0x0000}},
  {31446, {0x0800, 0x4BF8, 0x4A08, 0x4910, 0x48A0, 0x4840, 0x48B0, 0x4B0C, 0x0A00, 0x0100, 0x3FF8, 0x0000, 0x0820, 0x0440, 0xFFFE, 0x0000}},
  {31449, {0x1020, 0x0820, 0x0820, 0x7E20, 0x003E, 0x0420, 0x4420, 0x4420, 0x25FC, 0x2904, 0x2904, 0x0F04, 0xF104, 0x4104, 0x01FC, 0x0104}},
  {31454, {0x0200, 0x0100, 0x3FF8, 0x0820, 0x0440, 0xFFFE, 0x0000, 0x1FF0, 0x1010, 0x1010, 0x1FF0, 0x0440, 0x0440, 0x0842, 0x3042, 0xC03E}},
  {31455, {0x0200, 0x0100, 0x3FF8, 0x0820, 0x0440, 0xFFFE, 0x0000, 0x1FF0, 0x1010, 0x1FF0, 0x1010, 0x1FF0, 0x0440, 0x0842, 0x1042, 0x603E}},
  {31456, {0x0200, 0x0100, 0x3FF8, 0x0820, 0x0440, 0xFFFE, 0x0000, 0x1FF0, 0x1010, 0x1FF0, 0x1010, 0x1FF0, 0x0100, 0xFFFE, 0x0100, 0x0100}},
  {31459, {0x2040, 0x1040, 0x1088, 0xFD04, 0x03FE, 0x0802, 0x8888, 0x8944, 0x4A42, 0x48F8, 0x5188, 0x5250, 0x1C20, 0xE050, 0x4188, 0x0606}},
  {31461, {0x0200, 0x0100, 0x3FF8, 0x0820, 0x0440, 0xFFFE, 0x0000, 0x1FF0, 0x1110, 0x1FF0, 0x1110, 0x1FF0, 0x0100, 0x3FF8, 0x0100, 0xFFFE}},
  {31462, {0x2020, 0x1020, 0x13FE, 0xFC20, 0x0020, 0x09FC, 0x8924, 0x8924, 0x49FC, 0x4820, 0x5070, 0x50A8, 0x1D24, 0xE222, 0x4020, 0x0020}},
  {31469, {0x2000, 0x11FC, 0x1104, 0xFDFC, 0x0104, 0x09FC, 0x8880, 0x89FE, 0x4A22, 0x4922, 0x5152, 0x5102, 0x1DFA, 0xE002, 0x4014, 0x0008}},
  {31471, {0x2020, 0x1124, 0x1124, 0xFD24, 0x01FC, 0x0800, 0x8BFE, 0x8820, 0x4840, 0x49FC, 0x5154, 0x5154, 0x1D54, 0xE154, 0x4154, 0x010C}},
  {31481, {0x1040, 0x1040, 0x1040, 0x1040, 0x3EFE, 0x2890, 0x4910, 0x8A10, 0x0810, 0x0810, 0x0810, 0x0810, 0x0810, 0x0810, 0x0850, 0x0820}},
  {31482, {0x1040, 0x1040, 0x1F7E, 0x2890, 0x2488, 0x4508, 0x8000, 0x0000, 0x3FF8, 0x0000, 0x0000, 0x0000, 0x0000, 0x0000, 0xFFFE, 0x0000}},
  {31485, {0x1040, 0x1040, 0x3F7E, 0x2890, 0x4508, 0x8000, 0x3FF8, 0x0100, 0x0100, 0xFFFE, 0x0100, 0x0100, 0x0100, 0x0100, 0x0500, 0x0200}},
  {31487, {0x1040, 0x1040, 0x3F7E, 0x4890, 0x8508, 0x0000, 0x3FF8, 0x0100, 0x0100, 0x0100, 0xFFFE, 0x0100, 0x0100, 0x0100, 0x0100, 0x0100}},
  {31491, {0x1040, 0x1040, 0x3F7E, 0x2890, 0x4508, 0xBFF0, 0x0010, 0x1010, 0x1010, 0x1FFC, 0x0004, 0x0004, 0x7FE4, 0x0004, 0x0028, 0x0010}},
  {31492, {0x1040, 0x1040, 0x3F7E, 0x4890, 0x8508, 0x0000, 0x7FFC, 0x0820, 0x0820, 0x0820, 0xFFFE, 0x0820, 0x0820, 0x1020, 0x2020, 0x4020}},
  {31494, {0x1040, 0x1040, 0x3F7E, 0x2890, 0x4508, 0x8000, 0x3FF8, 0x2108, 0x2108, 0x2108, 0x3FF8, 0x2000, 0x2002, 0x2002, 0x2002, 0x1FFE}},
  {31496, {0x1040, 0x1040, 0x3F7E, 0x2890, 0x4508, 0x8000, 0x3FE0, 0x0820, 0x0840, 0x0C78, 0x0A08, 0x1210, 0x1120, 0x20C0, 0x4330, 0x8C0E}},
  {31498, {0x1040, 0x1040, 0x3F7E, 0x2890, 0x4508, 0x8010, 0x00F8, 0x1F20, 0x1220, 0x1220, 0x1220, 0x1210, 0x2210, 0x2208, 0x4204, 0x8202}},
  {31499, {0x1040, 0x1040, 0x3F7E, 0x4890, 0x8508, 0x3FF0, 0x0210, 0x0210, 0xFFFE, 0x0210, 0x0410, 0x3FF0, 0x0810, 0x1000, 0x2000, 0xC000}},
  {31503, {0x1040, 0x1040, 0x3F7E, 0x4890, 0x9508, 0x1000, 0x1FF8, 0x2248, 0x4248, 0x8488, 0x0888, 0x1108, 0x2208, 0x4408, 0x0850, 0x1020}},
  {31505, {0x1040, 0x1040, 0x3F7E, 0x2890, 0x4508, 0x80F0, 0x3F00, 0x0100, 0x0100, 0xFFFE, 0x0100, 0x0280, 0x0440, 0x0820, 0x3018, 0xC006}},
  {31508, {0x1040, 0x1040, 0x3F7E, 0x4890, 0x8508, 0x00F8, 0x3F00, 0x0100, 0x01F8, 0x3F00, 0x0100, 0x01FC, 0x7F02, 0x0102, 0x0102, 0x00FE}},
  {31509, {0x1040, 0x1040, 0x3F7E, 0x2890, 0x4508, 0x8000, 0x1FF0, 0x1010, 0x1110, 0x1110, 0x1110, 0x1290, 0x1490, 0x0882, 0x3082, 0xC07E}},
  {31513, {0x1040, 0x1040, 0x3F7E, 0x2890, 0x4508, 0x9100, 0x1100, 0x3FFC, 0x4100, 0x8100, 0x0100, 0x3FF8, 0x0100, 0x0100, 0x0100, 0xFFFE}},
  {31515, {0x1040, 0x1040, 0x3F7E, 0x2890, 0x4508, 0x8100, 0x3FF8, 0x2108, 0x2108, 0x2108, 0x3FF8, 0x2108, 0x2108, 0x2108, 0x3FF8, 0x2008}},
  {31518, {0x1040, 0x1040, 0x3F7E, 0x4890, 0x8508, 0x0820, 0x1010, 0x3FF8, 0x0008, 0x0000, 0x1FF0, 0x1010, 0x1010, 0x1010, 0x1FF0, 0x1010}},
  {31520, {0x1040, 0x1040, 0x1F7E, 0x2890, 0x2488, 0x4508, 0x8200, 0x0100, 0x0100, 0x7FFC, 0x0000, 0x1010, 0x0820, 0x0440, 0x0000, 0xFFFE}},
  {31524, {0x2040, 0x3F7E, 0x4890, 0x8508, 0x0000, 0x7FF8, 0x0408, 0x0808, 0x1050, 0x2020, 0xDFF8, 0x1008, 0x1008, 0x1008, 0x1FF8, 0x1008}},
  {31525, {0x1040, 0x1040, 0x3F7E, 0x2890, 0x4508, 0x8000, 0x3FF8, 0x0008, 0x7FE8, 0x0008, 0x1F88, 0x1088, 0x1088, 0x1F88, 0x10A8, 0x0010}},
  {31526, {0x1040, 0x1040, 0x3F7E, 0x4890, 0x8508, 0x0810, 0x0810, 0x13FE, 0x3010, 0x5110, 0x9090, 0x1090, 0x1010, 0x1010, 0x1050, 0x1020}},
  {31528, {0x1040, 0x1040, 0x3F7E, 0x4890, 0x8508, 0x0100, 0x7FFC, 0x0380, 0x0540, 0x0920, 0x1110, 0x2FE8, 0xC106, 0x0100, 0x0100, 0x0100}},
  {31530, {0x1040, 0x1040, 0x3F7E, 0x2890, 0x4508, 0x8000, 0x1FF0, 0x1010, 0x1010, 0x1FF0, 0x1010, 0x1010, 0x1FF0, 0x0000, 0xFFFE, 0x0000}},
  {31531, {0x1040, 0x1040, 0x3F7E, 0x2890, 0x4508, 0x8170, 0x1F80, 0x1100, 0x2100, 0x3FFC, 0x0304, 0x0504, 0x0904, 0x3128, 0xC110, 0x0100}},
  {31532, {0x2040, 0x3F7E, 0x4890, 0x8508, 0x3FF8, 0x0108, 0x0108, 0x3FF8, 0x2100, 0x2100, 0x3FFC, 0x0304, 0x0504, 0x1928, 0xE110, 0x0100}},
  {31534, {0x1040, 0x1040, 0x3F7E, 0x2890, 0x4508, 0x8800, 0x0800, 0x1FFC, 0x2400, 0x4400, 0x87F0, 0x0400, 0x0400, 0x07F8, 0x0400, 0x0400}},
  {31537, {0x1040, 0x1040, 0x3F7E, 0x4890, 0x9508, 0x1000, 0x1FF8, 0x2008, 0x4008, 0x9F88, 0x1088, 0x1088, 0x1F88, 0x0008, 0x0050, 0x0020}},
  {31539, {0x1040, 0x1040, 0x3F7E, 0x4890, 0x8508, 0x1000, 0x107C, 0x7E44, 0x1244, 0x1244, 0x1244, 0x1244, 0x2244, 0x2244, 0x4A7C, 0x8444}},
  {31544, {0x1040, 0x1040, 0x3F7E, 0x2890, 0x4508, 0x8000, 0x3FFC, 0x2000, 0x2000, 0x27F8, 0x2408, 0x2408, 0x27F8, 0x2000, 0x2000, 0x3FFE}},
  {31546, {0x2040, 0x3F7E, 0x4890, 0x8508, 0x0240, 0x0220, 0x03F8, 0x7E00, 0x0200, 0x03FC, 0xFE10, 0x0120, 0x00C0, 0x0744, 0x3834, 0x000C}},
  {31548, {0x1040, 0x1040, 0x3F7E, 0x2890, 0x4508, 0x8040, 0x0420, 0x7FFC, 0x0480, 0x0488, 0x0890, 0x08A0, 0x10C2, 0x2382, 0x4C82, 0x807E}},
  {31550, {0x1040, 0x1040, 0x3F7E, 0x4890, 0x8508, 0x2080, 0x1080, 0x17F8, 0x0088, 0x7088, 0x1108, 0x1108, 0x1228, 0x1410, 0x2800, 0x47FE}},
  {31557, {0x1040, 0x1040, 0x3F7E, 0x4890, 0x8508, 0x1100, 0x1100, 0x3FF8, 0x4100, 0x0100, 0xFFFE, 0x0440, 0x0840, 0x1042, 0x2042, 0xC03E}},
  {31559, {0x1040, 0x1040, 0x3F7E, 0x2890, 0x4508, 0x8000, 0x7EFC, 0x0884, 0x0888, 0x0890, 0x0888, 0x0884, 0x0E84, 0xF0A8, 0x4090, 0x0080}},
  {31561, {0x2040, 0x3F7E, 0x4890, 0x8508, 0x0100, 0x3FF8, 0x0100, 0x0100, 0xFFFE, 0x0000, 0x0020, 0x7FFC, 0x0820, 0x0420, 0x04A0, 0x0040}},
  {31563, {0x1040, 0x1040, 0x3F7E, 0x4890, 0x8508, 0x3E20, 0x2220, 0x22FC, 0x3E24, 0x2224, 0x2224, 0x3E24, 0x2244, 0x4244, 0x4A94, 0x8508}},
  {31564, {0x1040, 0x1040, 0x3F7E, 0x2890, 0x4508, 0x8280, 0x0440, 0x0820, 0x3018, 0xCFE6, 0x0100, 0x0100, 0x1FF0, 0x0100, 0x0100, 0x7FFC}},
  {31567, {0x1040, 0x1040, 0x3F7E, 0x2890, 0x4508, 0x88A0, 0x0890, 0x1080, 0x30FC, 0x5780, 0x9048, 0x1050, 0x1024, 0x1054, 0x118C, 0x1604}},
  {31568, {0x2040, 0x3F7E, 0x4890, 0x8508, 0x0000, 0x3FFE, 0x2000, 0x2FFC, 0x2080, 0x2080, 0x27F8, 0x2080, 0x2080, 0x2FFC, 0x2000, 0x3FFE}},
  {31569, {0x1040, 0x1040, 0x3F7E, 0x4890, 0x8508, 0x0000, 0x7DF0, 0x1110, 0x1110, 0x1190, 0x1150, 0x1D12, 0xE212, 0x4212, 0x040E, 0x0800}},
  {31570, {0x1040, 0x1040, 0x3F7E, 0x2890, 0x4508, 0xBFF8, 0x2008, 0x2FE8, 0x2008, 0x27C8, 0x2448, 0x2448, 0x27C8, 0x2008, 0x2028, 0x2010}},
  {31572, {0x1040, 0x1040, 0x3F7E, 0x2890, 0x4508, 0x8280, 0x0C60, 0x3018, 0xCFE6, 0x0000, 0x1FF0, 0x1010, 0x1010, 0x1010, 0x1FF0, 0x1010}},
  {31574, {0x1040, 0x1040, 0x3F7E, 0x4890, 0x8508, 0x0100, 0xFFFE, 0x0100, 0x3FF8, 0x2108, 0x2388, 0x2558, 0x0920, 0x1110, 0x610C, 0x0100}},
  {31576, {0x1040, 0x1040, 0x3F7E, 0x2890, 0x4508, 0x8800, 0x0800, 0x7EFC, 0x0884, 0x0884, 0x0E84, 0x7884, 0x0884, 0x08FC, 0x2884, 0x1000}},
  {31578, {0x2040, 0x3F7E, 0x4890, 0x8508, 0x2080, 0x2088, 0x3EB0, 0x20C4, 0x2084, 0x267C, 0x3900, 0x0100, 0xFFFE, 0x0100, 0x0100, 0x0100}},
  {31579, {0x2040, 0x3F7E, 0x4890, 0x8508, 0x0800, 0x4BFE, 0x4820, 0x4820, 0x49FC, 0x4924, 0x4924, 0x4924, 0x1134, 0x1128, 0x2020, 0x4020}},
  {31581, {0x1040, 0x1040, 0x3F7E, 0x2890, 0x4508, 0x8800, 0x1FF0, 0x2020, 0x5FF8, 0x0108, 0xFFFE, 0x0108, 0x1FF8, 0x0108, 0x0500, 0x0200}},
  {31584, {0x1040, 0x1040, 0x3F7E, 0x2890, 0x4508, 0x9080, 0x10FC, 0x7D04, 0x1204, 0x1084, 0x1054, 0x1C24, 0xE044, 0x4184, 0x0028, 0x0010}},
  {31586, {0x1040, 0x1040, 0x3F7E, 0x4890, 0x8508, 0x1000, 0x11FC, 0xFD24, 0x1124, 0x1124, 0x1DFC, 0xF100, 0x1100, 0x1102, 0x5102, 0x20FE}},
  {31598, {0x1040, 0x1040, 0x3F7E, 0x4890, 0x8508, 0x0000, 0x7FFC, 0x0100, 0x1110, 0x1110, 0x1110, 0x2928, 0x4544, 0x8584, 0x0100, 0xFFFE}},
  {31601, {0x1040, 0x1040, 0x3F7E, 0x4890, 0x8508, 0x1040, 0x1040, 0x247E, 0x2488, 0x6488, 0xA548, 0x2450, 0x2420, 0x2050, 0x2088, 0x2306}},
  {31602, {0x1040, 0x1040, 0x3F7E, 0x4890, 0x8508, 0x1110, 0x0920, 0x1FF0, 0x1010, 0x1FF0, 0x1010, 0x1FF0, 0x1010, 0x1010, 0x1050, 0x1020}},
  {31605, {0x2040, 0x3F7E, 0x4890, 0x8508, 0x0018, 0x7BE0, 0x0840, 0x1040, 0x2278, 0x7A40, 0x0A40, 0x2BFC, 0x1000, 0x2800, 0x47FE, 0x8000}},
  {31607, {0x1040, 0x1040, 0x3F7E, 0x4890, 0x8508, 0x1040, 0x11F8, 0x1848, 0x5448, 0x5048, 0x53FE, 0x9040, 0x10A0, 0x1110, 0x1208, 0x1406}},
  {31609, {0x2040, 0x3F7E, 0x4890, 0x8508, 0x0100, 0x7FFC, 0x0200, 0x3FF8, 0x0400, 0xFFFE, 0x0820, 0x1FFC, 0x2420, 0x4220, 0x80A0, 0x0040}},
  {31611, {0x2040, 0x3F7E, 0x4890, 0x8508, 0x7FFC, 0x0100, 0x3FF8, 0x2108, 0x3FF8, 0x2108, 0x3FF8, 0x2100, 0x1A00, 0x0600, 0x19C0, 0x603E}},
  {31614, {0x1040, 0x1040, 0x3F7E, 0x2890, 0x4508, 0x8280, 0x0440, 0x0820, 0x37D8, 0xC006, 0x0210, 0x1110, 0x0920, 0x0840, 0x7FFC, 0x0000}},
  {31616, {0x2040, 0x3F7E, 0x4890, 0x8508, 0x1000, 0x0BF8, 0x2008, 0x27C8, 0x2448, 0x2448, 0x27C8, 0x2448, 0x2448, 0x27C8, 0x2008, 0x2018}},
  {31621, {0x1040, 0x1040, 0x3F7E, 0x4890, 0x8508, 0x3FF8, 0x2108, 0x3FF8, 0x2108, 0x3FF8, 0x0000, 0xFFFE, 0x0820, 0x0820, 0x1020, 0x2020}},
  {31629, {0x2040, 0x3F7E, 0x4890, 0x8508, 0x1000, 0x13FE, 0x1220, 0xFE20, 0x12FC, 0x12A4, 0x1EA4, 0xF2A4, 0x12B4, 0x12A8, 0x5220, 0x23FE}},
  {31632, {0x2040, 0x3F7E, 0x4990, 0xBFF8, 0x0100, 0x1FF0, 0x0100, 0xFFFE, 0x0000, 0x1FF0, 0x1010, 0x1FF0, 0x1010, 0x1FF0, 0x1010, 0x1030}},
  {31636, {0x1040, 0x1040, 0x3F7E, 0x4890, 0x8528, 0x1040, 0x09FC, 0x4904, 0x2104, 0x2504, 0x05FC, 0x0904, 0x7104, 0x1104, 0x11FC, 0x1104}},
  {31637, {0x2040, 0x3F7E, 0x4890, 0x8508, 0x0820, 0x0820, 0x7FFC, 0x0820, 0x0FE0, 0x0820, 0x0FE0, 0x0820, 0xFFFE, 0x0820, 0x1010, 0x2008}},
  {31639, {0x2040, 0x3E7E, 0x4890, 0x8000, 0x3FF8, 0x2008, 0x3FF8, 0x2008, 0x3FF8, 0x2008, 0x3FF8, 0x0820, 0xFFFE, 0x0820, 0x1020, 0x2020}},
  {31644, {0x2040, 0x3F7E, 0x4890, 0x8508, 0x0100, 0x7FFE, 0x4002, 0x8824, 0x1010, 0x2008, 0x1FF0, 0x0100, 0x0100, 0x0100, 0x7FFC, 0x0000}},
  {31645, {0x1040, 0x1040, 0x3F7E, 0x4890, 0x8508, 0x1088, 0x1088, 0xFBFE, 0x1088, 0x1088, 0x1CF8, 0xF088, 0x1088, 0x1088, 0x50F8, 0x2088}},
  {31649, {0x2040, 0x3F7E, 0x4890, 0x8508, 0x0100, 0x7FFE, 0x4002, 0x9FE4, 0x1020, 0x1FE0, 0x1000, 0x1FF0, 0x1010, 0x1010, 0x1FF0, 0x1010}},
  {31650, {0x2040, 0x2040, 0x7EFE, 0x5110, 0x8A08, 0x0100, 0x7FFE, 0x4002, 0x9004, 0x1EF8, 0x2288, 0x24A8, 0x5490, 0x0884, 0x1084, 0x607C}},
  {31654, {0x2040, 0x3F7E, 0x4890, 0x8508, 0x3FF8, 0x0100, 0x1FF0, 0x0100, 0x7FFC, 0x0000, 0x1FF0, 0x1010, 0x1110, 0x02C0, 0x0C30, 0x7008}},
  {31655, {0x2040, 0x3F7E, 0x4890, 0x8508, 0x0000, 0x3FFC, 0x2080, 0x2080, 0x2FF8, 0x2490, 0x22A0, 0x2FFC, 0x2140, 0x2220, 0x2410, 0x3FFE}},
  {31656, {0x2040, 0x3F7E, 0x4890, 0x8508, 0x1000, 0x11FC, 0x1088, 0xFC70, 0x138E, 0x1020, 0x1DFC, 0x3020, 0xD3FE, 0x1020, 0x5020, 0x2020}},
  {31657, {0x2040, 0x3F7E, 0x4890, 0x8508, 0x3FF8, 0x2448, 0x2448, 0x3FF8, 0x0200, 0x07F0, 0x0810, 0x3420, 0x0240, 0x0180, 0x0E00, 0x7000}},
  {31658, {0x2040, 0x3F7E, 0x4890, 0x8508, 0x0820, 0x0440, 0x3FF8, 0x2108, 0x3FF8, 0x2108, 0x3FF8, 0x0100, 0xFFFE, 0x0100, 0x0100, 0x0100}},
  {31659, {0x1040, 0x1F7C, 0x28A0, 0x4510, 0x3FF8, 0x0108, 0xFFFE, 0x0108, 0x3FF8, 0x0100, 0x2548, 0x2528, 0x2528, 0x2928, 0x2108, 0x4108}},
  {31660, {0x2040, 0x3F7E, 0x4890, 0x8508, 0x0820, 0x7FFC, 0x0820, 0x0200, 0xFFFE, 0x0400, 0x0800, 0x1FF0, 0x2810, 0xC810, 0x0FF0, 0x0810}},
  {31661, {0x2040, 0x3F7E, 0x4890, 0x8508, 0x1010, 0x0820, 0xFFFE, 0x0000, 0x3E48, 0x2248, 0x3E48, 0x2248, 0x3E08, 0x2208, 0x2A28, 0x2410}},
  {31665, {0x1040, 0x1040, 0x3F7E, 0x2890, 0x4508, 0x8800, 0x08FC, 0x7E84, 0x0884, 0x18FC, 0x1C84, 0x2A84, 0x2AFC, 0x4884, 0x8884, 0x08FC}},
  {31668, {0x1040, 0x1040, 0x3F7E, 0x2890, 0x4528, 0x8024, 0x3FFE, 0x2020, 0x2FA4, 0x2024, 0x2FA8, 0x2898, 0x2892, 0x4FAA, 0x4046, 0x8082}},
  {31672, {0x1040, 0x1040, 0x3F7E, 0x2890, 0x4508, 0x8200, 0x1FD0, 0x0220, 0xFFFE, 0x0300, 0x0FF0, 0x3810, 0xCFF0, 0x0810, 0x0FF0, 0x0810}},
  {31681, {0x2040, 0x2040, 0x7EFE, 0x5110, 0x8A08, 0x1FF0, 0x1010, 0x1FF0, 0x1010, 0x1FF0, 0x0000, 0x7FFC, 0x0100, 0x3FF8, 0x0100, 0xFFFE}},
  {31686, {0x2040, 0x3E7E, 0x4890, 0x8800, 0x0FE0, 0x1020, 0x1FC0, 0x0040, 0xFFFE, 0x0600, 0x3B08, 0x04B0, 0x19C0, 0x62A0, 0x0C98, 0x7306}},
  {31687, {0x2040, 0x3F7E, 0x4890, 0x8508, 0x0080, 0x3FFC, 0x2004, 0x3FFC, 0x2000, 0x2FFC, 0x2924, 0x2924, 0x2FFC, 0x4924, 0x4924, 0x880C}},
  {31692, {0x2040, 0x3F7E, 0x4890, 0x8508, 0x09F0, 0x0810, 0x1010, 0x37FC, 0x5100, 0x91F8, 0x1240, 0x1040, 0x17FC, 0x10A0, 0x1110, 0x120C}},
  {31697, {0x2040, 0x3F7E, 0x4890, 0x8508, 0x1FF0, 0x1110, 0x1FF0, 0x0100, 0xFFFE, 0x0000, 0x1FF0, 0x1010, 0x1110, 0x02C0, 0x0C30, 0x7008}},
  {31699, {0x2040, 0x3F7E, 0x4890, 0x8508, 0x1110, 0x0920, 0x7FFC, 0x0540, 0x1930, 0x610C, 0x0400, 0xFFFE, 0x0820, 0x1E40, 0x03C0, 0x3C38}},
  {31705, {0x2040, 0x3E7E, 0x4890, 0x8200, 0xFFFE, 0x0000, 0x1FF0, 0x1010, 0x1FF0, 0x0000, 0x7FFC, 0x4004, 0x4FE4, 0x4824, 0x4FE4, 0x400C}},
  {31706, {0x2040, 0x3F7E, 0x4890, 0x8508, 0x3FFC, 0x2240, 0x2240, 0x3E78, 0x2240, 0x2E70, 0x2240, 0x3E78, 0x2240, 0x2240, 0x3FFC, 0x0000}},
  {31709, {0x2040, 0x3F7E, 0x4890, 0x8548, 0x7FFC, 0x0440, 0x3FF8, 0x0440, 0xFFFE, 0x1110, 0x1FF0, 0x1110, 0xFFFE, 0x1010, 0x1050, 0x1020}},
  {31713, {0x2040, 0x3F7E, 0x4890, 0x9FF8, 0x1010, 0x1FF0, 0x1010, 0x1FF0, 0x1010, 0x1FF0, 0x0200, 0x7FFC, 0x0440, 0x1A30, 0xE44E, 0x0FE0}},
  {31717, {0x1040, 0x1040, 0x3F7E, 0x4890, 0x8508, 0x7FFC, 0x0440, 0x3FF8, 0x2448, 0x3FF8, 0x0100, 0x7FFC, 0x0540, 0x1930, 0xE10E, 0x0100}},
  {31718, {0x2040, 0x3E7E, 0x4890, 0x8200, 0x3FF8, 0x2448, 0x2388, 0x2448, 0x3FF8, 0x0000, 0x2084, 0x3E98, 0x20E0, 0x2084, 0x2684, 0x387C}},
  {31722, {0x2040, 0x3F7E, 0x4890, 0x857C, 0x3F80, 0x20F8, 0x2080, 0x2FFC, 0x2884, 0x28F0, 0x2B88, 0x2878, 0x4800, 0x51E0, 0x9224, 0x241C}},
  {31726, {0x2040, 0x3F7E, 0x4890, 0x8508, 0x0480, 0x2480, 0x24FC, 0x24A0, 0x2510, 0x0000, 0x3FF8, 0x2448, 0x2448, 0x2448, 0xFFFE, 0x0000}},
  {31729, {0x2040, 0x3F7E, 0x4890, 0x8508, 0x0080, 0xFFFE, 0x0440, 0x1390, 0x1450, 0x1FF0, 0x0100, 0x7FFC, 0x4444, 0x4FE4, 0x4424, 0x400C}},
  {31735, {0x2040, 0x3F7E, 0x4890, 0x8508, 0x23F0, 0x1510, 0x10E0, 0x071C, 0x7040, 0x13F8, 0x1040, 0x11F0, 0x1040, 0x17FC, 0x2840, 0x47FE}},
  {31740, {0x2040, 0x3F7E, 0x4890, 0x8508, 0x1200, 0x67DC, 0x4444, 0x47C4, 0x4444, 0x57DC, 0x6000, 0x0440, 0x0440, 0x0842, 0x1042, 0x603E}},
  {31742, {0x2040, 0x3F7E, 0x4890, 0x8508, 0x3FF8, 0x2448, 0x2448, 0x3FF8, 0x0090, 0x3FFC, 0x2080, 0x3048, 0x2850, 0x2424, 0x40D4, 0x830C}},
  {31751, {0x2040, 0x3F7E, 0x4890, 0x8508, 0x2040, 0x1040, 0xFEFE, 0x2120, 0x2040, 0x3CFC, 0x2520, 0x2420, 0x25FE, 0x4450, 0x5488, 0x8906}},
  {31755, {0x2040, 0x3F7E, 0x4890, 0x8508, 0x1FF0, 0x1010, 0x1FF0, 0x1010, 0x1FF4, 0x1088, 0x1470, 0x180E, 0x3FF8, 0x2448, 0x2448, 0xFFFE}},
  {31756, {0x2040, 0x3F7E, 0x4890, 0x8508, 0x0820, 0xFFA0, 0x083E, 0x7F42, 0x4994, 0x4910, 0x7F10, 0x1C10, 0x2A28, 0x4928, 0x8844, 0x0882}},
  {31759, {0x2040, 0x3F7E, 0x4890, 0x8508, 0x0080, 0x3FFE, 0x2220, 0x3FFC, 0x2224, 0x3FFC, 0x2840, 0x2848, 0x2F70, 0x4844, 0x4B44, 0x8C3C}},
  {31766, {0x2040, 0x3F7E, 0x4890, 0x8508, 0x040C, 0x5570, 0x4E40, 0x4440, 0x5F7E, 0x4448, 0x4E48, 0x5548, 0x4448, 0x7F88, 0x0088, 0x0108}},
  {31775, {0x2040, 0x3E7E, 0x4890, 0xFFFC, 0x0440, 0x3FF8, 0x2448, 0x3FF8, 0x1010, 0x1FF0, 0x1010, 0x1FF0, 0x0100, 0xFFFE, 0x0100, 0x0100}},
  {31782, {0x2040, 0x3F7E, 0x4890, 0x8508, 0x0090, 0x7EA0, 0x0444, 0x2828, 0x17D0, 0x2008, 0xDFF6, 0x1010, 0x1FF0, 0x0820, 0x0440, 0x7FFC}},
  {31783, {0x2040, 0x3E7E, 0x4890, 0x8440, 0x3FF8, 0x0440, 0xFFFE, 0x0100, 0x3FF8, 0x2108, 0x3FF8, 0x2108, 0x3FF8, 0x0820, 0x1010, 0x2008}},
  {31786, {0x2040, 0x3F7E, 0x4890, 0x8508, 0x3E7C, 0x0810, 0x4890, 0x7EFE, 0x1428, 0x244A, 0x4686, 0x3FF8, 0x2008, 0x3FF8, 0x2008, 0x3FF8}},
  {31800, {0x2040, 0x3F7E, 0x4890, 0x8508, 0x2410, 0x2410, 0xFEFE, 0x2492, 0x3C90, 0x24FC, 0x3CA4, 0x24A4, 0xFEA8, 0x2910, 0x4528, 0x8246}},
  {31807, {0x2040, 0x3F7E, 0x4890, 0x8548, 0x27FC, 0x1040, 0x13F8, 0x8248, 0x43F8, 0x4A48, 0x0BF8, 0x1248, 0xF010, 0x27FC, 0x2210, 0x2130}},
  {31808, {0x2040, 0x3F7E, 0x4890, 0x8508, 0x2080, 0x277C, 0xF4A4, 0x25A4, 0x3654, 0x2088, 0xE7FC, 0x2444, 0x27FC, 0x2444, 0xA7FC, 0x4404}},
  {31809, {0x2040, 0x3F7E, 0x4890, 0x8508, 0x0820, 0x7F3C, 0x0844, 0x3E88, 0x2A7C, 0x2A44, 0x3E54, 0x0854, 0x1C54, 0x2A28, 0x4844, 0x0882}},
  {31821, {0x2040, 0x3F7E, 0x4890, 0x8508, 0x1048, 0x7CFC, 0x1048, 0x7C48, 0x11FE, 0xFE00, 0x10FC, 0x3884, 0x54FC, 0x9484, 0x10FC, 0x1084}},
  {31859, {0x0100, 0x2108, 0x1108, 0x0910, 0x0920, 0x0100, 0x7FFC, 0x0380, 0x0540, 0x0540, 0x0920, 0x1110, 0x2108, 0xC106, 0x0100, 0x0100}},
  {31860, {0x0600, 0x0100, 0x0280, 0x0440, 0x1830, 0xE10E, 0x1110, 0x0920, 0x0540, 0x7FFC, 0x0540, 0x0920, 0x1110, 0x2108, 0xC106, 0x0100}},
  {31867, {0x0100, 0x1110, 0x0920, 0x0100, 0x7FFC, 0x0540, 0x0920, 0x1110, 0x6008, 0x0100, 0xFFFE, 0x0280, 0x0440, 0x0820, 0x3018, 0xC006}},
  {31868, {0x1020, 0x1020, 0x9420, 0x5420, 0x5924, 0x1124, 0xFD24, 0x3124, 0x3924, 0x5524, 0x5524, 0x9124, 0x1124, 0x11FC, 0x1004, 0x1000}},
  {31869, {0x1000, 0x11FC, 0x9404, 0x5408, 0x5810, 0x1020, 0xFC20, 0x33FE, 0x3820, 0x5420, 0x5420, 0x9020, 0x1020, 0x1020, 0x10A0, 0x1040}},
  {31881, {0x1010, 0x1050, 0x9450, 0x5450, 0x5888, 0x1088, 0xFD04, 0x32FA, 0x3848, 0x5448, 0x5448, 0x9048, 0x1088, 0x1088, 0x1128, 0x1210}},
  {31889, {0x1000, 0x1000, 0x95FC, 0x5524, 0x5924, 0x1124, 0xFD24, 0x3124, 0x39FC, 0x5500, 0x5500, 0x9100, 0x1102, 0x1102, 0x10FE, 0x1000}},
  {31890, {0x0820, 0x0810, 0x4A10, 0x2A00, 0x2DFE, 0x0800, 0xFE04, 0x1884, 0x1C84, 0x2A48, 0x2A48, 0x4848, 0x8850, 0x0810, 0x09FE, 0x0800}},
  {31893, {0x1020, 0x1020, 0x9440, 0x55FC, 0x5904, 0x1104, 0xFD04, 0x3104, 0x39FC, 0x5504, 0x5504, 0x9104, 0x1104, 0x1104, 0x11FC, 0x1104}},
  {31895, {0x1000, 0x11F8, 0x9508, 0x5508, 0x5908, 0x11F8, 0xFD08, 0x3108, 0x3908, 0x55F8, 0x5508, 0x9108, 0x1108, 0x1108, 0x17FE, 0x1000}},
  {31896, {0x1020, 0x1020, 0x9420, 0x5420, 0x583E, 0x1020, 0xFC20, 0x3020, 0x39FC, 0x5504, 0x5504, 0x9104, 0x1104, 0x1104, 0x11FC, 0x1104}},
  {31900, {0x0100, 0x1110, 0x1110, 0x1FF0, 0x4104, 0x4104, 0x7FFC, 0x0000, 0x1110, 0x0920, 0x7FFC, 0x0540, 0x0920, 0x3118, 0xC106, 0x0100}},
  {31901, {0x1000, 0x11FE, 0x9500, 0x5500, 0x5900, 0x11FE, 0xFD20, 0x3120, 0x393C, 0x5524, 0x5524, 0x9124, 0x1124, 0x1244, 0x1254, 0x1488}},
  {31902, {0x1000, 0x13FE, 0x9450, 0x5450, 0x59FC, 0x1154, 0xFD54, 0x3154, 0x3954, 0x5554, 0x558C, 0x9104, 0x1104, 0x1104, 0x11FC, 0x1104}},
  {31903, {0x7FFC, 0x0440, 0x0440, 0x3FF8, 0x2448, 0x2448, 0x3FF8, 0x0000, 0x1110, 0x0920, 0x7FFC, 0x0540, 0x0920, 0x3118, 0xC106, 0x0100}},
  {31906, {0x0100, 0x4100, 0x21FC, 0x0A44, 0x1448, 0xE0A0, 0x2110, 0x2608, 0x1110, 0x0920, 0x7FFC, 0x0540, 0x0920, 0x3118, 0xC106, 0x0100}},
  {31908, {0x0200, 0x3FF8, 0x2928, 0x2548, 0x2FE8, 0x2388, 0x2548, 0x2928, 0x3FF8, 0x0000, 0xFFFE, 0x1000, 0x1FF8, 0x0008, 0x0050, 0x0020}},
  {31909, {0x0100, 0xF93C, 0x0904, 0x0D44, 0x0B84, 0x793C, 0x4120, 0x47E0, 0x4120, 0x793C, 0x0B84, 0x0D44, 0x0904, 0x0904, 0x5128, 0x2110}},
  {31914, {0x0100, 0x1110, 0x0920, 0x7FFC, 0x0540, 0x0920, 0x3118, 0xC446, 0x0440, 0x3FF8, 0x0440, 0x0440, 0xFFFE, 0x0820, 0x1010, 0x2008}},
  {31918, {0x1040, 0x1020, 0x95FC, 0x5504, 0x5904, 0x11FC, 0xFD04, 0x3104, 0x39FC, 0x5520, 0x5522, 0x9114, 0x1108, 0x1144, 0x1182, 0x1100}},
  {31921, {0x0000, 0x23F0, 0x9090, 0x4294, 0x1292, 0xE512, 0x2250, 0x2420, 0x1110, 0x0920, 0x7FFC, 0x0540, 0x0920, 0x3118, 0xC106, 0x0100}},
  {31922, {0x0800, 0x0F7C, 0x2804, 0x3F44, 0x6128, 0x9210, 0x0C68, 0x3184, 0xC000, 0x1110, 0x0920, 0x7FFC, 0x0540, 0x0920, 0x3118, 0xC106}},
  {31923, {0x1000, 0x11FE, 0x9420, 0x5420, 0x59FC, 0x1124, 0xFD24, 0x31FC, 0x3924, 0x5524, 0x55FC, 0x9120, 0x10A0, 0x1040, 0x10B0, 0x130E}},
  {31929, {0x1040, 0x1020, 0x95FE, 0x5400, 0x5888, 0x1088, 0xFD54, 0x3222, 0x3800, 0x5420, 0x55FE, 0x9020, 0x1020, 0x1020, 0x1020, 0x1020}},
  {31932, {0x0800, 0x4912, 0x2A12, 0x0812, 0xFF24, 0x2A24, 0x4948, 0x8890, 0x4248, 0x7748, 0x9224, 0x5A24, 0x2F92, 0x2212, 0x4212, 0x8200}},
  {31933, {0x2040, 0x2020, 0x23FE, 0xAA02, 0x7000, 0x21FC, 0xF800, 0x2000, 0x73FE, 0x6820, 0xA928, 0x2124, 0x2222, 0x2422, 0x20A0, 0x2040}},
  {31934, {0x1020, 0x1020, 0x95FE, 0x5420, 0x58FC, 0x1020, 0xFDFE, 0x3000, 0x38FC, 0x5484, 0x54FC, 0x9084, 0x10FC, 0x1084, 0x1094, 0x1088}},
  {31937, {0x1040, 0x1048, 0x9484, 0x55FE, 0x5820, 0x13FE, 0xFC88, 0x3124, 0x3A42, 0x5588, 0x5410, 0x9062, 0x1184, 0x1018, 0x1060, 0x1380}},
  {31941, {0x2000, 0x21FC, 0x2048, 0xA830, 0x73FE, 0x2052, 0xF894, 0x2110, 0x7230, 0x6820, 0xABFE, 0x2070, 0x20A8, 0x2124, 0x2622, 0x2020}},
  {31943, {0x1080, 0x10BC, 0x9484, 0x5508, 0x59FE, 0x1320, 0xFD20, 0x317C, 0x3990, 0x5510, 0x55FE, 0x9110, 0x1128, 0x1128, 0x1144, 0x1182}},
  {31944, {0x2000, 0x23FE, 0x2022, 0xA920, 0x713C, 0x2120, 0xFAFE, 0x2400, 0x71FC, 0x6904, 0xA9FC, 0x2104, 0x21FC, 0x2104, 0x2114, 0x2108}},
  {31946, {0x1080, 0x109E, 0x9492, 0x55D2, 0x5892, 0x109E, 0xFC92, 0x31D2, 0x3952, 0x555E, 0x5552, 0x9152, 0x11D2, 0x1022, 0x102A, 0x1044}},
  {31948, {0x2088, 0x2088, 0x21EC, 0xA92A, 0x7228, 0x2548, 0xF888, 0x217E, 0x7600, 0x69FC, 0xA904, 0x2104, 0x21FC, 0x2104, 0x2104, 0x21FC}},
  {31949, {0x2108, 0x2088, 0x2090, 0xAFFE, 0x7108, 0x2108, 0xFA10, 0x2294, 0x74A4, 0x6F38, 0xA908, 0x2210, 0x2210, 0x24A4, 0x27BC, 0x2084}},
  {31957, {0x1104, 0x1084, 0x9488, 0x5400, 0x5BFE, 0x1020, 0xFC20, 0x31FC, 0x3820, 0x5420, 0x57FE, 0x9000, 0x12A4, 0x1252, 0x1452, 0x1000}},
  {31958, {0x1020, 0x1010, 0x95FE, 0x5510, 0x597C, 0x1114, 0xFDFE, 0x3114, 0x397C, 0x5510, 0x557C, 0x9144, 0x1144, 0x1244, 0x127C, 0x1444}},
  {31959, {0x2040, 0x2080, 0x23F8, 0xAA08, 0x73F8, 0x2208, 0xFBF8, 0x2208, 0x73F8, 0x6850, 0xA848, 0x27FE, 0x20A0, 0x2110, 0x2208, 0x2C06}},
  {31961, {0x1010, 0x1050, 0x9650, 0x557C, 0x5890, 0x1010, 0xFCFE, 0x3300, 0x397C, 0x5544, 0x5544, 0x917C, 0x1144, 0x1100, 0x12FE, 0x1400}},
  {31964, {0x0100, 0x0080, 0x3FFE, 0x2210, 0x2F7C, 0x2638, 0x2B54, 0x3292, 0x2080, 0x2490, 0x22A0, 0x3FFC, 0x21C0, 0x42A0, 0x4498, 0x9886}},
  {31967, {0x2090, 0x2090, 0x27FE, 0xA890, 0x73FC, 0x2294, 0xFBFC, 0x2294, 0x73FC, 0x6800, 0xA9F8, 0x2108, 0x21F8, 0x2108, 0x21F8, 0x2108}},
  {31968, {0x1020, 0x1010, 0x95FE, 0x5510, 0x597C, 0x1114, 0xFDFE, 0x3114, 0x397C, 0x5510, 0x5592, 0x9154, 0x1138, 0x1254, 0x1292, 0x1430}},
  {31976, {0x2000, 0x23BE, 0x20A2, 0xA8A2, 0x70BE, 0x2388, 0xFA08, 0x223E, 0x722A, 0x6BAA, 0xA8AA, 0x20BE, 0x2088, 0x208A, 0x257E, 0x2202}},
  {31983, {0x1000, 0x11FC, 0x9420, 0x57FE, 0x5A22, 0x11AC, 0xFC20, 0x31AC, 0x3800, 0x57FE, 0x5420, 0x91FC, 0x1154, 0x1154, 0x1154, 0x110C}},
  {31992, {0x0200, 0x0400, 0x0820, 0x1040, 0x3F80, 0x0100, 0x0610, 0x1808, 0x7FFC, 0x0104, 0x0920, 0x0910, 0x1108, 0x2104, 0x4504, 0x0200}},
  {31995, {0x00F8, 0x3F00, 0x0400, 0x0820, 0x1040, 0x3F80, 0x0100, 0x0610, 0x1808, 0x7FFC, 0x0104, 0x0920, 0x1110, 0x2108, 0x4504, 0x0200}},
  {32010, {0x0200, 0x0100, 0x7FFC, 0x0820, 0x07C0, 0x1830, 0xE20E, 0x0420, 0x1FC0, 0x0180, 0x0610, 0x3FF8, 0x0108, 0x1120, 0x2510, 0x4208}},
  {32032, {0x0100, 0x3FF8, 0x0100, 0x1FF0, 0x0100, 0xFFFE, 0x0200, 0x0420, 0x1FC0, 0x0180, 0x0610, 0x3FF8, 0x0108, 0x1120, 0x2510, 0x4208}},
  {32034, {0x0100, 0x0100, 0x3FF8, 0x0100, 0x0100, 0x7FFE, 0x4202, 0x8424, 0x1FC0, 0x0180, 0x0610, 0x3FF8, 0x0108, 0x1120, 0x2510, 0x4208}},
  {32039, {0x0400, 0x25FC, 0x2488, 0x2450, 0x2420, 0x2450, 0x028C, 0x0420, 0x1FC0, 0x0180, 0x0610, 0x3FF8, 0x0108, 0x1120, 0x2510, 0x4208}},
  {32043, {0x0880, 0x2888, 0x2EF0, 0x2884, 0x2E84, 0xF07C, 0x0200, 0x0420, 0x1FC0, 0x0180, 0x0610, 0x3FF8, 0x0108, 0x1120, 0x2510, 0x4208}},
  {32047, {0x0000, 0x3FF8, 0x2108, 0x3FF8, 0x2108, 0x3FF8, 0x0200, 0x0420, 0x1FC0, 0x0180, 0x0610, 0x3FF8, 0x0108, 0x1120, 0x2510, 0x4208}},
  {32110, {0x0800, 0x7F7C, 0x1144, 0x3244, 0x0C44, 0x327C, 0xC200, 0x0420, 0x1FC0, 0x0180, 0x0610, 0x3FF8, 0x0108, 0x1120, 0x2510, 0x4208}},
  {32119, {0x1080, 0xFBF0, 0x1090, 0x1990, 0xF094, 0x1154, 0x520C, 0x2424, 0x1FC0, 0x0180, 0x0610, 0x3FF8, 0x0108, 0x1120, 0x2510, 0x4208}},
  {32166, {0x0820, 0x7FFC, 0x0820, 0x0FE0, 0x0820, 0x0FE0, 0x0820, 0xFFFE, 0x1450, 0x2888, 0xDF06, 0x0210, 0x3FF8, 0x0108, 0x1520, 0x2210}},
  {32174, {0x1040, 0x0840, 0x3E7E, 0x2288, 0x2350, 0x3E20, 0x2058, 0x4186, 0x8440, 0x0880, 0x1F00, 0x0210, 0x3FF8, 0x0108, 0x1520, 0x2210}},
  {32315, {0x0100, 0x0080, 0x3FFE, 0x2210, 0x2F7C, 0x2638, 0x2B54, 0x3292, 0x2108, 0x27F0, 0x2060, 0x2384, 0x2FFE, 0x4042, 0x4548, 0x8884}},
  {32321, {0x2020, 0x3F20, 0x403E, 0xBE48, 0x2AA8, 0xFF28, 0x4A10, 0x7F28, 0x0446, 0x0880, 0x1F00, 0x0210, 0x3FF8, 0x0108, 0x1520, 0x2210}},
  {32327, {0x0000, 0x0E0C, 0xF0F0, 0x2220, 0x9244, 0x44F8, 0x2010, 0x3C24, 0x50FE, 0x1012, 0xFE50, 0x1054, 0x5492, 0x5512, 0x5C50, 0x6420}},
  {32386, {0x2040, 0x3E7E, 0x4890, 0xBFF8, 0x2488, 0x2248, 0x3FF8, 0x0200, 0xFFFE, 0x0920, 0x1250, 0x2F88, 0xC226, 0x1FF0, 0x0948, 0x1320}},
  {32411, {0x0100, 0xFFFE, 0x0100, 0x1FF0, 0x1210, 0xFFFE, 0x1090, 0x1FF0, 0x001C, 0x3EE0, 0x2224, 0x2AF8, 0x2A24, 0xFFFE, 0x2A54, 0x59B2}},
  {32415, {0x1000, 0x1000, 0x2000, 0x2400, 0x4400, 0xF800, 0x1000, 0x2000, 0x4000, 0xFC00, 0x4000, 0x0000, 0x1C00, 0xE000, 0x4000, 0x0000}},
  {32416, {0x1004, 0x1004, 0x2084, 0x2484, 0x4484, 0xF884, 0x1084, 0x2084, 0x408C, 0xFCB4, 0x40C4, 0x0084, 0x1C04, 0xE004, 0x4004, 0x0004}},
  {32417, {0x1000, 0x11FC, 0x2020, 0x2420, 0x4420, 0xF820, 0x1020, 0x23FE, 0x4020, 0xFC20, 0x4020, 0x0020, 0x1C20, 0xE020, 0x40A0, 0x0040}},
  {32418, {0x1000, 0x1000, 0x21FC, 0x2420, 0x4420, 0xF820, 0x1020, 0x2020, 0x4020, 0xFC20, 0x4020, 0x0020, 0x1C20, 0xE020, 0x43FE, 0x0000}},
  {32419, {0x1008, 0x1008, 0x2008, 0x2408, 0x45FE, 0xF808, 0x1008, 0x2008, 0x4088, 0xFC48, 0x4048, 0x0008, 0x1C08, 0xE008, 0x4028, 0x0010}},
  {32420, {0x1008, 0x103C, 0x21E0, 0x2420, 0x4420, 0xF820, 0x1020, 0x23FE, 0x4020, 0xFC20, 0x4020, 0x0020, 0x1C20, 0xE020, 0x4020, 0x0020}},
  {32421, {0x1040, 0x1040, 0x2080, 0x24FE, 0x4500, 0xFA00, 0x10FC, 0x2008, 0x4010, 0xFC20, 0x4040, 0x0080, 0x1D02, 0xE102, 0x40FE, 0x0000}},
  {32422, {0x1040, 0x1040, 0x2080, 0x24FC, 0x4504, 0xFA04, 0x1004, 0x2104, 0x4084, 0xFC44, 0x4044, 0x0004, 0x1C04, 0xE004, 0x4028, 0x0010}},
  {32423, {0x1000, 0x13FC, 0x2084, 0x2088, 0x4888, 0xF890, 0x109C, 0x2084, 0x4144, 0xF944, 0x4128, 0x0128, 0x1A10, 0xE228, 0x4444, 0x0182}},
  {32424, {0x1040, 0x1040, 0x2040, 0x2440, 0x45F8, 0xF848, 0x1048, 0x2048, 0x4148, 0xFCC8, 0x4048, 0x00A8, 0x1CAA, 0xE10A, 0x4206, 0x0402}},
  {32425, {0x1020, 0x1010, 0x2010, 0x25FE, 0x4500, 0xF900, 0x1100, 0x2100, 0x4100, 0xFD00, 0x4100, 0x0100, 0x1D00, 0xE200, 0x4200, 0x0400}},
  {32426, {0x1000, 0x1000, 0x23F8, 0x2008, 0x4808, 0xF008, 0x1008, 0x23F8, 0x4208, 0xFA00, 0x4200, 0x0202, 0x1A02, 0xE202, 0x41FE, 0x0000}},
  {32427, {0x1000, 0x1000, 0x23FC, 0x2044, 0x4844, 0xFA44, 0x1244, 0x2244, 0x4484, 0xF884, 0x4084, 0x0104, 0x1904, 0xE204, 0x4428, 0x0810}},
  {32428, {0x1020, 0x1020, 0x2020, 0x25FE, 0x4420, 0xF820, 0x10FC, 0x2020, 0x4020, 0xFDFE, 0x4022, 0x0022, 0x1C2A, 0xE024, 0x4020, 0x0020}},
  {32429, {0x1000, 0x1000, 0x21FC, 0x2400, 0x4400, 0xF800, 0x13FE, 0x2020, 0x4020, 0xFC40, 0x4040, 0x0088, 0x1D04, 0xE3FE, 0x4102, 0x0000}},
  {32431, {0x1040, 0x1040, 0x2040, 0x23FC, 0x4840, 0xFA48, 0x1248, 0x2248, 0x4248, 0xFBF8, 0x4048, 0x0040, 0x1842, 0xE042, 0x403E, 0x0000}},
  {32432, {0x1010, 0x1110, 0x2110, 0x2512, 0x4512, 0xF914, 0x11D8, 0x2110, 0x4110, 0xFD10, 0x4110, 0x0112, 0x1D52, 0xE192, 0x410E, 0x0000}},
  {32433, {0x1040, 0x1040, 0x2040, 0x2148, 0x4944, 0xFA42, 0x1242, 0x2448, 0x4048, 0xF848, 0x4010, 0x0010, 0x1820, 0xE040, 0x4180, 0x0600}},
  {32434, {0x1000, 0x13FC, 0x2204, 0x2204, 0x4A94, 0xFA54, 0x1224, 0x2224, 0x4254, 0xFA54, 0x4294, 0x0304, 0x1A04, 0xE204, 0x4214, 0x0208}},
  {32435, {0x1020, 0x1020, 0x2020, 0x2020, 0x4BFE, 0xF222, 0x1222, 0x2222, 0x4252, 0xFA4A, 0x428A, 0x0302, 0x1A02, 0xE202, 0x420A, 0x0204}},
  {32437, {0x1110, 0x1110, 0x2110, 0x2110, 0x4910, 0xF910, 0x1110, 0x2110, 0x4110, 0xFAA8, 0x4268, 0x0228, 0x1C44, 0xE444, 0x4884, 0x1102}},
  {32438, {0x1040, 0x1040, 0x20A0, 0x20A0, 0x4910, 0xFA08, 0x1406, 0x2110, 0x4120, 0xF940, 0x4180, 0x0100, 0x1904, 0xE104, 0x40FC, 0x0000}},
  {32439, {0x1010, 0x1090, 0x2090, 0x2088, 0x4908, 0xF904, 0x1204, 0x25FA, 0x4088, 0xF888, 0x4088, 0x0088, 0x1908, 0xE108, 0x4228, 0x0410}},
  {32440, {0x1008, 0x103C, 0x23E0, 0x2220, 0x4A20, 0xFA20, 0x1220, 0x23FE, 0x4220, 0xFA10, 0x4210, 0x0212, 0x1A0A, 0xE28A, 0x4306, 0x0202}},
  {32441, {0x1080, 0x1040, 0x2040, 0x27FC, 0x4910, 0xF110, 0x1110, 0x2110, 0x4110, 0xF8A0, 0x40A0, 0x0040, 0x18A0, 0xE110, 0x4208, 0x0C06}},
  {32442, {0x1040, 0x1020, 0x2020, 0x27FE, 0x4480, 0xF880, 0x1080, 0x20FC, 0x4084, 0xFC84, 0x4084, 0x0084, 0x1D04, 0xE104, 0x4228, 0x0410}},
  {32445, {0x1000, 0x11FC, 0x2044, 0x2444, 0x4444, 0xF844, 0x1044, 0x21FC, 0x4084, 0xFC84, 0x4084, 0x0084, 0x1C84, 0xE084, 0x47FE, 0x0000}},
  {32446, {0x1000, 0x11F8, 0x2008, 0x2450, 0x4420, 0xF810, 0x13FE, 0x2022, 0x4024, 0xFC20, 0x4020, 0x0020, 0x1C20, 0xE020, 0x40A0, 0x0040}},
  {32447, {0x1050, 0x1048, 0x2040, 0x245C, 0x45E0, 0xF840, 0x105E, 0x23E0, 0x4044, 0xFC48, 0x4030, 0x0022, 0x1C52, 0xE08A, 0x4306, 0x0002}},
  {32448, {0x1108, 0x1108, 0x2108, 0x2508, 0x47FE, 0xF908, 0x1108, 0x2108, 0x4108, 0xFDF8, 0x4108, 0x0108, 0x1D08, 0xE108, 0x41F8, 0x0108}},
  {32449, {0x1048, 0x1248, 0x2248, 0x2248, 0x4A48, 0xF7FE, 0x1248, 0x2248, 0x4248, 0xFA48, 0x4278, 0x0200, 0x1A00, 0xE200, 0x43FE, 0x0000}},
  {32450, {0x1050, 0x1048, 0x2048, 0x2040, 0x4BFE, 0xF880, 0x1080, 0x20FC, 0x4144, 0xF944, 0x4128, 0x0128, 0x1A10, 0xE228, 0x4444, 0x0182}},
  {32451, {0x1040, 0x1040, 0x27FC, 0x2080, 0x4880, 0xFBE0, 0x1120, 0x2220, 0x43FC, 0xF820, 0x4128, 0x0124, 0x1A22, 0xE422, 0x40A0, 0x0040}},
  {32452, {0x1000, 0x11F8, 0x2108, 0x2108, 0x4908, 0xF9F8, 0x1108, 0x2108, 0x4108, 0xF9F8, 0x4108, 0x0108, 0x1908, 0xE108, 0x47FE, 0x0000}},
  {32453, {0x1020, 0x1020, 0x2020, 0x25FC, 0x4524, 0xF924, 0x1124, 0x21FC, 0x4124, 0xFD24, 0x4124, 0x01FC, 0x1D24, 0xE020, 0x4020, 0x0020}},
  {32454, {0x1000, 0x1000, 0x21FC, 0x2524, 0x4524, 0xF924, 0x1124, 0x2124, 0x41FC, 0xFD24, 0x4124, 0x0124, 0x1D24, 0xE124, 0x41FC, 0x0104}},
  {32455, {0x1000, 0x1000, 0x21FC, 0x2504, 0x4504, 0xF904, 0x1104, 0x2104, 0x41FC, 0xFD04, 0x4000, 0x0090, 0x1C88, 0xE104, 0x4202, 0x0402}},
  {32456, {0x1080, 0x1080, 0x20F8, 0x2108, 0x4B10, 0xFCA0, 0x1040, 0x20A0, 0x4318, 0xFC06, 0x40C0, 0x0020, 0x1810, 0xE180, 0x4060, 0x0010}},
  {32457, {0x1080, 0x1080, 0x20F8, 0x2108, 0x4A10, 0xFC20, 0x13FC, 0x2004, 0x4004, 0xF804, 0x41FC, 0x0004, 0x1804, 0xE004, 0x43FC, 0x0004}},
  {32458, {0x1020, 0x1020, 0x2124, 0x24A4, 0x44A8, 0xF820, 0x11FC, 0x2020, 0x4020, 0xFC20, 0x43FE, 0x0020, 0x1C20, 0xE020, 0x4020, 0x0020}},
  {32459, {0x1090, 0x1090, 0x2090, 0x23FC, 0x4894, 0xF894, 0x13FC, 0x2290, 0x4290, 0xFBFE, 0x4092, 0x0092, 0x191A, 0xE114, 0x4210, 0x0410}},
  {32460, {0x1020, 0x1020, 0x2124, 0x2524, 0x4524, 0xF924, 0x11FC, 0x2020, 0x4020, 0xFD24, 0x4124, 0x0124, 0x1D24, 0xE124, 0x41FC, 0x0004}},
  {32461, {0x1000, 0x13FC, 0x2084, 0x2084, 0x4884, 0xF904, 0x1114, 0x2208, 0x4400, 0xF9FC, 0x4104, 0x0104, 0x1904, 0xE104, 0x41FC, 0x0104}},
  {32462, {0x1000, 0x13FC, 0x2104, 0x2088, 0x4850, 0xF820, 0x10D8, 0x2326, 0x4020, 0xF9FC, 0x4020, 0x0020, 0x1BFE, 0xE020, 0x4020, 0x0020}},
  {32463, {0x1000, 0x11FC, 0x2008, 0x2410, 0x4430, 0xF848, 0x1084, 0x2302, 0x4000, 0xFDFC, 0x4020, 0x0020, 0x1C20, 0xE020, 0x43FE, 0x0000}},
  {32464, {0x1020, 0x1020, 0x2040, 0x2488, 0x4504, 0xFBFE, 0x1002, 0x2000, 0x41FC, 0xFD04, 0x4104, 0x0104, 0x1D04, 0xE104, 0x41FC, 0x0104}},
  {32465, {0x2100, 0x211E, 0x2112, 0x47D2, 0x5114, 0xF114, 0x27D8, 0x2114, 0x4112, 0xF7D2, 0x4112, 0x011A, 0x3114, 0xC210, 0x0210, 0x0410}},
  {32466, {0x1028, 0x1024, 0x2024, 0x2020, 0x4BFE, 0xF820, 0x1124, 0x2124, 0x4124, 0xFBA8, 0x4128, 0x0110, 0x1A12, 0xE22A, 0x4446, 0x0082}},
  {32467, {0x1020, 0x1020, 0x2020, 0x27FE, 0x4420, 0xF820, 0x11FC, 0x2000, 0x4000, 0xFDFC, 0x4104, 0x0104, 0x1D04, 0xE104, 0x41FC, 0x0104}},
  {32468, {0x1040, 0x1040, 0x27FC, 0x20A0, 0x4910, 0xFA08, 0x1DF6, 0x2000, 0x47FC, 0xF880, 0x4100, 0x03F8, 0x1808, 0xE008, 0x4050, 0x0020}},
  {32469, {0x1080, 0x1080, 0x20BC, 0x23C0, 0x4850, 0xF824, 0x10D4, 0x230C, 0x4000, 0xFBFE, 0x4090, 0x0090, 0x1912, 0xE112, 0x420E, 0x0400}},
  {32471, {0x1080, 0x1080, 0x213C, 0x2200, 0x4C80, 0xF080, 0x117E, 0x2308, 0x4508, 0xF908, 0x4108, 0x0108, 0x1908, 0xE108, 0x4128, 0x0110}},
  {32472, {0x1040, 0x1040, 0x20A0, 0x2110, 0x4A08, 0xF406, 0x11F0, 0x2000, 0x4000, 0xFBFC, 0x4040, 0x0080, 0x1910, 0xE208, 0x47FC, 0x0204}},
  {32473, {0x1040, 0x1040, 0x20A0, 0x2110, 0x4A08, 0xF406, 0x13F8, 0x2000, 0x4000, 0xFBF8, 0x4208, 0x0208, 0x1A08, 0xE208, 0x43F8, 0x0208}},
  {32474, {0x1080, 0x1080, 0x2100, 0x21FC, 0x4A04, 0xF404, 0x13E4, 0x2224, 0x4224, 0xFBE4, 0x4224, 0x0224, 0x1BE4, 0xE004, 0x4028, 0x0010}},
  {32475, {0x1080, 0x1080, 0x20FC, 0x2108, 0x4A90, 0xF860, 0x1198, 0x2626, 0x4020, 0xF9FC, 0x4020, 0x0220, 0x1BFE, 0xE020, 0x4020, 0x0020}},
  {32476, {0x1080, 0x1080, 0x20F8, 0x2108, 0x4B10, 0xFCA0, 0x1040, 0x20A0, 0x4118, 0xFA06, 0x45F8, 0x0108, 0x1908, 0xE108, 0x41F8, 0x0108}},
  {32477, {0x1080, 0x1080, 0x20F8, 0x2108, 0x4A10, 0xF5FC, 0x1124, 0x2124, 0x4124, 0xF9FC, 0x4100, 0x0100, 0x1902, 0xE102, 0x40FE, 0x0000}},
  {32478, {0x1040, 0x1020, 0x2020, 0x25FE, 0x4400, 0xF888, 0x1104, 0x2202, 0x4088, 0xFC88, 0x4050, 0x0050, 0x1C20, 0xE050, 0x4088, 0x0306}},
  {32479, {0x1040, 0x1020, 0x2020, 0x23FE, 0x4840, 0xF888, 0x1104, 0x23FE, 0x4092, 0xF890, 0x4090, 0x0090, 0x1912, 0xE112, 0x420E, 0x0400}},
  {32480, {0x1000, 0x13FE, 0x2020, 0x2420, 0x45FC, 0xF924, 0x1124, 0x21FC, 0x4124, 0xFD24, 0x41FC, 0x0120, 0x1CA0, 0xE040, 0x40B0, 0x030E}},
  {32481, {0x1020, 0x1124, 0x20A4, 0x24A8, 0x4420, 0xF9FC, 0x1104, 0x2104, 0x41FC, 0xFD04, 0x4104, 0x01FC, 0x1D04, 0xE104, 0x4114, 0x0108}},
  {32482, {0x1000, 0x11F8, 0x2108, 0x2108, 0x49F8, 0xF800, 0x13FC, 0x2204, 0x4204, 0xFBFC, 0x4204, 0x0204, 0x1BFC, 0xE204, 0x4214, 0x0208}},
  {32483, {0x1038, 0x13C0, 0x2040, 0x2040, 0x4FFC, 0xF950, 0x1248, 0x2446, 0x43F0, 0xF910, 0x4120, 0x017C, 0x1A04, 0xE204, 0x4428, 0x0810}},
  {32485, {0x1008, 0x103C, 0x23C0, 0x2044, 0x4A24, 0xF928, 0x1100, 0x2040, 0x43FE, 0xF888, 0x4108, 0x0390, 0x1860, 0xE050, 0x4188, 0x0604}},
  {32486, {0x1080, 0x1080, 0x21F8, 0x2308, 0x4C90, 0xF060, 0x1198, 0x2646, 0x4040, 0xFBFC, 0x4040, 0x0248, 0x1A44, 0xE444, 0x4140, 0x0080}},
  {32487, {0x1020, 0x1220, 0x2220, 0x2324, 0x4AA8, 0xF220, 0x13FC, 0x2220, 0x4270, 0xFAA8, 0x4324, 0x0220, 0x1A20, 0xE220, 0x43FE, 0x0000}},
  {32488, {0x1108, 0x1088, 0x2090, 0x23FC, 0x4824, 0xF824, 0x13FC, 0x2220, 0x4220, 0xFBFE, 0x4062, 0x00A2, 0x192A, 0xE224, 0x4420, 0x0020}},
  {32489, {0x1040, 0x1040, 0x27FC, 0x2040, 0x4BF8, 0xF040, 0x17FE, 0x2000, 0x43F8, 0xFA08, 0x4248, 0x0248, 0x1A48, 0xE0A0, 0x4110, 0x0608}},
  {32490, {0x1040, 0x1044, 0x23F4, 0x2048, 0x4850, 0xF7FE, 0x1040, 0x2080, 0x41F8, 0xFB08, 0x4508, 0x01F8, 0x1908, 0xE108, 0x41F8, 0x0108}},
  {32491, {0x1020, 0x1020, 0x21FC, 0x2020, 0x4820, 0xFBFE, 0x1088, 0x2144, 0x4242, 0xF8F8, 0x4188, 0x0250, 0x1820, 0xE050, 0x4188, 0x0606}},
  {32493, {0x1020, 0x1020, 0x21FC, 0x2420, 0x4420, 0xFBFE, 0x1002, 0x2094, 0x4050, 0xFD10, 0x4090, 0x03FE, 0x1C28, 0xE044, 0x4082, 0x0302}},
  {32494, {0x1020, 0x1020, 0x21FC, 0x2450, 0x4488, 0xF904, 0x13FE, 0x2008, 0x41E8, 0xFD28, 0x4128, 0x01E8, 0x1D28, 0xE008, 0x4028, 0x0010}},
  {32495, {0x1090, 0x1090, 0x2090, 0x279E, 0x4890, 0xF890, 0x1090, 0x239C, 0x4090, 0xF890, 0x4090, 0x079E, 0x1890, 0xE090, 0x4090, 0x0090}},
  {32496, {0x1040, 0x1040, 0x207E, 0x2040, 0x4BFC, 0xFA04, 0x13FC, 0x2204, 0x43FC, 0xFA44, 0x4040, 0x07FE, 0x1840, 0xE040, 0x4040, 0x0040}},
  {32497, {0x1020, 0x1124, 0x20A4, 0x20A8, 0x4820, 0xFBFE, 0x1202, 0x2202, 0x42FA, 0xFA8A, 0x428A, 0x028A, 0x1AFA, 0xE202, 0x420A, 0x0204}},
  {32498, {0x1000, 0x11FC, 0x2104, 0x2504, 0x45FC, 0xF904, 0x1104, 0x21FC, 0x4000, 0xFD12, 0x41D4, 0x0118, 0x1D10, 0xE152, 0x4192, 0x010E}},
  {32499, {0x1000, 0x11F0, 0x2110, 0x2110, 0x49F0, 0xF840, 0x13F8, 0x2248, 0x4248, 0xFBF8, 0x4248, 0x0248, 0x1BFA, 0xE042, 0x4042, 0x003E}},
  {32500, {0x10A0, 0x1090, 0x2080, 0x25FE, 0x4510, 0xFB10, 0x15FC, 0x2110, 0x4110, 0xFDFC, 0x4110, 0x0110, 0x1D10, 0xE1FE, 0x4100, 0x0100}},
  {32501, {0x1020, 0x1040, 0x21FC, 0x2104, 0x49FC, 0xF104, 0x11FC, 0x2020, 0x4020, 0xFBFE, 0x4222, 0x0222, 0x1A2A, 0xE224, 0x4020, 0x0020}},
  {32502, {0x101C, 0x13E0, 0x2084, 0x2244, 0x4948, 0xF910, 0x17FE, 0x2402, 0x4000, 0xFBF8, 0x4108, 0x0110, 0x18A0, 0xE040, 0x41B0, 0x060E}},
  {32503, {0x2000, 0x27BC, 0x24A4, 0x44A4, 0x54A4, 0xF7BC, 0x24A4, 0x24A4, 0x44A4, 0xF7BC, 0x44A4, 0x04A4, 0x34A4, 0xC4A4, 0x0AA4, 0x114C}},
  {32504, {0x1000, 0x13FE, 0x2222, 0x2222, 0x4AFA, 0xFA22, 0x1222, 0x23FE, 0x4202, 0xFAFA, 0x428A, 0x028A, 0x1AFA, 0xE202, 0x420A, 0x0404}},
  {32506, {0x1088, 0x1088, 0x21EC, 0x212A, 0x4A28, 0xF548, 0x1088, 0x217E, 0x4600, 0xF800, 0x41FC, 0x0104, 0x1904, 0xE104, 0x41FC, 0x0104}},
  {32507, {0x1040, 0x1248, 0x2150, 0x2040, 0x4BF8, 0xF880, 0x17FC, 0x2110, 0x4208, 0xFDF4, 0x4912, 0x0110, 0x1950, 0xE124, 0x4104, 0x00FC}},
  {32508, {0x1040, 0x1020, 0x23FE, 0x2202, 0x4800, 0xF9FC, 0x1000, 0x2000, 0x43FE, 0xF820, 0x4128, 0x0124, 0x1A22, 0xE422, 0x40A0, 0x0040}},
  {32509, {0x1040, 0x1020, 0x23FE, 0x2202, 0x4C04, 0xF800, 0x13FE, 0x2020, 0x4020, 0xF920, 0x413C, 0x0120, 0x1AA0, 0xE260, 0x443E, 0x0800}},
  {32510, {0x1040, 0x1020, 0x23FE, 0x2202, 0x4C04, 0xF9F8, 0x1108, 0x2108, 0x41F8, 0xF900, 0x4100, 0x01FC, 0x1904, 0xE104, 0x41FC, 0x0104}},
  {32511, {0x1000, 0x11F8, 0x2008, 0x2008, 0x49F8, 0xF808, 0x1008, 0x23FE, 0x4020, 0xFA22, 0x4174, 0x00A8, 0x1924, 0xE222, 0x40A0, 0x0040}},
  {32512, {0x2000, 0x27BC, 0x2084, 0x4294, 0x5108, 0xF294, 0x24A4, 0x2840, 0x4000, 0xF7BC, 0x40A4, 0x02A4, 0x3128, 0xC290, 0x04A8, 0x0846}},
  {32513, {0x1124, 0x1124, 0x2248, 0x2490, 0x4A48, 0xF924, 0x1124, 0x2000, 0x43FC, 0xFA44, 0x4244, 0x03FC, 0x1A44, 0xE244, 0x43FC, 0x0204}},
  {32514, {0x1088, 0x1088, 0x23FE, 0x2488, 0x44F8, 0xF820, 0x11FC, 0x2124, 0x4124, 0xFDFC, 0x4020, 0x03FE, 0x1C20, 0xE020, 0x4020, 0x0020}},
  {32515, {0x1100, 0x1100, 0x213E, 0x2122, 0x4FA2, 0xF122, 0x113E, 0x23A2, 0x4362, 0xFD22, 0x493E, 0x0122, 0x1922, 0xE122, 0x413E, 0x0122}},
  {32516, {0x2014, 0x2012, 0x2010, 0x47FE, 0x5410, 0xF410, 0x25D0, 0x2412, 0x4412, 0xF5D4, 0x4554, 0x0548, 0x35DA, 0xC42A, 0x0846, 0x1082}},
  {32517, {0x1000, 0x17FE, 0x2040, 0x2080, 0x4BFC, 0xF294, 0x1294, 0x22F4, 0x4294, 0xFA94, 0x42F4, 0x0294, 0x1A94, 0xE294, 0x43FC, 0x0204}},
  {32518, {0x1090, 0x1290, 0x229E, 0x22A8, 0x4AC4, 0xF880, 0x11FC, 0x2104, 0x4124, 0xF924, 0x4124, 0x0154, 0x1850, 0xE090, 0x4112, 0x060E}},
  {32519, {0x1000, 0x11FC, 0x2104, 0x2104, 0x49FC, 0xF904, 0x1104, 0x21FC, 0x4000, 0xFBFE, 0x4020, 0x0120, 0x193C, 0xE120, 0x42A0, 0x047E}},
  {32520, {0x2010, 0x2010, 0x2710, 0x4510, 0x5514, 0xF752, 0x2552, 0x2592, 0x4710, 0xF514, 0x4508, 0x0710, 0x3520, 0xC040, 0x0080, 0x0300}},
  {32521, {0x1000, 0x11F8, 0x2108, 0x2108, 0x49F8, 0xF000, 0x17FE, 0x2108, 0x41F8, 0xF908, 0x41F8, 0x0108, 0x193E, 0xE7C8, 0x4008, 0x0008}},
  {32523, {0x1020, 0x1020, 0x21FC, 0x2524, 0x45FC, 0xF820, 0x13FE, 0x2000, 0x41FC, 0xFD04, 0x4124, 0x0124, 0x1D24, 0xE050, 0x4088, 0x0304}},
  {32524, {0x1000, 0x11FC, 0x2124, 0x2124, 0x49FC, 0xF924, 0x1124, 0x21FC, 0x4000, 0xF840, 0x4024, 0x02A2, 0x1A8A, 0xE488, 0x4078, 0x0000}},
  {32525, {0x1008, 0x103C, 0x21E0, 0x2020, 0x4820, 0xFBFE, 0x1124, 0x2124, 0x47FE, 0xF924, 0x4124, 0x03FE, 0x1820, 0xE020, 0x43FE, 0x0000}},
  {32526, {0x1080, 0x1338, 0x2228, 0x2228, 0x4BA8, 0xFA46, 0x1200, 0x227C, 0x43A4, 0xFA24, 0x4228, 0x03A8, 0x1E10, 0xE228, 0x4244, 0x0282}},
  {32527, {0x1100, 0x11FE, 0x2110, 0x2210, 0x4AFE, 0xF292, 0x1692, 0x22FE, 0x4292, 0xFA92, 0x42FE, 0x0290, 0x1A50, 0xE220, 0x4258, 0x0286}},
  {32529, {0x1100, 0x1178, 0x2108, 0x2208, 0x4AFE, 0xF640, 0x1A40, 0x227C, 0x4290, 0xFA10, 0x42FE, 0x0210, 0x1A28, 0xE228, 0x4244, 0x0282}},
  {32530, {0x1010, 0x1220, 0x217C, 0x2544, 0x4444, 0xF87C, 0x1340, 0x2140, 0x417C, 0xFD44, 0x4144, 0x017C, 0x1D44, 0xE280, 0x447E, 0x0000}},
  {32531, {0x103C, 0x17C0, 0x2244, 0x2128, 0x4800, 0xFBFC, 0x1080, 0x2080, 0x47FE, 0xF900, 0x41F8, 0x0288, 0x1A50, 0xE420, 0x48D8, 0x0306}},
  {32532, {0x1040, 0x1020, 0x21FC, 0x2400, 0x4488, 0xF850, 0x13FE, 0x2222, 0x4424, 0xFDFC, 0x4124, 0x0124, 0x1D34, 0xE128, 0x4020, 0x0020}},
  {32533, {0x1020, 0x1124, 0x20A8, 0x2020, 0x4BFE, 0xF8A8, 0x1124, 0x2202, 0x4040, 0xFBFE, 0x4088, 0x0108, 0x1990, 0xE060, 0x4198, 0x0604}},
  {32534, {0x1080, 0x1040, 0x23FC, 0x2204, 0x4A04, 0xFBFC, 0x1200, 0x2200, 0x43FC, 0xFB54, 0x4354, 0x05FC, 0x1D54, 0xE554, 0x4944, 0x010C}},
  {32535, {0x1000, 0x13FC, 0x2204, 0x23FC, 0x4A20, 0xFBFE, 0x1210, 0x228A, 0x4306, 0xF800, 0x43FC, 0x0204, 0x1BFC, 0xE204, 0x43FC, 0x0204}},
  {32536, {0x1080, 0x10FC, 0x2104, 0x21F8, 0x4808, 0xFBFE, 0x1040, 0x20A2, 0x4334, 0xF858, 0x4094, 0x0334, 0x1852, 0xE090, 0x4350, 0x0020}},
  {32537, {0x1000, 0x13FC, 0x2090, 0x2294, 0x4998, 0xF890, 0x17FE, 0x2000, 0x41F8, 0xF908, 0x4108, 0x01F8, 0x1908, 0xE108, 0x41F8, 0x0108}},
  {32538, {0x1050, 0x1048, 0x27FE, 0x2040, 0x4BFC, 0xFA44, 0x13FC, 0x2244, 0x43FC, 0xFA44, 0x4008, 0x03FE, 0x1908, 0xE088, 0x40A8, 0x0010}},
  {32539, {0x1000, 0x13FE, 0x2200, 0x22FC, 0x4A00, 0xFBFE, 0x12A8, 0x2290, 0x42C8, 0xFA86, 0x4208, 0x03FE, 0x1A88, 0xE448, 0x4408, 0x0818}},
  {32540, {0x1040, 0x1040, 0x27FC, 0x2040, 0x4BF8, 0xFA08, 0x13F8, 0x2208, 0x43F8, 0xFA08, 0x43F8, 0x0208, 0x1FFE, 0xE110, 0x4208, 0x0404}},
  {32541, {0x1020, 0x147C, 0x2284, 0x2148, 0x4830, 0xF8CE, 0x1610, 0x227C, 0x4210, 0xFA7C, 0x4210, 0x02FE, 0x1A10, 0xE210, 0x45FE, 0x0800}},
  {32543, {0x1040, 0x1020, 0x23FE, 0x2000, 0x49FC, 0xF904, 0x11FC, 0x2000, 0x43FE, 0xFA02, 0x42FA, 0x028A, 0x1AFA, 0xE202, 0x420A, 0x0204}},
  {32544, {0x2040, 0x2020, 0x27FE, 0x4400, 0x55FC, 0xF524, 0x2524, 0x25FC, 0x4524, 0xF524, 0x45FC, 0x0420, 0x35FC, 0xC820, 0x0820, 0x13FE}},
  {32545, {0x1040, 0x1020, 0x23FE, 0x2000, 0x4954, 0xF924, 0x1154, 0x21FC, 0x4020, 0xFBFE, 0x4242, 0x0292, 0x1AFA, 0xE20A, 0x4202, 0x0206}},
  {32546, {0x1104, 0x1084, 0x2088, 0x2000, 0x4BFE, 0xF800, 0x1088, 0x2104, 0x4202, 0xF9FC, 0x4154, 0x0154, 0x1954, 0xE154, 0x47FE, 0x0000}},
  {32547, {0x1088, 0x1050, 0x2000, 0x25FE, 0x4450, 0xF9FC, 0x1054, 0x23FE, 0x4054, 0xFDFC, 0x4050, 0x00D8, 0x1D54, 0xE252, 0x4050, 0x0050}},
  {32548, {0x1040, 0x1020, 0x23FE, 0x2202, 0x4C14, 0xF9E0, 0x1100, 0x2100, 0x41FC, 0xF910, 0x4110, 0x07FE, 0x1800, 0xE090, 0x4108, 0x0204}},
  {32549, {0x1000, 0x13FE, 0x2050, 0x25FC, 0x4554, 0xF954, 0x11FC, 0x2000, 0x41FC, 0xFC00, 0x43FE, 0x0020, 0x1CA8, 0xE124, 0x42A2, 0x0040}},
  {32550, {0x1000, 0x11F8, 0x2108, 0x21F8, 0x4908, 0xF9F8, 0x1000, 0x23FC, 0x4294, 0xFBFC, 0x4000, 0x01F8, 0x1890, 0xE060, 0x4198, 0x0606}},
  {32551, {0x1000, 0x11FC, 0x2124, 0x25FC, 0x4524, 0xF9FC, 0x1040, 0x2088, 0x41F0, 0xFC20, 0x4044, 0x03FE, 0x1C22, 0xE124, 0x4222, 0x0060}},
  {32552, {0x2000, 0x2FBE, 0x28A2, 0x4AAA, 0x5AAA, 0xFAAA, 0x2514, 0x28A2, 0x4080, 0xF7FE, 0x4110, 0x0210, 0x33A0, 0xC060, 0x0198, 0x0E04}},
  {32553, {0x2040, 0x2020, 0x27FE, 0x4402, 0x5100, 0xF1FE, 0x2210, 0x2620, 0x4A7C, 0xF244, 0x4244, 0x027C, 0x3244, 0xC244, 0x027C, 0x0244}},
  {32554, {0x1000, 0x17BC, 0x2084, 0x24A4, 0x4A94, 0xF4A4, 0x1050, 0x2188, 0x4626, 0xF8C0, 0x4310, 0x0064, 0x1B88, 0xE030, 0x40C0, 0x0700}},
  {32555, {0x1124, 0x1248, 0x2124, 0x2400, 0x45FC, 0xF924, 0x11FC, 0x2124, 0x41FC, 0xFC20, 0x43FE, 0x0070, 0x1CA8, 0xE124, 0x4622, 0x0020}},
  {32556, {0x2200, 0x22FE, 0x2210, 0x4FA0, 0x527C, 0xF244, 0x2754, 0x2054, 0x4054, 0xF754, 0x4554, 0x0554, 0x3528, 0xC724, 0x0542, 0x0082}},
  {32557, {0x1020, 0x1020, 0x23FE, 0x2050, 0x4A8A, 0xF904, 0x13FE, 0x2504, 0x41FC, 0xF904, 0x41FC, 0x0020, 0x1924, 0xE222, 0x44A2, 0x0040}},
  {32558, {0x1088, 0x1050, 0x23FE, 0x2020, 0x49FC, 0xF820, 0x13FE, 0x2124, 0x40A8, 0xFBFE, 0x4000, 0x01FC, 0x1904, 0xE104, 0x41FC, 0x0104}},
  {32559, {0x1104, 0x1088, 0x2000, 0x23FE, 0x4A22, 0xFAAA, 0x1272, 0x2222, 0x43FE, 0xF800, 0x41FC, 0x0104, 0x19FC, 0xE104, 0x41FC, 0x0104}},
  {32560, {0x1000, 0x13FE, 0x2000, 0x25FC, 0x4524, 0xF9FC, 0x1124, 0x23FE, 0x4000, 0xFDFC, 0x4124, 0x01FC, 0x1D24, 0xE1FC, 0x4000, 0x03FE}},
  {32561, {0x1010, 0x14FE, 0x2292, 0x22FE, 0x4810, 0xF9FE, 0x1000, 0x2EFE, 0x4282, 0xFAFE, 0x4280, 0x02FE, 0x1A82, 0xE2FE, 0x4500, 0x08FE}},
  {32562, {0x11FC, 0x1104, 0x2104, 0x21FC, 0x4800, 0xFBDE, 0x1252, 0x2252, 0x43DE, 0xF820, 0x47FE, 0x0070, 0x18A8, 0xE124, 0x4622, 0x0020}},
  {32563, {0x1000, 0x13FC, 0x2294, 0x2294, 0x4BFC, 0xF800, 0x17FE, 0x2000, 0x43FC, 0xFA04, 0x43FC, 0x00A2, 0x1914, 0xE308, 0x4D44, 0x0182}},
  {32564, {0x2108, 0x2208, 0x27C8, 0x4450, 0x57DE, 0xF464, 0x27D4, 0x2214, 0x4114, 0xF7D4, 0x4214, 0x03C8, 0x3248, 0xC454, 0x0554, 0x08A2}},
  {32565, {0x2108, 0x2528, 0x27BE, 0x4948, 0x57BE, 0xF318, 0x25AA, 0x2946, 0x4000, 0xF3F8, 0x4208, 0x0248, 0x3248, 0xC0B0, 0x0108, 0x0604}},
  {32566, {0x0800, 0x0800, 0x1000, 0x1FF8, 0x2100, 0x4100, 0x0100, 0x0100, 0xFFFE, 0x0100, 0x2108, 0x2108, 0x2108, 0x2108, 0x3FF8, 0x0008}},
  {32568, {0x2000, 0x2000, 0x3F7E, 0x4810, 0x8810, 0x0810, 0xFF10, 0x0810, 0x0810, 0x4910, 0x4910, 0x4910, 0x4F10, 0x79FE, 0x0100, 0x0000}},
  {32570, {0x2020, 0x2020, 0x3C20, 0x51FC, 0x9024, 0x1024, 0xFE24, 0x1024, 0x13FE, 0x5420, 0x5450, 0x5450, 0x5C88, 0x6488, 0x0504, 0x0202}},
  {32578, {0x3EF8, 0x2288, 0x2AA8, 0x2AA8, 0x2AA8, 0x1450, 0x2288, 0x4904, 0x1FF8, 0x2100, 0x0100, 0xFFFE, 0x0100, 0x2108, 0x3FF8, 0x0008}},
  {32580, {0x0800, 0x7F78, 0x0848, 0x3E48, 0x0086, 0x3E78, 0x2A48, 0x3E30, 0x4048, 0x9086, 0x1FF0, 0x2100, 0xFFFE, 0x0100, 0x2108, 0x3FF8}},
  {32581, {0x4040, 0x407C, 0x7840, 0xA3FE, 0x2242, 0x2278, 0xFBC4, 0x223C, 0x2208, 0xAAF0, 0xAB24, 0xAAA8, 0xBDFE, 0xCC20, 0x08A0, 0x0040}},
  {32592, {0x4088, 0x43FE, 0x7888, 0xA3DE, 0x2252, 0x23DE, 0xF8A0, 0x2090, 0x21FE, 0xA920, 0xABFC, 0xAD20, 0xB9FC, 0xC920, 0x01FE, 0x0100}},
  {32593, {0x0000, 0x7FFC, 0x4004, 0x4004, 0x4214, 0x5294, 0x4A54, 0x4424, 0x4424, 0x4A54, 0x4A54, 0x5294, 0x6104, 0x4004, 0x4014, 0x4008}},
  {32596, {0x0000, 0x7FFC, 0x4004, 0x4824, 0x4444, 0x5FF4, 0x4104, 0x4084, 0x5FF4, 0x4404, 0x4404, 0x4404, 0x47E4, 0x4004, 0x4014, 0x4008}},
  {32597, {0x0000, 0x7FFE, 0x4002, 0x8824, 0x1010, 0x2008, 0x1FF0, 0x0100, 0x0100, 0x0100, 0xFFFE, 0x0100, 0x0100, 0x0100, 0x0100, 0x0100}},
  {32599, {0x0000, 0x3FF8, 0x2448, 0x2448, 0x2448, 0x3FF8, 0x0200, 0x0400, 0x0FF0, 0x1010, 0x6820, 0x0440, 0x0280, 0x0300, 0x1C00, 0xE000}},
  {32600, {0x0000, 0x3FF8, 0x2448, 0x2448, 0x3FF8, 0x0000, 0x0000, 0x7FFC, 0x0100, 0x0300, 0x0570, 0x090C, 0x3102, 0xC100, 0x0100, 0x0100}},
  {32602, {0x0000, 0x7FFC, 0x4444, 0x4444, 0x7FFC, 0x0000, 0x2008, 0x1088, 0x0088, 0xF088, 0x1088, 0x1088, 0x1488, 0x1808, 0x1028, 0x0010}},
  {32607, {0x0000, 0x7FFC, 0x4444, 0x4444, 0x7FFC, 0x0100, 0x0100, 0xFFFE, 0x0100, 0x0100, 0x1FF0, 0x1010, 0x1010, 0x1010, 0x1FF0, 0x1010}},
  {32609, {0x0000, 0x7FFC, 0x4444, 0x4444, 0x7FFC, 0x0000, 0x0000, 0x7FFC, 0x0100, 0x1100, 0x11F8, 0x1100, 0x1100, 0x1100, 0xFFFE, 0x0000}},
  {32610, {0x0000, 0x7FFC, 0x4444, 0x4444, 0x7FFC, 0x0100, 0x0100, 0x3FF8, 0x0100, 0x0100, 0xFFFE, 0x0400, 0x0820, 0x1010, 0x3FF8, 0x1008}},
  {32616, {0x3FF8, 0x2448, 0x2448, 0x3FF8, 0x0200, 0x7FFC, 0x0440, 0x0920, 0x3FF8, 0xD116, 0x1FF0, 0x1110, 0x1FF4, 0x0104, 0x0104, 0x00FC}},
  {32617, {0x0000, 0x7FFC, 0x4444, 0x7FFC, 0x0100, 0x01FC, 0x0100, 0x3FF8, 0x2008, 0x3FF8, 0x2008, 0x3FF8, 0x0100, 0xFFFE, 0x0100, 0x0100}},
  {32618, {0x0000, 0x7FFC, 0x4444, 0x4444, 0x7FFC, 0x0000, 0x0440, 0x7C7C, 0x0440, 0x0440, 0x7C7C, 0x0440, 0x0440, 0xFC7E, 0x0440, 0x0440}},
  {32622, {0x7FFC, 0x4444, 0x4444, 0x7FFC, 0x0100, 0xFFFE, 0x0200, 0x1FF0, 0x1010, 0x1FF0, 0x1010, 0x1FF0, 0x1010, 0x1FF0, 0x1010, 0xFFFE}},
  {32625, {0x7FFC, 0x4444, 0x4444, 0x7FFC, 0x0100, 0xFFFE, 0x0100, 0x3FF8, 0x2448, 0x2288, 0x2FE8, 0x2108, 0x3FF8, 0x2108, 0x2128, 0x2010}},
  {32626, {0x0000, 0x3FF8, 0x2448, 0x2448, 0x3FF8, 0x0200, 0x1FD0, 0x0220, 0xFFFE, 0x0300, 0x0FF0, 0x3810, 0xCFF0, 0x0810, 0x0FF0, 0x0810}},
  {32628, {0x3FF8, 0x2448, 0x2448, 0x3FF8, 0x0100, 0x0100, 0x3FF8, 0x0100, 0xFFFE, 0x0400, 0x0820, 0x1FF0, 0x0010, 0x4888, 0x4444, 0x8444}},
  {32633, {0x0000, 0x7FFC, 0x4444, 0x4444, 0x7FFC, 0x10A0, 0x1090, 0x19FE, 0x5520, 0x53FC, 0x9520, 0x11FC, 0x1120, 0x1120, 0x11FE, 0x1100}},
  {32638, {0x3FF8, 0x2448, 0x2448, 0x3FF8, 0x0820, 0x0440, 0x3FF8, 0x2928, 0x2548, 0x3FF8, 0x0000, 0x1FF0, 0x1010, 0x1FF0, 0x1010, 0x1FF0}},
  {32641, {0x0000, 0x7FFC, 0x4444, 0x7FFC, 0x2200, 0x7F78, 0x2208, 0x3E48, 0x0848, 0x7F7C, 0x4904, 0x7F04, 0x08F4, 0xFF04, 0x0814, 0x0808}},
  {32650, {0x0820, 0x0420, 0x0440, 0x7FFC, 0x0100, 0x0100, 0x0100, 0x3FF8, 0x0100, 0x0100, 0x0100, 0xFFFE, 0x0100, 0x0100, 0x0100, 0x0100}},
  {32652, {0x0820, 0x0420, 0x0440, 0x7FFC, 0x0100, 0x0100, 0x3FF8, 0x0200, 0x0200, 0xFFFE, 0x0480, 0x0480, 0x0880, 0x1082, 0x2082, 0xC07E}},
  {32654, {0x1010, 0x0810, 0x0420, 0x7FFC, 0x0100, 0x0100, 0x3FF8, 0x0100, 0xFFFE, 0x0100, 0x0100, 0x7FFC, 0x0280, 0x0440, 0x1830, 0xE00E}},
  {32660, {0x0820, 0x0420, 0x0440, 0x7FFC, 0x0100, 0x0100, 0x0100, 0x3FF8, 0x0100, 0x0100, 0x0100, 0xFFFE, 0x0000, 0x4888, 0x4444, 0x8444}},
  {32666, {0x4420, 0x2420, 0x2850, 0xFC50, 0x1088, 0x1124, 0x7E12, 0x1010, 0x11FC, 0xFC04, 0x1008, 0x1088, 0x2050, 0x2020, 0x4010, 0x8010}},
  {32669, {0x4404, 0x241E, 0x29F0, 0xFD10, 0x1110, 0x1110, 0x7D10, 0x11FE, 0x1110, 0xFD10, 0x1110, 0x1108, 0x210A, 0x214A, 0x41A6, 0x8112}},
  {32670, {0x0820, 0x0440, 0x7FFC, 0x0100, 0x3FF8, 0x0200, 0xFFFE, 0x0400, 0x0FF0, 0x1110, 0x2110, 0xCFF0, 0x0210, 0x0210, 0x3FFE, 0x0000}},
  {32671, {0x4400, 0x25FC, 0x2808, 0xFC10, 0x1030, 0x1048, 0x7C84, 0x1302, 0x1000, 0xFDFC, 0x1020, 0x1020, 0x2020, 0x2020, 0x43FE, 0x8000}},
  {32673, {0x0820, 0x0440, 0x7FFC, 0x0100, 0x3FF8, 0x0100, 0xFFFE, 0x4080, 0x2080, 0x09FC, 0x1204, 0x2448, 0xE040, 0x20A0, 0x2318, 0x2C06}},
  {32676, {0x0082, 0x7E44, 0x1228, 0x12FE, 0xFF10, 0x1210, 0x1210, 0x7E7C, 0x2010, 0x2010, 0x7E10, 0x62FE, 0xA210, 0x2210, 0x3E10, 0x2210}},
  {32679, {0x4440, 0x2440, 0x2888, 0xFD04, 0x13FE, 0x1002, 0x7C88, 0x1144, 0x1242, 0xFCF8, 0x1188, 0x1250, 0x2020, 0x2050, 0x4188, 0x8606}},
  {32687, {0x4400, 0x25FC, 0x2904, 0xFDFC, 0x1104, 0x11FC, 0x7C80, 0x11FE, 0x1222, 0xFD22, 0x1152, 0x1102, 0x21FA, 0x2002, 0x4014, 0x8008}},
  {32688, {0x4420, 0x2524, 0x2924, 0xFD24, 0x11FC, 0x1080, 0x7C80, 0x13FE, 0x1090, 0xFD10, 0x1152, 0x1254, 0x22A8, 0x2428, 0x4844, 0x8082}},
  {32690, {0x0440, 0x7FFC, 0x0100, 0x3FF8, 0x0100, 0xFFFE, 0x0028, 0x3E24, 0x0824, 0xFFFE, 0x2A20, 0x7D24, 0x90A8, 0x1E12, 0x022A, 0x0C46}},
  {32696, {0x0100, 0xFFFE, 0x2000, 0x3FF8, 0x0000, 0x3FF8, 0x2008, 0x3FF8, 0x0440, 0x729C, 0x57D4, 0x7114, 0x539C, 0x7116, 0x57D6, 0xB122}},
  {32697, {0x0440, 0x7FFC, 0x0100, 0x3FF8, 0x0100, 0xFFFE, 0x4824, 0x8282, 0x3FF8, 0x0100, 0x1FF0, 0x0100, 0xFFFE, 0x0280, 0x0C60, 0x701C}},
  {32700, {0x3FFC, 0x2004, 0x3FFC, 0x2220, 0x2FF8, 0x2080, 0x27F0, 0x2080, 0x3FFC, 0x2AA8, 0x3F7C, 0x2410, 0x5F7C, 0x4410, 0xBF7E, 0x0810}},
  {32701, {0x0000, 0x7EFC, 0x0204, 0x0204, 0x2244, 0x1224, 0x1224, 0x0204, 0x0A14, 0x1224, 0x62C4, 0x2244, 0x0204, 0x0204, 0x1428, 0x0810}},
  {32703, {0x0000, 0x7EFC, 0x2244, 0x1224, 0x060C, 0x1A34, 0x62C4, 0x0204, 0x0420, 0x0420, 0x7FFE, 0x0420, 0x0420, 0x0820, 0x1020, 0x2020}},
  {32705, {0x0440, 0x0820, 0x1210, 0x2408, 0xC826, 0x1FF0, 0x0010, 0x0000, 0x7EFC, 0x2244, 0x1224, 0x0A14, 0x1224, 0x2244, 0x4A94, 0x0408}},
  {32709, {0x1000, 0x11DC, 0x1044, 0xFE44, 0x1154, 0x10CC, 0xFC44, 0x44CC, 0x4554, 0x2844, 0x2844, 0x1154, 0x1888, 0x2400, 0x43FE, 0x8000}},
  {32714, {0x2000, 0x13DE, 0x1042, 0xFC42, 0x0252, 0x094A, 0x894A, 0x8842, 0x48C6, 0x494A, 0x5252, 0x5042, 0x1C42, 0xE042, 0x414A, 0x0084}},
  {32716, {0x0000, 0x7EFC, 0x2244, 0x1224, 0x060C, 0x1A34, 0x62C4, 0x0100, 0x0080, 0x7FFC, 0x0000, 0x1010, 0x0820, 0x0440, 0xFFFE, 0x0000}},
  {32718, {0x1000, 0x11DC, 0x2844, 0x2444, 0x4354, 0x90CC, 0x0844, 0x0044, 0xFC4C, 0x04D4, 0x0964, 0x5044, 0x2044, 0x1044, 0x1154, 0x0088}},
  {32724, {0x4400, 0x25DC, 0x2844, 0xFE44, 0x1154, 0x10CC, 0x7C44, 0x1044, 0x104C, 0xFED4, 0x1164, 0x1044, 0x2044, 0x2044, 0x4154, 0x8088}},
  {32725, {0x0100, 0x06C0, 0x1830, 0xEFEE, 0x0000, 0x1FF0, 0x1010, 0x1FF0, 0x0000, 0x7EFC, 0x2244, 0x1224, 0x0A14, 0x1224, 0x6AD4, 0x0408}},
  {32728, {0x2000, 0x21DC, 0xFE44, 0x2444, 0x2954, 0x12CC, 0x2A44, 0xC6CC, 0x0154, 0xFC44, 0x2844, 0x2954, 0x288A, 0x4802, 0x47FE, 0x8000}},
  {32735, {0x0000, 0x7EFC, 0x2244, 0x1224, 0x1A34, 0x62C4, 0x0204, 0x0900, 0x1FFC, 0x3080, 0x5FF8, 0x9080, 0x1FF8, 0x1080, 0x1FFC, 0x1000}},
  {32736, {0x0000, 0x7EFC, 0x2244, 0x1224, 0x1A34, 0x62C4, 0x0204, 0x0100, 0x7FFC, 0x0820, 0x1450, 0x2288, 0x0100, 0xFFFE, 0x0100, 0x0100}},
  {32737, {0x0440, 0x7C7C, 0x0440, 0x3C78, 0x0440, 0x7C7C, 0x0440, 0x0440, 0x0000, 0x7EFC, 0x2244, 0x1224, 0x0A14, 0x1224, 0x6AD4, 0x0408}},
  {32741, {0x0108, 0x1FD0, 0x0120, 0x7FFC, 0x0200, 0x0FF0, 0x3810, 0xCFF0, 0x0810, 0x0FF0, 0x0000, 0x7EFC, 0x2244, 0x1A34, 0x62C4, 0x060C}},
  {32742, {0x0820, 0xFFFE, 0x0000, 0x3E08, 0x2248, 0x3E48, 0x2248, 0x3E48, 0x2208, 0x2618, 0x0000, 0x7EFC, 0x2244, 0x1A34, 0x62C4, 0x060C}},
  {32745, {0x1000, 0x08EE, 0x7E22, 0x4222, 0x42AA, 0x7E66, 0x4222, 0x4022, 0x7F26, 0x556A, 0x55B2, 0x7F22, 0xD522, 0x5522, 0x55AA, 0x4344}},
  {32750, {0x0000, 0xFEEE, 0x0022, 0x7C22, 0x44AA, 0x7C66, 0x0022, 0xFE22, 0x8226, 0xAA6A, 0x92B2, 0xFE22, 0x9222, 0x9222, 0x92AA, 0x8644}},
  {32752, {0x1020, 0x1020, 0x1050, 0xFE88, 0x1106, 0x7C00, 0x45DC, 0x7C44, 0x4554, 0x7CCC, 0x1044, 0xFECC, 0x1154, 0x1044, 0x1154, 0x1088}},
  {32753, {0x1000, 0x21DC, 0x7C44, 0x4444, 0x7D54, 0x44CC, 0x7C44, 0x1044, 0xFE4C, 0x28D4, 0x5564, 0x9244, 0x7C44, 0x1044, 0x1154, 0x1088}},
  {32755, {0x0000, 0x7F78, 0x4848, 0x5F4C, 0x6480, 0x5F78, 0x4448, 0x4A48, 0x5130, 0x7F4C, 0x0000, 0x7EFC, 0x2244, 0x1A34, 0x62C4, 0x060C}},
  {32763, {0x0E00, 0xF1DC, 0x9244, 0x5444, 0xFF54, 0x38CC, 0x5444, 0x8244, 0x7C4C, 0x54D4, 0x5564, 0x7C44, 0x5444, 0x5444, 0x7D54, 0x4488}},
  {32764, {0x7EFC, 0x2244, 0x1A34, 0x62C4, 0x0204, 0x3FF8, 0x2108, 0x3FF8, 0x2108, 0x3FF8, 0x0440, 0x3FF8, 0x0440, 0xFFFE, 0x0820, 0x1010}},
  {32768, {0x1000, 0x11DC, 0x9044, 0x5554, 0x58CC, 0x1154, 0xFC00, 0x2848, 0x28FE, 0x2990, 0x2AFC, 0x2890, 0x2AFC, 0x4C90, 0x48FE, 0x8080}},
  {32769, {0x0200, 0x0208, 0x3FD0, 0x0220, 0x0240, 0xFFFE, 0x0100, 0x0200, 0x0C10, 0x18E0, 0x2F00, 0x4808, 0x8808, 0x0808, 0x07F8, 0x0000}},
  {32771, {0x0200, 0x0208, 0x3FD0, 0x0220, 0x0240, 0xFFFE, 0x0100, 0x0200, 0x0FF8, 0x1200, 0x2400, 0x47F0, 0x8010, 0x0010, 0x00A0, 0x0040}},
  {32772, {0x0220, 0x3FC0, 0x0280, 0xFFFE, 0x0220, 0x0FC0, 0x3408, 0xC3F8, 0x0000, 0x01F0, 0x3E00, 0x03F0, 0x3E00, 0x03FA, 0x7E02, 0x01FE}},
  {32773, {0x0200, 0x0208, 0x3FD0, 0x0220, 0x0240, 0xFFFE, 0x0100, 0x0200, 0x0FF0, 0x1810, 0x2810, 0x4FF0, 0x8810, 0x0810, 0x0FF0, 0x0810}},
  {32774, {0x0208, 0x3FD0, 0x0220, 0xFFFE, 0x0200, 0x0C70, 0x3F84, 0xC804, 0x07FC, 0x0000, 0x1FF0, 0x1010, 0x1FF0, 0x1010, 0x1FF0, 0x1010}},
  {32779, {0x0220, 0x3FC0, 0x0280, 0xFFFE, 0x0220, 0x0FC0, 0x3408, 0xC3F8, 0x0000, 0x7FFC, 0x0820, 0x1FF0, 0x0100, 0x1FF0, 0x0100, 0x7FFC}},
  {32780, {0x0000, 0x7FFC, 0x0100, 0x0100, 0x0200, 0x3FF8, 0x2488, 0x2488, 0x2488, 0x2488, 0x2488, 0x2488, 0x2488, 0x2488, 0x2028, 0x2010}},
  {32781, {0x0000, 0xFFFE, 0x0200, 0x0400, 0x3FF8, 0x2488, 0x2488, 0x24A8, 0x2210, 0x0200, 0xFFFE, 0x0820, 0x1C40, 0x0380, 0x0C70, 0x7008}},
  {32784, {0x0008, 0xFF88, 0x0808, 0x0808, 0x10FE, 0x7F08, 0x5508, 0x5508, 0x5548, 0x5528, 0x5528, 0x5508, 0x5508, 0x5508, 0x4128, 0x4310}},
  {32786, {0x0100, 0x0100, 0x7FFC, 0x0100, 0x0100, 0x3FF8, 0x0100, 0x0100, 0xFFFE, 0x0380, 0x0540, 0x0920, 0x3118, 0xC106, 0x0100, 0x0100}},
  {32788, {0x1000, 0x10FC, 0x1004, 0xFC08, 0x1008, 0x7810, 0x1010, 0xFDFE, 0x1010, 0x3810, 0x3410, 0x5410, 0x9010, 0x1010, 0x1050, 0x1020}},
  {32789, {0x1088, 0x1088, 0x1088, 0xFE88, 0x11FC, 0x7C88, 0x1088, 0xFE88, 0x13FE, 0x3888, 0x3488, 0x5488, 0x5088, 0x9108, 0x1108, 0x1208}},
  {32790, {0x1020, 0x1020, 0x1020, 0xFCA8, 0x10A4, 0x78A2, 0x1122, 0xFD20, 0x1224, 0x3824, 0x3428, 0x5408, 0x9010, 0x1020, 0x10C0, 0x1300}},
  {32791, {0x1008, 0x101C, 0x10E0, 0xFE20, 0x1020, 0x7C3C, 0x10E0, 0xFE20, 0x1020, 0x383E, 0x35E0, 0x5420, 0x5022, 0x9022, 0x1022, 0x101E}},
  {32792, {0x1000, 0x10FC, 0x1000, 0xFE00, 0x1000, 0x7C00, 0x11FE, 0xFE20, 0x1020, 0x3840, 0x3448, 0x5484, 0x5084, 0x91FE, 0x1082, 0x1002}},
  {32793, {0x1000, 0x1000, 0x11FC, 0xFD24, 0x1124, 0x7924, 0x1124, 0xFD24, 0x11FC, 0x3900, 0x3500, 0x5500, 0x9102, 0x1102, 0x10FE, 0x1000}},
  {32796, {0x1000, 0x11F8, 0x1108, 0xFD08, 0x1108, 0x7908, 0x11F8, 0xFD00, 0x1100, 0x39FC, 0x3504, 0x5504, 0x9104, 0x1104, 0x11FC, 0x1104}},
  {32800, {0x1020, 0x1020, 0x1050, 0xFC88, 0x1104, 0x7A02, 0x11FC, 0xFC00, 0x1000, 0x39FC, 0x3504, 0x5504, 0x9104, 0x1104, 0x11FC, 0x1104}},
  {32802, {0x1088, 0x1088, 0x13FE, 0xFC88, 0x1000, 0x7BFE, 0x1202, 0xFC44, 0x1040, 0x3BFC, 0x3444, 0x5484, 0x9084, 0x1104, 0x1228, 0x1410}},
  {32805, {0x1020, 0x1124, 0x10A4, 0xFCA8, 0x1020, 0x7BFE, 0x1202, 0xFE02, 0x12FA, 0x3A8A, 0x368A, 0x528A, 0x52FA, 0x9202, 0x120A, 0x1204}},
  {32806, {0x11FC, 0x1124, 0x1124, 0xFDFC, 0x1124, 0x7924, 0x11FC, 0xFC20, 0x1020, 0x3BFE, 0x3622, 0x522A, 0x52FA, 0x920A, 0x1202, 0x1206}},
  {32807, {0x1020, 0x1124, 0x10A8, 0xFC20, 0x13FE, 0x78A8, 0x1124, 0xFE02, 0x1040, 0x3BFE, 0x3488, 0x5108, 0x5190, 0x9060, 0x1198, 0x1604}},
  {32808, {0x1000, 0x11FE, 0x1100, 0xFD7E, 0x1100, 0x79FE, 0x1154, 0xFD48, 0x1164, 0x3942, 0x3508, 0x51FE, 0x5148, 0x9228, 0x1208, 0x1418}},
  {32809, {0x1088, 0x1088, 0x13FE, 0xFC88, 0x11FC, 0x7888, 0x13FE, 0xFC20, 0x11FC, 0x3924, 0x35FC, 0x5124, 0x53FE, 0x9104, 0x1114, 0x1108}},
  {32810, {0x1040, 0x1020, 0x13FC, 0xFD08, 0x1090, 0x7BFE, 0x1202, 0xFC44, 0x1020, 0x3BFC, 0x3480, 0x54F8, 0x9088, 0x1108, 0x1128, 0x1210}},
  {32817, {0x1040, 0x1020, 0x13FE, 0xFE48, 0x13FE, 0x7A48, 0x12EC, 0xFF5A, 0x1248, 0x3BFE, 0x3620, 0x527C, 0x52C4, 0x9344, 0x147C, 0x1844}},
  {32819, {0x0000, 0x7FFC, 0x1010, 0x1010, 0x1FF0, 0x1010, 0x1010, 0x1FF0, 0x1010, 0x1010, 0x103E, 0x17D0, 0xF810, 0x0010, 0x0010, 0x0010}},
  {32821, {0x0000, 0xFF80, 0x227E, 0x2208, 0x3E08, 0x2208, 0x2208, 0x3E08, 0x2208, 0x2208, 0x2788, 0xFA08, 0x4208, 0x0208, 0x0228, 0x0210}},
  {32822, {0x0000, 0xFFBE, 0x2222, 0x2224, 0x3E24, 0x2228, 0x2224, 0x3E24, 0x2222, 0x2222, 0x27A2, 0xFA34, 0x4228, 0x0220, 0x0220, 0x0220}},
  {32823, {0x0100, 0x0100, 0x7FFC, 0x0280, 0x0440, 0x0820, 0x3FF8, 0xC826, 0x0FE0, 0x0820, 0x0FE0, 0x0820, 0x09F8, 0x7E20, 0x0020, 0x0020}},
  {32824, {0x0820, 0x0820, 0x1450, 0x2288, 0x4104, 0x0000, 0x7FFC, 0x1010, 0x1FF0, 0x1010, 0x1FF0, 0x1010, 0x103E, 0xFFD0, 0x0010, 0x0010}},
  {32827, {0x0010, 0xFF10, 0x2410, 0x2490, 0x3C90, 0x2490, 0x249E, 0x3C90, 0x2490, 0x2490, 0x2E90, 0xF490, 0x4490, 0x0490, 0x05FE, 0x0400}},
  {32829, {0x0040, 0xFC40, 0x4840, 0x4BFC, 0x7A44, 0x4C48, 0x4840, 0x7840, 0x48A0, 0x48A0, 0x4CA0, 0x7920, 0xC922, 0x0A22, 0x0C1E, 0x0800}},
  {32831, {0x0020, 0xFF20, 0x2420, 0x2424, 0x3CA4, 0x24A4, 0x24A8, 0x3D20, 0x2420, 0x2450, 0x2E50, 0xF450, 0x4488, 0x0488, 0x0504, 0x0602}},
  {32834, {0x0000, 0x7FFC, 0x0820, 0x0FE0, 0x0820, 0x0FE0, 0x083E, 0xFFE0, 0x0020, 0x3EF8, 0x0288, 0x2288, 0x1450, 0x0820, 0x34D8, 0xC306}},
  {32835, {0x0020, 0xFF20, 0x2420, 0x25FC, 0x3D24, 0x2524, 0x25FC, 0x3D24, 0x2524, 0x2524, 0x2FFE, 0xF504, 0x4504, 0x0504, 0x0514, 0x0508}},
  {32838, {0x0020, 0xFF20, 0x2450, 0x2450, 0x3C88, 0x2524, 0x2612, 0x3C10, 0x25FC, 0x2404, 0x2E08, 0xF488, 0x4450, 0x0420, 0x0410, 0x0410}},
  {32842, {0x0000, 0xFC80, 0x4B1E, 0x4A52, 0x7A52, 0x4A52, 0x4A52, 0x7A52, 0x4A52, 0x4AD2, 0x4F5A, 0x7A54, 0xC890, 0x0890, 0x0910, 0x0A10}},
  {32843, {0x0480, 0x0440, 0xFFFE, 0x0940, 0x1184, 0x66FC, 0x0000, 0x7FFC, 0x0820, 0x0FE0, 0x0820, 0x0FE0, 0x083E, 0xFFE0, 0x0020, 0x0020}},
  {32844, {0x0000, 0xFF00, 0x24FC, 0x2484, 0x3C84, 0x2484, 0x2484, 0x3C84, 0x24FC, 0x2484, 0x2E00, 0xF448, 0x4444, 0x0484, 0x0482, 0x0502}},
  {32845, {0x0040, 0xFC20, 0x4820, 0x4BFE, 0x7A02, 0x4C04, 0x4800, 0x7800, 0x4BFE, 0x4820, 0x4C20, 0x7820, 0xC820, 0x0820, 0x08A0, 0x0840}},
  {32850, {0x0008, 0xFF1C, 0x24E0, 0x2420, 0x3C20, 0x25FE, 0x2420, 0x3C20, 0x2420, 0x24FC, 0x2E84, 0xF484, 0x4484, 0x0484, 0x04FC, 0x0484}},
  {32852, {0x0088, 0xFC48, 0x4850, 0x4800, 0x79FC, 0x4820, 0x4820, 0x7820, 0x4BFE, 0x4820, 0x4C50, 0x7850, 0xC888, 0x0888, 0x0904, 0x0A02}},
  {32856, {0x0020, 0xFC20, 0x49FC, 0x4924, 0x79FC, 0x4924, 0x49FC, 0x7800, 0x4BFE, 0x4880, 0x4D00, 0x79FC, 0xC804, 0x0804, 0x0828, 0x0810}},
  {32858, {0x7F00, 0x227C, 0x3E04, 0x2228, 0x3E10, 0x23A8, 0xFE44, 0x0200, 0x00F8, 0x7F00, 0x0904, 0x1188, 0x6350, 0x0520, 0x1918, 0xE106}},
  {32873, {0x0020, 0xFC20, 0x49FC, 0x4924, 0x79FC, 0x4820, 0x4BFE, 0x7800, 0x49FC, 0x4904, 0x4D24, 0x7924, 0xC924, 0x0850, 0x0888, 0x0B04}},
  {32874, {0x0088, 0xFC48, 0x4850, 0x49FC, 0x7904, 0x4904, 0x4904, 0x79FC, 0x4820, 0x4810, 0x4C54, 0x7942, 0xC942, 0x094A, 0x0A38, 0x0800}},
  {32881, {0x0820, 0x7F20, 0x087E, 0x7E44, 0x08A4, 0xFF28, 0x1010, 0x1E28, 0x2244, 0x7FFE, 0x8820, 0x0FE0, 0x083E, 0xFFE0, 0x0020, 0x0020}},
  {32895, {0x0100, 0x0100, 0x3FF8, 0x0108, 0xFFFE, 0x0108, 0x3FF8, 0x0100, 0x0100, 0x3FF8, 0x0100, 0x0100, 0xFFFE, 0x0100, 0x0100, 0x0100}},
  {32896, {0x0100, 0x0100, 0x3FF8, 0x0108, 0xFFFE, 0x0108, 0x3FF8, 0x0108, 0x0100, 0x0100, 0x0100, 0x0100, 0x0100, 0x0100, 0x0100, 0x0100}},
  {32899, {0x0100, 0x0100, 0x3FF8, 0x0108, 0xFFFE, 0x0108, 0x3FF8, 0x0100, 0x2108, 0x2548, 0x2528, 0x2528, 0x2928, 0x4108, 0x4108, 0x8108}},
  {32900, {0x4020, 0x4C20, 0x70FC, 0x4424, 0x45FE, 0x3C24, 0x40FC, 0x7C20, 0x9020, 0x11FC, 0xFE20, 0x1020, 0x29FE, 0x2420, 0x4420, 0x8020}},
  {32902, {0x0020, 0x3E20, 0x20FC, 0x2024, 0x3DFE, 0x2024, 0x20FC, 0x3C20, 0x2020, 0x21FC, 0xFE20, 0x2020, 0x25FE, 0x4220, 0xFE20, 0x4220}},
  {32903, {0x0840, 0x3E7E, 0x22A8, 0x3E10, 0x206E, 0x4100, 0x9FF0, 0x0110, 0xFFFE, 0x0110, 0x1FF0, 0x0100, 0x3FF8, 0x0100, 0xFFFE, 0x0100}},
  {32905, {0x0100, 0x0100, 0x0100, 0x7FFC, 0x4104, 0x4284, 0x4444, 0x4924, 0x5104, 0x4104, 0x4284, 0x4244, 0x4444, 0x4804, 0x4014, 0x4008}},
  {32907, {0x0020, 0x3E20, 0x2220, 0x2220, 0x22FE, 0x3E22, 0x2222, 0x2222, 0x2222, 0x3E22, 0x2242, 0x2242, 0x2242, 0x4282, 0x4A94, 0x8508}},
  {32908, {0x0000, 0x3CF0, 0x2490, 0x2490, 0x2490, 0x3C90, 0x2490, 0x2490, 0x2490, 0x3C90, 0x2490, 0x2492, 0x2492, 0x4512, 0x550E, 0x8A00}},
  {32915, {0x0200, 0x0100, 0xFFFE, 0x1000, 0x1000, 0x1FF8, 0x0000, 0x1FF0, 0x1010, 0x1FF0, 0x1010, 0x1FF0, 0x1010, 0x1010, 0x1050, 0x1020}},
  {32918, {0x0100, 0x2108, 0x1110, 0x0920, 0x0100, 0x3FF8, 0x2008, 0x2008, 0x3FF8, 0x2008, 0x2008, 0x3FF8, 0x2008, 0x2008, 0x2028, 0x2010}},
  {32920, {0x0008, 0x3C08, 0x2408, 0x2408, 0x25FE, 0x3C08, 0x2408, 0x2408, 0x2488, 0x3C48, 0x2448, 0x2408, 0x2408, 0x4408, 0x5428, 0x8810}},
  {32922, {0x0020, 0x3C20, 0x2420, 0x2420, 0x2420, 0x3C20, 0x25FC, 0x2420, 0x2420, 0x3C20, 0x2420, 0x2420, 0x2420, 0x4420, 0x57FE, 0x8800}},
  {32923, {0x0000, 0x3C00, 0x25FC, 0x2420, 0x2420, 0x3C20, 0x2420, 0x2420, 0x2420, 0x3C20, 0x2420, 0x2420, 0x2420, 0x4420, 0x57FE, 0x8800}},
  {32924, {0x0004, 0x3E04, 0x2208, 0x2210, 0x2220, 0x3E44, 0x2204, 0x2208, 0x2210, 0x3E22, 0x2242, 0x2204, 0x2208, 0x4210, 0x4A20, 0x84C0}},
  {32925, {0x0000, 0x3DFC, 0x2420, 0x2420, 0x2420, 0x3C20, 0x2420, 0x27FE, 0x2420, 0x3C20, 0x2420, 0x2420, 0x2420, 0x4420, 0x5420, 0x8820}},
  {32927, {0x0000, 0x3CFC, 0x2400, 0x2400, 0x2400, 0x3DFE, 0x2440, 0x2440, 0x2480, 0x3CFC, 0x2404, 0x2404, 0x2404, 0x4404, 0x5428, 0x8810}},
  {32928, {0x0000, 0x3DF8, 0x2410, 0x2420, 0x2440, 0x3C80, 0x25FE, 0x2492, 0x2492, 0x3C92, 0x2512, 0x2522, 0x2622, 0x4442, 0x5494, 0x8908}},
  {32929, {0x0000, 0x3CF8, 0x2488, 0x2488, 0x2488, 0x3D06, 0x2600, 0x25FC, 0x2484, 0x3C84, 0x2448, 0x2450, 0x2420, 0x4450, 0x5488, 0x8B06}},
  {32930, {0x0020, 0x3C20, 0x2420, 0x25FE, 0x2420, 0x3C20, 0x2420, 0x25FC, 0x2484, 0x3C88, 0x2448, 0x2450, 0x2420, 0x4450, 0x5588, 0x8E06}},
  {32932, {0x0020, 0x3C20, 0x2420, 0x2420, 0x25FC, 0x3C20, 0x2420, 0x2420, 0x27FE, 0x3C20, 0x2450, 0x2450, 0x2488, 0x4488, 0x5504, 0x8A02}},
  {32933, {0x0000, 0x3DFC, 0x2524, 0x2524, 0x2524, 0x3D24, 0x2524, 0x25FC, 0x2504, 0x3D00, 0x2500, 0x2500, 0x2502, 0x4502, 0x54FE, 0x8800}},
  {32937, {0x0100, 0x0080, 0x1FF8, 0x1008, 0x1008, 0x1FF8, 0x1000, 0x17F8, 0x1408, 0x17F8, 0x1408, 0x27F8, 0x2408, 0x4408, 0x8428, 0x0410}},
  {32938, {0x0040, 0x3C20, 0x2420, 0x25FE, 0x2440, 0x3C40, 0x2440, 0x247C, 0x2444, 0x3C44, 0x2444, 0x2444, 0x2484, 0x4484, 0x5528, 0x8A10}},
  {32939, {0x0040, 0x7840, 0x4840, 0x4BFC, 0x4840, 0x7A48, 0x4A48, 0x4A48, 0x4A48, 0x7BF8, 0x4848, 0x4840, 0x4842, 0x4842, 0x483E, 0x9800}},
  {32941, {0x0020, 0x3C20, 0x2420, 0x25FE, 0x2522, 0x3D22, 0x2522, 0x2522, 0x2552, 0x3D4A, 0x258A, 0x2502, 0x2502, 0x4502, 0x550A, 0x8904}},
  {32942, {0x0040, 0x3C20, 0x2400, 0x25FC, 0x2400, 0x3C00, 0x24F0, 0x2490, 0x2490, 0x3C90, 0x2490, 0x2492, 0x2492, 0x4512, 0x550E, 0x8A00}},
  {32943, {0x0100, 0x0100, 0x11F8, 0x1100, 0x1100, 0xFFFE, 0x0000, 0x1FF0, 0x1010, 0x1FF0, 0x1010, 0x1FF0, 0x1010, 0x1010, 0x1050, 0x1020}},
  {32945, {0x0040, 0x7840, 0x4840, 0x4840, 0x4BFE, 0x7840, 0x4880, 0x4890, 0x4890, 0x7920, 0x4920, 0x4A48, 0x4A44, 0x4C84, 0x49FE, 0x9882}},
  {32946, {0x0200, 0x0100, 0xFFFE, 0x0800, 0x1010, 0x3FF8, 0x0008, 0x1FF0, 0x1010, 0x1FF0, 0x1010, 0x1FF0, 0x1010, 0x1010, 0x1050, 0x1020}},
  {32948, {0x1818, 0x0660, 0x0180, 0x0660, 0x3A18, 0x0200, 0xFFFE, 0x0400, 0x0FF8, 0x1808, 0x2FF8, 0x4808, 0x8FF8, 0x0808, 0x0828, 0x0810}},
  {32951, {0x0040, 0x3C40, 0x2440, 0x247C, 0x2484, 0x3C88, 0x2520, 0x2420, 0x2420, 0x3C50, 0x2450, 0x2450, 0x2488, 0x4488, 0x5504, 0x8A02}},
  {32954, {0x0020, 0x3C20, 0x2420, 0x27FE, 0x2420, 0x3C20, 0x25FC, 0x2524, 0x2524, 0x3D24, 0x2524, 0x2534, 0x2528, 0x4420, 0x5420, 0x8820}},
  {32956, {0x0088, 0x7888, 0x4888, 0x4888, 0x4BFE, 0x7888, 0x4888, 0x4888, 0x4FFE, 0x7888, 0x4888, 0x4888, 0x4888, 0x4908, 0x4908, 0x9A08}},
  {32957, {0x0020, 0x3C20, 0x2420, 0x2420, 0x2420, 0x3DFE, 0x2420, 0x2420, 0x2420, 0x3C50, 0x2450, 0x2450, 0x2488, 0x44C8, 0x5524, 0x8A02}},
  {32958, {0x0400, 0x25F8, 0x2488, 0x2450, 0x2420, 0x24D8, 0x2706, 0x0400, 0x1FF0, 0x1010, 0x1FF0, 0x1010, 0x1FF0, 0x1010, 0x1050, 0x1020}},
  {32959, {0x0020, 0x3C20, 0x2420, 0x2420, 0x25FC, 0x3D24, 0x2524, 0x2524, 0x2524, 0x3DFC, 0x2524, 0x2420, 0x2420, 0x4420, 0x5420, 0x8820}},
  {32960, {0x0080, 0x3C84, 0x2484, 0x2488, 0x2490, 0x3CA0, 0x2480, 0x27FE, 0x24A0, 0x3C90, 0x2490, 0x2488, 0x2484, 0x44A2, 0x54C0, 0x8880}},
  {32961, {0x0080, 0x7880, 0x4880, 0x4880, 0x4BF0, 0x7890, 0x4890, 0x4A98, 0x4A94, 0x7C92, 0x4892, 0x4890, 0x4910, 0x4910, 0x4A50, 0x9C20}},
  {32962, {0x0020, 0x3C20, 0x2420, 0x25FC, 0x2524, 0x3D24, 0x2524, 0x25FC, 0x2524, 0x3D24, 0x2524, 0x25FC, 0x2524, 0x4420, 0x5420, 0x8820}},
  {32963, {0x0000, 0x3FF8, 0x2108, 0x3FF8, 0x2108, 0x3FF8, 0x0000, 0x1FF0, 0x1010, 0x1FF0, 0x1010, 0x1FF0, 0x1010, 0x1010, 0x1050, 0x1020}},
  {32964, {0x0100, 0x0100, 0x3FF8, 0x2108, 0x3FF8, 0x2108, 0x3FF8, 0x0000, 0x1FF0, 0x1010, 0x1FF0, 0x1010, 0x1FF0, 0x1010, 0x1050, 0x1020}},
  {32966, {0x0000, 0x3C00, 0x24FC, 0x2484, 0x2484, 0x3C84, 0x24FC, 0x2484, 0x2484, 0x3C84, 0x24FC, 0x2484, 0x2400, 0x4400, 0x55FE, 0x8800}},
  {32972, {0x0480, 0x0498, 0x7CE0, 0x0484, 0x1C84, 0xE47C, 0x4000, 0x1FF0, 0x1010, 0x1FF0, 0x1010, 0x1FF0, 0x1010, 0x1010, 0x1050, 0x1020}},
  {32973, {0x0008, 0x781C, 0x49F0, 0x4950, 0x4950, 0x7950, 0x4950, 0x4950, 0x4950, 0x7948, 0x4948, 0x4968, 0x4954, 0x4A74, 0x4A52, 0x9C00}},
  {32974, {0x0020, 0x3C20, 0x2420, 0x2440, 0x2448, 0x3C84, 0x25FE, 0x2482, 0x2400, 0x3CFC, 0x2484, 0x2484, 0x2484, 0x4484, 0x54FC, 0x8884}},
  {32982, {0x0020, 0x3C20, 0x2524, 0x24A4, 0x24A8, 0x3C20, 0x25FC, 0x2420, 0x2420, 0x3C20, 0x27FE, 0x2420, 0x2420, 0x4420, 0x5420, 0x8820}},
  {32983, {0x0020, 0x3C20, 0x2450, 0x2488, 0x2504, 0x3E12, 0x2420, 0x2440, 0x2588, 0x3C10, 0x2420, 0x2444, 0x2588, 0x4410, 0x5460, 0x8B80}},
  {32985, {0x0080, 0x3C80, 0x2480, 0x24FE, 0x2540, 0x3D40, 0x2640, 0x247C, 0x2440, 0x3C40, 0x2440, 0x247E, 0x2440, 0x4440, 0x5440, 0x8840}},
  {32986, {0x0000, 0x7BFC, 0x4820, 0x4820, 0x4840, 0x7840, 0x48D0, 0x4948, 0x4A44, 0x7C44, 0x4840, 0x4840, 0x4840, 0x4800, 0x4FFE, 0x9800}},
  {32987, {0x0000, 0x3DFC, 0x2524, 0x2524, 0x2524, 0x3DFC, 0x2524, 0x2524, 0x2524, 0x3DFC, 0x2524, 0x2420, 0x2420, 0x4420, 0x5420, 0x8820}},
  {32988, {0x0020, 0x7820, 0x4920, 0x4920, 0x49FC, 0x7920, 0x4A20, 0x4820, 0x4820, 0x79FC, 0x4820, 0x4820, 0x4820, 0x4820, 0x4BFE, 0x9800}},
  {32989, {0x0004, 0x3C1E, 0x25F0, 0x2510, 0x2510, 0x3D10, 0x2510, 0x25FE, 0x2510, 0x3D10, 0x2510, 0x2508, 0x250A, 0x454A, 0x55A6, 0x8912}},
  {32990, {0x0080, 0x7880, 0x49FC, 0x4904, 0x4A04, 0x7DF4, 0x4914, 0x4914, 0x4914, 0x79F4, 0x4904, 0x4928, 0x4912, 0x4902, 0x48FE, 0x9800}},
  {32993, {0x0800, 0x087C, 0x0844, 0x0844, 0x7F44, 0x087C, 0x0844, 0x3E44, 0x2244, 0x227C, 0x2244, 0x2244, 0x3E84, 0x2284, 0x0114, 0x0208}},
  {32996, {0x0100, 0x2208, 0x2448, 0x2788, 0x2108, 0x2248, 0x27C8, 0x2008, 0x27C8, 0x2448, 0x27C8, 0x2448, 0x27CA, 0x444A, 0x444A, 0x84C6}},
  {32997, {0x7FFC, 0x0104, 0x1100, 0x11F8, 0x1100, 0x2900, 0x47FE, 0x8000, 0x1FF0, 0x1010, 0x1FF0, 0x1010, 0x1FF0, 0x1010, 0x1050, 0x1020}},
  {32999, {0x0090, 0x7888, 0x4888, 0x4880, 0x4BFE, 0x78A0, 0x48A0, 0x48A4, 0x48A4, 0x78A8, 0x4928, 0x4932, 0x4922, 0x4A62, 0x4A9E, 0x9C00}},
  {33000, {0x0040, 0x7840, 0x4840, 0x4FFE, 0x4880, 0x7920, 0x4920, 0x4A20, 0x4BFC, 0x7820, 0x4928, 0x4924, 0x4A22, 0x4C22, 0x48A0, 0x9840}},
  {33001, {0x0040, 0x3C40, 0x2440, 0x247C, 0x2440, 0x3C40, 0x2440, 0x27FE, 0x2440, 0x3C40, 0x2450, 0x2448, 0x2444, 0x4440, 0x5440, 0x8840}},
  {33002, {0x0020, 0x3C20, 0x243C, 0x2420, 0x2420, 0x3CFC, 0x2484, 0x2484, 0x2484, 0x3CFC, 0x2484, 0x2480, 0x2480, 0x4500, 0x5500, 0x8A00}},
  {33003, {0x0000, 0x79FC, 0x4808, 0x4810, 0x4830, 0x7848, 0x4884, 0x4B02, 0x4800, 0x79FC, 0x4820, 0x4820, 0x4820, 0x4820, 0x4BFE, 0x9800}},
  {33004, {0x1000, 0x1000, 0xFEFC, 0x2244, 0x6428, 0x1810, 0x2428, 0xC2C6, 0x0100, 0x3FF8, 0x2288, 0x2448, 0x2108, 0x2288, 0x2448, 0x2018}},
  {33005, {0x0000, 0x3DFC, 0x2504, 0x2524, 0x2524, 0x3D24, 0x25FC, 0x2524, 0x2524, 0x3D54, 0x254C, 0x258C, 0x2504, 0x4504, 0x55FC, 0x8904}},
  {33007, {0x0020, 0x3C20, 0x25FC, 0x2450, 0x2488, 0x3D04, 0x26FA, 0x2400, 0x27FE, 0x3C40, 0x2480, 0x25FC, 0x2404, 0x4404, 0x5428, 0x8810}},
  {33008, {0x0040, 0x7840, 0x4FFC, 0x4840, 0x4BF8, 0x7848, 0x4BF8, 0x4A40, 0x4BFC, 0x7844, 0x4854, 0x48A8, 0x48A0, 0x4910, 0x4A08, 0x9C06}},
  {33009, {0x0040, 0x7844, 0x4A44, 0x4948, 0x4950, 0x7840, 0x4FFE, 0x4890, 0x4890, 0x7890, 0x4890, 0x4892, 0x4912, 0x4912, 0x4A0E, 0x9C00}},
  {33010, {0x0040, 0x7820, 0x4BFE, 0x4840, 0x4890, 0x7890, 0x4924, 0x4BE4, 0x4844, 0x7848, 0x4888, 0x4910, 0x4A30, 0x4848, 0x4884, 0x9B04}},
  {33011, {0x0040, 0x3C40, 0x2478, 0x2488, 0x2550, 0x3C20, 0x2450, 0x2488, 0x2506, 0x3CF8, 0x2488, 0x2488, 0x2488, 0x4488, 0x54F8, 0x8888}},
  {33012, {0x0000, 0x7BFC, 0x4A04, 0x4A04, 0x4AF4, 0x7A04, 0x4A04, 0x4AF4, 0x4A94, 0x7A94, 0x4A94, 0x4AF4, 0x4A04, 0x4A04, 0x4A14, 0x9A08}},
  {33014, {0x0040, 0x7820, 0x4820, 0x4BFE, 0x4800, 0x7888, 0x4904, 0x4A02, 0x4888, 0x7888, 0x4850, 0x4850, 0x4820, 0x4850, 0x4888, 0x9B06}},
  {33016, {0x0100, 0x7900, 0x4900, 0x49FE, 0x4A02, 0x7A02, 0x4D12, 0x48A2, 0x4A4A, 0x7AAA, 0x4B1A, 0x4A0A, 0x4BFA, 0x4802, 0x4814, 0x9808}},
  {33018, {0x0040, 0x7820, 0x4820, 0x4BFE, 0x4A02, 0x7C44, 0x4840, 0x4BFE, 0x4888, 0x7888, 0x4908, 0x48D0, 0x4820, 0x4850, 0x4888, 0x9B04}},
  {33020, {0x0084, 0x3C48, 0x2400, 0x24FC, 0x2448, 0x3C48, 0x2448, 0x2448, 0x25FE, 0x3C48, 0x2448, 0x2448, 0x2448, 0x4488, 0x5488, 0x8908}},
  {33021, {0x1040, 0x2444, 0x4248, 0xFF70, 0x0140, 0x0042, 0x7E42, 0x423E, 0x4200, 0x7E44, 0x4248, 0x4270, 0x7E40, 0x4242, 0x4A42, 0x443E}},
  {33026, {0x0100, 0x3D04, 0x2538, 0x25C0, 0x2502, 0x3D02, 0x24FE, 0x2400, 0x25FC, 0x3D04, 0x2504, 0x25FC, 0x2504, 0x4504, 0x55FC, 0x8904}},
  {33030, {0x0040, 0x3C40, 0x24FC, 0x2504, 0x2608, 0x3DFE, 0x2500, 0x257C, 0x2544, 0x3D44, 0x2554, 0x2548, 0x2542, 0x4542, 0x553E, 0x8A00}},
  {33033, {0x0040, 0x7820, 0x4810, 0x49E0, 0x4822, 0x7834, 0x4BB8, 0x48B0, 0x48A8, 0x78A8, 0x4928, 0x4924, 0x4A24, 0x4C22, 0x48A0, 0x9840}},
  {33034, {0x2108, 0x1110, 0x0920, 0x1290, 0x2448, 0x0820, 0x3FF8, 0xC826, 0x0820, 0x0FE0, 0x0820, 0x0820, 0x0FE0, 0x0820, 0x08A0, 0x0840}},
  {33037, {0x0020, 0x7820, 0x4850, 0x4888, 0x4904, 0x7A02, 0x48F8, 0x4800, 0x4800, 0x7BFE, 0x4820, 0x4840, 0x4888, 0x4904, 0x4BFE, 0x9902}},
  {33038, {0x0004, 0x7988, 0x4850, 0x4820, 0x4850, 0x7888, 0x4924, 0x4820, 0x4BFE, 0x7820, 0x48A8, 0x48A4, 0x4922, 0x4A22, 0x48A0, 0x9840}},
  {33039, {0x0020, 0x7810, 0x4810, 0x49FE, 0x4900, 0x7910, 0x4910, 0x4910, 0x497C, 0x7910, 0x4910, 0x4910, 0x4910, 0x4A10, 0x4AFE, 0x9C00}},
  {33040, {0x0040, 0x7820, 0x4BFE, 0x4904, 0x4888, 0x7850, 0x4820, 0x48D8, 0x4B06, 0x7888, 0x4888, 0x4888, 0x4888, 0x4908, 0x4908, 0x9A08}},
  {33041, {0x0040, 0x7820, 0x4820, 0x4FFE, 0x4800, 0x7800, 0x4890, 0x4A54, 0x4A24, 0x7A24, 0x4A54, 0x4A94, 0x4A04, 0x4A04, 0x4BFC, 0x9804}},
  {33042, {0x0020, 0x3C20, 0x2524, 0x24A4, 0x24A8, 0x3C20, 0x2420, 0x27FE, 0x2470, 0x3CA8, 0x24A8, 0x2524, 0x2524, 0x4622, 0x5420, 0x8820}},
  {33043, {0x0020, 0x7820, 0x4820, 0x4BFE, 0x4A42, 0x7C44, 0x48A0, 0x48A2, 0x49A4, 0x7A98, 0x4C90, 0x4888, 0x4884, 0x48A2, 0x48C0, 0x9880}},
  {33044, {0x0200, 0x0100, 0xFFFE, 0x0440, 0x1450, 0x2548, 0x4104, 0x3FF8, 0x2288, 0x2448, 0x2928, 0x2108, 0x2288, 0x2448, 0x2008, 0x2018}},
  {33046, {0x0020, 0x7820, 0x4BFE, 0x4820, 0x4820, 0x7BFE, 0x4A02, 0x4C04, 0x49F8, 0x7810, 0x4820, 0x4BFE, 0x4820, 0x4820, 0x48A0, 0x9840}},
  {33048, {0x0040, 0x7820, 0x4BFE, 0x4A02, 0x4C04, 0x79F8, 0x4800, 0x4800, 0x4BFE, 0x7890, 0x4890, 0x4890, 0x4912, 0x4912, 0x4A0E, 0x9C00}},
  {33050, {0x0100, 0x7900, 0x491E, 0x4B92, 0x4912, 0x7912, 0x4912, 0x4FD2, 0x4912, 0x7912, 0x4A1A, 0x4A94, 0x4FD0, 0x4A50, 0x4810, 0x9810}},
  {33054, {0x0020, 0x3C20, 0x24A8, 0x24A8, 0x24A8, 0x3D74, 0x2622, 0x2420, 0x2420, 0x3DFC, 0x2420, 0x2420, 0x2420, 0x4420, 0x57FE, 0x8800}},
  {33068, {0x0008, 0x783C, 0x4BC0, 0x4804, 0x4A44, 0x7928, 0x4800, 0x4BF8, 0x4810, 0x7820, 0x4FFE, 0x4820, 0x4820, 0x4820, 0x48A0, 0x9840}},
  {33071, {0x0048, 0x7844, 0x4BFE, 0x4840, 0x4840, 0x7BFC, 0x4A44, 0x4A44, 0x4BFC, 0x7A44, 0x4A44, 0x4BFC, 0x4A44, 0x4A44, 0x4A54, 0x9A08}},
  {33073, {0x0104, 0x7884, 0x4888, 0x4810, 0x49FC, 0x7904, 0x4904, 0x4904, 0x49FC, 0x7850, 0x4850, 0x4890, 0x4892, 0x4912, 0x4A0E, 0x9C00}},
  {33074, {0x0000, 0x7BFC, 0x4A04, 0x4A04, 0x4BFC, 0x7A00, 0x4A20, 0x4A22, 0x4BB2, 0x7AB4, 0x4AA8, 0x4AA8, 0x4D24, 0x4D24, 0x4AA2, 0x9840}},
  {33078, {0x0000, 0x79FC, 0x4904, 0x4904, 0x4904, 0x79FC, 0x4820, 0x4820, 0x4BFE, 0x7A22, 0x4A52, 0x4A8A, 0x4B0A, 0x4A02, 0x4A0A, 0x9A04}},
  {33080, {0x0020, 0x7820, 0x4850, 0x4850, 0x4888, 0x7904, 0x4AFA, 0x4800, 0x4844, 0x7824, 0x4924, 0x48A8, 0x4888, 0x4810, 0x4BFE, 0x9800}},
  {33086, {0x0040, 0x7880, 0x4BFC, 0x4A24, 0x4A24, 0x7BFC, 0x4A24, 0x4A44, 0x4BFC, 0x7890, 0x4910, 0x4FFE, 0x4810, 0x4810, 0x4810, 0x9810}},
  {33094, {0x0050, 0x7850, 0x4850, 0x49FC, 0x4954, 0x7954, 0x4954, 0x49FC, 0x4954, 0x7954, 0x4954, 0x4BFE, 0x4800, 0x4888, 0x4904, 0x9A02}},
  {33096, {0x0020, 0x7820, 0x4BFE, 0x4820, 0x49FC, 0x7820, 0x4BFE, 0x4800, 0x49FC, 0x7904, 0x49FC, 0x4904, 0x49FC, 0x4904, 0x4914, 0x9908}},
  {33098, {0x0088, 0x7888, 0x4888, 0x4BFE, 0x4888, 0x7888, 0x4FFE, 0x4800, 0x49FC, 0x7904, 0x4904, 0x49FC, 0x4904, 0x4904, 0x49FC, 0x9904}},
  {33099, {0x0080, 0x7840, 0x4FFE, 0x4920, 0x4920, 0x7A3C, 0x4A44, 0x4E64, 0x4A94, 0x7B48, 0x4A48, 0x4A30, 0x4A20, 0x4A50, 0x4A88, 0x9B06}},
  {33100, {0x0040, 0x7880, 0x4BFC, 0x4910, 0x4A48, 0x7C46, 0x4BF8, 0x4A48, 0x4A48, 0x7BF8, 0x4A48, 0x4A48, 0x4BF8, 0x4842, 0x4842, 0x983E}},
  {33104, {0x0080, 0x3FFE, 0x2208, 0x2208, 0x25FE, 0x2C88, 0x3448, 0x2458, 0x2080, 0x2FFC, 0x2944, 0x2AA4, 0x4884, 0x4944, 0x8A24, 0x080C}},
  {33105, {0x0020, 0x7810, 0x4BFE, 0x4A00, 0x4A44, 0x7A44, 0x4A84, 0x4ABE, 0x4B84, 0x7AA4, 0x4A94, 0x4A94, 0x4C84, 0x4C84, 0x4894, 0x9888}},
  {33107, {0x0090, 0x7890, 0x4890, 0x4F9E, 0x4890, 0x7890, 0x4890, 0x4B9C, 0x4890, 0x7890, 0x4890, 0x4F9E, 0x4890, 0x4890, 0x4890, 0x9890}},
  {33108, {0x0040, 0x7820, 0x4820, 0x4BFE, 0x4A02, 0x7C94, 0x4908, 0x4A04, 0x4800, 0x79FC, 0x4820, 0x4820, 0x4820, 0x4820, 0x4FFE, 0x9800}},
  {33109, {0x0040, 0x7820, 0x4BFE, 0x4A02, 0x4D04, 0x7900, 0x49DE, 0x4A52, 0x4A52, 0x7B52, 0x4C9A, 0x4894, 0x4910, 0x4912, 0x4A12, 0x9C0E}},
  {33113, {0x0040, 0x7820, 0x4BFE, 0x4A02, 0x4800, 0x79FC, 0x4800, 0x4800, 0x4BFE, 0x7820, 0x4928, 0x4924, 0x4A22, 0x4C22, 0x48A0, 0x9840}},
  {33114, {0x0040, 0x7820, 0x4BFE, 0x4A02, 0x4C04, 0x7800, 0x4BFE, 0x4820, 0x4820, 0x7920, 0x493C, 0x4920, 0x4AA0, 0x4A60, 0x4C3E, 0x9800}},
  {33120, {0x0020, 0x7820, 0x4BFE, 0x4820, 0x49FC, 0x7840, 0x4BFE, 0x4888, 0x4904, 0x7AFA, 0x4820, 0x49FC, 0x4820, 0x4850, 0x4888, 0x9B04}},
  {33125, {0x0000, 0x7BF8, 0x4A08, 0x4BF8, 0x4A08, 0x7BF8, 0x4840, 0x4A40, 0x4BFC, 0x7C40, 0x4840, 0x4BF8, 0x4840, 0x4840, 0x4FFE, 0x9800}},
  {33127, {0x0040, 0x78A0, 0x4910, 0x4A08, 0x4DF6, 0x7800, 0x4BC4, 0x4A54, 0x4A54, 0x7BD4, 0x4A54, 0x4A54, 0x4BD4, 0x4A44, 0x4A54, 0x9AC8}},
  {33129, {0x0020, 0x7820, 0x4BFE, 0x4820, 0x4820, 0x7BFE, 0x4A8A, 0x4A52, 0x4AFA, 0x7A22, 0x4A22, 0x4AFA, 0x4A22, 0x4A22, 0x4A2A, 0x9A04}},
  {33133, {0x0000, 0x3DDC, 0x2554, 0x2554, 0x25DC, 0x3C00, 0x25FC, 0x2400, 0x25FE, 0x3C80, 0x24FC, 0x2404, 0x2404, 0x4404, 0x5428, 0x8810}},
  {33134, {0x0000, 0x79FC, 0x4924, 0x4924, 0x49FC, 0x7924, 0x4924, 0x49FC, 0x4800, 0x7840, 0x4824, 0x4AA2, 0x4A8A, 0x4C88, 0x4878, 0x9800}},
  {33136, {0x0000, 0x7BFE, 0x4850, 0x4850, 0x4BFE, 0x7A52, 0x4A52, 0x4BFE, 0x4800, 0x7840, 0x4FFE, 0x4888, 0x4990, 0x4860, 0x48D8, 0x9B04}},
  {33137, {0x0010, 0x7810, 0x487C, 0x4B14, 0x49FE, 0x7914, 0x4A7C, 0x4A10, 0x4F7C, 0x7910, 0x49FE, 0x4D10, 0x4A10, 0x4B00, 0x4CFE, 0x9800}},
  {33140, {0x0020, 0x3C20, 0x24A0, 0x252C, 0x2524, 0x3D24, 0x25AC, 0x2524, 0x2524, 0x3DFC, 0x2524, 0x2450, 0x2450, 0x4488, 0x5504, 0x8A02}},
  {33145, {0x0040, 0x3C40, 0x24FE, 0x2480, 0x25FC, 0x3E84, 0x24FC, 0x2484, 0x24FC, 0x3C40, 0x247C, 0x24C4, 0x2528, 0x4410, 0x5468, 0x8986}},
  {33146, {0x0040, 0x7880, 0x49FC, 0x4904, 0x49FC, 0x7904, 0x49FC, 0x4820, 0x4832, 0x7BB4, 0x48A8, 0x4928, 0x4924, 0x4A24, 0x4CA2, 0x9840}},
  {33147, {0x0018, 0x7814, 0x4FFE, 0x4810, 0x4BD0, 0x7810, 0x4BF0, 0x4810, 0x4BE8, 0x7A28, 0x4AA8, 0x4AA8, 0x4AAA, 0x494A, 0x4A26, 0x9C22}},
  {33148, {0x0000, 0x3DFE, 0x2420, 0x2440, 0x25FC, 0x3D54, 0x2554, 0x2574, 0x2554, 0x3D54, 0x2574, 0x2554, 0x2554, 0x4554, 0x55FC, 0x8904}},
  {33149, {0x0000, 0x3CF8, 0x2488, 0x2488, 0x24F8, 0x3C88, 0x2488, 0x24F8, 0x2400, 0x3DFC, 0x2554, 0x2554, 0x2554, 0x4554, 0x57FE, 0x8800}},
  {33150, {0x0248, 0x7948, 0x4950, 0x4FFC, 0x4840, 0x7FFE, 0x4910, 0x4A08, 0x4DF6, 0x7810, 0x4910, 0x49FC, 0x4804, 0x4BE4, 0x4814, 0x9808}},
  {33151, {0x0000, 0x7A7C, 0x4944, 0x4944, 0x487C, 0x7844, 0x4F44, 0x497C, 0x4950, 0x794A, 0x4944, 0x4954, 0x4962, 0x4942, 0x4A80, 0x9C7E}},
  {33152, {0x0040, 0x7820, 0x4BFC, 0x4908, 0x4890, 0x7BFE, 0x4A02, 0x4C44, 0x4820, 0x7BFC, 0x4880, 0x48F8, 0x4888, 0x4908, 0x4928, 0x9A10}},
  {33154, {0x2040, 0xFEFE, 0x2100, 0x3C1C, 0x24E0, 0x4494, 0x54A8, 0x88C6, 0x1FF0, 0x1010, 0x1FF0, 0x1010, 0x1FF0, 0x1010, 0x1050, 0x1020}},
  {33160, {0x0000, 0x7BFE, 0x4800, 0x49FC, 0x4904, 0x7904, 0x49FC, 0x4800, 0x4BFE, 0x7A8A, 0x4A52, 0x4BFE, 0x4A22, 0x4A22, 0x4A2A, 0x9A04}},
  {33162, {0x0028, 0x7824, 0x4BFE, 0x4820, 0x49FC, 0x7924, 0x49FC, 0x4924, 0x49FC, 0x7924, 0x4808, 0x4BFE, 0x4888, 0x4848, 0x4848, 0x9818}},
  {33167, {0x0100, 0x7FFC, 0x0820, 0x0FE0, 0x0000, 0x7FFE, 0x4822, 0x8FE4, 0x0000, 0x1FF0, 0x1010, 0x1FF0, 0x1010, 0x1FF0, 0x1010, 0x1030}},
  {33169, {0x0040, 0x7820, 0x4BFE, 0x4A02, 0x4C14, 0x79E0, 0x4900, 0x4900, 0x49FC, 0x7910, 0x4910, 0x4FFE, 0x4800, 0x4890, 0x4908, 0x9A04}},
  {33176, {0x0000, 0x7BFE, 0x4850, 0x49FC, 0x4954, 0x7954, 0x49FC, 0x4800, 0x49FC, 0x7800, 0x4BFE, 0x4820, 0x48A8, 0x4924, 0x4AA2, 0x9840}},
  {33179, {0x0020, 0x7924, 0x48A8, 0x4BFE, 0x4A02, 0x78F8, 0x4888, 0x4888, 0x48F8, 0x7820, 0x4820, 0x49FC, 0x4820, 0x4820, 0x4BFE, 0x9800}},
  {33180, {0x0088, 0x7888, 0x4BFE, 0x4888, 0x4800, 0x79FC, 0x4904, 0x49FC, 0x4904, 0x79FC, 0x4820, 0x4BFE, 0x4850, 0x4888, 0x4904, 0x9A02}},
  {33181, {0x0020, 0x7820, 0x4BFE, 0x4870, 0x48AC, 0x7B22, 0x4850, 0x4888, 0x4924, 0x7A22, 0x4924, 0x48A8, 0x4924, 0x4A22, 0x48A0, 0x9840}},
  {33187, {0x0040, 0x7820, 0x4BFE, 0x4A8A, 0x4904, 0x7BFE, 0x4840, 0x4888, 0x49FC, 0x7824, 0x4820, 0x49FC, 0x4820, 0x4820, 0x4BFE, 0x9800}},
  {33190, {0x0020, 0x7924, 0x48A8, 0x4BFE, 0x48A8, 0x7924, 0x4A22, 0x4904, 0x4904, 0x79DE, 0x4A44, 0x4D54, 0x489E, 0x4904, 0x4A04, 0x9C04}},
  {33192, {0x0082, 0x7882, 0x4FF4, 0x4888, 0x4880, 0x7BE2, 0x4802, 0x4BE4, 0x4A28, 0x7A20, 0x4BE0, 0x4A22, 0x4942, 0x4874, 0x4F88, 0x9A10}},
  {33194, {0x0040, 0x7820, 0x49FC, 0x4888, 0x4850, 0x7BFE, 0x4A22, 0x4C24, 0x49FC, 0x7924, 0x492C, 0x4820, 0x49FC, 0x4904, 0x49FC, 0x9904}},
  {33203, {0x0088, 0x7850, 0x4BFE, 0x4820, 0x49FC, 0x7820, 0x4BFE, 0x4924, 0x48A8, 0x7BFE, 0x4800, 0x49FC, 0x4904, 0x4904, 0x49FC, 0x9904}},
  {33210, {0x0080, 0x3FFE, 0x2250, 0x24FC, 0x2D90, 0x36FC, 0x2490, 0x24FC, 0x2000, 0x27F8, 0x2408, 0x27F8, 0x4408, 0x47F8, 0x8408, 0x0418}},
  {33211, {0x0020, 0x7BFE, 0x4800, 0x4BFC, 0x4A04, 0x7AF4, 0x4A94, 0x4BFC, 0x4800, 0x79F8, 0x4908, 0x49F8, 0x4908, 0x49F8, 0x4800, 0x9BFE}},
  {33216, {0x7E78, 0x4248, 0x7E48, 0x5486, 0x7E78, 0x5448, 0x7E30, 0x94CE, 0x6200, 0x1FF0, 0x1010, 0x1FF0, 0x1010, 0x1FF0, 0x1010, 0x1030}},
  {33217, {0x0020, 0x7BFE, 0x4A88, 0x4A50, 0x4BFE, 0x7A50, 0x4AFC, 0x4A54, 0x4BFE, 0x7A54, 0x4AFC, 0x4A50, 0x4AD8, 0x4D54, 0x4E52, 0x9850}},
  {33218, {0x3E10, 0x22FE, 0x3E44, 0x2028, 0x7EFE, 0xA210, 0x3EFC, 0x2210, 0x0000, 0x1FF0, 0x1010, 0x1FF0, 0x1010, 0x1FF0, 0x1010, 0x1030}},
  {33219, {0x0040, 0x7820, 0x4FFE, 0x4828, 0x4A24, 0x7A7E, 0x4CC8, 0x4F48, 0x497E, 0x7A48, 0x4CC8, 0x4F7E, 0x4948, 0x4A48, 0x4C7E, 0x9840}},
  {33222, {0x0040, 0x7820, 0x49FC, 0x4888, 0x4850, 0x7BFE, 0x4800, 0x49FC, 0x4904, 0x79FC, 0x4904, 0x49FC, 0x4820, 0x4A94, 0x4A8A, 0x9C7A}},
  {33226, {0x00F8, 0x3C88, 0x2488, 0x24F8, 0x2400, 0x3DDC, 0x2554, 0x2554, 0x25DC, 0x3C20, 0x27FE, 0x2470, 0x24A8, 0x4524, 0x5622, 0x8820}},
  {33228, {0x0088, 0x7888, 0x4FC8, 0x48BE, 0x4888, 0x7BC8, 0x481C, 0x4BD4, 0x4A54, 0x7A54, 0x4BD4, 0x4A48, 0x4988, 0x48D4, 0x4F14, 0x9A22}},
  {33251, {0x0000, 0x3FFC, 0x2100, 0x2100, 0x2100, 0x3FF8, 0x2008, 0x2008, 0x2008, 0x2008, 0x3FF8, 0x2100, 0x2100, 0x2100, 0x3FFC, 0x0000}},
  {33255, {0x0028, 0x0024, 0x5FFE, 0x5020, 0x57A0, 0x7520, 0x1520, 0x17A4, 0xF4A4, 0x54A8, 0x57A8, 0x5510, 0x9512, 0x27AA, 0x2046, 0x4082}},
  {33258, {0x0100, 0x0200, 0x0400, 0x1FF0, 0x1010, 0x1010, 0x1010, 0x1FF0, 0x1010, 0x1010, 0x1FF0, 0x1010, 0x1010, 0x1010, 0x1FF0, 0x1010}},
  {33260, {0x0200, 0x0400, 0x1FF0, 0x1010, 0x1FF0, 0x1010, 0x1FF0, 0x1010, 0x1FF0, 0x0100, 0xFFFE, 0x0540, 0x0920, 0x3118, 0xC106, 0x0100}},
  {33261, {0x0200, 0x0400, 0x3FF8, 0x2008, 0x3FF8, 0x2008, 0x3FF8, 0x2008, 0x3FF8, 0x0120, 0x0110, 0xFFFE, 0x0280, 0x0440, 0x1830, 0xE00E}},
  {33267, {0x0000, 0x7FFC, 0x0200, 0x0400, 0x0820, 0x1010, 0x3FF8, 0x0008, 0x0100, 0x0100, 0x3FF8, 0x0100, 0x0100, 0x0100, 0xFFFE, 0x0000}},
  {33268, {0x0040, 0xFE40, 0x1040, 0x2080, 0x28FE, 0x4508, 0xFE88, 0x1288, 0x1088, 0x1050, 0x7C50, 0x1020, 0x1050, 0x1E88, 0xF104, 0x4202}},
  {33275, {0x0020, 0xF820, 0x23FE, 0x4020, 0x51FC, 0x8840, 0xFBFE, 0x2888, 0x2134, 0xFAE2, 0x2020, 0x21FC, 0x3870, 0xE0AC, 0x4322, 0x0020}},
  {33276, {0x0000, 0x0400, 0x3878, 0x2008, 0x2008, 0x2008, 0x2008, 0x3C78, 0x2008, 0x2008, 0x2008, 0x2008, 0x2008, 0x3FF8, 0x2008, 0x0000}},
  {33278, {0x0100, 0x0500, 0x3978, 0x2108, 0x2108, 0x3D78, 0x2108, 0x2108, 0x2108, 0x3FF8, 0x2108, 0x0280, 0x0440, 0x0820, 0x3018, 0xC006}},
  {33280, {0x00FC, 0x7F00, 0x0208, 0x2108, 0x1110, 0x1020, 0x0C00, 0x3078, 0x2008, 0x2008, 0x3C78, 0x2008, 0x2008, 0x2008, 0x3FF8, 0x2008}},
  {33281, {0x0600, 0x38F8, 0x2008, 0x2008, 0x3EF8, 0x2008, 0x2008, 0x3FF8, 0x0820, 0x0820, 0xFFFE, 0x0820, 0x0820, 0x1020, 0x2020, 0x4020}},
  {33282, {0x0100, 0x0100, 0x7FFC, 0x0100, 0x3FF8, 0x0200, 0xFFFE, 0x0440, 0x0820, 0x3418, 0xD876, 0x1010, 0x1C70, 0x1010, 0x1FF0, 0x1010}},
  {33284, {0x0600, 0x38F8, 0x2008, 0x2008, 0x3EF8, 0x2008, 0x2008, 0x3FF8, 0x1000, 0x3FFC, 0x4004, 0x8924, 0x2494, 0x2494, 0x4028, 0x0010}},
  {33285, {0x3E78, 0x2008, 0x3C78, 0x2008, 0x3FF8, 0x0000, 0x1FF0, 0x1110, 0x1FF0, 0x1110, 0x1FF0, 0x0200, 0x7FF8, 0x0408, 0x1828, 0x6010}},
  {33286, {0x1100, 0x611C, 0x47C4, 0x4204, 0x751C, 0x47C4, 0x4104, 0x77DC, 0x4104, 0x4104, 0xFFFE, 0x0000, 0x0820, 0x1010, 0x2008, 0x4004}},
  {33292, {0x0010, 0x00F8, 0x3F00, 0x0100, 0x0100, 0xFFFE, 0x0100, 0x0100, 0x0100, 0x1FF0, 0x1010, 0x1010, 0x1010, 0x1010, 0x1FF0, 0x1010}},
  {33293, {0x0100, 0x0280, 0x0440, 0x0820, 0x3018, 0xCFE6, 0x0100, 0x0100, 0x3FF8, 0x0100, 0x0100, 0x1FF0, 0x1010, 0x1010, 0x1FF0, 0x1010}},
  {33296, {0x0804, 0x1C1E, 0x71F0, 0x1110, 0x1110, 0xFD10, 0x1110, 0x11FE, 0x7D10, 0x4510, 0x4510, 0x4508, 0x450A, 0x7D4A, 0x4586, 0x0102}},
  {33298, {0x1000, 0x11F8, 0x2808, 0x4450, 0x8220, 0x7C10, 0x13FE, 0x1022, 0xFE24, 0x1020, 0x1020, 0x7C20, 0x4420, 0x4420, 0x7CA0, 0x4440}},
  {33300, {0x0800, 0x1DFC, 0x7020, 0x1020, 0x11FE, 0xFC50, 0x1050, 0x1088, 0x7D24, 0x4622, 0x4424, 0x44B2, 0x44AA, 0x7D2A, 0x44A0, 0x0040}},
  {33307, {0x1010, 0x1010, 0x1010, 0x1E10, 0x12FE, 0x2210, 0x2290, 0x5290, 0x8A90, 0x0490, 0x04FE, 0x0810, 0x0810, 0x1010, 0x2010, 0x4010}},
  {33308, {0x007C, 0x3F80, 0x0108, 0x1088, 0x0890, 0x7FFE, 0x4812, 0x0810, 0x1EFC, 0x2210, 0x5290, 0x0C90, 0x08FE, 0x1010, 0x2010, 0x4010}},
  {33310, {0x1000, 0x3FFC, 0x4AA0, 0x0AA0, 0x7FFC, 0x0AA0, 0x0AA0, 0x7FFC, 0x1010, 0x1010, 0x3EFC, 0x4210, 0x1490, 0x08FE, 0x3010, 0xC010}},
  {33311, {0x0200, 0x0400, 0x1FF0, 0x1010, 0x1210, 0x1110, 0x1110, 0xFFFE, 0x1010, 0x1210, 0x1110, 0x1110, 0x2010, 0x2010, 0x4050, 0x8020}},
  {33313, {0x0800, 0x1000, 0x3E7C, 0x2210, 0x3210, 0x2A10, 0x2A10, 0xFE10, 0x2210, 0x3210, 0x2A10, 0x2A10, 0x2210, 0x4210, 0x4AFE, 0x8400}},
  {33314, {0x1020, 0x2020, 0x7C20, 0x4420, 0x6524, 0x5524, 0x5524, 0xFD24, 0x4524, 0x6524, 0x5524, 0x5524, 0x4524, 0x45FC, 0x5404, 0x8800}},
  {33315, {0x1040, 0x2024, 0x7D24, 0x4504, 0x6504, 0x5488, 0x5488, 0xFC88, 0x4450, 0x6450, 0x5420, 0x5420, 0x4450, 0x4488, 0x5504, 0x8A02}},
  {33320, {0x1004, 0x200E, 0x7CF0, 0x4480, 0x6480, 0x54FC, 0x54A4, 0xFCA4, 0x44A4, 0x64A8, 0x54A8, 0x5490, 0x4510, 0x4528, 0x5644, 0x8882}},
  {33322, {0x1040, 0x2020, 0x7C00, 0x45FC, 0x6400, 0x5400, 0x54F0, 0xFC90, 0x4490, 0x6490, 0x5490, 0x5492, 0x4492, 0x4512, 0x550E, 0x8A00}},
  {33323, {0x1040, 0x2020, 0x7C20, 0x45FE, 0x6440, 0x5440, 0x5440, 0xFC7C, 0x4444, 0x6444, 0x5444, 0x5444, 0x4484, 0x4484, 0x5528, 0x8A10}},
  {33324, {0x0800, 0x1078, 0x3E48, 0x2248, 0x3248, 0x2A86, 0x2A00, 0xFEFC, 0x2244, 0x3244, 0x2A28, 0x2A28, 0x2210, 0x4228, 0x4A44, 0x8582}},
  {33325, {0x1010, 0x2110, 0x7D10, 0x4512, 0x6512, 0x5514, 0x55D8, 0xFD10, 0x4510, 0x6510, 0x5510, 0x5512, 0x4552, 0x4592, 0x550E, 0x8800}},
  {33327, {0x1020, 0x2020, 0x7C20, 0x4420, 0x65FC, 0x5524, 0x5524, 0xFD24, 0x4524, 0x65FC, 0x5524, 0x5420, 0x4420, 0x4420, 0x5420, 0x8820}},
  {33328, {0x1000, 0x21FC, 0x7D04, 0x4504, 0x6524, 0x5524, 0x5524, 0xFD24, 0x4524, 0x6554, 0x5450, 0x5450, 0x4490, 0x4492, 0x5512, 0x8A0E}},
  {33329, {0x1020, 0x2020, 0x7C50, 0x4450, 0x6488, 0x5504, 0x5602, 0xFCF8, 0x4488, 0x6488, 0x54A8, 0x5490, 0x4482, 0x4482, 0x547E, 0x8800}},
  {33331, {0x1020, 0x2020, 0x7C20, 0x4420, 0x65FC, 0x5524, 0x5524, 0xFD24, 0x4524, 0x65FC, 0x5524, 0x5524, 0x4524, 0x4524, 0x55FC, 0x8904}},
  {33332, {0x1080, 0x2080, 0x7C80, 0x44FE, 0x6540, 0x5540, 0x5640, 0xFC7C, 0x4440, 0x6440, 0x5440, 0x547E, 0x4440, 0x4440, 0x5440, 0x8840}},
  {33333, {0x0820, 0x1010, 0x3E10, 0x22FE, 0x3282, 0x2A84, 0x2A40, 0xFE44, 0x2248, 0x3250, 0x2A60, 0x2A42, 0x2242, 0x4242, 0x4A3E, 0x8400}},
  {33334, {0x0810, 0x1010, 0x3E20, 0x22FC, 0x3284, 0x2A84, 0x2A84, 0xFE84, 0x22FC, 0x3284, 0x2A84, 0x2A84, 0x2284, 0x4284, 0x4AFC, 0x8484}},
  {33335, {0x1020, 0x2010, 0x7C10, 0x45FE, 0x6420, 0x5420, 0x5444, 0xFC84, 0x45F8, 0x6410, 0x5420, 0x5444, 0x4482, 0x45FE, 0x5482, 0x8800}},
  {33336, {0x1000, 0x2000, 0x7DFE, 0x4408, 0x6408, 0x55E8, 0x5528, 0xFD28, 0x4528, 0x6528, 0x55E8, 0x5528, 0x4408, 0x4408, 0x5428, 0x8810}},
  {33337, {0x0800, 0x1078, 0x3E48, 0x2248, 0x3248, 0x2A48, 0x2A8E, 0xFF00, 0x2200, 0x32FC, 0x2A84, 0x2A84, 0x2284, 0x4284, 0x4AFC, 0x8484}},
  {33339, {0x1020, 0x2020, 0x7C3C, 0x4420, 0x6420, 0x54FC, 0x5484, 0xFC84, 0x4484, 0x64FC, 0x5484, 0x5480, 0x4480, 0x4500, 0x5500, 0x8A00}},
  {33342, {0x1000, 0x23FE, 0x7C50, 0x4450, 0x65FC, 0x5554, 0x5554, 0xFD54, 0x4554, 0x6554, 0x558C, 0x5504, 0x4504, 0x4504, 0x55FC, 0x8904}},
  {33348, {0x1020, 0x2124, 0x7CA4, 0x44A8, 0x6420, 0x55FC, 0x5504, 0xFD04, 0x45FC, 0x6504, 0x5504, 0x55FC, 0x4504, 0x4504, 0x5514, 0x8908}},
  {33351, {0x1000, 0x2006, 0x7BB8, 0x4888, 0x6888, 0x5908, 0x493E, 0xFB88, 0x4888, 0x4A88, 0x6A88, 0x593E, 0x4900, 0x4A80, 0x4C7E, 0x9800}},
  {33353, {0x1000, 0x21FC, 0x7D04, 0x4504, 0x65FC, 0x5500, 0x551C, 0xFD70, 0x451C, 0x6570, 0x551E, 0x55F0, 0x4510, 0x4512, 0x5512, 0x8A0E}},
  {33355, {0x1000, 0x21FC, 0x7C08, 0x4410, 0x6420, 0x57FE, 0x5420, 0xFCA0, 0x4440, 0x65FC, 0x5554, 0x5554, 0x4554, 0x4554, 0x57FE, 0x8800}},
  {33359, {0x1084, 0x2048, 0x7DFE, 0x4420, 0x6440, 0x54FC, 0x5484, 0xFC84, 0x44FC, 0x6484, 0x5484, 0x54FC, 0x4484, 0x4484, 0x54FC, 0x8884}},
  {33368, {0x10A0, 0x212C, 0x7D24, 0x4524, 0x65AC, 0x5524, 0x5524, 0xFDFC, 0x4420, 0x65FC, 0x5488, 0x5450, 0x4420, 0x4450, 0x5488, 0x8B06}},
  {33370, {0x1050, 0x2050, 0x7DFE, 0x4450, 0x65FC, 0x5554, 0x55FC, 0xFD54, 0x45FC, 0x6400, 0x54F8, 0x5488, 0x44F8, 0x4488, 0x54F8, 0x8888}},
  {33375, {0x1020, 0x21FC, 0x7C88, 0x4450, 0x67FE, 0x5400, 0x55FC, 0xFD24, 0x45FC, 0x6524, 0x55FC, 0x5420, 0x45FC, 0x4420, 0x57FE, 0x8800}},
  {33384, {0x1088, 0x23FE, 0x7888, 0x4BFE, 0x6A02, 0x59FC, 0x4800, 0xFBFE, 0x4840, 0x48A2, 0x6B54, 0x58B8, 0x4B54, 0x4892, 0x4B50, 0x9820}},
  {33390, {0x0000, 0x3FF0, 0x2010, 0x2010, 0x3FF0, 0x2010, 0x2010, 0x3FF0, 0x2200, 0x2208, 0x2110, 0x20A0, 0x2440, 0x2820, 0x3018, 0x2006}},
  {33391, {0x0200, 0x0100, 0x3FF0, 0x2010, 0x2010, 0x3FF0, 0x2010, 0x2010, 0x3FF0, 0x2208, 0x2110, 0x20A0, 0x2040, 0x2420, 0x2818, 0x3006}},
  {33392, {0x0000, 0x01F8, 0xFD08, 0x0508, 0x45F8, 0x4508, 0x2908, 0x29F8, 0x1144, 0x1148, 0x2930, 0x2920, 0x4510, 0x4548, 0x8186, 0x0100}},
  {33394, {0x0800, 0x0800, 0x1FE0, 0x2020, 0x4040, 0xBFF8, 0x2108, 0x2108, 0x2108, 0x3FF8, 0x2000, 0x2002, 0x2002, 0x2002, 0x1FFE, 0x0000}},
  {33395, {0x1080, 0x1080, 0x10F8, 0xFD08, 0x1210, 0x15FC, 0x1124, 0x7D24, 0x1124, 0x11FC, 0x1100, 0xFD00, 0x1102, 0x1102, 0x10FE, 0x1000}},
  {33396, {0x2820, 0x2820, 0x287C, 0xFE44, 0x2A88, 0x2A7C, 0xFE54, 0xA854, 0xA854, 0xFF7C, 0x2940, 0x2940, 0x2D42, 0x4A42, 0x483E, 0x8800}},
  {33401, {0x0820, 0x0820, 0xFFFE, 0x0820, 0x0820, 0x0000, 0x0000, 0x0000, 0x0000, 0x0000, 0x0000, 0x0000, 0x0000, 0x0000, 0x0000, 0x0000}},
  {33402, {0x0820, 0x0820, 0xFFFE, 0x0820, 0x0820, 0x0000, 0x3FE0, 0x00C0, 0x0300, 0x0400, 0x0800, 0x1000, 0x2004, 0x2004, 0x1FFC, 0x0000}},
  {33405, {0x0820, 0x0820, 0xFFFE, 0x0820, 0x0820, 0x0400, 0x0400, 0x7FE0, 0x0420, 0x0420, 0x0820, 0x0820, 0x1022, 0x2022, 0x401E, 0x8000}},
  {33406, {0x0440, 0x0440, 0xFFFE, 0x0440, 0x0020, 0x0820, 0x0820, 0x0440, 0x0440, 0x0280, 0x0100, 0x0280, 0x0440, 0x0820, 0x3018, 0xC006}},
  {33407, {0x0440, 0x0440, 0xFFFE, 0x0440, 0x0000, 0x3FF8, 0x0408, 0x0410, 0x0420, 0x047C, 0x0804, 0x0804, 0x1004, 0x2044, 0x4028, 0x8010}},
  {33410, {0x0820, 0x0820, 0xFFFE, 0x0820, 0x0820, 0x0000, 0x7FF8, 0x0208, 0x0208, 0x0208, 0x0208, 0x0250, 0x0220, 0x0200, 0x0200, 0x0200}},
  {33412, {0x0820, 0x0820, 0xFFFE, 0x0820, 0x0820, 0x0200, 0x0200, 0x7FE0, 0x0220, 0x0A20, 0x0420, 0x0620, 0x0922, 0x1022, 0x201E, 0x4000}},
  {33416, {0x0920, 0x0920, 0xF93E, 0x0920, 0x0920, 0x0100, 0x3FF8, 0x0100, 0x0100, 0x0100, 0xFFFE, 0x0100, 0x0100, 0x0100, 0x0100, 0x0100}},
  {33418, {0x0440, 0x0440, 0xFFFE, 0x0440, 0x0000, 0x00F8, 0x3F00, 0x0100, 0x0100, 0x0100, 0xFFFE, 0x0100, 0x0100, 0x0100, 0x0100, 0x0100}},
  {33419, {0x0820, 0x0820, 0xFFFE, 0x0820, 0x0000, 0x3FF8, 0x0100, 0x0100, 0x0100, 0xFFFE, 0x0100, 0x0100, 0x0100, 0x0100, 0x0500, 0x0200}},
  {33421, {0x0440, 0x0440, 0xFFFE, 0x0440, 0x1000, 0x1000, 0x1FF8, 0x2008, 0x4008, 0x8808, 0x0408, 0x0208, 0x0208, 0x0008, 0x0050, 0x0020}},
  {33422, {0x0440, 0x0440, 0xFFFE, 0x0440, 0x0000, 0x3FF8, 0x0008, 0x0008, 0x3FF8, 0x2000, 0x2000, 0x3FFC, 0x0004, 0x0004, 0x0028, 0x0010}},
  {33423, {0x0820, 0x0820, 0xFFFE, 0x0820, 0x0920, 0x0100, 0x0100, 0x0100, 0x3FF8, 0x0100, 0x0100, 0x0100, 0x0100, 0x0100, 0xFFFE, 0x0000}},
  {33425, {0x0820, 0x0820, 0xFFFE, 0x0820, 0x0000, 0x3FF0, 0x0010, 0x0010, 0x0010, 0x3FF0, 0x2000, 0x2004, 0x2004, 0x2004, 0x1FFC, 0x0000}},
  {33426, {0x0820, 0x0820, 0xFFFE, 0x0820, 0x0820, 0x0200, 0x0100, 0xFFFE, 0x0800, 0x0800, 0x0800, 0x0800, 0x0800, 0x0800, 0x0FFC, 0x0000}},
  {33431, {0x0820, 0x0820, 0xFFFE, 0x0A20, 0x0400, 0x0810, 0x1FE0, 0x00C0, 0x0304, 0x0C08, 0x3FF0, 0x1020, 0x0040, 0x0180, 0x0E00, 0x7000}},
  {33432, {0x0820, 0x0820, 0xFFFE, 0x0820, 0x0820, 0x2080, 0x2080, 0x2088, 0x3C90, 0x20A0, 0x20C0, 0x2084, 0x2484, 0x2884, 0x307C, 0x0000}},
  {33433, {0x0820, 0x0820, 0xFFFE, 0x0820, 0x0920, 0x0100, 0x3FF8, 0x0100, 0x0100, 0xFFFE, 0x0100, 0x0280, 0x0440, 0x0820, 0x3018, 0xC006}},
  {33436, {0x0820, 0x0820, 0xFFFE, 0x0820, 0x0000, 0x3FF0, 0x0200, 0x0200, 0x7FFC, 0x0280, 0x0480, 0x0480, 0x0884, 0x1084, 0x207C, 0xC000}},
  {33437, {0x0820, 0x0820, 0xFFFE, 0x0820, 0x0A20, 0x0100, 0x0100, 0x7FF8, 0x0030, 0x00C0, 0x0300, 0x0C00, 0x3000, 0x4800, 0x87FE, 0x0000}},
  {33439, {0x0820, 0x0820, 0xFFFE, 0x0820, 0x0000, 0x0FE0, 0x0820, 0x1020, 0x601C, 0x0000, 0x1FE0, 0x0820, 0x0440, 0x0380, 0x1C70, 0xE00E}},
  {33441, {0x0440, 0x0440, 0xFFFE, 0x0440, 0x0800, 0x0800, 0x0FFC, 0x1004, 0x2108, 0x4100, 0x0100, 0x0280, 0x0440, 0x0820, 0x3018, 0xC006}},
  {33444, {0x0440, 0x0440, 0xFFFE, 0x0440, 0x0000, 0x7F40, 0x0240, 0x0440, 0x0840, 0x0F40, 0xF840, 0x4842, 0x0842, 0x0842, 0x283E, 0x1000}},
  {33445, {0x0820, 0x0820, 0xFFFE, 0x0820, 0x0920, 0x0280, 0x0440, 0x0820, 0x3458, 0xC446, 0x0440, 0x0440, 0x0840, 0x0840, 0x1040, 0x2040}},
  {33446, {0x0820, 0x0820, 0xFFFE, 0x0820, 0x0920, 0x0080, 0x3FF8, 0x2008, 0x2008, 0x3FF8, 0x2008, 0x2000, 0x2000, 0x4000, 0x4000, 0x8000}},
  {33448, {0x0440, 0x0440, 0xFFFE, 0x0440, 0x0000, 0x3FF0, 0x0820, 0x0840, 0x0CF8, 0x0A08, 0x1110, 0x10A0, 0x2040, 0x20A0, 0x4318, 0x8C06}},
  {33449, {0x0820, 0x0820, 0xFFFE, 0x0820, 0x0920, 0x0280, 0x0440, 0x0A20, 0x3118, 0xC106, 0x1FE0, 0x0020, 0x0040, 0x0040, 0x0080, 0x0100}},
  {33450, {0x0820, 0x0820, 0xFFFE, 0x0820, 0x0078, 0x3F80, 0x2080, 0x2080, 0x2080, 0x3FFE, 0x2040, 0x2040, 0x2024, 0x2814, 0x300C, 0x2004}},
  {33451, {0x0820, 0x0820, 0xFFFE, 0x0820, 0x0000, 0x1FF0, 0x0000, 0x0000, 0x7FFC, 0x0440, 0x0440, 0x0440, 0x0844, 0x0844, 0x1044, 0x603C}},
  {33452, {0x0820, 0x0820, 0xFFFE, 0x0820, 0x0040, 0x0440, 0x0820, 0x1010, 0x2008, 0xDFE6, 0x0420, 0x0420, 0x0820, 0x1020, 0x2140, 0x4080}},
  {33453, {0x0820, 0x0820, 0xFFFE, 0x0820, 0x0000, 0x3FF8, 0x2108, 0x2108, 0x2108, 0x3FF8, 0x2000, 0x2002, 0x2002, 0x2002, 0x1FFE, 0x0000}},
  {33454, {0x0820, 0x0820, 0xFFFE, 0x0820, 0x0920, 0x0100, 0x3FF8, 0x2108, 0x2108, 0x2288, 0x2448, 0x2828, 0x2008, 0x2008, 0x2028, 0x2010}},
  {33455, {0x0820, 0x0820, 0xFFFE, 0x0820, 0x0820, 0x0200, 0x0100, 0x0080, 0x0408, 0x2404, 0x2402, 0x4402, 0x8410, 0x0410, 0x03F0, 0x0000}},
  {33456, {0x0820, 0x0820, 0xFFFE, 0x0920, 0x0100, 0x7FFC, 0x0100, 0x0100, 0x3FF0, 0x0820, 0x0440, 0x0280, 0x0100, 0x06C0, 0x1830, 0xE00E}},
  {33457, {0x0820, 0x0820, 0xFFFE, 0x0820, 0x0000, 0x0888, 0x0890, 0x10A0, 0x30C0, 0x5080, 0x9180, 0x1282, 0x1482, 0x1082, 0x107E, 0x1000}},
  {33459, {0x0820, 0x0820, 0xFFFE, 0x0820, 0x0A20, 0x0100, 0xFFFE, 0x0400, 0x0400, 0x07F0, 0x0410, 0x0810, 0x0810, 0x1010, 0x20A0, 0x4040}},
  {33460, {0x0820, 0x0820, 0xFFFE, 0x0820, 0x1000, 0x1000, 0x1FF8, 0x2248, 0x4248, 0x8488, 0x0888, 0x1108, 0x2208, 0x4408, 0x0850, 0x1020}},
  {33463, {0x0820, 0x0820, 0xFFFE, 0x0820, 0x0820, 0x0100, 0x0100, 0x0100, 0x1100, 0x11F8, 0x1100, 0x1100, 0x1100, 0x1100, 0xFFFE, 0x0000}},
  {33464, {0x0820, 0x0820, 0xFFFE, 0x0820, 0x0820, 0x0000, 0x3FF8, 0x0000, 0x0000, 0xFFFE, 0x0200, 0x0400, 0x0820, 0x1010, 0x3FF8, 0x1008}},
  {33465, {0x0820, 0x0820, 0xFFFE, 0x0820, 0x0038, 0x1FC0, 0x1000, 0x1000, 0x1FFC, 0x1040, 0x1040, 0x1040, 0x2040, 0x2040, 0x4040, 0x8040}},
  {33469, {0x0820, 0x0820, 0xFFFE, 0x0820, 0x0000, 0x3FFC, 0x0020, 0x1020, 0x2020, 0x3FFE, 0x0120, 0x0220, 0x0C20, 0x3020, 0xC0A0, 0x0040}},
  {33470, {0x0820, 0x0820, 0xFFFE, 0x0820, 0x0920, 0x0100, 0xFFFE, 0x0100, 0x0100, 0x3FF8, 0x2108, 0x2108, 0x2108, 0x2128, 0x2110, 0x0100}},
  {33473, {0x0820, 0x0820, 0xFFFE, 0x0820, 0x0820, 0x0000, 0x0820, 0x0820, 0x0820, 0x0820, 0x0820, 0x1450, 0x1250, 0x2288, 0x4104, 0x8202}},
  {33476, {0x0820, 0x0820, 0xFFFE, 0x0820, 0x0A20, 0x0100, 0x0100, 0xFFFE, 0x0200, 0x0200, 0x0240, 0x0220, 0x0210, 0x0200, 0x0200, 0x0200}},
  {33479, {0x0820, 0x0820, 0xFFFE, 0x0920, 0x0100, 0x7FFC, 0x0100, 0x0100, 0x1FF0, 0x0100, 0x0100, 0x7FFC, 0x0104, 0x0104, 0x0114, 0x0108}},
  {33480, {0x0820, 0x0820, 0xFFFE, 0x0820, 0x0000, 0x3FFC, 0x2100, 0x2100, 0x2FF8, 0x2108, 0x2108, 0x2208, 0x2208, 0x4408, 0x4850, 0x9020}},
  {33482, {0x0820, 0x0820, 0xFFFE, 0x0820, 0x0000, 0x3FFC, 0x2000, 0x2000, 0x27E0, 0x2420, 0x2420, 0x24A0, 0x2444, 0x4404, 0x4404, 0x83FC}},
  {33483, {0x0820, 0x0820, 0xFFFE, 0x0820, 0x0820, 0x0000, 0x1FF0, 0x1010, 0x1110, 0x1110, 0x1110, 0x1290, 0x0280, 0x0482, 0x1882, 0x607E}},
  {33484, {0x0440, 0x0440, 0xFFFE, 0x0440, 0x0800, 0x0830, 0x09C0, 0x0E00, 0x0800, 0xFFFE, 0x0900, 0x0880, 0x0840, 0x0A30, 0x0C0E, 0x0800}},
  {33485, {0x0820, 0x0820, 0xFFFE, 0x0820, 0x0920, 0x0280, 0x0440, 0x0820, 0x3018, 0xCFE6, 0x0820, 0x0820, 0x08A8, 0x0848, 0x0808, 0x07F8}},
  {33486, {0x0820, 0x0820, 0xFFFE, 0x0820, 0x0A20, 0x0100, 0x7FFE, 0x4002, 0x8004, 0x0000, 0x0000, 0x0000, 0x0000, 0x7FFC, 0x0000, 0x0000}},
  {33487, {0x0820, 0x0820, 0xFFFE, 0x0820, 0x0A20, 0x0200, 0x7FF0, 0x0210, 0x0214, 0x2212, 0x2212, 0x2412, 0x4410, 0x0810, 0x10A0, 0x2040}},
  {33489, {0x0440, 0x0440, 0xFFFE, 0x0440, 0x1000, 0x1EF8, 0x1288, 0x2288, 0x2288, 0x52A8, 0x8C90, 0x0482, 0x0882, 0x1082, 0x207E, 0x4000}},
  {33490, {0x0820, 0x0820, 0xFFFE, 0x0820, 0x0820, 0x0100, 0x3FF8, 0x2108, 0x2108, 0x3FF8, 0x2108, 0x2108, 0xFFFE, 0x2008, 0x2028, 0x2010}},
  {33491, {0x0820, 0x0820, 0xFFFE, 0x0920, 0x0280, 0x0440, 0x0A20, 0x3118, 0xC106, 0x1FE0, 0x0020, 0x0040, 0x0C80, 0x0300, 0x0080, 0x0040}},
  {33492, {0x0820, 0x0820, 0xFFFE, 0x0820, 0x0400, 0x0820, 0x1010, 0x3FF8, 0x0008, 0x0000, 0x1FF0, 0x1010, 0x1010, 0x1010, 0x1FF0, 0x1010}},
  {33493, {0x0820, 0x0820, 0xFFFE, 0x0820, 0x0000, 0x7FF8, 0x0408, 0x0808, 0x1050, 0x2020, 0xDFF8, 0x1008, 0x1008, 0x1008, 0x1FF8, 0x1008}},
  {33495, {0x0820, 0x0820, 0xFFFE, 0x0820, 0x0820, 0x0000, 0x3FF8, 0x2108, 0x2108, 0x2108, 0x3FF8, 0x2108, 0x2108, 0x2108, 0x3FF8, 0x2008}},
  {33496, {0x0440, 0x0440, 0xFFFE, 0x0440, 0x0000, 0x3FF8, 0x2008, 0x2008, 0x27C8, 0x2448, 0x2448, 0x2448, 0x27C8, 0x2008, 0x2028, 0x2010}},
  {33499, {0x0820, 0x0820, 0xFFFE, 0x0820, 0x0000, 0x7FFC, 0x0010, 0x0010, 0x1F10, 0x1110, 0x1110, 0x1F10, 0x1110, 0x0010, 0x0050, 0x0020}},
  {33500, {0x0820, 0x0820, 0xFFFE, 0x0820, 0x0000, 0x3FF8, 0x2008, 0x2008, 0x3FF8, 0x2008, 0x2008, 0x3FF8, 0x2008, 0x2008, 0x3FF8, 0x2008}},
  {33502, {0x0440, 0x0440, 0xFFFE, 0x0440, 0x0800, 0x1FF0, 0x2010, 0x5F90, 0x1090, 0x1090, 0x1F90, 0x1050, 0x1024, 0x1004, 0x0FFC, 0x0000}},
  {33503, {0x0440, 0x0440, 0xFFFE, 0x0440, 0x1000, 0x1FF8, 0x2008, 0x4008, 0x9F88, 0x1088, 0x1088, 0x1F88, 0x1088, 0x0008, 0x0050, 0x0020}},
  {33504, {0x0820, 0x0820, 0xFFFE, 0x0820, 0x3FF8, 0x2008, 0x2008, 0x3FF8, 0x2080, 0x2080, 0x3FFC, 0x2040, 0x2024, 0x2414, 0x280C, 0x3004}},
  {33505, {0x0820, 0x0820, 0xFFFE, 0x0820, 0x0000, 0x2410, 0x2210, 0x2110, 0x2110, 0x2010, 0x2020, 0x2420, 0x2850, 0x3088, 0x2104, 0x0602}},
  {33507, {0x0820, 0x0820, 0xFFFE, 0x0820, 0x0000, 0x3FF8, 0x2000, 0x2000, 0x3FF0, 0x2010, 0x2010, 0x3FF0, 0x2000, 0x2000, 0x2000, 0x3FFC}},
  {33508, {0x0820, 0x0820, 0xFFFE, 0x0820, 0x0000, 0x7FFC, 0x0080, 0x0100, 0x0360, 0x0510, 0x1908, 0x6104, 0x0100, 0x0100, 0xFFFE, 0x0000}},
  {33509, {0x0820, 0x0820, 0xFFFE, 0x0820, 0x0A20, 0x0200, 0xFFFE, 0x0400, 0x0800, 0x1FF0, 0x2810, 0x4810, 0x8810, 0x0810, 0x0FF0, 0x0810}},
  {33510, {0x0820, 0x0820, 0xFFFE, 0x0820, 0x0920, 0x0100, 0x0100, 0xFFFE, 0x0100, 0x0100, 0x1FF0, 0x1010, 0x1010, 0x1010, 0x1FF0, 0x1010}},
  {33515, {0x0820, 0x0820, 0xFFFE, 0x0820, 0x0920, 0x0100, 0x01FE, 0x0100, 0x0100, 0x0100, 0x3FF8, 0x2008, 0x2008, 0x2008, 0x3FF8, 0x2008}},
  {33519, {0x0820, 0x0820, 0xFFFE, 0x0820, 0x0100, 0x0100, 0x7FFC, 0x0380, 0x0540, 0x0920, 0x1110, 0x2FE8, 0xC106, 0x0100, 0x0100, 0x0100}},
  {33521, {0x0820, 0x0820, 0xFFFE, 0x0820, 0x0100, 0x0100, 0x1FF0, 0x1110, 0x1110, 0x1110, 0xFFFE, 0x0280, 0x0440, 0x0820, 0x3018, 0xC006}},
  {33524, {0x0820, 0x0820, 0xFFFE, 0x0820, 0x0000, 0x1FF0, 0x1010, 0x1010, 0x1FF0, 0x1010, 0x1010, 0x1FF0, 0x1010, 0x1010, 0xFFFE, 0x0000}},
  {33527, {0x0440, 0x0440, 0xFFFE, 0x0440, 0x1010, 0x1010, 0xFFFE, 0x1010, 0x1010, 0x1010, 0x1FF0, 0x1010, 0x1010, 0x1010, 0x1FF0, 0x1010}},
  {33529, {0x0820, 0x0820, 0xFFFE, 0x0820, 0x0000, 0x7FFC, 0x0100, 0x1110, 0x0910, 0x0920, 0x0100, 0xFFFE, 0x0100, 0x0100, 0x0100, 0x0100}},
  {33531, {0x0440, 0x0440, 0xFFFE, 0x0440, 0x0810, 0x0810, 0x1010, 0x13FE, 0x3010, 0x5110, 0x9090, 0x1090, 0x1010, 0x1010, 0x1050, 0x1020}},
  {33537, {0x0820, 0x0820, 0xFFFE, 0x0820, 0x0920, 0x2108, 0x2108, 0x2108, 0x3FF8, 0x0108, 0x0100, 0x4104, 0x4104, 0x4104, 0x7FFC, 0x0004}},
  {33538, {0x0820, 0x0820, 0xFFFE, 0x0820, 0x0090, 0x0088, 0x3FFC, 0x2080, 0x2088, 0x2088, 0x2050, 0x2050, 0x2024, 0x4054, 0x418C, 0x8604}},
  {33539, {0x0440, 0x0440, 0xFFFE, 0x0440, 0x1000, 0x09F8, 0x4908, 0x2108, 0x2508, 0x0528, 0x0910, 0x7102, 0x1102, 0x1102, 0x10FE, 0x0000}},
  {33540, {0x0820, 0x0820, 0xFFFE, 0x0820, 0x0000, 0x1000, 0x107C, 0x7E44, 0x1244, 0x1244, 0x1244, 0x1244, 0x2244, 0x2244, 0x4A7C, 0x8444}},
  {33541, {0x0820, 0x0820, 0xFFFE, 0x0820, 0x0000, 0x3FF0, 0x0020, 0x0640, 0x0180, 0xFFFE, 0x0282, 0x0484, 0x0880, 0x3080, 0xC280, 0x0100}},
  {33542, {0x0820, 0x0820, 0xFFFE, 0x0820, 0x0000, 0x0C00, 0x70FC, 0x4084, 0x4484, 0x4484, 0x5C84, 0x6494, 0x4888, 0x0880, 0x1080, 0x6080}},
  {33543, {0x0440, 0x0440, 0xFFFE, 0x0440, 0x0210, 0x0208, 0xFFFE, 0x0400, 0x0400, 0x0FF0, 0x0810, 0x1420, 0x2240, 0x4180, 0x8670, 0x380E}},
  {33544, {0x0820, 0x0820, 0xFFFE, 0x0820, 0x0440, 0x0440, 0x2444, 0x2448, 0x2750, 0x2460, 0x2440, 0x2442, 0x2442, 0x2F42, 0xF03E, 0x4000}},
  {33545, {0x0820, 0x0820, 0xFFFE, 0x0920, 0x0100, 0x0100, 0xFFFE, 0x0100, 0x0100, 0x7FFC, 0x0380, 0x0540, 0x0920, 0x3118, 0xC106, 0x0100}},
  {33548, {0x0440, 0x0440, 0xFFFE, 0x0440, 0x0800, 0x0840, 0x1040, 0x1040, 0x37FE, 0x5040, 0x9040, 0x1040, 0x1040, 0x1040, 0x13FC, 0x1000}},
  {33550, {0x0440, 0x0440, 0xFFFE, 0x0440, 0x0000, 0x3FF0, 0x0060, 0x0180, 0x0E70, 0x700C, 0x1FF0, 0x0100, 0x0100, 0x0100, 0xFFFE, 0x0000}},
  {33551, {0x0820, 0x0820, 0xFFFE, 0x0820, 0x0820, 0x0040, 0x0420, 0x7FFC, 0x0480, 0x0488, 0x0890, 0x08A0, 0x10C2, 0x2382, 0x4C82, 0x807E}},
  {33553, {0x0820, 0x0820, 0xFFFE, 0x0920, 0x0200, 0x1FF0, 0x1210, 0x1110, 0x1150, 0x1020, 0x1FFC, 0x0004, 0x7FE4, 0x0004, 0x0028, 0x0010}},
  {33556, {0x0820, 0x0820, 0xFFFE, 0x0820, 0x0000, 0x7FFE, 0x4002, 0x8104, 0x0100, 0x3FF8, 0x0100, 0x0100, 0x0100, 0x0100, 0xFFFE, 0x0000}},
  {33557, {0x0820, 0x0820, 0xFFFE, 0x0820, 0x0000, 0x7FFE, 0x4002, 0x8004, 0x1FE0, 0x0420, 0x0420, 0x3FA0, 0x0420, 0x0414, 0x040C, 0x0404}},
  {33559, {0x0820, 0x0820, 0xFFFE, 0x0820, 0x0200, 0x07F8, 0x0810, 0x3420, 0x0240, 0x0180, 0x0FF8, 0x1808, 0xE808, 0x0808, 0x0FF8, 0x0808}},
  {33562, {0x0820, 0x0820, 0xFFFE, 0x0820, 0x0600, 0x78FC, 0x4084, 0x4084, 0x7E84, 0x4084, 0x4084, 0x4094, 0x4E88, 0x7080, 0x0080, 0x0080}},
  {33563, {0x0440, 0x0440, 0xFFFE, 0x0440, 0x0000, 0x3FF0, 0x2010, 0x3FF0, 0x2010, 0x3FF0, 0x2208, 0x2110, 0x20A0, 0x2440, 0x2830, 0x300E}},
  {33564, {0x0440, 0x0440, 0xFFFE, 0x0440, 0x0000, 0xFFFE, 0x0440, 0x0440, 0x3FF8, 0x2448, 0x2448, 0x2848, 0x3038, 0x2008, 0x3FF8, 0x2008}},
  {33575, {0x0820, 0x0820, 0xFFFE, 0x0820, 0x0920, 0x0100, 0x3FF8, 0x2108, 0x2108, 0x2108, 0x3FF8, 0x0100, 0x0110, 0x01F8, 0x7F04, 0x2004}},
  {33576, {0x0820, 0x0820, 0xFFFE, 0x0820, 0x4080, 0x2080, 0x20FC, 0x0904, 0x1248, 0x1440, 0x2040, 0xE0A0, 0x20A0, 0x2110, 0x2208, 0x2C06}},
  {33579, {0x0820, 0x0820, 0xFFFE, 0x0820, 0x0820, 0x2040, 0x1020, 0x87FE, 0x4900, 0x0900, 0x1100, 0xE100, 0x2100, 0x2100, 0x21FC, 0x0000}},
  {33580, {0x0820, 0x0820, 0xFFFE, 0x0A20, 0x0200, 0x0400, 0xFFFE, 0x0800, 0x1040, 0x3040, 0x53FC, 0x9040, 0x1040, 0x1040, 0x17FE, 0x1000}},
  {33581, {0x0820, 0x0820, 0xFFFE, 0x0820, 0x0A20, 0x0100, 0x7FFC, 0x0820, 0x1010, 0x2448, 0x4444, 0x0280, 0x0100, 0x06C0, 0x1830, 0xE00E}},
  {33583, {0x0820, 0x0820, 0xFFFE, 0x0820, 0x0000, 0x0850, 0x0848, 0x1040, 0x37FE, 0x5040, 0x90A0, 0x10A0, 0x1110, 0x1110, 0x1208, 0x1406}},
  {33585, {0x0440, 0x0440, 0xFFFE, 0x0540, 0x1100, 0x1100, 0x3FF8, 0x4100, 0x0100, 0xFFFE, 0x0380, 0x0540, 0x0920, 0x3118, 0xC106, 0x0100}},
  {33587, {0x0820, 0x0820, 0xFFFE, 0x0820, 0x0820, 0x2000, 0x17FC, 0x9040, 0x4040, 0x4840, 0x0840, 0x1040, 0xE040, 0x2040, 0x2FFE, 0x2000}},
  {33588, {0x0440, 0x0440, 0xFFFE, 0x0440, 0x0000, 0x3FF8, 0x2008, 0x2008, 0x27C8, 0x2448, 0x2448, 0x27C8, 0x2008, 0x2008, 0x3FF8, 0x2008}},
  {33589, {0x0440, 0x0440, 0xFFFE, 0x0440, 0x0000, 0x3FF8, 0x2108, 0x2108, 0x2FE8, 0x2108, 0x2288, 0x2448, 0x2828, 0x2008, 0x3FF8, 0x2008}},
  {33590, {0x0820, 0x0820, 0xFFFE, 0x0820, 0x0920, 0x0280, 0x0440, 0x0920, 0x3118, 0xDFF6, 0x0100, 0x0920, 0x1110, 0x2108, 0x0500, 0x0200}},
  {33592, {0x0820, 0x0820, 0xFFFE, 0x0820, 0x0000, 0x7FFC, 0x1010, 0x1FF0, 0x1010, 0x1FF0, 0x1010, 0x103E, 0xFFD0, 0x0010, 0x0010, 0x0010}},
  {33593, {0x0820, 0x0820, 0xFFFE, 0x0820, 0x1000, 0x1000, 0xFE7C, 0x1244, 0x2244, 0x2244, 0x6444, 0x1444, 0x0844, 0x147C, 0x2244, 0xC000}},
  {33594, {0x0820, 0x0820, 0xFFFE, 0x0A20, 0x0100, 0xFFFE, 0x0400, 0x0820, 0x1010, 0x3FF8, 0x0448, 0x0440, 0x0440, 0x0844, 0x1044, 0x603C}},
  {33596, {0x0820, 0x0820, 0xFFFE, 0x0820, 0x0000, 0x3FF8, 0x2008, 0x2FE8, 0x2008, 0x27C8, 0x2448, 0x2448, 0x27C8, 0x2008, 0x2028, 0x2010}},
  {33600, {0x0440, 0x0440, 0xFFFE, 0x1440, 0x1000, 0x1FF8, 0x2008, 0x5FC8, 0x9048, 0x1FC8, 0x1048, 0x1FC8, 0x1048, 0x0008, 0x0050, 0x0020}},
  {33603, {0x0820, 0x0820, 0xFFFE, 0x0920, 0x0280, 0x0440, 0x0820, 0x3018, 0xCFE6, 0x0100, 0x0100, 0x1FF0, 0x0100, 0x0100, 0x7FFC, 0x0000}},
  {33606, {0x1204, 0x1204, 0xFFC4, 0x1224, 0x0024, 0x7FA4, 0x1224, 0x1224, 0x1224, 0xFFE4, 0x1224, 0x1224, 0x2204, 0x2204, 0x4214, 0x8208}},
  {33607, {0x0440, 0x0440, 0xFFFE, 0x0440, 0x1000, 0x21FC, 0x4000, 0x8800, 0x13FE, 0x3020, 0x5020, 0x9020, 0x1020, 0x1020, 0x10A0, 0x1040}},
  {33609, {0x0440, 0x0440, 0xFFFE, 0x0440, 0x0000, 0x1FF0, 0x1010, 0x1FF0, 0x1010, 0x1FF0, 0x0100, 0xFFFE, 0x0100, 0x0100, 0x0100, 0x0100}},
  {33615, {0x0440, 0x0440, 0xFFFE, 0x0440, 0x0810, 0x0878, 0x13C0, 0x3040, 0x5040, 0x9FFE, 0x1040, 0x1040, 0x1040, 0x1040, 0x17FC, 0x1000}},
  {33616, {0x0820, 0x0820, 0xFFFE, 0x0A20, 0x0200, 0x7FFC, 0x0400, 0x09F8, 0x0810, 0x1820, 0x2BFE, 0x4820, 0x8820, 0x0820, 0x08A0, 0x0840}},
  {33617, {0x0820, 0x0820, 0xFFFE, 0x0820, 0x0100, 0xFFFE, 0x0100, 0x7FF8, 0x0108, 0x3FF8, 0x2100, 0x3FFC, 0x0284, 0x044C, 0x1830, 0xE00E}},
  {33618, {0x0820, 0x0820, 0xFFFE, 0x0A20, 0x0100, 0xFFFE, 0x1000, 0x1000, 0x1FF8, 0x0000, 0x1110, 0x1110, 0x1110, 0x2112, 0x4112, 0x810E}},
  {33620, {0x0820, 0xFFFE, 0x0A20, 0x0200, 0x3FF0, 0x0410, 0x18A0, 0x6040, 0x1020, 0x1020, 0x7EFC, 0x1224, 0x2244, 0x2244, 0x4A94, 0x8508}},
  {33626, {0x0820, 0x0820, 0xFFFE, 0x0820, 0x0100, 0x0100, 0x3FF8, 0x0100, 0x1110, 0x0920, 0xFFFE, 0x0280, 0x0440, 0x0820, 0x3018, 0xC006}},
  {33627, {0x0820, 0x0820, 0xFFFE, 0x0A20, 0x02FC, 0x7F20, 0x0140, 0x0084, 0x0764, 0x381C, 0x0000, 0x7FFC, 0x0440, 0x0842, 0x1042, 0x603E}},
  {33628, {0x0820, 0x0820, 0xFFFE, 0x0820, 0x2080, 0x2088, 0x3EB0, 0x20C4, 0x2084, 0x267C, 0x3900, 0x0100, 0xFFFE, 0x0100, 0x0100, 0x0100}},
  {33630, {0x0820, 0x0820, 0xFFFE, 0x0820, 0x00F0, 0x3F00, 0x0200, 0xFFFE, 0x0440, 0x0820, 0x3458, 0xC446, 0x0440, 0x0440, 0x0840, 0x1040}},
  {33631, {0x0820, 0x0820, 0xFFFE, 0x0920, 0x0280, 0x0440, 0x0820, 0x37D8, 0xC006, 0x0000, 0x3FF8, 0x0200, 0x0440, 0x0820, 0x1FF0, 0x0810}},
  {33632, {0x0820, 0x0820, 0xFFFE, 0x0A20, 0x0100, 0x7FFC, 0x0820, 0x0440, 0x0380, 0x0C60, 0x3018, 0xC446, 0x0440, 0x0440, 0x0840, 0x1040}},
  {33633, {0x0820, 0x0820, 0xFFFE, 0x0820, 0x0000, 0x23F0, 0x1020, 0x1040, 0x8080, 0x4BFC, 0x48A4, 0x1124, 0xE244, 0x2484, 0x2128, 0x2210}},
  {33635, {0x0820, 0x0820, 0xFFFE, 0x0820, 0x0000, 0x7FFE, 0x4002, 0x8104, 0x0100, 0x7FFC, 0x0380, 0x0540, 0x0920, 0x3118, 0xC106, 0x0100}},
  {33636, {0x0820, 0xFFFE, 0x0820, 0x0000, 0x7FFE, 0x4202, 0x8204, 0x3FF8, 0x0900, 0x1100, 0x1FF0, 0x0100, 0x0100, 0xFFFE, 0x0100, 0x0100}},
  {33637, {0x0820, 0x0820, 0xFFFE, 0x0820, 0x0000, 0x7FFE, 0x4002, 0x8104, 0x0104, 0x7D88, 0x0550, 0x0920, 0x1110, 0x2108, 0xC506, 0x0200}},
  {33638, {0x0820, 0x0820, 0xFFFE, 0x0820, 0x0000, 0x7FFE, 0x4002, 0x8104, 0x1100, 0x1FF8, 0x2100, 0x0100, 0xFFFE, 0x0100, 0x0100, 0x0100}},
  {33639, {0x0820, 0x0820, 0xFFFE, 0x0820, 0x0000, 0x7FFE, 0x4002, 0x8104, 0x1110, 0x1110, 0x22A0, 0x0280, 0x0440, 0x0820, 0x3018, 0xC006}},
  {33640, {0x0820, 0x0820, 0xFFFE, 0x0820, 0x3FF0, 0x0010, 0x1FF0, 0x0010, 0x3FF0, 0x0020, 0xFFFE, 0x0820, 0x0420, 0x0420, 0x00A0, 0x0040}},
  {33641, {0x0440, 0x0440, 0xFFFE, 0x0440, 0x1FF0, 0x1010, 0x1010, 0x1FF0, 0x1080, 0x1040, 0x1620, 0x2110, 0x2088, 0x4606, 0x8180, 0x0040}},
  {33642, {0x0440, 0x0440, 0xFFFE, 0x0440, 0x0000, 0x7C20, 0x0420, 0x0820, 0x10A8, 0x10A4, 0x1D24, 0xF122, 0x1222, 0x1020, 0x50A0, 0x2040}},
  {33643, {0x0440, 0x0440, 0xFFFE, 0x0440, 0x0000, 0x7CFC, 0x4484, 0x4884, 0x50FC, 0x4884, 0x4484, 0x44FC, 0x5484, 0x4884, 0x4114, 0x4208}},
  {33644, {0x0440, 0x0440, 0xFFFE, 0x0440, 0x0000, 0x7FFC, 0x0404, 0x0288, 0x1280, 0x0880, 0x0900, 0xFFFE, 0x0240, 0x0420, 0x1810, 0x6008}},
  {33645, {0x0820, 0x0820, 0xFFFE, 0x0820, 0x1000, 0x1000, 0x21FC, 0x4420, 0xF820, 0x1020, 0x2020, 0xFC20, 0x4020, 0x1C20, 0xE3FE, 0x4000}},
  {33646, {0x0440, 0x0440, 0xFFFE, 0x0440, 0x1008, 0x1008, 0x2008, 0x45FE, 0xF808, 0x1088, 0x2048, 0xFC48, 0x4008, 0x1C08, 0xE028, 0x4010}},
  {33647, {0x0440, 0x0440, 0xFFFE, 0x0440, 0x1080, 0x1080, 0x20FC, 0x4504, 0xFA04, 0x1084, 0x2044, 0xFC44, 0x0004, 0x1C04, 0xE028, 0x4010}},
  {33655, {0x0440, 0x0440, 0xFFFE, 0x0440, 0x1000, 0x17FE, 0x2008, 0x6008, 0xA7C8, 0x2448, 0x2448, 0x2448, 0x27C8, 0x2008, 0x2028, 0x2010}},
  {33656, {0x0820, 0x0820, 0xFFFE, 0x0920, 0x0100, 0x3FF8, 0x0100, 0x7FFE, 0x4002, 0x9FE4, 0x0040, 0x0180, 0xFFFE, 0x0100, 0x0500, 0x0200}},
  {33659, {0x0440, 0x0440, 0xFFFE, 0x0440, 0x4420, 0x2820, 0x10A4, 0x28A4, 0x48A8, 0x9920, 0x2820, 0x4850, 0x8850, 0x0888, 0x5104, 0x2202}},
  {33660, {0x0820, 0x0820, 0xFFFE, 0x0920, 0x0280, 0x0440, 0x0820, 0x37D8, 0xC106, 0x0100, 0x3FF8, 0x0100, 0x1110, 0x2108, 0x4504, 0x0200}},
  {33661, {0x0820, 0x0820, 0xFFFE, 0x0820, 0x00F8, 0x7F00, 0x2210, 0x1120, 0x0200, 0xFFFE, 0x0420, 0x0820, 0x1C40, 0x0380, 0x0C70, 0x7008}},
  {33669, {0x0820, 0x0820, 0xFFFE, 0x0820, 0x0880, 0x0840, 0x1040, 0x33FC, 0x5000, 0x9008, 0x1208, 0x1110, 0x1110, 0x1020, 0x17FE, 0x1000}},
  {33670, {0x0820, 0x0820, 0xFFFE, 0x0920, 0x0110, 0xFFFE, 0x0100, 0x3FF8, 0x2108, 0x3FF8, 0x2108, 0x3FF8, 0x2108, 0x2108, 0x2128, 0x2110}},
  {33673, {0x0440, 0x0440, 0xFFFE, 0x0440, 0x0000, 0x0608, 0x7808, 0x0848, 0x0848, 0xFF48, 0x1C48, 0x2A48, 0x4948, 0x8808, 0x0828, 0x0810}},
  {33678, {0x0820, 0x0820, 0xFFFE, 0x0820, 0x0000, 0x1020, 0x0820, 0x40A8, 0x24A4, 0x0522, 0x0922, 0x7228, 0x1010, 0x1060, 0x1180, 0x0600}},
  {33682, {0x0820, 0x0820, 0xFFFE, 0x0820, 0x0000, 0x1FF0, 0x1010, 0x1010, 0x1FF0, 0x0000, 0x3FF8, 0x2008, 0x2008, 0x2008, 0x3FF8, 0x2008}},
  {33683, {0x0440, 0x0440, 0xFFFE, 0x1440, 0x1000, 0x3FFC, 0x4000, 0x9FF0, 0x1210, 0x1110, 0xFFFE, 0x2210, 0x2110, 0x3FFC, 0x0010, 0x0060}},
  {33688, {0x0820, 0x0820, 0xFFFE, 0x0A20, 0x0100, 0x3FF8, 0x0000, 0x0820, 0x0440, 0xFFFE, 0x0100, 0x0100, 0x7FFC, 0x0100, 0x0100, 0x0100}},
  {33691, {0x0440, 0x0440, 0xFFFE, 0x0440, 0x0038, 0x7BC0, 0x0840, 0x1040, 0x23F8, 0x7840, 0x0840, 0x2BFC, 0x1000, 0x2800, 0x47FE, 0x8000}},
  {33692, {0x0820, 0x0820, 0xFFFE, 0x0820, 0x0000, 0x1040, 0x1040, 0x247E, 0x2488, 0x6488, 0xA548, 0x2450, 0x2420, 0x2050, 0x2088, 0x2306}},
  {33694, {0x0820, 0x0820, 0xFFFE, 0x0A20, 0x0100, 0x3FFC, 0x2004, 0x4008, 0x1FE0, 0x0000, 0x7FFC, 0x0440, 0x0440, 0x0844, 0x1044, 0x603C}},
  {33696, {0x0440, 0x0440, 0xFFFE, 0x0470, 0x1F80, 0x0100, 0x7FFC, 0x0540, 0x0920, 0x3118, 0xCFC6, 0x0440, 0x04F0, 0x0810, 0x1050, 0x6020}},
  {33704, {0x0820, 0x0820, 0xFFFE, 0x0A20, 0x0100, 0x1FF0, 0x1010, 0x1FF0, 0x1010, 0x1FF0, 0x1104, 0x1088, 0x1050, 0x1220, 0x1418, 0x1806}},
  {33705, {0x0820, 0x0820, 0xFFFE, 0x0820, 0x00F8, 0x7F00, 0x2210, 0x1120, 0x3FE0, 0x0040, 0x0080, 0xFFFE, 0x0100, 0x0100, 0x0500, 0x0200}},
  {33706, {0x0820, 0x0820, 0xFFFE, 0x0820, 0x0640, 0x3850, 0x0848, 0xFFFE, 0x0840, 0x0840, 0x0E24, 0x7828, 0x0812, 0x082A, 0x28C6, 0x1302}},
  {33707, {0x0820, 0x0820, 0xFFFE, 0x0820, 0x0000, 0x1FF0, 0x1010, 0x1FF0, 0x1010, 0x1FF0, 0x0100, 0x7FFC, 0x0280, 0x0440, 0x1830, 0xE00E}},
  {33712, {0x0440, 0x0440, 0xFFFE, 0x0440, 0x1080, 0x1080, 0x10FC, 0x7D04, 0x1248, 0x1040, 0x1040, 0x1CA0, 0xE0A0, 0x4110, 0x0208, 0x0C06}},
  {33713, {0x0820, 0x0820, 0xFFFE, 0x0920, 0x0100, 0x3FF8, 0x0100, 0x1110, 0x0920, 0x7FFC, 0x0380, 0x0540, 0x0920, 0x3118, 0xC106, 0x0100}},
  {33714, {0x0820, 0x0820, 0xFFFE, 0x0820, 0x2080, 0x17FC, 0x1140, 0x0240, 0x73FC, 0x1040, 0x1040, 0x17FE, 0x1040, 0x2840, 0x47FE, 0x0000}},
  {33715, {0x0440, 0x0440, 0xFFFE, 0x0440, 0x0010, 0x7C10, 0x4410, 0x45FE, 0x4410, 0x7D10, 0x4490, 0x4490, 0x4410, 0x7C10, 0x4450, 0x0020}},
  {33716, {0x0440, 0x0440, 0xFFFE, 0x0440, 0x1FF0, 0x1010, 0x1010, 0x1FF0, 0x0100, 0x7FFC, 0x4104, 0x4284, 0x4444, 0x4844, 0x4014, 0x4008}},
  {33718, {0x0820, 0x0820, 0xFFFE, 0x0820, 0x0920, 0x0280, 0x0440, 0x0820, 0x37D8, 0xC006, 0x0210, 0x1110, 0x0920, 0x0840, 0x7FFC, 0x0000}},
  {33719, {0x0820, 0x0820, 0xFFFE, 0x0820, 0x4440, 0x2850, 0x1048, 0x2840, 0x4FFE, 0x9840, 0x28A0, 0x48A0, 0x8910, 0x0910, 0x5208, 0x2406}},
  {33720, {0x0440, 0x0440, 0xFFFE, 0x0440, 0x4490, 0x2888, 0x1088, 0x2BFE, 0x48A0, 0x98A0, 0x28A0, 0x4920, 0x8920, 0x0A22, 0x5222, 0x241E}},
  {33721, {0x0820, 0x0820, 0xFFFE, 0x0820, 0x0000, 0x7FFE, 0x4002, 0x8004, 0x3FF8, 0x0100, 0x0100, 0x1FF0, 0x0100, 0x0140, 0x0120, 0x7FFC}},
  {33722, {0x0820, 0x0820, 0xFFFE, 0x0820, 0x7FFE, 0x4202, 0x9FF4, 0x1010, 0x1210, 0x1150, 0x1020, 0x1FFC, 0x0004, 0x0004, 0x7FD4, 0x0008}},
  {33724, {0x0440, 0x0440, 0xFFFE, 0x0440, 0x1020, 0x1020, 0x23FE, 0x4420, 0x7924, 0x1124, 0x2124, 0x7DFC, 0x0022, 0x1C22, 0xE022, 0x401E}},
  {33725, {0x0820, 0xFFFE, 0x0820, 0x0240, 0x0220, 0x7FFC, 0x0440, 0x0820, 0x3018, 0xC826, 0x0820, 0x7FFC, 0x0820, 0x1020, 0x2020, 0x4020}},
  {33728, {0x0820, 0x0820, 0xFFFE, 0x0A20, 0x0100, 0x7FFE, 0x4002, 0x9004, 0x1EF8, 0x2288, 0x2488, 0x54A8, 0x0890, 0x0884, 0x1084, 0x607C}},
  {33729, {0x0820, 0xFFFE, 0x0920, 0x3FF8, 0x0100, 0x1FF0, 0x0100, 0xFFFE, 0x0000, 0x1FF0, 0x1010, 0x1FF0, 0x1010, 0x1FF0, 0x1010, 0x1030}},
  {33733, {0x0820, 0x0820, 0xFFFE, 0x0820, 0x0100, 0x7FFE, 0x4002, 0x9FE4, 0x1020, 0x1FE0, 0x1000, 0x1FF0, 0x1010, 0x1010, 0x1FF0, 0x1010}},
  {33735, {0x0440, 0x0440, 0xFFFE, 0x0440, 0x1010, 0x1010, 0xFEFE, 0x1210, 0x2210, 0x227C, 0x6444, 0x1444, 0x0844, 0x1444, 0x227C, 0xC044}},
  {33738, {0x0440, 0x0440, 0xFFFE, 0x0440, 0x1000, 0x1FFC, 0x2204, 0x5244, 0x8A84, 0x0204, 0x7FF4, 0x0704, 0x0A84, 0x1244, 0x6214, 0x0208}},
  {33740, {0x0820, 0xFFFE, 0x0820, 0x0000, 0x3FF8, 0x2008, 0x20C8, 0x2708, 0x2108, 0x2FE8, 0x2388, 0x2548, 0x2928, 0x2108, 0x3FF8, 0x2008}},
  {33743, {0x0440, 0x0440, 0xFFFE, 0x0440, 0x2000, 0x17FE, 0x1008, 0x8008, 0x4BC8, 0x4A48, 0x1248, 0xE3C8, 0x2248, 0x2008, 0x2028, 0x0010}},
  {33748, {0x0820, 0x0820, 0xFFFE, 0x0820, 0x3EFC, 0x2284, 0x2294, 0x3E88, 0x2280, 0x22FC, 0x3EA4, 0x22A4, 0x22A8, 0x2290, 0x4AA8, 0x84C6}},
  {33750, {0x0440, 0x0440, 0xFFFE, 0x0440, 0x1FF0, 0x1010, 0x1FF0, 0x1010, 0x1FF0, 0x0000, 0x3FF8, 0x2008, 0x3FF8, 0x2008, 0x3FF8, 0x2008}},
  {33752, {0x0440, 0x0440, 0xFFFE, 0x0440, 0x1010, 0x1090, 0x1090, 0xFD08, 0x3148, 0x3A44, 0x5442, 0x5090, 0x9088, 0x1108, 0x13FC, 0x1104}},
  {33756, {0x0820, 0x0820, 0xFFFE, 0x0820, 0x0010, 0x00F8, 0x3F00, 0x1110, 0x0820, 0x0100, 0x7FFC, 0x0540, 0x0920, 0x3118, 0xC106, 0x0100}},
  {33757, {0x0820, 0x0820, 0xFFFE, 0x0820, 0x1048, 0x1044, 0xFDFE, 0x1040, 0x1440, 0x18FC, 0x30A4, 0xD128, 0x1128, 0x1210, 0x5428, 0x20C6}},
  {33759, {0x0440, 0xFFFE, 0x0440, 0x0800, 0x0FE0, 0x1020, 0x2040, 0x5FF8, 0x1108, 0x1108, 0x1FF8, 0x0280, 0x04A0, 0x0892, 0x1082, 0x607E}},
  {33760, {0x0440, 0x0440, 0xFFFE, 0x0440, 0x2020, 0x1020, 0x13FC, 0x8224, 0x4220, 0x4BF8, 0x0A88, 0x1288, 0xE250, 0x2420, 0x2450, 0x298C}},
  {33761, {0x0440, 0x0440, 0xFFFE, 0x0440, 0x0000, 0x1FE0, 0x4044, 0x5194, 0x4924, 0x43C4, 0x4544, 0x4924, 0x5514, 0x4204, 0x7FFC, 0x0004}},
  {33765, {0x0440, 0x0440, 0xFFFE, 0x0440, 0x1000, 0x100C, 0x11F0, 0xFD00, 0x1100, 0x31FE, 0x3910, 0x5510, 0x5110, 0x9210, 0x1210, 0x1410}},
  {33769, {0x0820, 0x0820, 0xFFFE, 0x0820, 0x0100, 0x3FF8, 0x0820, 0x0440, 0xFFFE, 0x0000, 0x0000, 0x1FF0, 0x1010, 0x1010, 0x1FF0, 0x1010}},
  {33770, {0x0820, 0xFFFE, 0x0A20, 0x0100, 0x7FFE, 0x4002, 0x8004, 0x3FF0, 0x0400, 0x0800, 0x1FF0, 0x2810, 0x4810, 0x0810, 0x0FF0, 0x0810}},
  {33776, {0x0820, 0x0820, 0xFFFE, 0x0820, 0x001C, 0x7DF0, 0x0950, 0x1150, 0x1150, 0x1D50, 0x3148, 0xD148, 0x1144, 0x1254, 0x525A, 0x2468}},
  {33777, {0x0820, 0x0820, 0xFFFE, 0x0820, 0x0100, 0x3FF8, 0x0100, 0xFFFE, 0x1010, 0x2208, 0x47E4, 0x0820, 0x1440, 0x0380, 0x1C70, 0xE00E}},
  {33778, {0x0820, 0x0820, 0xFFFE, 0x0820, 0x0820, 0x0440, 0x7C7C, 0x0440, 0x0440, 0x7C7C, 0x0440, 0x0440, 0xFC7E, 0x0440, 0x0440, 0x0440}},
  {33784, {0x0440, 0x0440, 0xFFFE, 0x0440, 0x1020, 0x0820, 0x7E50, 0x1050, 0x1088, 0x1F06, 0x1260, 0x1210, 0x2200, 0x22C0, 0x4A30, 0x8408}},
  {33785, {0x0440, 0x0440, 0xFFFE, 0x0440, 0x1000, 0x09F8, 0x0908, 0x4108, 0x21F8, 0x2908, 0x0908, 0x11F8, 0x7108, 0x1108, 0x17FE, 0x1000}},
  {33789, {0x0440, 0x0440, 0xFFFE, 0x0440, 0x0800, 0x0F7C, 0x0844, 0x0844, 0xFF44, 0x0028, 0x0828, 0x2A10, 0x4910, 0x8928, 0x2844, 0x1082}},
  {33793, {0x0440, 0x0440, 0xFFFE, 0x0440, 0x0820, 0x0820, 0x7FFC, 0x0820, 0x0FE0, 0x0820, 0x0FE0, 0x0820, 0xFFFE, 0x0820, 0x1010, 0x2008}},
  {33795, {0x0820, 0x0820, 0xFFFE, 0x0A20, 0x0100, 0x7FFC, 0x0820, 0x0820, 0x1450, 0x2288, 0x0100, 0xFFFE, 0x0100, 0x0100, 0x0100, 0x0100}},
  {33796, {0x0820, 0xFFFE, 0x0820, 0x2000, 0x3FFC, 0x4804, 0x9FE4, 0x2204, 0x0204, 0xFFFC, 0x0204, 0x2224, 0x2224, 0x3FE4, 0x0028, 0x0010}},
  {33798, {0x0820, 0x0820, 0xFFFE, 0x0A20, 0x0400, 0x3FF8, 0x2108, 0x3FF8, 0x2208, 0x3FF8, 0x0880, 0x1080, 0xFFFE, 0x0080, 0x0080, 0x0080}},
  {33803, {0x0820, 0xFFFE, 0x0920, 0x7FFC, 0x0100, 0x3FF8, 0x0108, 0xFFFE, 0x0108, 0x3FF8, 0x0200, 0xFFFE, 0x0820, 0x1C40, 0x03C0, 0x7C38}},
  {33804, {0x0820, 0x0820, 0xFFFE, 0x0820, 0x0000, 0x7CFC, 0x4484, 0x4484, 0x7CFC, 0x4484, 0x4484, 0x7CFC, 0x4504, 0x0104, 0x0214, 0x0C08}},
  {33805, {0x0820, 0x0820, 0xFFFE, 0x0820, 0x2000, 0x17FC, 0x9040, 0x4248, 0x4950, 0x0840, 0x17FE, 0xE040, 0x2040, 0x2040, 0x2040, 0x0040}},
  {33806, {0x0820, 0xFFFE, 0x0820, 0x0070, 0x1F80, 0x0100, 0x7FFC, 0x0540, 0x1930, 0xE10E, 0x0400, 0x7FFC, 0x0820, 0x1C40, 0x0380, 0x7C78}},
  {33807, {0x0440, 0x0440, 0xFFFE, 0x0440, 0x0800, 0x1FE0, 0x2020, 0x4440, 0xB878, 0x2008, 0x2008, 0x3C78, 0x2008, 0x2008, 0x3FF8, 0x2008}},
  {33809, {0x0820, 0x0820, 0xFFFE, 0x0920, 0x0880, 0x1FFC, 0x1080, 0x3080, 0x5FF8, 0x9080, 0x1080, 0x1FF8, 0x1080, 0x1080, 0x1FFC, 0x1000}},
  {33816, {0x0820, 0x0820, 0xFFFE, 0x0A20, 0x0200, 0x7FFC, 0x0440, 0x0820, 0x37D8, 0xC006, 0x3FF8, 0x0100, 0x0920, 0x1110, 0x2508, 0x0200}},
  {33820, {0x0440, 0x0440, 0xFFFE, 0x0440, 0x1020, 0x1020, 0xFE3E, 0x9220, 0x9220, 0x92FC, 0x9284, 0x9A84, 0x9484, 0x1084, 0x10FC, 0x1084}},
  {33821, {0x0820, 0xFFFE, 0x0820, 0x0000, 0x3FF8, 0x2448, 0x2448, 0x3FF8, 0x0200, 0x07F0, 0x0810, 0x3420, 0x0240, 0x0180, 0x0E00, 0x7000}},
  {33828, {0x0820, 0x0820, 0xFFFE, 0x0820, 0x0000, 0x7FFE, 0x4102, 0x8104, 0x1FF0, 0x1110, 0x1110, 0x1FF0, 0x0100, 0x0108, 0x7FFC, 0x0004}},
  {33829, {0x0820, 0x0820, 0xFFFE, 0x0820, 0x7FFE, 0x4002, 0x9FF4, 0x1010, 0x1010, 0x1FF0, 0x0000, 0x3FF8, 0x2008, 0x2008, 0x3FF8, 0x2008}},
  {33830, {0x0820, 0x0820, 0xFFFE, 0x0820, 0x0000, 0x7FFE, 0x4402, 0x8844, 0x1F80, 0x0320, 0x0C10, 0x3FF8, 0x0108, 0x1120, 0x2510, 0x4208}},
  {33831, {0x0820, 0x0820, 0xFFFE, 0x0820, 0x0100, 0x3FF8, 0x0108, 0xFFFE, 0x0108, 0x3FF8, 0x0100, 0x2548, 0x2528, 0x2928, 0x4108, 0x8108}},
  {33832, {0x0440, 0x0440, 0xFFFE, 0x0440, 0x0020, 0x7DFC, 0x4488, 0x4850, 0x51FE, 0x4900, 0x4500, 0x4500, 0x5500, 0x4900, 0x4200, 0x4400}},
  {33841, {0x0820, 0x0820, 0xFFFE, 0x0A20, 0x0100, 0x7FFE, 0x4002, 0x9FF4, 0x0000, 0x1FF0, 0x1010, 0x1FF0, 0x1010, 0x1FF0, 0x0000, 0xFFFE}},
  {33848, {0x0820, 0x0820, 0xFFFE, 0x0820, 0x0500, 0x3978, 0x2108, 0x2108, 0x3D78, 0x2108, 0x2108, 0x3FF8, 0x0280, 0x0440, 0x1830, 0xE00E}},
  {33852, {0x0820, 0xFFFE, 0x0820, 0x0000, 0x3EF8, 0x2288, 0x3EF8, 0x0000, 0x3FF8, 0x0000, 0xFFFE, 0x0800, 0x0FF0, 0x0010, 0x00A0, 0x0040}},
  {33853, {0x0820, 0x0820, 0xFFFE, 0x0820, 0x2080, 0x10F8, 0x1108, 0x8290, 0x4860, 0x4998, 0x1606, 0xE1F8, 0x2108, 0x2108, 0x21F8, 0x2108}},
  {33862, {0x0440, 0x0440, 0xFFFE, 0x0440, 0x0800, 0x0BF8, 0x1208, 0x3208, 0x53F8, 0x9040, 0x17FE, 0x10E0, 0x1150, 0x1248, 0x1C46, 0x1040}},
  {33873, {0x0440, 0x0440, 0xFFFE, 0x0440, 0x0800, 0x0808, 0x7F08, 0x08FE, 0xFF08, 0x0848, 0x0828, 0x7F28, 0x0808, 0x0F08, 0xF028, 0x4010}},
  {33879, {0x0820, 0xFFFE, 0x0820, 0x0208, 0x3FD0, 0x0220, 0x0240, 0xFFFE, 0x0300, 0x0C00, 0x3FF0, 0xC810, 0x0FF0, 0x0810, 0x0FF0, 0x0810}},
  {33881, {0x0440, 0x0440, 0xFFFE, 0x0440, 0x0800, 0x08FC, 0x7E84, 0x0884, 0x18FC, 0x1C84, 0x2A84, 0x2AFC, 0x4884, 0x8884, 0x08FC, 0x0884}},
  {33882, {0x0440, 0x0440, 0xFFFE, 0x0440, 0x0820, 0x7FFC, 0x0820, 0x0FE0, 0x0820, 0x0FE0, 0x0820, 0xFFFE, 0x1240, 0x1420, 0x1000, 0x1FF8}},
  {33883, {0x0820, 0xFFFE, 0x0820, 0x1FF0, 0x1010, 0x1FF0, 0x1010, 0x1FF0, 0x0800, 0x1FFC, 0x2104, 0x5284, 0x9444, 0x1004, 0x1FA8, 0x0010}},
  {33884, {0x0440, 0xFFFE, 0x0440, 0x0800, 0x7F7C, 0x0824, 0x3E24, 0x0844, 0x7F54, 0x0888, 0x0100, 0xFFFE, 0x0280, 0x0C60, 0x3018, 0xC006}},
  {33889, {0x0440, 0x0440, 0xFFFE, 0x2440, 0x3FFC, 0x4224, 0x7FF4, 0x8204, 0x3FE4, 0x2224, 0x3FE4, 0x2224, 0x3FE4, 0x2224, 0x22A4, 0x204C}},
  {33891, {0x0820, 0xFFFE, 0x0820, 0x1FF0, 0x0100, 0x7FFC, 0x0100, 0x1FF0, 0x1110, 0x1FF0, 0x1110, 0x1FF0, 0x0100, 0x3FF8, 0x0100, 0xFFFE}},
  {33897, {0x0440, 0x0440, 0xFFFE, 0x0440, 0x1000, 0x21FC, 0x7D24, 0x4524, 0x4524, 0x4524, 0x7DFC, 0x4500, 0x4500, 0x4502, 0x7D02, 0x44FE}},
  {33899, {0x0440, 0x0440, 0xFFFE, 0x0440, 0x0800, 0x087C, 0x7F44, 0x0844, 0x087C, 0x3E44, 0x2244, 0x227C, 0x2244, 0x3E84, 0x2294, 0x0108}},
  {33900, {0x0820, 0xFFFE, 0x0820, 0xFFFE, 0x1080, 0x3E98, 0x42E0, 0x2484, 0x1884, 0xE07C, 0x0820, 0x0820, 0xFFFE, 0x0820, 0x1020, 0x2020}},
  {33901, {0x0820, 0xFFFE, 0x0820, 0x0000, 0x7CF8, 0x4408, 0x4408, 0x7CF8, 0x4000, 0x41F8, 0x7C88, 0x4050, 0x4020, 0x7C50, 0x4088, 0x4306}},
  {33905, {0x0440, 0x0440, 0xFFFE, 0x0440, 0x0800, 0x1FF8, 0x2A48, 0x4448, 0x0A88, 0x1108, 0x22A8, 0x0410, 0x0100, 0x4884, 0x4812, 0x87F2}},
  {33907, {0x0440, 0x0440, 0xFFFE, 0x0440, 0x0028, 0x0024, 0x3FFE, 0x2020, 0x2FA4, 0x2224, 0x2FA8, 0x2498, 0x2D12, 0x422A, 0x4546, 0x8882}},
  {33909, {0x0820, 0xFFFE, 0x0820, 0x0090, 0x7EA0, 0x0444, 0x2828, 0x1010, 0x2FE8, 0xC106, 0x0100, 0x7FFC, 0x0100, 0x02C0, 0x0C30, 0x7008}},
  {33910, {0x0820, 0xFFFE, 0x0920, 0x7FFC, 0x0000, 0x1FF0, 0x1010, 0x1FF0, 0x0000, 0x7FFE, 0x4002, 0x9FF4, 0x0100, 0x0100, 0x0500, 0x0200}},
  {33912, {0x0820, 0xFFFE, 0x0820, 0x0000, 0x3FF8, 0x2108, 0x2108, 0x3FF8, 0x2108, 0x2108, 0x3FF8, 0x0200, 0x5104, 0x5112, 0x9012, 0x0FF0}},
  {33914, {0x0820, 0xFFFE, 0x0820, 0x1FF0, 0x1010, 0x1FF0, 0x0000, 0x7FFC, 0x1010, 0x1FF0, 0x1010, 0x1FF0, 0x103E, 0xFFD0, 0x0010, 0x0010}},
  {33922, {0x0820, 0xFFFE, 0x0A20, 0x0100, 0x3FF8, 0x0820, 0x0440, 0x7FFE, 0x4102, 0x8104, 0x1FF0, 0x1110, 0x1150, 0x1120, 0x0100, 0x0100}},
  {33927, {0x0440, 0x0440, 0xFFFE, 0x0448, 0x0024, 0x3FFE, 0x2020, 0x2FA4, 0x28A4, 0x2AA8, 0x2AA8, 0x2A90, 0x2A92, 0x452A, 0x4946, 0x9082}},
  {33928, {0x0440, 0x0440, 0xFFFE, 0x0440, 0x2088, 0x3C90, 0x20E4, 0x2C84, 0x307C, 0x0400, 0x1FF0, 0x1010, 0x1FF0, 0x1010, 0x1FF0, 0x1010}},
  {33929, {0x0820, 0xFFFE, 0x0820, 0x0100, 0x1FF0, 0x1110, 0x1FF0, 0x0100, 0xFFFE, 0x0000, 0x1FF0, 0x1010, 0x1110, 0x02C0, 0x0C30, 0x7008}},
  {33931, {0x0820, 0x0820, 0xFFFE, 0x0820, 0x0080, 0x08F8, 0x4910, 0x2AA0, 0x2850, 0x0890, 0x1BFE, 0x2910, 0x4890, 0x8890, 0x0810, 0x0830}},
  {33932, {0x0440, 0x0440, 0xFFFE, 0x0440, 0x1110, 0x0920, 0x7FFC, 0x0540, 0x1930, 0x610C, 0x0400, 0xFFFE, 0x0820, 0x1E40, 0x03C0, 0x3C38}},
  {33934, {0x0440, 0x0440, 0xFFFE, 0x0440, 0x201C, 0x13E0, 0x920E, 0x42F0, 0x4A90, 0x0A90, 0x1292, 0xE294, 0x2288, 0x2488, 0x24A4, 0x28C2}},
  {33943, {0x0820, 0x0820, 0xFFFE, 0x08A0, 0x2040, 0x13F8, 0x9208, 0x43F8, 0x4A08, 0x0BF8, 0x1242, 0xE244, 0x2228, 0x2290, 0x2308, 0x2206}},
  {33945, {0x0820, 0xFFFE, 0x0820, 0x7FFE, 0x4002, 0x8FE4, 0x0000, 0x7FFC, 0x0600, 0x3B08, 0x04B0, 0x19C0, 0x62A0, 0x0C98, 0x7286, 0x0100}},
  {33948, {0x0820, 0x0820, 0xFFFE, 0x0820, 0x0000, 0x7C7C, 0x0000, 0x0000, 0xFEFE, 0x1010, 0x1010, 0x5454, 0x5252, 0x9292, 0x5050, 0x2020}},
  {33953, {0x0820, 0xFFFE, 0x0820, 0x0100, 0x3FF8, 0x0820, 0x0440, 0x7FFE, 0x4202, 0x8104, 0x3FF8, 0x0400, 0x07F0, 0x0810, 0x1050, 0x2020}},
  {33967, {0x1102, 0x1102, 0xFFE2, 0x110A, 0x000A, 0x7BCA, 0x4A4A, 0x4A4A, 0x7BCA, 0x4A4A, 0x4A4A, 0x7BCA, 0x4A42, 0x4A42, 0xAB4A, 0x1484}},
  {33970, {0x0820, 0x0820, 0xFFFE, 0x0828, 0x4044, 0x27FE, 0x2040, 0x87FC, 0x4444, 0x57FC, 0x1444, 0xE7FC, 0x2444, 0x2444, 0x2454, 0x0408}},
  {33972, {0x0820, 0x0820, 0xFFFE, 0x0820, 0x4100, 0x227C, 0xFFC4, 0x0844, 0x497C, 0x4944, 0x4944, 0x7F7C, 0x1144, 0x2044, 0x4094, 0x8108}},
  {33976, {0x0820, 0x0820, 0xFFFE, 0x0820, 0x1FC0, 0x0044, 0x7D88, 0x0550, 0x0920, 0x3118, 0xC506, 0x0200, 0x3FF8, 0x0000, 0x2488, 0x4244}},
  {33977, {0x0820, 0xFFFE, 0x0820, 0x1010, 0x0820, 0xFFFE, 0x0440, 0x3FF8, 0x0448, 0xFFFE, 0x0448, 0x3FF8, 0x0C60, 0x3458, 0xC446, 0x0440}},
  {33978, {0x0820, 0xFFFE, 0x0920, 0x0080, 0x1FFC, 0x1000, 0x9200, 0x53F8, 0x5440, 0x1040, 0x3FFE, 0x5040, 0x90A0, 0x2110, 0x2208, 0x4C06}},
  {33981, {0x0820, 0xFFFE, 0x0820, 0x0000, 0x3FF8, 0x2108, 0x2FE8, 0x2288, 0x2448, 0x2828, 0x3FF8, 0x0100, 0x0884, 0x4892, 0x4812, 0x87F0}},
  {33983, {0x0820, 0xFFFE, 0x0820, 0x0200, 0xFFFE, 0x0000, 0x1FF0, 0x1010, 0x1FF0, 0x0000, 0x7FFC, 0x4004, 0x4FE4, 0x4824, 0x4FE4, 0x400C}},
  {33985, {0x0820, 0xFFFE, 0x0820, 0x0100, 0x7FFC, 0x0100, 0x3FF8, 0x0200, 0xFFFE, 0x0820, 0x17D0, 0x2108, 0xDFF6, 0x0540, 0x0920, 0x1110}},
  {33988, {0x0820, 0xFFFE, 0x0820, 0x0100, 0xFFFE, 0x0820, 0x1FC0, 0x0310, 0x0C08, 0x3FFC, 0x0004, 0x3FF8, 0x2108, 0x3FF8, 0x2108, 0x3FF8}},
  {33993, {0x0820, 0x0820, 0xFFFE, 0x0A20, 0x0100, 0x7FFE, 0x4002, 0x8924, 0x1290, 0x2448, 0x0820, 0x3FF8, 0xC826, 0x0820, 0x0FE0, 0x0820}},
  {33994, {0x0820, 0xFFFE, 0x0820, 0x0440, 0x0820, 0x3218, 0xC446, 0x0FE0, 0x0020, 0x7EFC, 0x2244, 0x1224, 0x0A14, 0x1224, 0x2A54, 0x4488}},
  {33997, {0x0820, 0xFFFE, 0x0A20, 0x3FC0, 0x0280, 0xFFFE, 0x0220, 0x0FC0, 0x3408, 0xC3F8, 0x0000, 0x1FF0, 0x1010, 0x1FF0, 0x1010, 0x1FF0}},
  {34000, {0x0820, 0xFFFE, 0x0820, 0x3FFC, 0x2000, 0x2FF8, 0x2000, 0x3FFC, 0x2448, 0x2430, 0x260E, 0x2020, 0x5FFC, 0x4420, 0x82A0, 0x0040}},
  {34001, {0x0820, 0xFFFE, 0x0820, 0x0100, 0x7FFC, 0x0000, 0x1FF0, 0x1010, 0xFFFE, 0x1010, 0x1FF0, 0x0488, 0x0850, 0x3820, 0xCB18, 0x0C06}},
  {34003, {0x0820, 0x0820, 0xFFFE, 0x08A0, 0x1040, 0x17FC, 0x2000, 0x6208, 0xA110, 0x2FFE, 0x2000, 0x23F8, 0x2208, 0x2208, 0x23F8, 0x2208}},
  {34006, {0x0820, 0xFFFE, 0x0820, 0x0200, 0x3FF8, 0x2448, 0x2388, 0x2448, 0x3FF8, 0x0000, 0x2084, 0x3E98, 0x20E0, 0x2084, 0x2684, 0x387C}},
  {34013, {0x0820, 0x0820, 0xFFFE, 0x0820, 0x0480, 0x2480, 0x24FC, 0x24A0, 0x2510, 0x0000, 0x3FF8, 0x2448, 0x2448, 0x2448, 0xFFFE, 0x0000}},
  {34015, {0x0440, 0x0440, 0xFFFE, 0x0440, 0x1004, 0x1F04, 0x2224, 0x7FA4, 0xA4A4, 0x3FA4, 0x24A4, 0x3FA4, 0x0004, 0x0784, 0x7814, 0x2008}},
  {34016, {0x0820, 0x0820, 0xFFFE, 0x0920, 0x0080, 0xFFFE, 0x0440, 0x1390, 0x1450, 0x1FF0, 0x0100, 0x7FFC, 0x4444, 0x4FE4, 0x4424, 0x400C}},
  {34019, {0x0820, 0xFFFE, 0x0820, 0x0000, 0x7DFC, 0x0420, 0x2840, 0x11FC, 0xFD04, 0x1524, 0x1124, 0x1124, 0x1124, 0x1050, 0x5088, 0x2304}},
  {34021, {0x0820, 0x0820, 0xFFFE, 0x0820, 0x0000, 0x7FFE, 0x4102, 0x8284, 0x0C60, 0x3018, 0xDFF6, 0x0100, 0x3FF8, 0x1110, 0x0920, 0x7FFC}},
  {34022, {0x0440, 0xFFFE, 0x0440, 0x1FF0, 0x1010, 0x1FF0, 0x1010, 0xFFFE, 0x1010, 0x2FC8, 0xC046, 0x0840, 0x0FF8, 0x0008, 0x7FA8, 0x0010}},
  {34028, {0x0820, 0xFFFE, 0x0820, 0x0100, 0x23F0, 0x1510, 0x10E0, 0x071C, 0x7040, 0x13F8, 0x1040, 0x11F0, 0x1040, 0x17FC, 0x2840, 0x47FE}},
  {34032, {0x0440, 0x0440, 0xFFFE, 0x0440, 0x1020, 0x213C, 0x4120, 0x8920, 0x17FE, 0x3000, 0x5020, 0x9120, 0x113E, 0x1120, 0x12A0, 0x147E}},
  {34044, {0x0820, 0xFFFE, 0x0820, 0x3CF8, 0x2448, 0x1428, 0x2548, 0x06C0, 0x1830, 0xE30E, 0x0C40, 0x3180, 0x0630, 0x38C0, 0x0700, 0x3800}},
  {34047, {0x0820, 0xFFFE, 0x0820, 0x0100, 0x7FFE, 0x4802, 0x8BF4, 0x1080, 0x33F8, 0x5208, 0x9208, 0x13F8, 0x1208, 0x1208, 0x13F8, 0x1208}},
  {34060, {0x0820, 0xFFFE, 0x0820, 0x0000, 0x0820, 0xFFA0, 0x083E, 0x7F42, 0x4994, 0x4910, 0x7F10, 0x1C10, 0x2A28, 0x4928, 0x8844, 0x0882}},
  {34065, {0x0820, 0xFFFE, 0x0820, 0x0000, 0x3FF8, 0x2448, 0x2448, 0x3FF8, 0x0090, 0x3FFC, 0x2080, 0x3048, 0x2850, 0x2424, 0x40D4, 0x830C}},
  {34067, {0x0820, 0xFFFE, 0x0820, 0x1FF0, 0x1010, 0x1FF0, 0x1010, 0x7FFC, 0x4444, 0x7FFC, 0x0000, 0x3FF0, 0x0820, 0x07C0, 0x1830, 0xE00E}},
  {34071, {0x0820, 0x0820, 0xFFFE, 0x0920, 0x0080, 0x3FFC, 0x2220, 0x2220, 0x3FFC, 0x2220, 0x2220, 0x23E0, 0x2000, 0x4A48, 0x4924, 0x9124}},
  {34074, {0x0820, 0x0820, 0xFFFE, 0x0820, 0x0000, 0x3F08, 0x2108, 0x3F08, 0x20FE, 0x2E08, 0x2048, 0x3F28, 0x4428, 0x5508, 0xA4A8, 0x0C10}},
  {34079, {0x0820, 0x0820, 0xFFFE, 0x0820, 0x2040, 0x1040, 0xFEFE, 0x2120, 0x2040, 0x3CFC, 0x2520, 0x2420, 0x25FE, 0x4450, 0x5488, 0x8906}},
  {34081, {0x0440, 0xFFFE, 0x0440, 0x1080, 0x1EF8, 0x2288, 0x5450, 0x2820, 0x17D8, 0x2006, 0xDFF0, 0x0100, 0x1110, 0x2108, 0x4504, 0x0200}},
  {34091, {0x0820, 0xFFFE, 0x0820, 0x7FFC, 0x0100, 0x11F8, 0x1100, 0xFFFE, 0x1000, 0x1FF8, 0x2000, 0x3FFC, 0x0004, 0x4924, 0x8494, 0x0008}},
  {34092, {0x0820, 0xFFFE, 0x0820, 0x0010, 0x7DFE, 0x0420, 0x1848, 0x51FE, 0x5002, 0x5CA8, 0x50A8, 0x50A8, 0x5D2A, 0x712A, 0xC22A, 0x0406}},
  {34103, {0x0820, 0xFFFE, 0x0820, 0x0100, 0x3FF8, 0x1110, 0x0920, 0xFFFE, 0x0000, 0x3FF8, 0x2008, 0x27C8, 0x2448, 0x27C8, 0x2008, 0x3FF8}},
  {34104, {0x0820, 0x0820, 0xFFFE, 0x0920, 0x1200, 0x67DC, 0x4444, 0x47C4, 0x4444, 0x57DC, 0x6000, 0x0440, 0x0440, 0x0842, 0x1042, 0x603E}},
  {34105, {0x0440, 0x0440, 0xFFFE, 0x0440, 0x0820, 0x0820, 0x143E, 0x2244, 0x5DA4, 0x8024, 0x1128, 0x0928, 0x4A10, 0x27A8, 0xF844, 0x4082}},
  {34106, {0x0820, 0xFFFE, 0x0820, 0x2000, 0x17FC, 0x0504, 0x4484, 0x4FF4, 0x5904, 0x6FE4, 0x4904, 0x4FE4, 0x4904, 0x4FF4, 0x4814, 0x4008}},
  {34107, {0x0820, 0xFFFE, 0x0A20, 0x0100, 0x7FFE, 0x4002, 0x8024, 0x3E38, 0x0020, 0x7EF8, 0x1408, 0x1450, 0x1424, 0x2454, 0x2484, 0x43FC}},
  {34108, {0x0820, 0xFFFE, 0x0820, 0x43F8, 0x2208, 0x23F8, 0x0208, 0xE3F8, 0x2100, 0x23FC, 0x2444, 0x22A4, 0x2A04, 0x33F4, 0x2014, 0x0008}},
  {34109, {0x0440, 0x0440, 0xFFFE, 0x0440, 0x0820, 0x4920, 0x2A3E, 0x7F44, 0x49A4, 0x4924, 0x5D28, 0x6B28, 0x4910, 0x4128, 0x4544, 0x4282}},
  {34115, {0x0820, 0xFFFE, 0x0820, 0x00F8, 0x3F00, 0x1110, 0x0920, 0xFFFE, 0x0920, 0x3018, 0xDFF6, 0x1110, 0x1FF0, 0x1110, 0x1FF0, 0x1010}},
  {34120, {0x0820, 0xFFFE, 0x0820, 0x7FFC, 0x0440, 0x3FF8, 0x2448, 0x3FF8, 0x1010, 0x1FF0, 0x1010, 0x1FF0, 0x0100, 0xFFFE, 0x0100, 0x0100}},
  {34121, {0x0820, 0x0820, 0xFFFE, 0x0920, 0x0880, 0x1FFC, 0x3080, 0x5FF8, 0x1080, 0x1FF8, 0x1080, 0x1FFC, 0x1000, 0x2488, 0x2244, 0x4244}},
  {34122, {0x0820, 0x0820, 0xFFFE, 0x0820, 0x0820, 0x0100, 0x2488, 0x2424, 0x43E4, 0x0000, 0x2424, 0x1212, 0xA0A0, 0xA4A4, 0x1C1C, 0x0000}},
  {34134, {0x0820, 0xFFFE, 0x0820, 0x23FC, 0x1200, 0x43F8, 0x2A08, 0x0BF8, 0x7200, 0x13FC, 0x1100, 0xFFFE, 0x0540, 0x1930, 0xE10E, 0x0100}},
  {34137, {0x0820, 0xFFFE, 0x0920, 0x3FF8, 0x0100, 0x1FF0, 0x1110, 0x1FF0, 0x1110, 0x1FF0, 0x0108, 0x7FFC, 0x0204, 0x4908, 0x4824, 0x87E4}},
  {34142, {0x0820, 0xFFFE, 0x0820, 0x1FF0, 0x1010, 0x1FF0, 0x1010, 0xFFFE, 0x2200, 0x3EFC, 0x2244, 0x3E44, 0x2228, 0x2F10, 0xF228, 0x42C6}},
  {34148, {0x0820, 0xFFFE, 0x0820, 0x0010, 0xFF50, 0x107C, 0x2990, 0x4E10, 0x967C, 0x2510, 0xCD10, 0x14FE, 0x2440, 0xC430, 0x140E, 0x0800}},
  {34152, {0x0820, 0xFFFE, 0x0820, 0x0000, 0x3FFE, 0x2890, 0x2510, 0x2FBE, 0x2222, 0x2AD4, 0x2A90, 0x2F90, 0x2228, 0x4428, 0x4444, 0x8882}},
  {34162, {0x0820, 0xFFFE, 0x0820, 0x220C, 0x1470, 0x7F40, 0x4940, 0x7F40, 0x497E, 0x7F48, 0x0848, 0xFF48, 0x0848, 0x0888, 0x0888, 0x0908}},
  {34164, {0x0440, 0x0440, 0xFFFE, 0x0440, 0x21F8, 0x2108, 0x45F8, 0x8908, 0xF1F8, 0x2000, 0x43FC, 0xFA94, 0x0294, 0x1A94, 0xE7FE, 0x4000}},
  {34169, {0x0820, 0xFFFE, 0x0A20, 0x0100, 0xFFFE, 0x10A0, 0x2090, 0x45FE, 0x7B20, 0x11FC, 0x2520, 0x7DFC, 0x0920, 0x1120, 0x21FE, 0xC100}},
  {34170, {0x0440, 0xFFFE, 0x0440, 0x3E28, 0x2224, 0x3E24, 0x0020, 0xFFFE, 0x2220, 0x3E28, 0x2228, 0x3E10, 0x2212, 0x2F2A, 0xF246, 0x4282}},
  {34171, {0x0820, 0x0820, 0xFFFE, 0x0820, 0x0048, 0x3E48, 0x2048, 0x3CFC, 0x2048, 0x3C48, 0x2048, 0xFEFE, 0x2000, 0x4448, 0xFE84, 0x4302}},
  {34174, {0x0820, 0xFFFE, 0x0820, 0x3FF8, 0x0100, 0x7FFE, 0x4102, 0x9D74, 0x0100, 0x1D70, 0x0000, 0x3FF8, 0x2108, 0x3FF8, 0x2108, 0x3FF8}},
  {34180, {0x0820, 0xFFFE, 0x0820, 0x0048, 0x27FC, 0x1040, 0x13F8, 0x8248, 0x43F8, 0x4A48, 0x0BF8, 0x1248, 0xF010, 0x27FC, 0x2210, 0x2130}},
  {34181, {0x0820, 0xFFFE, 0x0820, 0x23FE, 0x2200, 0xFAFC, 0x4A00, 0x4BFE, 0x4AA4, 0x9298, 0x52C6, 0x2208, 0x53FE, 0x4A88, 0x8448, 0x0818}},
  {34183, {0x0440, 0x0440, 0xFFFE, 0x0440, 0x2220, 0x4AA0, 0x8ABE, 0x1FC4, 0x20A4, 0x6F24, 0xA028, 0x2F28, 0x2910, 0x29A8, 0x2944, 0x3082}},
  {34191, {0x0820, 0xFFFE, 0x0820, 0x0100, 0x3FF8, 0x0820, 0xFFFE, 0x0000, 0x1FF0, 0x1010, 0x1FF0, 0x1010, 0x1FF0, 0x4904, 0x4892, 0x87F2}},
  {34203, {0x0820, 0x0820, 0xFFFE, 0x0820, 0x1040, 0x7C20, 0x45FC, 0x4488, 0x7C50, 0x43FE, 0x4020, 0x7C20, 0x45FC, 0x4420, 0x7C20, 0x4420}},
  {34204, {0x0820, 0xFFFE, 0x0820, 0x0040, 0x3E20, 0x22FC, 0x2288, 0x3E50, 0x21FE, 0x2020, 0x3E20, 0x52FC, 0x5220, 0x9E20, 0x1220, 0x0020}},
  {34212, {0x0820, 0xFFFE, 0x0820, 0x0050, 0x7E50, 0x11DC, 0x1050, 0x3C50, 0x25DC, 0x6450, 0x9450, 0x09DC, 0x0850, 0x1050, 0x23FE, 0x4000}},
  {34216, {0x0820, 0xFFFE, 0x0820, 0x7FFC, 0x4444, 0x7FFC, 0x0000, 0x7FFE, 0x4002, 0xBFF4, 0x0840, 0x1F48, 0x6250, 0x1462, 0x1842, 0xE03E}},
  {34218, {0x0820, 0xFFFE, 0x0820, 0x1000, 0x0804, 0x7F78, 0x2240, 0x1440, 0xFF7E, 0x0848, 0x7F48, 0x0848, 0x2A48, 0x4988, 0xA888, 0x1108}},
  {34222, {0x0440, 0xFFFE, 0x0440, 0x0000, 0x4920, 0x2A20, 0xFF3E, 0x2A44, 0x49A4, 0x1024, 0xFE28, 0x2228, 0x6410, 0x1828, 0x2444, 0xC282}},
  {34223, {0x0820, 0xFFFE, 0x0820, 0x3FF8, 0x2448, 0x3FF8, 0x0200, 0x1FD0, 0x0220, 0xFFFE, 0x0300, 0x0FF0, 0x3810, 0xCFF0, 0x0810, 0x0FF0}},
  {34224, {0x0820, 0xFFFE, 0x0820, 0x3FF8, 0x0100, 0xFFFE, 0x0100, 0x3FF8, 0x2928, 0x3FF8, 0x0100, 0x3FF8, 0x0100, 0xFFFE, 0x2448, 0x4224}},
  {34231, {0x0820, 0xFFFE, 0x0820, 0x3FF8, 0x0100, 0x7FFE, 0x4102, 0x9D74, 0x0100, 0x1D70, 0x0000, 0x7FFC, 0x0200, 0x3FF8, 0x2448, 0x2458}},
  {34233, {0x0820, 0xFFFE, 0x0920, 0xFFFE, 0x0100, 0x3FF8, 0x0000, 0x1FF0, 0x1010, 0x7FFE, 0x4822, 0x9FF4, 0x0100, 0x3FF8, 0x0100, 0xFFFE}},
  {34241, {0x0820, 0xFFFE, 0x0820, 0x0100, 0x7FFC, 0x0820, 0x0FE0, 0x0000, 0x7FFC, 0x4824, 0x4FEC, 0x0100, 0x7FFC, 0x0540, 0x1930, 0xE10E}},
  {34249, {0x0820, 0x0820, 0xFFFE, 0x0820, 0x1048, 0x7CFC, 0x1048, 0x7C48, 0x11FE, 0xFE00, 0x10FC, 0x3884, 0x54FC, 0x9484, 0x10FC, 0x1084}},
  {34255, {0x0440, 0xFFFE, 0x0448, 0x0024, 0x1FFE, 0x5020, 0x57A0, 0x7524, 0x17A4, 0xF4A8, 0x57A8, 0x5510, 0x9512, 0x27AA, 0x2046, 0x4082}},
  {34256, {0x0820, 0xFFFE, 0x0820, 0x0810, 0x3020, 0xCAFC, 0x2C84, 0x3084, 0xC8FC, 0x1484, 0x2484, 0xCCFC, 0x1448, 0x244A, 0xD48A, 0x0906}},
  {34259, {0x0820, 0x0820, 0xFFFE, 0x0820, 0x2044, 0x3E28, 0x44FE, 0xFF10, 0x4910, 0x7F7C, 0x4910, 0x7F10, 0x00FE, 0x0F10, 0xF010, 0x4010}},
  {34261, {0x0820, 0xFFFE, 0x0820, 0x1000, 0x11FC, 0x7D24, 0x11FC, 0x7D24, 0x11FC, 0xFC20, 0x13FE, 0x3A22, 0x562A, 0x92FA, 0x120A, 0x1206}},
  {34268, {0x0820, 0xFFFE, 0x0820, 0x0640, 0x387C, 0x0894, 0x7E24, 0x1C44, 0x2A94, 0x4908, 0x02C0, 0x1D30, 0xE92E, 0x0540, 0x0920, 0x1310}},
  {34276, {0x0440, 0xFFFE, 0x0440, 0x0020, 0x3D24, 0x24A8, 0x25FC, 0x3C40, 0x27FE, 0x2488, 0x3D24, 0x26AA, 0x2470, 0x44A8, 0x5524, 0x8A62}},
  {34281, {0x0820, 0xFFFE, 0x0820, 0x2038, 0x17C0, 0x1248, 0x8150, 0x47FC, 0x5248, 0x1404, 0x2BFA, 0xE248, 0x23F8, 0x2248, 0x23F8, 0x2208}},
  {34299, {0x0820, 0xFFFE, 0x0820, 0x23F8, 0x1208, 0x13F8, 0x8000, 0x47BC, 0x54A4, 0x17BC, 0x2040, 0xEFFE, 0x2150, 0x2248, 0x2C46, 0x2040}},
  {34303, {0x0820, 0xFFFE, 0x0820, 0x3FF8, 0x0100, 0x7FFE, 0x4102, 0x9D74, 0x0880, 0x1FFC, 0x3080, 0x5FF8, 0x9080, 0x1FF8, 0x1080, 0x1FFC}},
  {34309, {0x0820, 0xFFFE, 0x0820, 0x2200, 0x47DC, 0x8880, 0x17C0, 0x257E, 0x67C8, 0xA548, 0x27C8, 0x2108, 0x2FE8, 0x2108, 0x22A8, 0x2450}},
  {34321, {0x0820, 0xFFFE, 0x08A0, 0x3FFE, 0x2210, 0x2FBC, 0x2318, 0x26B4, 0x2A52, 0x2000, 0x3FFC, 0x4400, 0x4FF8, 0x9408, 0x27F8, 0x0408}},
  {34326, {0x0440, 0xFFFE, 0x0440, 0x2020, 0x7DFC, 0x4488, 0x7C50, 0x41FE, 0x7C20, 0x45FC, 0x7C20, 0x0100, 0x7FFC, 0x0540, 0x1930, 0xE10E}},
  {34343, {0x0820, 0xFFFE, 0x08A0, 0x00F8, 0x4080, 0x2FFC, 0x2884, 0x0BF0, 0xE888, 0x2BF8, 0x2940, 0x2AA8, 0x3170, 0x22A8, 0x5160, 0x8FFE}},
  {34345, {0x0820, 0xFFFE, 0x2820, 0x3F20, 0x403E, 0xBE48, 0x2AA8, 0xFF28, 0x4A10, 0x7F28, 0x0846, 0x1F80, 0x0210, 0x3FF8, 0x1110, 0x2308}},
  {34360, {0x0820, 0xFFFE, 0x0820, 0x0050, 0xFE48, 0x10FE, 0x1190, 0x7CFC, 0x5490, 0x54FC, 0x6C90, 0x44FE, 0x7C80, 0x4554, 0x7D2A, 0x462A}},
  {34364, {0x0820, 0xFFFE, 0x08A0, 0x3FFE, 0x2410, 0x3F7C, 0x2638, 0x2D54, 0x3412, 0x2120, 0x3F3E, 0x2120, 0x2F3C, 0x4120, 0x5F3E, 0x8120}},
  {34381, {0x0100, 0x0100, 0x01F8, 0x0100, 0x0100, 0x3FFC, 0x2004, 0x2108, 0x2100, 0x2118, 0x21E0, 0x2F00, 0x2104, 0x4104, 0x40FC, 0x8000}},
  {34382, {0x0100, 0x01F8, 0x0100, 0x3FFC, 0x2104, 0x2160, 0x2F88, 0x2108, 0x20F8, 0x2000, 0x23E0, 0x2220, 0x2220, 0x4424, 0x4824, 0x901C}},
  {34383, {0x0100, 0x01F8, 0x0100, 0x3FFC, 0x2104, 0x2160, 0x2F88, 0x2108, 0x20F8, 0x2100, 0x2FF8, 0x2108, 0x2108, 0x4208, 0x4450, 0x9820}},
  {34384, {0x0100, 0x01F8, 0x0100, 0x3FFC, 0x2104, 0x2160, 0x2F88, 0x2108, 0x20F8, 0x2000, 0x27F8, 0x2400, 0x3FFE, 0x4400, 0x47F8, 0x8000}},
  {34385, {0x0100, 0x01F8, 0x0100, 0x3FFC, 0x2104, 0x2160, 0x2F88, 0x2108, 0x20F8, 0x2000, 0x2080, 0x2044, 0x2A42, 0x4A12, 0x5210, 0x81F0}},
  {34388, {0x0100, 0x01F8, 0x0100, 0x3FFE, 0x2102, 0x21F0, 0x2F04, 0x20FC, 0x2100, 0x2080, 0x2FF8, 0x2220, 0x2140, 0x4080, 0x4360, 0x8C1C}},
  {34394, {0x0100, 0x01F8, 0x0100, 0x3FFC, 0x2104, 0x2160, 0x2F88, 0x2108, 0x20F8, 0x2240, 0x3248, 0x2A48, 0x2A50, 0x4240, 0x5FFC, 0x8000}},
  {34398, {0x0100, 0x01F8, 0x0100, 0x3FFC, 0x2104, 0x2FE0, 0x2108, 0x27F8, 0x2410, 0x27F0, 0x2000, 0x2FF8, 0x2080, 0x5FFC, 0x4220, 0x9C1C}},
  {34402, {0x0410, 0x1E1E, 0xE010, 0x22FE, 0x9292, 0x549C, 0x40F0, 0x0492, 0xFF8E, 0x0480, 0x44B8, 0x24A8, 0x24A8, 0x052A, 0x152A, 0x0A46}},
  {34411, {0x0100, 0x0100, 0x0100, 0x3FF8, 0x2108, 0x2108, 0x2108, 0x2108, 0x3FF8, 0x2108, 0x0100, 0x0110, 0x0108, 0x01FC, 0x7E04, 0x0000}},
  {34412, {0x0840, 0x0840, 0x0840, 0x7F40, 0x4940, 0x4940, 0x4940, 0x4940, 0x7F40, 0x4840, 0x0840, 0x0A44, 0x0F44, 0xF144, 0x403C, 0x0000}},
  {34414, {0x1000, 0x1000, 0x10F0, 0x7C90, 0x5490, 0x5490, 0x5490, 0x5490, 0x7C90, 0x5090, 0x1090, 0x1492, 0x1C92, 0xE512, 0x410E, 0x0200}},
  {34417, {0x0000, 0x7FF0, 0x0090, 0x03D0, 0x7C10, 0x0410, 0x3F90, 0x2490, 0x2490, 0x2490, 0x3F90, 0x0412, 0x048A, 0x07CA, 0x7846, 0x2002}},
  {34425, {0x1000, 0x1000, 0x11FC, 0x7C20, 0x5420, 0x5420, 0x5420, 0x5420, 0x7C20, 0x5020, 0x1020, 0x1420, 0x1E20, 0xE220, 0x43FE, 0x0000}},
  {34426, {0x0020, 0x0020, 0xFE20, 0x25FC, 0x2524, 0x2524, 0x2524, 0x25FC, 0x2420, 0x2420, 0x2428, 0x25FC, 0x2404, 0x4402, 0x43FE, 0x8000}},
  {34427, {0x1020, 0x1010, 0x1010, 0x7C00, 0x55FE, 0x5480, 0x5480, 0x5480, 0x7C80, 0x5080, 0x1080, 0x1480, 0x1E80, 0xE280, 0x40FC, 0x0000}},
  {34428, {0x1040, 0x1040, 0x1080, 0x7CFE, 0x5500, 0x5600, 0x54FC, 0x5408, 0x7C10, 0x5020, 0x1040, 0x1480, 0x1D02, 0xE502, 0x40FE, 0x0000}},
  {34429, {0x0000, 0x1FF0, 0x1010, 0x1010, 0x1FF0, 0x0100, 0x0100, 0x3FF8, 0x2108, 0x2108, 0x3FF8, 0x0120, 0x0110, 0x01F8, 0x7F04, 0x2004}},
  {34430, {0x1000, 0x13FE, 0x1040, 0x7C40, 0x5440, 0x5440, 0x5450, 0x5448, 0x7C44, 0x5044, 0x1040, 0x1440, 0x1E40, 0xE240, 0x4040, 0x0040}},
  {34431, {0x0000, 0xFFFE, 0x0400, 0x07F0, 0x0810, 0x1010, 0x20A0, 0x4140, 0x3FF8, 0x2108, 0x2108, 0x3FF8, 0x0100, 0x0108, 0x7FFC, 0x2004}},
  {34432, {0x2020, 0x2020, 0x2020, 0x3DFC, 0x4524, 0x4924, 0xA124, 0x2124, 0x21FC, 0x2124, 0x2020, 0x2028, 0x2824, 0x33FE, 0x2102, 0x0000}},
  {34433, {0x1040, 0x1024, 0x1124, 0x7D04, 0x5504, 0x5488, 0x5488, 0x5488, 0x7C50, 0x5050, 0x1020, 0x1420, 0x1C50, 0xE488, 0x4104, 0x0602}},
  {34434, {0x1000, 0x11F8, 0x1008, 0x7C08, 0x5488, 0x5488, 0x5488, 0x54FE, 0x7C02, 0x5002, 0x1002, 0x15FA, 0x1C02, 0xE402, 0x4014, 0x0008}},
  {34442, {0x1040, 0x1020, 0x1020, 0x7DFE, 0x5488, 0x5488, 0x5488, 0x5488, 0x7C88, 0x5050, 0x1050, 0x1420, 0x1E20, 0xE250, 0x4088, 0x0106}},
  {34443, {0x1020, 0x1020, 0x1020, 0x7DFE, 0x5522, 0x5522, 0x5522, 0x5522, 0x7D52, 0x514A, 0x118A, 0x1502, 0x1D02, 0xE502, 0x410A, 0x0104}},
  {34444, {0x1020, 0x1020, 0x1020, 0x7DFC, 0x5420, 0x5420, 0x5420, 0x55FC, 0x7C20, 0x5020, 0x1020, 0x17FE, 0x1C20, 0xE420, 0x4020, 0x0020}},
  {34445, {0x1010, 0x1110, 0x1110, 0x7D12, 0x5512, 0x5514, 0x55D8, 0x5510, 0x7D10, 0x5110, 0x1110, 0x1512, 0x1D52, 0xE592, 0x410E, 0x0000}},
  {34451, {0x1004, 0x11E4, 0x1024, 0x7C24, 0x5424, 0x55E4, 0x5504, 0x5504, 0x7D04, 0x51E4, 0x1024, 0x1424, 0x1C24, 0xE424, 0x4144, 0x0084}},
  {34453, {0x0000, 0x3FF8, 0x0100, 0x0200, 0xFFFE, 0x0440, 0x0820, 0x3118, 0xDFF6, 0x1110, 0x1110, 0x1FF0, 0x1100, 0x0108, 0x7FFC, 0x2004}},
  {34460, {0x1000, 0x11FE, 0x1008, 0x7C88, 0x5488, 0x5488, 0x5508, 0x55FE, 0x7C18, 0x5028, 0x1048, 0x1488, 0x1D08, 0xE608, 0x4028, 0x0010}},
  {34461, {0x1008, 0x103C, 0x11E0, 0x7C20, 0x5420, 0x543C, 0x55E0, 0x5420, 0x7C20, 0x503E, 0x13E0, 0x1420, 0x1E22, 0xE222, 0x4022, 0x001E}},
  {34467, {0x1008, 0x1048, 0x1048, 0x7C48, 0x5444, 0x5484, 0x54A4, 0x5522, 0x7C20, 0x5040, 0x1040, 0x1448, 0x1C84, 0xE5FE, 0x4082, 0x0000}},
  {34468, {0x0000, 0x3FF0, 0x1210, 0x0920, 0x0440, 0x0380, 0x1C70, 0xE10E, 0x1FF0, 0x1110, 0x1110, 0x1FF0, 0x1100, 0x0108, 0x7FFC, 0x2004}},
  {34471, {0x1020, 0x1020, 0x1050, 0x7C50, 0x5488, 0x5504, 0x5602, 0x5488, 0x7C88, 0x5088, 0x1088, 0x1488, 0x1C88, 0xE508, 0x4108, 0x0208}},
  {34472, {0x1020, 0x1020, 0x1020, 0x7C20, 0x55FC, 0x5420, 0x5420, 0x5420, 0x7DFE, 0x5020, 0x1050, 0x1450, 0x1E88, 0xE288, 0x4104, 0x0202}},
  {34473, {0x0100, 0x2108, 0x2108, 0x3FF8, 0x0100, 0xFFFE, 0x0000, 0x0100, 0x3FF8, 0x2108, 0x2108, 0x3FF8, 0x0100, 0x0108, 0x7FFC, 0x2004}},
  {34474, {0x1010, 0x1110, 0x1090, 0x7C90, 0x5410, 0x5510, 0x5490, 0x5490, 0x7C10, 0x501E, 0x13F0, 0x1410, 0x1E10, 0xE210, 0x4010, 0x0010}},
  {34476, {0x1000, 0x11FC, 0x1104, 0x7D04, 0x5524, 0x5524, 0x5524, 0x5524, 0x7D24, 0x5154, 0x1050, 0x1490, 0x1C90, 0xE512, 0x4212, 0x040E}},
  {34479, {0x1004, 0x100E, 0x10F0, 0x7C80, 0x5480, 0x5480, 0x5480, 0x54FE, 0x7C88, 0x5088, 0x1088, 0x1488, 0x1C88, 0xE488, 0x43FE, 0x0000}},
  {34480, {0x1020, 0x1020, 0x1020, 0x7C20, 0x55FC, 0x5524, 0x5524, 0x5524, 0x7D24, 0x51FC, 0x1124, 0x1524, 0x1D24, 0xE524, 0x41FC, 0x0104}},
  {34481, {0x1080, 0x1080, 0x1080, 0x7CFE, 0x5540, 0x5540, 0x5640, 0x547C, 0x7C40, 0x5040, 0x1040, 0x147E, 0x1E40, 0xE240, 0x4040, 0x0040}},
  {34484, {0x2010, 0x2090, 0x2090, 0xF910, 0xA97E, 0xAA52, 0xAB92, 0xA892, 0xF912, 0xA112, 0x2252, 0x2BD2, 0x3862, 0xE822, 0x404A, 0x0084}},
  {34485, {0x1000, 0x1000, 0x13FE, 0x7C08, 0x5408, 0x55E8, 0x5528, 0x5528, 0x7D28, 0x5128, 0x11E8, 0x1528, 0x1C08, 0xE408, 0x4028, 0x0010}},
  {34486, {0x1088, 0x1088, 0x1088, 0x7C88, 0x55FE, 0x5488, 0x5488, 0x5488, 0x7C88, 0x50F8, 0x1088, 0x1488, 0x1E88, 0xE288, 0x40F8, 0x0088}},
  {34490, {0x1020, 0x1020, 0x1020, 0x7DFC, 0x5524, 0x5524, 0x55FC, 0x5524, 0x7D24, 0x5124, 0x17FE, 0x1504, 0x1D04, 0xE504, 0x4114, 0x0108}},
  {34496, {0x1040, 0x1020, 0x1000, 0x7DFE, 0x5420, 0x5420, 0x5420, 0x5420, 0x7DFC, 0x5020, 0x1020, 0x1420, 0x1C20, 0xE420, 0x43FE, 0x0000}},
  {34500, {0x1020, 0x1020, 0x1020, 0x7C20, 0x55FE, 0x5420, 0x5420, 0x5420, 0x7DFC, 0x5104, 0x1104, 0x1504, 0x1D04, 0xE504, 0x41FC, 0x0104}},
  {34502, {0x1000, 0x10FC, 0x1084, 0x7C84, 0x5484, 0x54FC, 0x5484, 0x5484, 0x7C84, 0x50FC, 0x1084, 0x1484, 0x1C84, 0xE484, 0x43FE, 0x0000}},
  {34503, {0x1020, 0x1010, 0x1010, 0x7DFE, 0x5502, 0x5604, 0x5480, 0x5488, 0x7C90, 0x50A0, 0x10C0, 0x1482, 0x1E82, 0xE282, 0x407E, 0x0000}},
  {34505, {0x1020, 0x1020, 0x1050, 0x7C50, 0x5488, 0x5524, 0x5612, 0x5410, 0x7DFC, 0x5004, 0x1008, 0x1488, 0x1E50, 0xE220, 0x4010, 0x0010}},
  {34506, {0x0100, 0x0100, 0x3FF8, 0x2108, 0x2108, 0x3FF8, 0x0100, 0x0108, 0x7FFC, 0x0004, 0x3FF8, 0x2448, 0x2448, 0x2448, 0xFFFE, 0x0000}},
  {34507, {0x7FFC, 0x0104, 0x1100, 0x11F8, 0x1100, 0x2900, 0x47FE, 0x8100, 0x1FF0, 0x1110, 0x1110, 0x1FF0, 0x1100, 0x0108, 0x7FFC, 0x2004}},
  {34510, {0x1000, 0x11FE, 0x1100, 0x7D00, 0x5500, 0x55FE, 0x5520, 0x5520, 0x7D3C, 0x5124, 0x1124, 0x1524, 0x1D24, 0xE644, 0x4254, 0x0488}},
  {34511, {0x1000, 0x11FC, 0x1084, 0x7C88, 0x5450, 0x5420, 0x5450, 0x5488, 0x7F26, 0x5020, 0x11FC, 0x1420, 0x1C20, 0xE420, 0x43FE, 0x0000}},
  {34512, {0x1050, 0x1050, 0x1050, 0x7C50, 0x55FC, 0x5554, 0x5554, 0x5554, 0x7D54, 0x51FC, 0x1154, 0x1554, 0x1D54, 0xE554, 0x41FC, 0x0104}},
  {34513, {0x1020, 0x1020, 0x1048, 0x7C84, 0x55FE, 0x5412, 0x5490, 0x5490, 0x7CFE, 0x5110, 0x1010, 0x17FE, 0x1C10, 0xE410, 0x4010, 0x0010}},
  {34516, {0x1000, 0x1000, 0x11FE, 0x7D02, 0x5502, 0x557A, 0x554A, 0x554A, 0x7D4A, 0x514A, 0x117A, 0x1502, 0x1D02, 0xE5FE, 0x4102, 0x0000}},
  {34520, {0x1104, 0x1084, 0x1088, 0x7C00, 0x57FE, 0x5420, 0x5420, 0x55FC, 0x7C20, 0x5020, 0x13FE, 0x1420, 0x1E20, 0xE220, 0x4020, 0x0020}},
  {34521, {0x1020, 0x1020, 0x11FC, 0x7C20, 0x5420, 0x5420, 0x57FE, 0x5400, 0x7C20, 0x5020, 0x11FC, 0x1420, 0x1C20, 0xE420, 0x43FE, 0x0000}},
  {34523, {0x1020, 0x1120, 0x1120, 0x7DFC, 0x5520, 0x5620, 0x5420, 0x57FE, 0x7C70, 0x50A8, 0x10A8, 0x1524, 0x1D24, 0xE622, 0x4020, 0x0020}},
  {34526, {0x1008, 0x103C, 0x11E0, 0x7C20, 0x5420, 0x57FE, 0x5420, 0x5420, 0x7C20, 0x51FC, 0x1104, 0x1504, 0x1D04, 0xE504, 0x41FC, 0x0104}},
  {34527, {0x1040, 0x1020, 0x1020, 0x7DFE, 0x5400, 0x5488, 0x5504, 0x5602, 0x7C88, 0x5088, 0x1050, 0x1450, 0x1C20, 0xE450, 0x4088, 0x0306}},
  {34532, {0x1020, 0x1020, 0x1050, 0x7C50, 0x5488, 0x5504, 0x56FA, 0x5400, 0x7C00, 0x50F8, 0x1088, 0x1488, 0x1E88, 0xE288, 0x40F8, 0x0088}},
  {34537, {0x0000, 0x7DF0, 0x1110, 0x1190, 0x1152, 0x1D12, 0xE20E, 0x4500, 0x1FF0, 0x1110, 0x1110, 0x1FF0, 0x1100, 0x0108, 0x7FFC, 0x2004}},
  {34541, {0x1000, 0x11FE, 0x1020, 0x7C40, 0x5488, 0x5504, 0x55FE, 0x5422, 0x7C20, 0x5020, 0x11FE, 0x1420, 0x1C20, 0xE420, 0x43FE, 0x0000}},
  {34542, {0x0200, 0x0100, 0xFFFE, 0x0440, 0x1450, 0x2448, 0x4444, 0x0100, 0x1FF0, 0x1110, 0x1110, 0x1FF0, 0x1100, 0x0108, 0x7FFC, 0x2004}},
  {34544, {0x1080, 0x1080, 0xFBF0, 0x1090, 0x1990, 0xF094, 0x1154, 0x520C, 0x2504, 0x1FF0, 0x1110, 0x1110, 0x1FF0, 0x0108, 0x7FFC, 0x2004}},
  {34545, {0x1020, 0x1020, 0x1020, 0x7DFC, 0x5420, 0x5524, 0x54A4, 0x54A8, 0x7C20, 0x53FE, 0x1050, 0x1450, 0x1E88, 0xE288, 0x4104, 0x0202}},
  {34546, {0x2080, 0x2080, 0x20BC, 0xFBC0, 0xA850, 0xA824, 0xA8D4, 0xAB0C, 0xF800, 0xA3FE, 0x2090, 0x2890, 0x3912, 0xE912, 0x420E, 0x0400}},
  {34547, {0x2080, 0x20BE, 0x2088, 0xFA88, 0xAABE, 0xAAAA, 0xAAAA, 0xAAAA, 0xFAAA, 0xA2AA, 0x22AA, 0x28AA, 0x392E, 0xE908, 0x4208, 0x0408}},
  {34548, {0x1040, 0x1020, 0x13FE, 0x7C88, 0x5450, 0x5420, 0x5450, 0x5488, 0x7D06, 0x5088, 0x1088, 0x1488, 0x1C88, 0xE508, 0x4108, 0x0208}},
  {34552, {0x1020, 0x1124, 0x10A4, 0x7CA8, 0x5420, 0x55FC, 0x5504, 0x5504, 0x7DFC, 0x5104, 0x1104, 0x15FC, 0x1D04, 0xE504, 0x4114, 0x0108}},
  {34553, {0x1000, 0x11F8, 0x1008, 0x7CD0, 0x5420, 0x55FC, 0x5524, 0x5524, 0x7DFC, 0x5124, 0x1124, 0x15FC, 0x1D24, 0xE524, 0x4124, 0x010C}},
  {34558, {0x2010, 0x20D8, 0x2394, 0xF894, 0xA890, 0xABFE, 0xA890, 0xA894, 0xF894, 0xA0D8, 0x2398, 0x2890, 0x38AA, 0xE8CA, 0x4286, 0x0102}},
  {34560, {0x0000, 0x3FF8, 0x2448, 0x2448, 0x3FF8, 0x1000, 0x1FFC, 0x2204, 0x5FC4, 0x9244, 0x1244, 0x1FC4, 0x0224, 0x03F4, 0x7C14, 0x2008}},
  {34562, {0x1040, 0x1040, 0x10FC, 0x7C88, 0x5550, 0x5420, 0x54D8, 0x5726, 0x7CF8, 0x5020, 0x10F8, 0x1420, 0x1FFE, 0xE420, 0x4020, 0x0020}},
  {34563, {0x3FFC, 0x2000, 0x2FF8, 0x2000, 0x3FFC, 0x2448, 0x2430, 0x260E, 0x2080, 0x2FF8, 0x2888, 0x4888, 0x4FF8, 0x8084, 0x1FFE, 0x0802}},
  {34567, {0x080C, 0x08F0, 0x7E80, 0x0880, 0x0EFE, 0x7888, 0x0888, 0x2908, 0x1208, 0x0100, 0x3FF8, 0x2108, 0x3FF8, 0x0108, 0x7FFC, 0x0004}},
  {34568, {0x1000, 0x11FC, 0x1104, 0x7D04, 0x55FC, 0x5400, 0x5400, 0x55FC, 0x7C20, 0x5020, 0x13FE, 0x1420, 0x1C50, 0xE488, 0x4104, 0x0202}},
  {34569, {0x1008, 0x103C, 0x11C0, 0x7C04, 0x5544, 0x54A8, 0x5400, 0x55F8, 0x7C10, 0x5020, 0x13FE, 0x1420, 0x1E20, 0xE220, 0x40A0, 0x0040}},
  {34570, {0x2084, 0x21C4, 0x2704, 0xF914, 0xA914, 0xA914, 0xAFD4, 0xA914, 0xFB14, 0xA394, 0x2554, 0x2D04, 0x3904, 0xE904, 0x4114, 0x0108}},
  {34573, {0x1020, 0x1020, 0x1050, 0x7C88, 0x5504, 0x5602, 0x54F8, 0x5420, 0x7C20, 0x53FE, 0x1020, 0x1524, 0x1D22, 0xE622, 0x40A0, 0x0040}},
  {34578, {0x2004, 0x200E, 0x23B8, 0xF888, 0xA888, 0xA928, 0xA92E, 0xABA8, 0xF8A8, 0xA2A8, 0x22A8, 0x293E, 0x3900, 0xEA80, 0x447E, 0x0800}},
  {34579, {0x2000, 0x2006, 0x23B8, 0xF888, 0xA888, 0xA908, 0xA93E, 0xAB88, 0xF888, 0xA288, 0x2288, 0x293E, 0x3900, 0xEA80, 0x447E, 0x0800}},
  {34581, {0x1104, 0x1084, 0x1088, 0x7C10, 0x55FC, 0x5504, 0x5504, 0x5504, 0x7DFC, 0x5050, 0x1050, 0x1490, 0x1C92, 0xE512, 0x420E, 0x0400}},
  {34583, {0x2000, 0x21FC, 0x2104, 0xF904, 0xA904, 0xA9FC, 0xA820, 0xA820, 0xFBFE, 0xA222, 0x2252, 0x2A8A, 0x3B0A, 0xEA02, 0x420A, 0x0204}},
  {34584, {0x2100, 0x2100, 0x2100, 0xFBDE, 0xAA92, 0xAC92, 0xA892, 0xA892, 0xFBF2, 0xA092, 0x2092, 0x2952, 0x395E, 0xEA20, 0x4420, 0x0800}},
  {34586, {0x0440, 0x0440, 0x7C7C, 0x0440, 0x3C78, 0x0440, 0x7C7C, 0x0440, 0x0100, 0x1FF0, 0x1110, 0x1110, 0x1FF0, 0x0108, 0x7FFC, 0x2004}},
  {34588, {0x0200, 0x0100, 0x7FFE, 0x4202, 0x8924, 0x2848, 0x4994, 0x0E10, 0x77F0, 0x0100, 0x3FF8, 0x2108, 0x3FF8, 0x0108, 0x7FFC, 0x0004}},
  {34590, {0x1088, 0x1088, 0x11FC, 0x7C88, 0x5488, 0x54F8, 0x5488, 0x5488, 0x7CF8, 0x5088, 0x1088, 0x15FE, 0x1C00, 0xE488, 0x4104, 0x0202}},
  {34593, {0x1048, 0x1048, 0x1048, 0x7DFE, 0x5448, 0x5448, 0x55FE, 0x5400, 0x7CFC, 0x5084, 0x1084, 0x14FC, 0x1E84, 0xE284, 0x40FC, 0x0084}},
  {34594, {0x1000, 0x11FC, 0x1008, 0x7C10, 0x5420, 0x57FE, 0x5420, 0x54A0, 0x7C40, 0x51FC, 0x1154, 0x1554, 0x1D54, 0xE554, 0x43FE, 0x0000}},
  {34595, {0x1088, 0x1048, 0x1050, 0x7DFC, 0x5420, 0x5420, 0x55FC, 0x5420, 0x7C20, 0x53FE, 0x1050, 0x1450, 0x1C90, 0xE492, 0x4112, 0x020E}},
  {34597, {0x2100, 0x2106, 0x2138, 0xF920, 0xAFA0, 0xA920, 0xA93E, 0xAB24, 0xFBA4, 0xA564, 0x2524, 0x2924, 0x3924, 0xE924, 0x4124, 0x0144}},
  {34601, {0x1000, 0x11FC, 0x1124, 0x7D24, 0x5574, 0x5524, 0x55FC, 0x5504, 0x7D74, 0x5154, 0x1154, 0x1574, 0x1D04, 0xE604, 0x4214, 0x0408}},
  {34606, {0x2014, 0x2012, 0x2010, 0xFBFE, 0xA810, 0xA810, 0xABD2, 0xAA52, 0xFA52, 0xA254, 0x23D4, 0x280C, 0x386A, 0xEB8A, 0x4116, 0x0022}},
  {34609, {0x1040, 0x1080, 0x11FC, 0x7D24, 0x5524, 0x55FC, 0x5524, 0x5544, 0x7DFC, 0x5090, 0x1110, 0x17FE, 0x1C10, 0xE410, 0x4010, 0x0010}},
  {34612, {0x1000, 0x10FC, 0x1084, 0x7C84, 0x54FC, 0x5484, 0x5484, 0x54FC, 0x7C40, 0x50FE, 0x112A, 0x144A, 0x1C92, 0xE522, 0x404A, 0x0084}},
  {34615, {0x1020, 0x1124, 0x10A8, 0x7C20, 0x55FC, 0x5440, 0x57FE, 0x5488, 0x7D04, 0x52FA, 0x1488, 0x1488, 0x1CA8, 0xE492, 0x4082, 0x007E}},
  {34619, {0x1020, 0x1020, 0x13FE, 0x7C20, 0x55FC, 0x5420, 0x57FE, 0x5400, 0x7DFC, 0x5104, 0x11FC, 0x1504, 0x1DFC, 0xE504, 0x4114, 0x0108}},
  {34622, {0x1000, 0x11FC, 0x1124, 0x7D24, 0x55FC, 0x5524, 0x5524, 0x55FC, 0x7C20, 0x53FE, 0x1070, 0x14A8, 0x1D24, 0xE622, 0x4020, 0x0020}},
  {34623, {0x2040, 0x2020, 0x23FE, 0xFA02, 0xAD04, 0xA900, 0xA9DE, 0xAA52, 0xFA52, 0xA352, 0x249A, 0x2894, 0x3910, 0xE912, 0x4212, 0x040E}},
  {34631, {0x2000, 0x21F0, 0x2110, 0xF910, 0xA9F0, 0xA840, 0xABF8, 0xAA48, 0xFA48, 0xA3F8, 0x2248, 0x2A48, 0x3BFA, 0xE842, 0x4042, 0x003E}},
  {34632, {0x2000, 0x23FE, 0x2202, 0xFA02, 0xABFE, 0xAA22, 0xAA22, 0xAAFA, 0xFA22, 0xA232, 0x222A, 0x2BFE, 0x3A02, 0xEA02, 0x43FE, 0x0202}},
  {34633, {0x1104, 0x1088, 0x1050, 0x7DFC, 0x5524, 0x5524, 0x55FC, 0x5524, 0x7D24, 0x51FC, 0x1020, 0x1420, 0x1DFE, 0xE420, 0x4020, 0x0020}},
  {34636, {0x20C4, 0x2704, 0x2124, 0xF914, 0xA914, 0xAF84, 0xA924, 0xA914, 0xFB94, 0xA346, 0x253C, 0x2D04, 0x3904, 0xE904, 0x4104, 0x0104}},
  {34638, {0x1000, 0x11FC, 0x1104, 0x7DFC, 0x5504, 0x55FC, 0x5480, 0x55FE, 0x7E22, 0x5122, 0x1152, 0x1502, 0x1DFA, 0xE402, 0x4014, 0x0008}},
  {34643, {0x2040, 0x20A0, 0x2110, 0xFA08, 0xADF6, 0xA800, 0xABC4, 0xAA54, 0xFA54, 0xA3D4, 0x2254, 0x2A54, 0x3BD4, 0xEA44, 0x4254, 0x02C8}},
  {34647, {0x2020, 0x2040, 0x21FC, 0xF904, 0xA9FC, 0xA904, 0xA9FC, 0xA800, 0xFBFE, 0xA020, 0x2020, 0x29FC, 0x3820, 0xE820, 0x43FE, 0x0000}},
  {34649, {0x1020, 0x1010, 0x11FE, 0x7D02, 0x5502, 0x55FE, 0x5500, 0x5500, 0x7DFE, 0x51AA, 0x12AA, 0x14FE, 0x1CAA, 0xE4AA, 0x40AA, 0x0086}},
  {34656, {0x1000, 0x11FE, 0x1000, 0x7CFC, 0x5484, 0x5484, 0x54FC, 0x5400, 0x7DFE, 0x5122, 0x1122, 0x15FE, 0x1D22, 0xE522, 0x41FE, 0x0102}},
  {34659, {0x2108, 0x2088, 0x2088, 0xFBDE, 0xA910, 0xA920, 0xA9DE, 0xA942, 0xF944, 0xA144, 0x215E, 0x2944, 0x3A44, 0xEA44, 0x44D4, 0x0808}},
  {34660, {0x1088, 0x1048, 0x1050, 0x7DFE, 0x5450, 0x5450, 0x55FC, 0x5554, 0x7D54, 0x518C, 0x1104, 0x15FC, 0x1D04, 0xE504, 0x41FC, 0x0104}},
  {34661, {0x0020, 0x7E20, 0x247E, 0x18A4, 0xFF28, 0x2910, 0x4A28, 0x98C6, 0x0100, 0x1FF0, 0x1110, 0x1110, 0x1FF0, 0x0108, 0x7FFC, 0x2004}},
  {34670, {0x1040, 0x1040, 0x10FE, 0x7C80, 0x55FC, 0x5684, 0x54FC, 0x5484, 0x7CFC, 0x5040, 0x107C, 0x14C4, 0x1D28, 0xE410, 0x4068, 0x0186}},
  {34672, {0x1020, 0x1020, 0x13FE, 0x7C50, 0x5488, 0x5726, 0x55FC, 0x5420, 0x7C20, 0x53FE, 0x1000, 0x1420, 0x1DFC, 0xE420, 0x4020, 0x03FE}},
  {34676, {0x2100, 0x213C, 0x2124, 0xFBA4, 0xA924, 0xA93C, 0xA924, 0xABA4, 0xFAA4, 0xA2BC, 0x22A4, 0x2AA4, 0x3BA4, 0xE844, 0x4054, 0x0088}},
  {34678, {0x2048, 0x2148, 0x2148, 0xFBFE, 0xA948, 0xA948, 0xA978, 0xA900, 0xF9FE, 0xA020, 0x23FE, 0x2870, 0x38A8, 0xE924, 0x4622, 0x0020}},
  {34683, {0x2020, 0x2020, 0x23FE, 0xF820, 0xA820, 0xABFE, 0xAA8A, 0xAA52, 0xFAFA, 0xA222, 0x2222, 0x2AFA, 0x3A22, 0xEA22, 0x422A, 0x0204}},
  {34684, {0x2020, 0x2124, 0x20A8, 0xF820, 0xABFE, 0xA8A8, 0xA924, 0xAA02, 0xF840, 0xA7FE, 0x2088, 0x2908, 0x3990, 0xE860, 0x4198, 0x0604}},
  {34685, {0x1020, 0x1020, 0x13FE, 0x7C20, 0x55FC, 0x5440, 0x57FE, 0x5488, 0x7D04, 0x52FA, 0x1088, 0x1488, 0x1CF8, 0xE488, 0x4088, 0x00F8}},
  {34686, {0x2088, 0x2088, 0x23FE, 0xF888, 0xA800, 0xABFE, 0xAA02, 0xAC24, 0xF820, 0xA3FE, 0x2070, 0x28A8, 0x38A8, 0xE924, 0x4222, 0x0020}},
  {34690, {0x2100, 0x209E, 0x23D2, 0xFA52, 0xAA54, 0xABD4, 0xAA58, 0xAA54, 0xFBD2, 0xA212, 0x2292, 0x2A5A, 0x3AD4, 0xEB50, 0x4210, 0x0010}},
  {34691, {0x2040, 0x2020, 0x23FC, 0xF908, 0xA890, 0xABFE, 0xAA02, 0xAC44, 0xF820, 0xA3FC, 0x2080, 0x28F8, 0x3888, 0xE908, 0x4128, 0x0210}},
  {34693, {0x2020, 0x2040, 0x21FC, 0xF904, 0xA9FC, 0xA904, 0xA9FC, 0xA904, 0xF9FC, 0xA040, 0x2020, 0x28A4, 0x3A8A, 0xEA8A, 0x4478, 0x0000}},
  {34696, {0x1000, 0x11FE, 0x1110, 0x7D20, 0x557C, 0x5544, 0x557C, 0x5544, 0x7D7C, 0x5110, 0x1110, 0x1554, 0x1F52, 0xE292, 0x4250, 0x0420}},
  {34699, {0x10A0, 0x112C, 0x1124, 0x7D24, 0x55AC, 0x5524, 0x5524, 0x55FC, 0x7C20, 0x51FC, 0x1088, 0x1450, 0x1E20, 0xE250, 0x4088, 0x0306}},
  {34701, {0x0020, 0xFE20, 0x0020, 0x7CFC, 0x44A4, 0x7CA4, 0x00A4, 0xFEA4, 0x82FC, 0xAAA4, 0x9220, 0xFE28, 0x9224, 0x92FE, 0x9242, 0x8600}},
  {34707, {0x2040, 0x2040, 0x27FC, 0xF840, 0xABF8, 0xA880, 0xAFFC, 0xA910, 0xFA68, 0xA5C6, 0x2040, 0x2BF8, 0x38E0, 0xE958, 0x4644, 0x0040}},
  {34711, {0x1020, 0x1010, 0x11FE, 0x7D10, 0x557C, 0x5514, 0x55FE, 0x5514, 0x7D7C, 0x5110, 0x117C, 0x1544, 0x1D44, 0xE644, 0x427C, 0x0444}},
  {34719, {0x2000, 0x23FE, 0x2202, 0xF800, 0xA9FC, 0xA904, 0xA9FC, 0xA904, 0xF9FC, 0xA040, 0x2020, 0x2BFE, 0x3800, 0xE888, 0x4104, 0x0202}},
  {34728, {0x1048, 0x1048, 0x11FE, 0x7C48, 0x5400, 0x55FE, 0x5448, 0x5448, 0x7DFE, 0x514A, 0x114A, 0x15B6, 0x1D22, 0xE502, 0x410A, 0x0104}},
  {34731, {0x0820, 0x7F20, 0x083E, 0xFF44, 0x14A8, 0x5610, 0xA528, 0x4C46, 0x8100, 0x1FF0, 0x1110, 0x1110, 0x1FF0, 0x0108, 0x7FFC, 0x2004}},
  {34732, {0x2090, 0x2090, 0x27FE, 0xF890, 0xABFC, 0xAA94, 0xABFC, 0xAA94, 0xFBFC, 0xA000, 0x21F8, 0x2908, 0x39F8, 0xE908, 0x41F8, 0x0108}},
  {34733, {0x2040, 0x2020, 0x23FE, 0xF800, 0xA954, 0xA924, 0xA954, 0xA9FC, 0xF820, 0xA3FE, 0x2242, 0x2A92, 0x3AFA, 0xEA0A, 0x4202, 0x0206}},
  {34735, {0x0820, 0x7F20, 0x087E, 0x7E44, 0x08A4, 0xFF28, 0x1010, 0x1E28, 0x2244, 0x4682, 0x8100, 0x3FF8, 0x2108, 0x3FF8, 0x0104, 0x7FFE}},
  {34739, {0x2020, 0x2124, 0x20A8, 0xFBFE, 0xAA02, 0xA8F8, 0xA888, 0xA888, 0xF8F8, 0xA020, 0x2020, 0x29FC, 0x3820, 0xE820, 0x43FE, 0x0000}},
  {34741, {0x1000, 0x13FE, 0x1050, 0x7DFC, 0x5554, 0x5554, 0x55FC, 0x5400, 0x7DFC, 0x5000, 0x13FE, 0x1420, 0x1CA8, 0xE524, 0x42A2, 0x0040}},
  {34746, {0x1000, 0x11FC, 0x1124, 0x7DFC, 0x5524, 0x55FC, 0x5440, 0x5488, 0x7DF0, 0x5020, 0x1044, 0x17FE, 0x1C22, 0xE524, 0x4222, 0x0060}},
  {34749, {0x0800, 0x1FF0, 0x2820, 0x07C0, 0x1830, 0xE18E, 0x0C40, 0x0300, 0x10A0, 0x7EFC, 0x52A4, 0x7EFC, 0x1020, 0x1424, 0xFEFE, 0x0202}},
  {34752, {0x2040, 0x2020, 0x23FE, 0xF820, 0xA848, 0xAAF2, 0xA924, 0xAA52, 0xF8F8, 0xA008, 0x2020, 0x2BFE, 0x3820, 0xE820, 0x4020, 0x0020}},
  {34758, {0x1088, 0x1088, 0x13FE, 0x7C88, 0x5400, 0x55FC, 0x5504, 0x55FC, 0x7D04, 0x51FC, 0x1020, 0x17FE, 0x1C50, 0xE488, 0x4104, 0x0202}},
  {34762, {0x1FF0, 0x0220, 0x0140, 0x7FFC, 0x0484, 0x1888, 0x6280, 0x0100, 0x1020, 0x7EFC, 0x52A4, 0x7EFC, 0x1020, 0x1424, 0xFEFE, 0x0202}},
  {34763, {0x201C, 0x21E0, 0x2020, 0xF924, 0xA8A8, 0xABFE, 0xA870, 0xA8A8, 0xF924, 0xA222, 0x2040, 0x2824, 0x3AA2, 0xEA8A, 0x4488, 0x0078}},
  {34769, {0x1020, 0x11FC, 0x1088, 0x7C50, 0x57FE, 0x5400, 0x55FC, 0x5504, 0x7DFC, 0x5104, 0x11FC, 0x1420, 0x1FFE, 0xE420, 0x4020, 0x0020}},
  {34770, {0x2088, 0x2088, 0x23FE, 0xF888, 0xA824, 0xABFE, 0xA850, 0xA888, 0xF904, 0xA28A, 0x2088, 0x2BFE, 0x3888, 0xE888, 0x4108, 0x0208}},
  {34771, {0x2080, 0x20F8, 0x2108, 0xFBFE, 0xAD12, 0xA922, 0xA9FE, 0xA840, 0xF8A2, 0xA354, 0x2098, 0x2B34, 0x3854, 0xE892, 0x4350, 0x0020}},
  {34779, {0x2082, 0x2082, 0x27F4, 0xF888, 0xA880, 0xABE2, 0xA802, 0xABE4, 0xFA28, 0xA220, 0x23E0, 0x2A22, 0x3942, 0xE874, 0x4788, 0x0210}},
  {34784, {0x203C, 0x23E0, 0x2124, 0xF8A8, 0xABFE, 0xA8A8, 0xA924, 0xAA02, 0xF9FC, 0xA124, 0x2124, 0x29FC, 0x3924, 0xE924, 0x41FC, 0x0104}},
  {34789, {0x1088, 0x1088, 0x11FC, 0x7C88, 0x5488, 0x57FE, 0x5420, 0x55FC, 0x7D24, 0x51FC, 0x1124, 0x15FC, 0x1C00, 0xE488, 0x4104, 0x0202}},
  {34794, {0x2020, 0x2020, 0x23FE, 0xF820, 0xA9FC, 0xA924, 0xA9FC, 0xA924, 0xF9FC, 0xA022, 0x23FE, 0x2842, 0x3824, 0xEAA2, 0x428A, 0x0478}},
  {34798, {0x1088, 0x1050, 0x13FE, 0x7C20, 0x55FC, 0x5420, 0x57FE, 0x5524, 0x7CA8, 0x53FE, 0x1000, 0x15FC, 0x1D04, 0xE504, 0x41FC, 0x0104}},
  {34809, {0x2000, 0x3EFC, 0x4424, 0xBE54, 0x2A98, 0x3E50, 0x2AFC, 0x3E10, 0x2AFE, 0x2A10, 0x4510, 0x3FF8, 0x2108, 0x3FF8, 0x0104, 0x7FFE}},
  {34814, {0x1080, 0x10F8, 0x1108, 0x7FFE, 0x5544, 0x5592, 0x55FE, 0x5500, 0x7D7C, 0x5100, 0x117C, 0x1500, 0x1D7C, 0xE544, 0x417C, 0x0244}},
  {34819, {0x0100, 0xFFFE, 0x2000, 0x3FF8, 0x0000, 0x3FF8, 0x2008, 0x3FF8, 0x0000, 0x711C, 0x57D4, 0x7554, 0x57DC, 0x7156, 0x57D6, 0xB062}},
  {34826, {0x2020, 0x23FE, 0x2288, 0xFA50, 0xABFE, 0xAA50, 0xAAFC, 0xAA54, 0xFBFE, 0xA254, 0x22FC, 0x2A50, 0x3AD8, 0xED54, 0x4652, 0x0850}},
  {34835, {0x2088, 0x23FE, 0x2088, 0xFBFE, 0xAA02, 0xA9FC, 0xA800, 0xABFE, 0xF840, 0xA0A2, 0x2354, 0x28B8, 0x3B54, 0xE892, 0x4350, 0x0020}},
  {34837, {0x2000, 0x21FC, 0x2020, 0xFBFE, 0xAA22, 0xA9AC, 0xA820, 0xA9AC, 0xF800, 0xA3FE, 0x2020, 0x29FC, 0x3954, 0xE954, 0x4154, 0x010C}},
  {34838, {0x1088, 0x13FE, 0x10A8, 0x7C90, 0x55FE, 0x5720, 0x55FC, 0x5520, 0x7DFC, 0x5120, 0x11FE, 0x1500, 0x1FFC, 0xE488, 0x4070, 0x038E}},
  {34843, {0x1048, 0x11FE, 0x1048, 0x7C00, 0x55FE, 0x554A, 0x554A, 0x55FE, 0x7C14, 0x51FE, 0x1110, 0x1592, 0x1D4C, 0xE54A, 0x4116, 0x0222}},
  {34849, {0x0FE0, 0x1020, 0x1FC0, 0x0040, 0xFFFE, 0x0C10, 0x7320, 0x0DC0, 0x72B0, 0x0C8E, 0xF320, 0x7CF8, 0x54A8, 0x7CF8, 0x1224, 0xFEFC}},
  {34850, {0x0100, 0x7FFC, 0x0100, 0x3FF8, 0x0200, 0xFFFE, 0x0820, 0x3FF8, 0xC826, 0x0FE0, 0x1020, 0x7CF8, 0x54A8, 0x7CF8, 0x1224, 0xFEFC}},
  {34866, {0x4400, 0x24FE, 0x28AA, 0x00AA, 0xFEFE, 0x0040, 0x28FE, 0x4522, 0x82FA, 0x00AA, 0xFEAA, 0xAAFA, 0xAA22, 0xAAFA, 0xAF0A, 0xF804}},
  {34873, {0x0100, 0x7FFC, 0x1110, 0x1FF0, 0x0100, 0xFFFE, 0x8802, 0x1FF0, 0x6810, 0x0FF0, 0x1020, 0x7CF8, 0x54A8, 0x7CF8, 0x1224, 0xFEFC}},
  {34876, {0x23DE, 0x2252, 0x23DE, 0xFA52, 0xABDE, 0xA8A0, 0xA9FE, 0xAB20, 0xFDFC, 0xA120, 0x21FE, 0x2800, 0x39FC, 0xE888, 0x4070, 0x078E}},
  {34880, {0x0100, 0x0100, 0x0200, 0x3FF8, 0x2448, 0x2448, 0x2448, 0x2448, 0x2448, 0x2448, 0x2448, 0x2448, 0x2448, 0x2448, 0xFFFE, 0x0000}},
  {34884, {0x0800, 0x08FC, 0x1024, 0x7F24, 0x5524, 0x5524, 0x5524, 0x55FC, 0x5544, 0x5544, 0x5544, 0x5544, 0x57C4, 0xFC44, 0x01FE, 0x0000}},
  {34885, {0x0810, 0x0810, 0x1094, 0x7F54, 0x5558, 0x5510, 0x55FC, 0x5510, 0x5510, 0x5510, 0x55FE, 0x5510, 0x5790, 0xFC10, 0x0010, 0x0010}},
  {34892, {0x0800, 0x09FC, 0x1000, 0x2000, 0x4800, 0x0800, 0x13FE, 0x3020, 0x5020, 0x9020, 0x1020, 0x1020, 0x1020, 0x1020, 0x10A0, 0x1040}},
  {34893, {0x1000, 0x1200, 0x211C, 0x4100, 0x8000, 0x1400, 0x223E, 0x6288, 0xA088, 0x2108, 0x2708, 0x2108, 0x2108, 0x2108, 0x2128, 0x2010}},
  {34900, {0x1200, 0x1200, 0x239C, 0x4200, 0x8400, 0x1780, 0x2A3E, 0x6208, 0xAF88, 0x2208, 0x2208, 0x2208, 0x2288, 0x2308, 0x2228, 0x2010}},
  {34903, {0x1100, 0x1100, 0x27DC, 0x4100, 0x8100, 0x17C0, 0x203E, 0x6108, 0xA108, 0x27C8, 0x2108, 0x2108, 0x21C8, 0x2E08, 0x2428, 0x2010}},
  {34905, {0x1000, 0x1FC0, 0x221C, 0x4200, 0x8F80, 0x1480, 0x24BE, 0x6FC8, 0xA008, 0x2008, 0x2788, 0x2488, 0x2488, 0x2488, 0x27A8, 0x2490}},
  {34913, {0x1200, 0x13C0, 0x244E, 0x4880, 0x87C0, 0x1540, 0x255E, 0x67C4, 0xA544, 0x2544, 0x27C4, 0x2104, 0x2FE4, 0x2104, 0x2294, 0x2448}},
  {34914, {0x2EE0, 0x2AA0, 0x4EEE, 0x4AA0, 0x8EE0, 0x1AA0, 0x2EFE, 0x6444, 0xAFF4, 0x3484, 0x27E4, 0x2484, 0x27E4, 0x2484, 0x27F4, 0x2408}},
  {34915, {0x0200, 0x0100, 0x0100, 0xFFFE, 0x0200, 0x0200, 0x0500, 0x0508, 0x0890, 0x18A0, 0x2840, 0x4820, 0x8810, 0x0A08, 0x0C06, 0x0800}},
  {34916, {0x2000, 0x1000, 0x0000, 0xFC00, 0x0800, 0x1000, 0x1000, 0x3400, 0x5800, 0x9400, 0x1400, 0x1000, 0x1000, 0x1000, 0x1000, 0x1000}},
  {34917, {0x1040, 0x0840, 0x0040, 0x7E40, 0x0240, 0x0460, 0x0850, 0x1A48, 0x2C44, 0x4A44, 0x0A40, 0x0840, 0x0840, 0x0840, 0x0840, 0x0840}},
  {34920, {0x0100, 0x0100, 0x7FFC, 0x0100, 0x0100, 0x3FF8, 0x0100, 0x0100, 0xFFFE, 0x0500, 0x0888, 0x1850, 0x2820, 0xC918, 0x0A06, 0x0C00}},
  {34921, {0x2000, 0x13FC, 0x0104, 0xF944, 0x0924, 0x10A8, 0x1088, 0x3488, 0x5850, 0x9450, 0x1420, 0x1020, 0x1050, 0x1088, 0x1104, 0x1602}},
  {34923, {0x1004, 0x0804, 0x0008, 0x7E10, 0x0220, 0x0444, 0x0804, 0x1A08, 0x2C10, 0x4A22, 0x0A42, 0x0804, 0x0808, 0x0810, 0x0820, 0x08C0}},
  {34924, {0x2010, 0x1010, 0x0010, 0xFC10, 0x09FE, 0x1010, 0x1010, 0x3410, 0x5910, 0x9490, 0x1490, 0x1010, 0x1010, 0x1010, 0x1050, 0x1020}},
  {34926, {0x0200, 0x0100, 0xFFFE, 0x0000, 0x0820, 0x1210, 0x2448, 0x4824, 0x1FF0, 0x0290, 0x0444, 0x0C28, 0x3410, 0xC508, 0x0606, 0x0400}},
  {34928, {0x0200, 0x0100, 0xFFFE, 0x0000, 0x1FF0, 0x1010, 0xFFFE, 0x1010, 0x1FF0, 0x0280, 0x0444, 0x0C28, 0x3410, 0xC508, 0x0606, 0x0400}},
  {34930, {0x2020, 0x1020, 0x0020, 0xFDFE, 0x0922, 0x1122, 0x1122, 0x3522, 0x5952, 0x954A, 0x158A, 0x1102, 0x1102, 0x1102, 0x110A, 0x1104}},
  {34935, {0x0200, 0x0100, 0xFFFE, 0x0100, 0x3FF8, 0x2108, 0x2108, 0x3FF8, 0x0100, 0x0280, 0x0444, 0x0C28, 0x3410, 0xC508, 0x0606, 0x0400}},
  {34941, {0x2008, 0x103C, 0x01E0, 0xFC20, 0x0820, 0x1020, 0x1020, 0x35FE, 0x5820, 0x9420, 0x1420, 0x1020, 0x1020, 0x1020, 0x11FC, 0x1000}},
  {34942, {0x0100, 0x0280, 0x0440, 0x0920, 0x3098, 0xCFE6, 0x0040, 0x0280, 0x0100, 0xFFFE, 0x0500, 0x0C88, 0x3450, 0xC530, 0x060E, 0x0400}},
  {34943, {0x2020, 0x1020, 0x1050, 0x0050, 0xFC88, 0x0544, 0x0A22, 0x1020, 0x3400, 0x59FC, 0x9404, 0x1008, 0x1008, 0x1010, 0x1010, 0x1020}},
  {34945, {0x0100, 0x0100, 0x3FF8, 0x0100, 0xFFFE, 0x0000, 0x1FF0, 0x1010, 0x1010, 0x1FF0, 0x0504, 0x0888, 0x3850, 0xCA20, 0x0C18, 0x0806}},
  {34946, {0x2020, 0x1020, 0x0020, 0xF9FC, 0x0824, 0x1024, 0x1424, 0x3824, 0x55FE, 0x9020, 0x1050, 0x1050, 0x1088, 0x1088, 0x1104, 0x1202}},
  {34948, {0x2008, 0x103C, 0x01E0, 0xFC20, 0x0820, 0x1020, 0x11FE, 0x3420, 0x5820, 0x9450, 0x1450, 0x1050, 0x1088, 0x1088, 0x1104, 0x1202}},
  {34949, {0x0400, 0x1FE0, 0x1420, 0x12A0, 0x1040, 0x1FFC, 0x0004, 0x0214, 0x0108, 0xFFFE, 0x0500, 0x0C88, 0x3450, 0xC530, 0x060E, 0x0400}},
  {34952, {0x0800, 0x0800, 0x7F7C, 0x0944, 0x1144, 0x1144, 0x257C, 0x4200, 0x0100, 0xFFFE, 0x0500, 0x0C88, 0x3450, 0xC530, 0x060E, 0x0400}},
  {34955, {0x08A0, 0x1090, 0x30BE, 0x57C0, 0x9040, 0x1024, 0x1014, 0x120C, 0x0100, 0xFFFE, 0x0500, 0x0C88, 0x3450, 0xC530, 0x060E, 0x0400}},
  {34957, {0x2080, 0x1080, 0x01FC, 0xF904, 0x0A04, 0x15F4, 0x1114, 0x3514, 0x5914, 0x95F4, 0x1504, 0x1128, 0x1112, 0x1102, 0x10FE, 0x1000}},
  {34962, {0x2000, 0x1000, 0x01FC, 0xFD04, 0x0904, 0x1104, 0x11FC, 0x3504, 0x5904, 0x9504, 0x15FC, 0x1104, 0x1000, 0x1000, 0x13FE, 0x1000}},
  {34966, {0x2020, 0x1020, 0x0020, 0xFC20, 0x09FC, 0x1124, 0x1124, 0x3524, 0x5924, 0x95FC, 0x1524, 0x1124, 0x1124, 0x1124, 0x11FC, 0x1104}},
  {34972, {0x2020, 0x1020, 0x0020, 0xFDFE, 0x0820, 0x1020, 0x1020, 0x35FC, 0x5870, 0x94A8, 0x14A8, 0x1124, 0x1124, 0x1222, 0x1020, 0x1020}},
  {34978, {0x2020, 0x1020, 0x0124, 0xF8A4, 0x08A8, 0x1020, 0x15FC, 0x3820, 0x5420, 0x9020, 0x13FE, 0x1020, 0x1020, 0x1020, 0x1020, 0x1020}},
  {34980, {0x0100, 0xFFFE, 0x0000, 0x1FF0, 0x0220, 0x0140, 0x7FFC, 0x0484, 0x1888, 0x6280, 0x0300, 0x0488, 0x0C50, 0x3530, 0xC60E, 0x0400}},
  {34987, {0x2010, 0x1010, 0x0010, 0xF9FE, 0x0912, 0x1114, 0x1510, 0x39FC, 0x5544, 0x9144, 0x1128, 0x1128, 0x1110, 0x1228, 0x1244, 0x1482}},
  {34989, {0x0440, 0x0420, 0xFFFE, 0x0910, 0x1160, 0x2184, 0x4F04, 0x82FC, 0x0100, 0xFFFE, 0x0500, 0x0C88, 0x3450, 0xC530, 0x060E, 0x0400}},
  {34993, {0x2090, 0x1094, 0x0092, 0xF912, 0x0910, 0x137E, 0x1510, 0x3110, 0x5510, 0x9928, 0x1528, 0x1128, 0x1128, 0x1144, 0x1144, 0x1182}},
  {34999, {0x2020, 0x1020, 0x0050, 0xF888, 0x0904, 0x1202, 0x11FC, 0x3400, 0x5800, 0x95FC, 0x1504, 0x1104, 0x1104, 0x1104, 0x11FC, 0x1104}},
  {35004, {0x2080, 0x1080, 0x00F8, 0xF908, 0x0B10, 0x14A0, 0x1040, 0x34A0, 0x5918, 0x9606, 0x15F8, 0x1108, 0x1108, 0x1108, 0x11F8, 0x1108}},
  {35009, {0x0840, 0x0848, 0x7F44, 0x0844, 0x0840, 0xFFFE, 0x1040, 0x0844, 0xFF44, 0x1044, 0x2928, 0x662A, 0xA212, 0x292A, 0x3046, 0x2082}},
  {35010, {0x0004, 0x7F84, 0x0824, 0x1F24, 0x2124, 0x5224, 0x0C24, 0x3004, 0xC20C, 0x0100, 0xFFFE, 0x0488, 0x0C50, 0x3420, 0xC518, 0x0606}},
  {35013, {0x0820, 0x4820, 0x2BFE, 0x0820, 0x1820, 0x2820, 0xC9FC, 0x0A00, 0x0100, 0xFFFE, 0x0500, 0x0C88, 0x3450, 0xC530, 0x060E, 0x0400}},
  {35014, {0x2020, 0x1124, 0x00A4, 0xFCA4, 0x08A8, 0x1020, 0x13FC, 0x3404, 0x5804, 0x9404, 0x15FC, 0x1004, 0x1004, 0x1004, 0x13FC, 0x1004}},
  {35017, {0x2000, 0x11F8, 0x0108, 0xF908, 0x09F8, 0x1108, 0x1108, 0x35F8, 0x5944, 0x9548, 0x1530, 0x1120, 0x1110, 0x1148, 0x1186, 0x1100}},
  {35022, {0x2000, 0x11FC, 0x0104, 0xF904, 0x0904, 0x11FC, 0x1000, 0x3400, 0x59FE, 0x9420, 0x1420, 0x11FC, 0x1020, 0x1020, 0x13FE, 0x1000}},
  {35026, {0x0200, 0x0100, 0xFFFE, 0x0400, 0x3878, 0x2008, 0x3C78, 0x2008, 0x3FF8, 0x0280, 0x0444, 0x0C28, 0x3410, 0xC508, 0x0606, 0x0400}},
  {35028, {0x0200, 0x0100, 0xFFFE, 0x0488, 0x0850, 0x3A20, 0xCC18, 0x0806, 0x3FF8, 0x2448, 0x2828, 0x37D8, 0x2448, 0x27C8, 0x2028, 0x2010}},
  {35029, {0x2000, 0x1050, 0x0048, 0xFC84, 0x0924, 0x1020, 0x1050, 0x3488, 0x5906, 0x94F8, 0x1488, 0x1088, 0x1088, 0x1088, 0x10F8, 0x1088}},
  {35032, {0x0120, 0x0110, 0x7FFC, 0x1110, 0x09A0, 0x0540, 0x1930, 0x6208, 0x0100, 0xFFFE, 0x0500, 0x0C88, 0x3450, 0xC530, 0x060E, 0x0400}},
  {35033, {0x2000, 0x11FC, 0x0044, 0xF844, 0x0BFE, 0x1044, 0x1044, 0x35FC, 0x5880, 0x9480, 0x15FC, 0x1284, 0x1484, 0x1084, 0x10FC, 0x1084}},
  {35039, {0x1020, 0x0820, 0x40A8, 0x24A4, 0x0922, 0x7228, 0x1030, 0x10C0, 0x0700, 0x0100, 0xFFFE, 0x0488, 0x0C50, 0x3420, 0xC518, 0x0606}},
  {35042, {0x2010, 0x1210, 0x0110, 0xF97E, 0x0820, 0x1028, 0x1748, 0x357E, 0x5908, 0x9508, 0x15FE, 0x1108, 0x1108, 0x1288, 0x147E, 0x1000}},
  {35043, {0x2020, 0x1020, 0x0050, 0xF888, 0x0904, 0x1202, 0x11FC, 0x3400, 0x5844, 0x9424, 0x1124, 0x10A8, 0x1088, 0x1010, 0x13FE, 0x1000}},
  {35044, {0x2010, 0x1008, 0x01FE, 0xFD10, 0x0910, 0x11FE, 0x1120, 0x3528, 0x5948, 0x957E, 0x1508, 0x1108, 0x11FE, 0x1208, 0x1208, 0x1408}},
  {35045, {0x2100, 0x10BE, 0x0282, 0xF202, 0x1202, 0x22FA, 0x228A, 0x6A8A, 0xB2FA, 0x2A8A, 0x228A, 0x22FA, 0x2202, 0x2202, 0x220A, 0x2204}},
  {35048, {0x2040, 0x1080, 0x03FC, 0xFA24, 0x0A24, 0x13FC, 0x1624, 0x3A44, 0x57FC, 0x9090, 0x1110, 0x17FE, 0x1010, 0x1010, 0x1010, 0x1010}},
  {35056, {0x2000, 0x17BC, 0x0084, 0xF294, 0x1108, 0x2294, 0x24A4, 0x6840, 0xB000, 0x2FBC, 0x20A4, 0x22A4, 0x2128, 0x2290, 0x24A8, 0x2846}},
  {35057, {0x2020, 0x1020, 0x03FE, 0xF820, 0x0820, 0x11FC, 0x1020, 0x3420, 0x5BFE, 0x9440, 0x14A4, 0x11A8, 0x1290, 0x1488, 0x10C6, 0x1080}},
  {35059, {0x0100, 0x1110, 0x0920, 0x7FFE, 0x4002, 0x9FF4, 0x1010, 0x1FF0, 0x0100, 0xFFFE, 0x0500, 0x0C88, 0x3450, 0xC530, 0x060E, 0x0400}},
  {35060, {0x0440, 0x0440, 0x7C7C, 0x0440, 0x3C78, 0x0440, 0x7C7C, 0x0640, 0x0100, 0xFFFE, 0x0500, 0x0C88, 0x3450, 0xC530, 0x060E, 0x0400}},
  {35064, {0x2000, 0x11FC, 0x0124, 0xF924, 0x09FC, 0x1124, 0x1524, 0x39FC, 0x5420, 0x93FE, 0x1070, 0x10A8, 0x1124, 0x1222, 0x1020, 0x1020}},
  {35065, {0x0100, 0xFFFE, 0x0000, 0x1FF0, 0x1110, 0x1FF0, 0x1110, 0x1FF0, 0x0100, 0xFFFE, 0x1310, 0x6588, 0x0C50, 0x3530, 0xC60E, 0x0400}},
  {35068, {0x2000, 0x11F8, 0x0108, 0xF908, 0x09F8, 0x1108, 0x1508, 0x39F8, 0x5480, 0x91FC, 0x1254, 0x1494, 0x1124, 0x1244, 0x1094, 0x1108}},
  {35070, {0x2000, 0x13FC, 0x0204, 0xF204, 0x13FC, 0x2220, 0x2220, 0x6BFE, 0xB220, 0x2A20, 0x22FC, 0x2284, 0x2284, 0x2484, 0x24FC, 0x2884}},
  {35074, {0x2110, 0x1110, 0x07D0, 0xF110, 0x1110, 0x2118, 0x2FF4, 0x6812, 0xB112, 0x2910, 0x27D0, 0x2110, 0x2110, 0x21D0, 0x2E10, 0x2410}},
  {35082, {0x2080, 0x1040, 0x03FC, 0xF204, 0x1204, 0x23FC, 0x2200, 0x6A00, 0xB3FC, 0x2B54, 0x2354, 0x25FC, 0x2554, 0x2554, 0x2944, 0x210C}},
  {35088, {0x2000, 0x13F8, 0x0208, 0xF3F8, 0x1208, 0x23F8, 0x2100, 0x6BFC, 0xB444, 0x2A44, 0x22A4, 0x2204, 0x23F4, 0x2004, 0x2028, 0x2010}},
  {35090, {0x0100, 0xFFFE, 0x0800, 0x0BF8, 0x1208, 0x33F8, 0x5040, 0x97FE, 0x1150, 0x1248, 0x0300, 0x0488, 0x0C50, 0x3530, 0xC60E, 0x0400}},
  {35091, {0x2100, 0x117C, 0x0144, 0xF244, 0x1244, 0x267C, 0x2A10, 0x6A10, 0xB2FE, 0x2A38, 0x2254, 0x2254, 0x2294, 0x2312, 0x2210, 0x2210}},
  {35097, {0x2050, 0x1052, 0x03DC, 0xF850, 0x08D2, 0x134E, 0x1000, 0x35FC, 0x5904, 0x95FC, 0x1504, 0x11FC, 0x1104, 0x1104, 0x1114, 0x1108}},
  {35098, {0x2020, 0x1022, 0x01FA, 0xF824, 0x0828, 0x13FE, 0x1420, 0x3840, 0x54FC, 0x9184, 0x1284, 0x10FC, 0x1084, 0x1084, 0x10FC, 0x1084}},
  {35099, {0x2020, 0x1124, 0x00A8, 0xF020, 0x13FE, 0x20A8, 0x2124, 0x6A02, 0xB040, 0x2BFE, 0x2088, 0x2108, 0x2190, 0x2060, 0x2198, 0x2604}},
  {35105, {0x2088, 0x1088, 0x03FE, 0xF888, 0x0820, 0x1050, 0x1488, 0x3904, 0x56FA, 0x9000, 0x1000, 0x11FC, 0x1104, 0x1104, 0x11FC, 0x1104}},
  {35109, {0x2000, 0x13FE, 0x0200, 0xF2FC, 0x1200, 0x23FE, 0x22A8, 0x6A90, 0xB2C8, 0x2A86, 0x2208, 0x23FE, 0x2288, 0x2448, 0x2408, 0x2818}},
  {35114, {0x2000, 0x127C, 0x0144, 0xF944, 0x087C, 0x1044, 0x1744, 0x357C, 0x5950, 0x954A, 0x1544, 0x1154, 0x1162, 0x1142, 0x1280, 0x147E}},
  {35115, {0x2004, 0x101E, 0x03F0, 0xF21E, 0x1210, 0x22FE, 0x2292, 0x6A98, 0xB2F2, 0x2A8E, 0x2280, 0x22B8, 0x22A8, 0x24AA, 0x254A, 0x2A86}},
  {35120, {0x0100, 0x7FFE, 0x4442, 0x9FF4, 0x0440, 0x3FF8, 0x0440, 0xFFFE, 0x0A20, 0x1110, 0x2FE8, 0xC28E, 0x0450, 0x1C20, 0x6518, 0x0606}},
  {35124, {0x2048, 0x1148, 0x014E, 0xF950, 0x0968, 0x1144, 0x1144, 0x3440, 0x5800, 0x95FC, 0x1554, 0x1154, 0x1154, 0x1154, 0x17FE, 0x1000}},
  {35126, {0x2000, 0x13DE, 0x0042, 0xFA52, 0x094A, 0x1252, 0x1042, 0x3420, 0x59FC, 0x9504, 0x1504, 0x11FC, 0x1104, 0x1104, 0x11FC, 0x1104}},
  {35137, {0x2000, 0x13BE, 0x00A2, 0xF0A2, 0x10BE, 0x2388, 0x2208, 0x6A3E, 0xB22A, 0x2BAA, 0x20AA, 0x20BE, 0x2088, 0x208A, 0x257E, 0x2202}},
  {35140, {0x0100, 0xFFFE, 0x0000, 0x3EF8, 0x2288, 0x3EF8, 0x0440, 0x7FFC, 0x0440, 0x3FF8, 0x0440, 0xFFFE, 0x0444, 0x1C28, 0xE518, 0x0606}},
  {35166, {0x0040, 0x7C20, 0x45FC, 0x4488, 0x7C50, 0x43FE, 0x7C20, 0xA5FC, 0x2420, 0x3E20, 0x0100, 0xFFFE, 0x0680, 0x1C48, 0xE530, 0x060E}},
  {35167, {0x2110, 0x1110, 0x07BC, 0xF110, 0x13B8, 0x2554, 0x2912, 0x6800, 0xB3F8, 0x2800, 0x27FC, 0x2040, 0x2248, 0x2444, 0x2942, 0x2080}},
  {35174, {0x2000, 0x11FC, 0x0020, 0xFBFE, 0x0A22, 0x11AC, 0x1420, 0x39AC, 0x5400, 0x93FE, 0x1020, 0x11FC, 0x1154, 0x1154, 0x1154, 0x110C}},
  {35195, {0x22A8, 0x1248, 0x07BE, 0xF2A8, 0x175C, 0x2AAA, 0x2288, 0x6FFE, 0xB218, 0x2DE4, 0x2842, 0x23F8, 0x2040, 0x27FC, 0x2040, 0x20C0}},
  {35199, {0x0000, 0xFFFE, 0x0440, 0x0440, 0x0440, 0x3FF8, 0x2448, 0x2448, 0x2448, 0x2448, 0x2838, 0x3008, 0x2008, 0x2008, 0x3FF8, 0x2008}},
  {35201, {0x0000, 0x7FFC, 0x0440, 0x0440, 0x3FF8, 0x2448, 0x2448, 0x3FF8, 0x0200, 0x7FFC, 0x0420, 0x0840, 0x1C80, 0x0380, 0x0670, 0x3808}},
  {35203, {0xFFFE, 0x0440, 0x3FF8, 0x2448, 0x3FF8, 0x0000, 0x1FF0, 0x1010, 0x1FF0, 0x1010, 0x1FF0, 0x0100, 0xFFFE, 0x0100, 0x0100, 0x0100}},
  {35206, {0xFFFE, 0x0440, 0x3FF8, 0x2448, 0x3FF8, 0x1200, 0x27FC, 0x4208, 0x8BF8, 0x1208, 0x33F8, 0x5100, 0x93F8, 0x1510, 0x10E0, 0x171E}},
  {35265, {0x0000, 0x1FF0, 0x1010, 0x1010, 0x1110, 0x1110, 0x1110, 0x1110, 0x1110, 0x1290, 0x1290, 0x0480, 0x0480, 0x0882, 0x3082, 0xC07E}},
  {35266, {0x0000, 0x01FC, 0x0104, 0xFD04, 0x0524, 0x0524, 0x4924, 0x2924, 0x1124, 0x1154, 0x2850, 0x2490, 0x4490, 0x8112, 0x0212, 0x040E}},
  {35268, {0x1000, 0x11FC, 0x1104, 0x7D04, 0x1124, 0x1124, 0x1124, 0xFF24, 0x1124, 0x1154, 0x1050, 0x2890, 0x2490, 0x4512, 0x8212, 0x040E}},
  {35269, {0x01F8, 0x7E00, 0x1210, 0x0910, 0x0920, 0x0000, 0x1FF0, 0x1010, 0x1110, 0x1110, 0x1110, 0x1290, 0x0280, 0x0482, 0x1882, 0x607E}},
  {35270, {0x2000, 0x11FC, 0x1104, 0xF904, 0x0924, 0x1124, 0x1124, 0x3924, 0x5524, 0x9554, 0x1050, 0x1090, 0x1090, 0x1112, 0x1212, 0x140E}},
  {35271, {0x1000, 0x11FC, 0x1104, 0x1F04, 0x1124, 0x1124, 0x1124, 0x1124, 0x7D24, 0x4554, 0x4450, 0x4490, 0x4490, 0x7D12, 0x4612, 0x040E}},
  {35272, {0x0440, 0x2440, 0x247C, 0x2490, 0x2508, 0x0400, 0x1FF0, 0x1010, 0x1110, 0x1110, 0x1110, 0x1290, 0x0280, 0x0484, 0x1884, 0x607C}},
  {35273, {0x2208, 0x1110, 0x0020, 0x7FFE, 0x4002, 0x8004, 0x1FF0, 0x1010, 0x1110, 0x1110, 0x1110, 0x1290, 0x0280, 0x0484, 0x1884, 0x607C}},
  {35274, {0x0800, 0x497C, 0x4944, 0x4944, 0x7F54, 0x0054, 0x7F54, 0x0154, 0x0154, 0x3F54, 0x2010, 0x2028, 0x2328, 0x2C4A, 0x308A, 0x0106}},
  {35275, {0x0000, 0x007C, 0x7F44, 0x0844, 0x0854, 0x2A54, 0x2A54, 0x2A54, 0x5D54, 0x4954, 0x8810, 0x0828, 0x0F28, 0xF04A, 0x408A, 0x0106}},
  {35276, {0x0800, 0x087C, 0x7E44, 0x0844, 0x0854, 0xFF54, 0x0154, 0x2A54, 0x1854, 0x4854, 0x2810, 0xFF28, 0x1428, 0x224A, 0x414A, 0x8186}},
  {35278, {0x1000, 0x287C, 0x4444, 0x8244, 0x7D54, 0x0054, 0xF154, 0x9554, 0x9554, 0xF554, 0x9510, 0x9528, 0xF528, 0x914A, 0x954A, 0xB286}},
  {35279, {0x2400, 0x247C, 0xFF44, 0x2444, 0x7E54, 0x2454, 0xFF54, 0x0854, 0x7E54, 0x4A54, 0x7E10, 0x4A28, 0xFF28, 0x424A, 0x4A4A, 0x4486}},
  {35280, {0x2200, 0x227C, 0xFFC4, 0x2244, 0x3E54, 0x0854, 0x7F54, 0x4954, 0x7F54, 0x0854, 0x7F10, 0x0828, 0x7F28, 0x084A, 0x0F4A, 0xF086}},
  {35281, {0x1000, 0x1E7C, 0x1044, 0x7F44, 0x5154, 0x5C54, 0x7254, 0x4E54, 0x4054, 0x4A54, 0x6A90, 0x5B28, 0x4A28, 0x8F4A, 0x784A, 0x0086}},
  {35282, {0x0800, 0x0800, 0x1FE0, 0x2020, 0x4040, 0xBFF8, 0x2108, 0x2108, 0x3FF8, 0x2108, 0x2108, 0x3FF8, 0x2108, 0x4108, 0x4128, 0x8010}},
  {35286, {0x2020, 0x2020, 0x7820, 0x49FC, 0x9024, 0x7C24, 0x5424, 0x5424, 0x7DFE, 0x5420, 0x5450, 0x7C50, 0x5488, 0x5488, 0x4504, 0x8E02}},
  {35290, {0x2008, 0x201C, 0x79F0, 0x4950, 0x9150, 0x7D50, 0x5550, 0x5550, 0x7D50, 0x5548, 0x5548, 0x7D68, 0x5554, 0x5674, 0x4652, 0x8C00}},
  {35292, {0x0880, 0x2888, 0x2EF0, 0x2884, 0x2E84, 0xF07C, 0x0800, 0x0FC0, 0x1080, 0x3FF8, 0x5108, 0x1FF8, 0x1108, 0x1FF8, 0x1108, 0x2118}},
  {35294, {0x1040, 0x1040, 0x3C7E, 0x2480, 0x497C, 0xBE08, 0x2A10, 0x2A20, 0x3EFE, 0x2A4A, 0x2A4A, 0x3E92, 0x2B12, 0x4A22, 0x4254, 0x8688}},
  {35299, {0x1000, 0x10FC, 0x3C24, 0x2424, 0x4854, 0xBE88, 0x2A10, 0x2A50, 0x3E7C, 0x2A90, 0x2A10, 0x3EFE, 0x2A10, 0x4A10, 0x4210, 0x8610}},
  {35301, {0x2020, 0x2020, 0x7924, 0x48A4, 0x90A8, 0x7C20, 0x55FE, 0x5490, 0x7C90, 0x5490, 0x5490, 0x7C92, 0x5512, 0x5512, 0x460E, 0x8C00}},
  {35302, {0x2020, 0x2020, 0x7820, 0x49FC, 0x9124, 0x7D24, 0x5524, 0x5524, 0x7DFC, 0x5524, 0x5420, 0x7C28, 0x5424, 0x57FE, 0x4502, 0x8C00}},
  {35307, {0x2020, 0x2020, 0x79FE, 0x4820, 0x9020, 0x7DFC, 0x5524, 0x5524, 0x7DFC, 0x5420, 0x5470, 0x7CA8, 0x5524, 0x5622, 0x4420, 0x8C20}},
  {35311, {0x2104, 0x2088, 0x7850, 0x49FC, 0x9124, 0x7D24, 0x55FC, 0x5524, 0x7D24, 0x55FC, 0x5420, 0x7C20, 0x57FE, 0x5420, 0x4420, 0x8C20}},
  {35315, {0x0800, 0xFFB8, 0x0828, 0x7F28, 0x0028, 0xFFC6, 0xA080, 0x3E7C, 0x4224, 0xFF24, 0x4928, 0x7F28, 0x4910, 0x7F28, 0x4944, 0x8B82}},
  {35328, {0x0200, 0x0100, 0xFFFE, 0x0000, 0x0000, 0x3FF8, 0x0000, 0x0000, 0x3FF8, 0x0000, 0x0000, 0x3FF8, 0x2008, 0x2008, 0x3FF8, 0x2008}},
  {35335, {0x1000, 0x1000, 0x1FFC, 0x2004, 0x4204, 0xBFE4, 0x0004, 0x1FC4, 0x0004, 0x1FC4, 0x0004, 0x1FC4, 0x1044, 0x1FC4, 0x1054, 0x0008}},
  {35390, {0x0880, 0x2888, 0x2EF0, 0x2884, 0x2E84, 0xF07C, 0x0100, 0x7FFC, 0x0000, 0x3FF8, 0x0000, 0x3FF8, 0x0000, 0x3FF8, 0x2008, 0x3FF8}},
  {35400, {0x0000, 0x3FF8, 0x2448, 0x2448, 0x3FF8, 0x0100, 0xFFFE, 0x0000, 0x3FF8, 0x0000, 0x3FF8, 0x0000, 0x3FF8, 0x2008, 0x3FF8, 0x2008}},
  {35449, {0x0800, 0x0FF0, 0x1020, 0x3FFE, 0x6508, 0xA884, 0x3FFE, 0x2000, 0x27F8, 0x2000, 0x27F8, 0x2000, 0x27F8, 0x4408, 0x47F8, 0x8408}},
  {35465, {0x2208, 0x1108, 0x1110, 0x0020, 0xFFFE, 0x0820, 0x1110, 0x2FE8, 0xC006, 0x1FF0, 0x0000, 0x1FF0, 0x0000, 0x1FF0, 0x1010, 0x1FF0}},
  {35466, {0x1110, 0x0910, 0x0920, 0x7FFC, 0x0200, 0xFFFE, 0x0920, 0x3FF8, 0xC006, 0x1FF0, 0x0000, 0x1FF0, 0x0000, 0x1FF0, 0x1010, 0x1FF0}},
  {35475, {0x080C, 0x7EF0, 0x0880, 0x0EFE, 0x7888, 0x0A88, 0x1908, 0x7FFC, 0x0000, 0x3FF8, 0x0000, 0x3FF8, 0x0000, 0x3FF8, 0x2008, 0x3FF8}},
  {35591, {0x0100, 0x7FFE, 0x4442, 0x9FF4, 0x0440, 0x3FF8, 0x0440, 0xFFFE, 0x0920, 0x1FF0, 0x2008, 0xDFF6, 0x0000, 0x1FF0, 0x1010, 0x1FF0}},
  {35622, {0x0878, 0xFF48, 0x0886, 0x3E78, 0x2A48, 0x3E30, 0x4148, 0xFFFC, 0x0000, 0x3FF8, 0x0000, 0x3FF8, 0x0000, 0x3FF8, 0x2008, 0x3FF8}},
  {35686, {0x2420, 0xFF20, 0x247E, 0x7EC4, 0x8228, 0x7A10, 0x4A28, 0x7AC6, 0x0500, 0xFFFE, 0x0000, 0x3FF8, 0x0000, 0x3FF8, 0x2008, 0x3FF8}},
  {35692, {0x3E10, 0x22FE, 0x3E44, 0x2028, 0x7EFE, 0xA210, 0x3EFC, 0x2210, 0x0100, 0xFFFE, 0x0000, 0x3FF8, 0x0000, 0x3FF8, 0x2008, 0x3FF8}},
  {35744, {0x0000, 0x2000, 0x1000, 0x1000, 0x0000, 0x0000, 0xF000, 0x1000, 0x1000, 0x1000, 0x1000, 0x1000, 0x1400, 0x1800, 0x1000, 0x0000}},
  {35745, {0x0040, 0x2040, 0x1040, 0x1040, 0x0040, 0x0040, 0xF7FE, 0x1040, 0x1040, 0x1040, 0x1040, 0x1040, 0x1440, 0x1840, 0x1040, 0x0040}},
  {35746, {0x0000, 0x2000, 0x13FE, 0x1020, 0x0020, 0x0020, 0xF020, 0x1020, 0x1020, 0x1020, 0x1020, 0x1020, 0x1420, 0x1820, 0x10A0, 0x0040}},
  {35747, {0x0080, 0x2080, 0x1080, 0x1080, 0x0080, 0x00A0, 0xF090, 0x1088, 0x1084, 0x1084, 0x1080, 0x1080, 0x1480, 0x1880, 0x1080, 0x0080}},
  {35748, {0x0040, 0x2040, 0x1040, 0x1040, 0x0040, 0x0040, 0xF040, 0x1040, 0x10A0, 0x10A0, 0x10A0, 0x1510, 0x1910, 0x1208, 0x0404, 0x0802}},
  {35749, {0x0000, 0x21F0, 0x1110, 0x1110, 0x0110, 0x0110, 0xF110, 0x1110, 0x1110, 0x1110, 0x1110, 0x1512, 0x1912, 0x1212, 0x020E, 0x0400}},
  {35750, {0x0000, 0x2000, 0x13FC, 0x1040, 0x0040, 0x0040, 0xF040, 0x1040, 0x17FE, 0x1040, 0x1040, 0x1040, 0x1440, 0x1840, 0x1040, 0x0040}},
  {35751, {0x0000, 0x2000, 0x13FE, 0x1020, 0x0020, 0x0020, 0xF020, 0x1020, 0x1020, 0x1020, 0x1020, 0x1420, 0x1820, 0x1020, 0x07FE, 0x0000}},
  {35752, {0x0010, 0x2010, 0x1010, 0x1010, 0x03FE, 0x0010, 0xF010, 0x1010, 0x1110, 0x1090, 0x1090, 0x1010, 0x1410, 0x1810, 0x1050, 0x0020}},
  {35753, {0x0040, 0x2040, 0x1040, 0x1040, 0x0040, 0x0040, 0xF07C, 0x1040, 0x1040, 0x1040, 0x1040, 0x1440, 0x1840, 0x1040, 0x0FFE, 0x0000}},
  {35754, {0x0020, 0x2020, 0x1020, 0x1020, 0x0124, 0x0124, 0xF124, 0x1124, 0x1124, 0x1124, 0x1124, 0x1124, 0x1524, 0x19FC, 0x1004, 0x0000}},
  {35755, {0x0080, 0x2080, 0x1100, 0x11FE, 0x0200, 0x0400, 0xF1F8, 0x1008, 0x1010, 0x1060, 0x1080, 0x1500, 0x1A02, 0x1202, 0x01FE, 0x0000}},
  {35757, {0x0104, 0x2124, 0x1124, 0x1124, 0x0124, 0x0124, 0xF124, 0x1124, 0x1124, 0x1124, 0x1124, 0x1524, 0x1924, 0x1224, 0x0204, 0x0404}},
  {35758, {0x0080, 0x2048, 0x1248, 0x1208, 0x0208, 0x0110, 0xF110, 0x1110, 0x10A0, 0x10A0, 0x1040, 0x1440, 0x18A0, 0x1110, 0x0208, 0x0C06}},
  {35759, {0x0000, 0x27F0, 0x1110, 0x1110, 0x0110, 0x0110, 0xF110, 0x17D0, 0x1110, 0x1110, 0x1110, 0x1112, 0x150A, 0x190A, 0x1106, 0x0102}},
  {35760, {0x0000, 0x2000, 0x11F8, 0x1008, 0x0008, 0x0008, 0xF008, 0x11F8, 0x1108, 0x1100, 0x1100, 0x1100, 0x1502, 0x1902, 0x10FE, 0x0000}},
  {35762, {0x0110, 0x2110, 0x1110, 0x1110, 0x07FC, 0x0110, 0xF110, 0x1110, 0x1FFE, 0x1110, 0x1110, 0x1510, 0x1910, 0x1210, 0x0210, 0x0410}},
  {35763, {0x0040, 0x2040, 0x1040, 0x17FE, 0x0040, 0x0040, 0xF3FC, 0x1040, 0x1040, 0x17FE, 0x1042, 0x1042, 0x144A, 0x1844, 0x1040, 0x0040}},
  {35764, {0x0000, 0x23FC, 0x1200, 0x1208, 0x0288, 0x0250, 0xF250, 0x1220, 0x1220, 0x1250, 0x1250, 0x1288, 0x1708, 0x1A00, 0x13FE, 0x0000}},
  {35765, {0x0000, 0x23FE, 0x1200, 0x1200, 0x0200, 0x03FC, 0xF204, 0x1204, 0x1204, 0x1204, 0x13FC, 0x1200, 0x1600, 0x1A00, 0x13FE, 0x0000}},
  {35766, {0x0000, 0x23FC, 0x1010, 0x1110, 0x0110, 0x0110, 0xF210, 0x13FE, 0x1030, 0x1050, 0x1090, 0x1510, 0x1A10, 0x1410, 0x0050, 0x0020}},
  {35767, {0x0020, 0x2020, 0x1020, 0x1020, 0x03FE, 0x0222, 0xF222, 0x1222, 0x1252, 0x124A, 0x128A, 0x1302, 0x1602, 0x1A02, 0x120A, 0x0204}},
  {35768, {0x0080, 0x2080, 0x1080, 0x11FC, 0x0120, 0x0220, 0xF020, 0x1020, 0x13FE, 0x1020, 0x1020, 0x1020, 0x1420, 0x1820, 0x1020, 0x0020}},
  {35769, {0x00A0, 0x20A0, 0x10A0, 0x1124, 0x0124, 0x0328, 0xF530, 0x1120, 0x1160, 0x11A0, 0x1120, 0x1122, 0x1522, 0x1922, 0x111E, 0x0100}},
  {35770, {0x0040, 0x2040, 0x10A0, 0x10A0, 0x0110, 0x0208, 0xF406, 0x1110, 0x1120, 0x1140, 0x1180, 0x1100, 0x1504, 0x1904, 0x10FC, 0x0000}},
  {35772, {0x0020, 0x2120, 0x1120, 0x1110, 0x0110, 0x0248, 0xF248, 0x1444, 0x1882, 0x1080, 0x1110, 0x1508, 0x1A08, 0x17FC, 0x0204, 0x0000}},
  {35773, {0x0000, 0x43F8, 0x2208, 0x2208, 0x0328, 0x02A8, 0xE2A8, 0x2248, 0x2248, 0x22A8, 0x22A8, 0x2B2A, 0x340A, 0x240A, 0x0806, 0x1002}},
  {35774, {0x0000, 0x21F0, 0x1110, 0x1110, 0x0110, 0x020E, 0xF400, 0x13F8, 0x1108, 0x1110, 0x1090, 0x14A0, 0x1840, 0x10A0, 0x0318, 0x0C06}},
  {35775, {0x0080, 0x2040, 0x1040, 0x17FE, 0x0100, 0x0100, 0xF100, 0x11F8, 0x1108, 0x1108, 0x1108, 0x1508, 0x1A08, 0x1208, 0x0450, 0x0820}},
  {35776, {0x0040, 0x2040, 0x1040, 0x13FC, 0x0044, 0x0044, 0xF044, 0x1044, 0x17FE, 0x1040, 0x10A0, 0x14A0, 0x1910, 0x1208, 0x0404, 0x0802}},
  {35777, {0x0000, 0x2000, 0x13FE, 0x1020, 0x0020, 0x0020, 0xF120, 0x1120, 0x113C, 0x1120, 0x1120, 0x1520, 0x1920, 0x1120, 0x07FE, 0x0000}},
  {35778, {0x0020, 0x2020, 0x1020, 0x1020, 0x03FE, 0x0020, 0xF020, 0x1020, 0x11FC, 0x1104, 0x1104, 0x1104, 0x1504, 0x1904, 0x11FC, 0x0104}},
  {35779, {0x0000, 0x2000, 0x17FE, 0x1008, 0x0008, 0x03C8, 0xF248, 0x1248, 0x1248, 0x1248, 0x13C8, 0x1248, 0x1408, 0x1808, 0x1028, 0x0010}},
  {35780, {0x0000, 0x23F8, 0x1040, 0x1040, 0x0248, 0x0148, 0xF150, 0x1040, 0x17FE, 0x1040, 0x1040, 0x1440, 0x1840, 0x1040, 0x0040, 0x0040}},
  {35781, {0x0000, 0x21F8, 0x1108, 0x1108, 0x0108, 0x01F8, 0xF108, 0x1108, 0x1108, 0x11F8, 0x1108, 0x1508, 0x1908, 0x1108, 0x07FE, 0x0000}},
  {35782, {0x0000, 0x2000, 0x11FC, 0x1104, 0x0104, 0x0104, 0xF104, 0x1104, 0x11FC, 0x1104, 0x1000, 0x1490, 0x1888, 0x1104, 0x0202, 0x0402}},
  {35784, {0x0100, 0x2100, 0x1100, 0x11FE, 0x0280, 0x0280, 0xF480, 0x10F8, 0x1080, 0x1080, 0x1080, 0x14FC, 0x1880, 0x1080, 0x0080, 0x0080}},
  {35785, {0x0008, 0x201C, 0x11E0, 0x1100, 0x0100, 0x0100, 0xF1FE, 0x1110, 0x1110, 0x1130, 0x1118, 0x1514, 0x1912, 0x1210, 0x0210, 0x0410}},
  {35786, {0x0040, 0x4040, 0x20A0, 0x2110, 0x0208, 0x0426, 0xE040, 0x2080, 0x2310, 0x2020, 0x2040, 0x2888, 0x3310, 0x2020, 0x00C0, 0x0700}},
  {35787, {0x0008, 0x203C, 0x13E0, 0x1220, 0x0220, 0x0220, 0xF220, 0x13FE, 0x1220, 0x1210, 0x1210, 0x1212, 0x160A, 0x1A8A, 0x1326, 0x0212}},
  {35788, {0x0080, 0x2080, 0x10F8, 0x1108, 0x0210, 0x0420, 0xF3FC, 0x1004, 0x1004, 0x1004, 0x11FC, 0x1004, 0x1404, 0x1804, 0x13FC, 0x0004}},
  {35789, {0x0000, 0x23FC, 0x1004, 0x1004, 0x07F4, 0x0004, 0xF004, 0x13E4, 0x1224, 0x1224, 0x1224, 0x13E4, 0x1404, 0x1804, 0x1014, 0x0008}},
  {35790, {0x0020, 0x2020, 0x1124, 0x1124, 0x0124, 0x0124, 0xF1FC, 0x1020, 0x1020, 0x1124, 0x1124, 0x1124, 0x1524, 0x1924, 0x11FC, 0x0004}},
  {35791, {0x0000, 0x23FC, 0x1084, 0x1084, 0x0084, 0x0104, 0xF114, 0x1208, 0x1400, 0x11FC, 0x1104, 0x1104, 0x1504, 0x1904, 0x11FC, 0x0104}},
  {35793, {0x0000, 0x23FC, 0x1104, 0x1088, 0x0050, 0x0020, 0xF0D8, 0x1326, 0x1020, 0x11FC, 0x1020, 0x1420, 0x1BFE, 0x1020, 0x0020, 0x0020}},
  {35794, {0x0020, 0x2020, 0x1040, 0x1088, 0x0104, 0x03FE, 0xF002, 0x1000, 0x11FC, 0x1104, 0x1104, 0x1104, 0x1504, 0x1904, 0x11FC, 0x0104}},
  {35795, {0x0000, 0x23FE, 0x1200, 0x1200, 0x03FC, 0x0220, 0xF220, 0x12F8, 0x1220, 0x1220, 0x1220, 0x13FC, 0x1600, 0x1A00, 0x13FE, 0x0000}},
  {35796, {0x0040, 0x4040, 0x27FC, 0x2040, 0x0040, 0x03F8, 0xE040, 0x2040, 0x27FE, 0x20E0, 0x2150, 0x2950, 0x3248, 0x2444, 0x0842, 0x0040}},
  {35797, {0x0028, 0x2024, 0x1024, 0x1020, 0x07FE, 0x0020, 0xF020, 0x17E0, 0x1120, 0x1110, 0x1110, 0x1510, 0x19CA, 0x170A, 0x0206, 0x0002}},
  {35798, {0x0020, 0x2020, 0x11FC, 0x1020, 0x0020, 0x0020, 0xF3FE, 0x1000, 0x1020, 0x1020, 0x11FC, 0x1020, 0x1420, 0x1820, 0x13FE, 0x0000}},
  {35799, {0x0040, 0x2040, 0x1040, 0x13FC, 0x0040, 0x0040, 0xF7FE, 0x1010, 0x1010, 0x17FE, 0x1010, 0x1210, 0x1510, 0x1910, 0x1050, 0x0020}},
  {35800, {0x0020, 0x2020, 0x1020, 0x17FE, 0x0020, 0x0020, 0xF3FE, 0x1000, 0x1000, 0x11FC, 0x1104, 0x1104, 0x1504, 0x1904, 0x11FC, 0x0104}},
  {35801, {0x0080, 0x2080, 0x1080, 0x17FE, 0x0100, 0x0120, 0xF220, 0x12A4, 0x14A4, 0x1528, 0x1A50, 0x1050, 0x1488, 0x1908, 0x1204, 0x0402}},
  {35802, {0x0028, 0x4024, 0x2020, 0x27FE, 0x0420, 0x0420, 0xE424, 0x27A4, 0x24A4, 0x24A8, 0x24A8, 0x2C90, 0x3692, 0x292A, 0x0846, 0x1082}},
  {35803, {0x0020, 0x2120, 0x1120, 0x11FC, 0x0120, 0x0220, 0xF020, 0x13FE, 0x1070, 0x10A8, 0x10A8, 0x1524, 0x1924, 0x1222, 0x0020, 0x0020}},
  {35804, {0x0020, 0x2120, 0x1120, 0x11FC, 0x0120, 0x0220, 0xF020, 0x13FE, 0x1090, 0x1090, 0x1090, 0x1090, 0x1512, 0x1912, 0x1212, 0x040E}},
  {35805, {0x0008, 0x203C, 0x11E0, 0x1020, 0x0020, 0x03FE, 0xF020, 0x1020, 0x1020, 0x11FC, 0x1104, 0x1104, 0x1504, 0x1904, 0x11FC, 0x0104}},
  {35806, {0x0008, 0x401C, 0x2F70, 0x2110, 0x0210, 0x0450, 0xEF5C, 0x2150, 0x2950, 0x2950, 0x2550, 0x2A7C, 0x3300, 0x2480, 0x087E, 0x1000}},
  {35807, {0x0008, 0x403C, 0x23C0, 0x2200, 0x0200, 0x03FE, 0xE200, 0x2200, 0x2200, 0x22FC, 0x2284, 0x2A84, 0x3484, 0x2484, 0x08FC, 0x0084}},
  {35808, {0x0040, 0x2040, 0x10A0, 0x1110, 0x0208, 0x0406, 0xF3F8, 0x1040, 0x1040, 0x1040, 0x13F8, 0x1040, 0x1440, 0x1840, 0x17FE, 0x0000}},
  {35809, {0x0100, 0x4100, 0x23F8, 0x2208, 0x0410, 0x0BFE, 0xE200, 0x22F8, 0x2288, 0x2288, 0x22A8, 0x2290, 0x2A82, 0x3482, 0x247E, 0x0800}},
  {35810, {0x0200, 0x4200, 0x23FC, 0x2404, 0x0404, 0x0BE4, 0xE224, 0x2224, 0x23E4, 0x2224, 0x2224, 0x23E4, 0x2A24, 0x3004, 0x2014, 0x0008}},
  {35811, {0x0100, 0x2104, 0x1138, 0x11C0, 0x0102, 0x0102, 0xF0FE, 0x1000, 0x11FC, 0x1104, 0x1104, 0x15FC, 0x1904, 0x1104, 0x01FC, 0x0104}},
  {35812, {0x0080, 0x2080, 0x11F0, 0x1210, 0x0020, 0x03FC, 0xF044, 0x1044, 0x17FE, 0x1044, 0x1044, 0x13FC, 0x1444, 0x1840, 0x1140, 0x0080}},
  {35813, {0x0080, 0x4040, 0x2FFE, 0x2080, 0x0110, 0x0110, 0xE224, 0x27E4, 0x2048, 0x2088, 0x2110, 0x2A20, 0x3450, 0x2088, 0x0304, 0x0C04}},
  {35814, {0x0208, 0x2108, 0x1110, 0x1000, 0x07FC, 0x0040, 0xF040, 0x13F8, 0x1040, 0x1040, 0x17FE, 0x1040, 0x1440, 0x1840, 0x1040, 0x0040}},
  {35815, {0x0040, 0x2020, 0x1020, 0x13FE, 0x0202, 0x0404, 0xF038, 0x13C0, 0x1040, 0x1040, 0x107E, 0x17C0, 0x1440, 0x1842, 0x1042, 0x003E}},
  {35816, {0x0000, 0x23FE, 0x1202, 0x1444, 0x0040, 0x03FC, 0xF080, 0x10A0, 0x1120, 0x11FC, 0x1020, 0x1420, 0x1BFE, 0x1020, 0x0020, 0x0020}},
  {35817, {0x0000, 0x47BC, 0x2084, 0x2084, 0x04A4, 0x0294, 0xE294, 0x2084, 0x218C, 0x2294, 0x24A4, 0x2084, 0x2884, 0x3084, 0x2294, 0x0108}},
  {35819, {0x0014, 0x4012, 0x2010, 0x2FFE, 0x0010, 0x0290, 0xE292, 0x2292, 0x2FD2, 0x2294, 0x2294, 0x2A88, 0x328A, 0x249A, 0x0426, 0x0842}},
  {35820, {0x0000, 0x47FC, 0x2040, 0x2040, 0x0248, 0x0248, 0xE248, 0x2554, 0x24D2, 0x2862, 0x2040, 0x2840, 0x3040, 0x2040, 0x0FFE, 0x0000}},
  {35821, {0x0000, 0x47FC, 0x2040, 0x2040, 0x03F8, 0x0088, 0xE088, 0x27FE, 0x2000, 0x2000, 0x23F8, 0x2208, 0x2A08, 0x3208, 0x23F8, 0x0208}},
  {35822, {0x0020, 0x2124, 0x10A4, 0x10A8, 0x0020, 0x01FC, 0xF104, 0x1104, 0x11FC, 0x1104, 0x1104, 0x11FC, 0x1504, 0x1904, 0x1114, 0x0108}},
  {35823, {0x0000, 0x43F8, 0x2208, 0x2208, 0x03F8, 0x0000, 0xE7FC, 0x2040, 0x2040, 0x2FFE, 0x2040, 0x20A0, 0x28A0, 0x3110, 0x2208, 0x0406}},
  {35824, {0x0020, 0x2120, 0x1120, 0x11FE, 0x0220, 0x0420, 0xF020, 0x13FE, 0x1000, 0x1000, 0x11FC, 0x1104, 0x1504, 0x1904, 0x11FC, 0x0104}},
  {35825, {0x001C, 0x47E0, 0x2040, 0x2040, 0x0FFE, 0x0150, 0xE248, 0x2C46, 0x23F0, 0x2110, 0x2120, 0x217C, 0x2A04, 0x3204, 0x2428, 0x0810}},
  {35826, {0x0100, 0x2100, 0x11FC, 0x1200, 0x05F8, 0x0108, 0xF148, 0x1128, 0x17FE, 0x1108, 0x1248, 0x1228, 0x17FC, 0x1808, 0x1050, 0x0020}},
  {35827, {0x0000, 0x4440, 0x22BE, 0x2108, 0x0288, 0x0488, 0xE088, 0x20BE, 0x2188, 0x2288, 0x2488, 0x2088, 0x2888, 0x3088, 0x253E, 0x0200}},
  {35828, {0x0208, 0x2108, 0x1110, 0x1020, 0x03F8, 0x0208, 0xF208, 0x1208, 0x13F8, 0x10A0, 0x10A0, 0x1520, 0x1922, 0x1222, 0x041E, 0x0800}},
  {35829, {0x0000, 0x47F8, 0x2010, 0x21A0, 0x0040, 0x07FC, 0xE444, 0x2444, 0x27FC, 0x2444, 0x2444, 0x27FC, 0x2C44, 0x3444, 0x2454, 0x0408}},
  {35830, {0x0040, 0x4080, 0x2110, 0x2208, 0x07FC, 0x0104, 0xE100, 0x23F8, 0x2440, 0x2040, 0x2FFE, 0x2040, 0x28A0, 0x3110, 0x2208, 0x0C06}},
  {35831, {0x0040, 0x4040, 0x27FC, 0x2040, 0x03F8, 0x0040, 0xE7FE, 0x2000, 0x23F8, 0x2208, 0x23F8, 0x2208, 0x2BF8, 0x3208, 0x2228, 0x0210}},
  {35832, {0x0040, 0x4044, 0x23F4, 0x2048, 0x0050, 0x07FE, 0xE040, 0x2080, 0x21F8, 0x2308, 0x2508, 0x21F8, 0x2908, 0x3108, 0x21F8, 0x0108}},
  {35833, {0x0000, 0x4FC0, 0x24BC, 0x24A4, 0x04A4, 0x07A4, 0xE4A4, 0x24A8, 0x27A8, 0x24A8, 0x2490, 0x25D0, 0x2EA8, 0x30A8, 0x20C4, 0x0082}},
  {35834, {0x0108, 0x4108, 0x27FE, 0x2108, 0x0148, 0x0040, 0xE7FE, 0x2080, 0x2100, 0x23FC, 0x2504, 0x2904, 0x2904, 0x3104, 0x21FC, 0x0104}},
  {35835, {0x0020, 0x2020, 0x11FC, 0x1020, 0x0020, 0x03FE, 0xF002, 0x1094, 0x1050, 0x1110, 0x1090, 0x13FE, 0x1428, 0x1844, 0x1082, 0x0302}},
  {35836, {0x0000, 0x4FFE, 0x2080, 0x2184, 0x0244, 0x0468, 0xEAB0, 0x2130, 0x22A8, 0x2468, 0x28A4, 0x2124, 0x2A22, 0x3420, 0x20A0, 0x0040}},
  {35837, {0x0090, 0x2090, 0x1090, 0x179E, 0x0090, 0x0090, 0xF090, 0x139C, 0x1090, 0x1090, 0x1090, 0x179E, 0x1890, 0x1090, 0x0090, 0x0090}},
  {35838, {0x0000, 0x43F8, 0x2248, 0x2248, 0x03F8, 0x0248, 0xE248, 0x23F8, 0x2040, 0x27FC, 0x20E0, 0x2950, 0x3248, 0x2446, 0x0040, 0x0040}},
  {35839, {0x0038, 0x43C0, 0x2040, 0x2040, 0x07FC, 0x0150, 0xE248, 0x2486, 0x2080, 0x27FC, 0x2110, 0x2A10, 0x31A0, 0x2060, 0x0090, 0x0308}},
  {35840, {0x0040, 0x4140, 0x265C, 0x2444, 0x0444, 0x075C, 0xE444, 0x2444, 0x27FC, 0x2444, 0x20A0, 0x20A0, 0x2910, 0x3208, 0x2404, 0x0802}},
  {35841, {0x0140, 0x4120, 0x2120, 0x23FE, 0x0220, 0x0620, 0xEBFC, 0x2220, 0x2220, 0x23FC, 0x2220, 0x2220, 0x2A20, 0x33FE, 0x2200, 0x0200}},
  {35842, {0x0040, 0x4040, 0x20A0, 0x2110, 0x0288, 0x0446, 0xE800, 0x23F0, 0x2010, 0x2020, 0x2040, 0x2924, 0x3522, 0x250A, 0x0908, 0x00F8}},
  {35843, {0x0000, 0x47FC, 0x2444, 0x2444, 0x05F4, 0x0444, 0xE444, 0x27FC, 0x2404, 0x25F4, 0x2514, 0x2D14, 0x35F4, 0x2404, 0x0414, 0x0808}},
  {35844, {0x0080, 0x4080, 0x20F8, 0x2108, 0x0210, 0x0400, 0xE040, 0x239C, 0x2204, 0x2204, 0x239C, 0x2204, 0x2A04, 0x3204, 0x23FC, 0x0204}},
  {35845, {0x0040, 0x2020, 0x13FE, 0x1000, 0x0000, 0x01FC, 0xF104, 0x1104, 0x1104, 0x11FC, 0x1020, 0x14A8, 0x1924, 0x1222, 0x00A0, 0x0040}},
  {35846, {0x0080, 0x2040, 0x17FC, 0x1000, 0x03F8, 0x0208, 0xF3F8, 0x1000, 0x13F8, 0x1010, 0x1020, 0x17FC, 0x1840, 0x1040, 0x0140, 0x0080}},
  {35847, {0x0080, 0x4040, 0x27FC, 0x2000, 0x0110, 0x0110, 0xE2A8, 0x2444, 0x2000, 0x2040, 0x27FE, 0x2040, 0x2840, 0x3040, 0x2040, 0x0040}},
  {35848, {0x0040, 0x2244, 0x1244, 0x1448, 0x00A0, 0x0110, 0xF608, 0x1044, 0x1040, 0x1248, 0x1248, 0x1450, 0x18A0, 0x1110, 0x0208, 0x0C06}},
  {35850, {0x0040, 0x2020, 0x13FE, 0x1202, 0x0404, 0x01F8, 0xF108, 0x1108, 0x11F8, 0x1108, 0x1108, 0x15F8, 0x1908, 0x1108, 0x07FE, 0x0000}},
  {35851, {0x0208, 0x4208, 0x2FFE, 0x2208, 0x0208, 0x03F8, 0xE208, 0x2208, 0x23F8, 0x2040, 0x2FFE, 0x20E0, 0x2950, 0x3248, 0x2C46, 0x0040}},
  {35852, {0x0110, 0x4110, 0x27FC, 0x2110, 0x01F0, 0x0110, 0xE1F0, 0x2110, 0x2110, 0x27FE, 0x2200, 0x2290, 0x2B08, 0x3200, 0x23FC, 0x0000}},
  {35853, {0x0090, 0x4290, 0x2290, 0x27FE, 0x0290, 0x0290, 0xE2F0, 0x2200, 0x23FC, 0x2040, 0x27FE, 0x20E0, 0x2950, 0x3248, 0x2C46, 0x0040}},
  {35854, {0x0108, 0x4108, 0x27FE, 0x2148, 0x0020, 0x07FE, 0xE200, 0x2200, 0x23FC, 0x2000, 0x2248, 0x2248, 0x2A48, 0x344A, 0x244A, 0x0846}},
  {35855, {0x0040, 0x4040, 0x2FFE, 0x2040, 0x07FC, 0x0444, 0xE554, 0x24E4, 0x2444, 0x27FC, 0x20E0, 0x2950, 0x3248, 0x2446, 0x0040, 0x0040}},
  {35856, {0x0220, 0x2224, 0x13A8, 0x1230, 0x02A2, 0x0322, 0xF25E, 0x1080, 0x13FC, 0x1204, 0x1204, 0x13FC, 0x1604, 0x1A04, 0x13FC, 0x0204}},
  {35857, {0x0040, 0x207C, 0x1040, 0x13FE, 0x0242, 0x0278, 0xF3C0, 0x1244, 0x123C, 0x1200, 0x12FC, 0x1680, 0x1BFE, 0x1480, 0x0480, 0x08FC}},
  {35858, {0x0000, 0x43F8, 0x2208, 0x23F8, 0x0208, 0x03F8, 0xE100, 0x23FC, 0x2444, 0x2244, 0x22A4, 0x2204, 0x2BF4, 0x3004, 0x2028, 0x0010}},
  {35859, {0x0000, 0x47FC, 0x2444, 0x27FC, 0x0444, 0x07FC, 0xE000, 0x23F8, 0x2208, 0x23F8, 0x2208, 0x23F8, 0x2A08, 0x3208, 0x2228, 0x0210}},
  {35860, {0x0000, 0x47BC, 0x24A4, 0x24A4, 0x07BC, 0x0000, 0xE3F8, 0x2000, 0x2FFE, 0x2100, 0x2200, 0x23F8, 0x2808, 0x3008, 0x2050, 0x0020}},
  {35861, {0x0040, 0x20A0, 0x1110, 0x1208, 0x05F6, 0x0000, 0xF3C4, 0x1254, 0x1254, 0x13D4, 0x1254, 0x1254, 0x17D4, 0x1A44, 0x1254, 0x02C8}},
  {35862, {0x003C, 0x47C0, 0x2244, 0x2128, 0x0000, 0x03FC, 0xE080, 0x2080, 0x27FE, 0x2100, 0x21F8, 0x2A88, 0x3250, 0x2420, 0x08D8, 0x0306}},
  {35863, {0x0100, 0x21F0, 0x1210, 0x1420, 0x03FC, 0x0244, 0xF244, 0x13FC, 0x10A0, 0x1122, 0x161E, 0x10C0, 0x1430, 0x1980, 0x1060, 0x0010}},
  {35864, {0x0040, 0x2240, 0x117C, 0x1084, 0x0108, 0x0620, 0xF220, 0x1250, 0x1288, 0x1106, 0x11F8, 0x1108, 0x1508, 0x1908, 0x11F8, 0x0108}},
  {35865, {0x0080, 0x4040, 0x27FC, 0x2000, 0x0208, 0x0110, 0xEFFE, 0x2000, 0x23F8, 0x2208, 0x2208, 0x23F8, 0x2A08, 0x3208, 0x23F8, 0x0208}},
  {35866, {0x0040, 0x2020, 0x13FC, 0x1000, 0x0108, 0x0090, 0xF3FE, 0x1210, 0x1220, 0x12C8, 0x1210, 0x1624, 0x1AC8, 0x1410, 0x0460, 0x0980}},
  {35867, {0x0040, 0x2020, 0x11FC, 0x1000, 0x0088, 0x0050, 0xF3FE, 0x1222, 0x1424, 0x11FC, 0x1124, 0x1124, 0x1534, 0x1928, 0x1020, 0x0020}},
  {35868, {0x0010, 0x4092, 0x2452, 0x2254, 0x0210, 0x00FE, 0xE010, 0x2638, 0x2254, 0x2292, 0x2310, 0x2210, 0x2A10, 0x3500, 0x28FE, 0x0000}},
  {35869, {0x0080, 0x4040, 0x27FC, 0x2404, 0x0404, 0x07FC, 0xE400, 0x2400, 0x27FC, 0x26A4, 0x2AA4, 0x2BFC, 0x3AA4, 0x2AA4, 0x12A4, 0x020C}},
  {35871, {0x0110, 0x4110, 0x27FC, 0x2110, 0x0000, 0x03F8, 0xE208, 0x23F8, 0x2208, 0x23F8, 0x2040, 0x27FC, 0x28A0, 0x3110, 0x2208, 0x0C06}},
  {35872, {0x0040, 0x4248, 0x2150, 0x2040, 0x07FE, 0x0402, 0xE804, 0x23F8, 0x2208, 0x2208, 0x23F8, 0x20A0, 0x2920, 0x3124, 0x2224, 0x041C}},
  {35873, {0x0000, 0x47FC, 0x2444, 0x27FC, 0x0444, 0x07FC, 0xE110, 0x2208, 0x2484, 0x21F8, 0x2208, 0x2508, 0x3090, 0x2060, 0x0198, 0x0E06}},
  {35874, {0x0108, 0x4208, 0x2788, 0x2488, 0x07BE, 0x0488, 0xE788, 0x24C8, 0x24A8, 0x2FA8, 0x2188, 0x2A88, 0x3488, 0x2888, 0x02A8, 0x0110}},
  {35875, {0x0008, 0x203C, 0x13C0, 0x1004, 0x0244, 0x0128, 0xF1FC, 0x1220, 0x1020, 0x13FE, 0x1020, 0x1124, 0x1524, 0x1924, 0x11FC, 0x0004}},
  {35876, {0x0040, 0x2020, 0x13FC, 0x1108, 0x0090, 0x03FE, 0xF202, 0x1444, 0x1020, 0x13FC, 0x1080, 0x10F8, 0x1488, 0x1908, 0x1128, 0x0210}},
  {35877, {0x0208, 0x4108, 0x2110, 0x2000, 0x07FC, 0x0000, 0xE110, 0x2208, 0x2404, 0x23F8, 0x22A8, 0x22A8, 0x2AA8, 0x32A8, 0x2FFE, 0x0000}},
  {35878, {0x0208, 0x4110, 0x2000, 0x27FE, 0x00A0, 0x07FC, 0xE0A4, 0x2FFE, 0x20A4, 0x27FC, 0x20A0, 0x29B0, 0x32A8, 0x2CA6, 0x00A0, 0x00A0}},
  {35879, {0x0040, 0x4028, 0x2090, 0x22A4, 0x02C2, 0x048A, 0xE188, 0x2678, 0x2000, 0x23FC, 0x2294, 0x2294, 0x2A94, 0x3294, 0x27FE, 0x0000}},
  {35880, {0x0110, 0x4110, 0x2FFE, 0x2110, 0x01F0, 0x0040, 0xE7FC, 0x2444, 0x27FC, 0x2040, 0x2FFE, 0x2040, 0x2FFC, 0x3040, 0x2FFE, 0x0000}},
  {35881, {0x03F8, 0x4208, 0x23F8, 0x2208, 0x03F8, 0x0000, 0xE7FC, 0x24A4, 0x24A4, 0x27FC, 0x2000, 0x23F8, 0x2910, 0x30E0, 0x2318, 0x0C06}},
  {35882, {0x0080, 0x4040, 0x27FC, 0x2110, 0x00A0, 0x07FC, 0xE444, 0x25F4, 0x2444, 0x25F4, 0x2514, 0x2514, 0x2DF4, 0x3404, 0x2414, 0x0408}},
  {35883, {0x0108, 0x2090, 0x17FE, 0x1000, 0x03C4, 0x0254, 0xF3D4, 0x1254, 0x13D4, 0x1244, 0x12CC, 0x1400, 0x1BFC, 0x1084, 0x0114, 0x0608}},
  {35884, {0x0000, 0x47BC, 0x2084, 0x24A4, 0x0294, 0x04A4, 0xE050, 0x2188, 0x2626, 0x20C0, 0x2310, 0x2064, 0x2B88, 0x3030, 0x20C0, 0x0700}},
  {35885, {0x0000, 0x23FE, 0x1050, 0x13FE, 0x0252, 0x03FE, 0xF000, 0x11FC, 0x1104, 0x11FC, 0x1104, 0x15FC, 0x1820, 0x13FE, 0x0020, 0x0020}},
  {35886, {0x0000, 0x47BC, 0x2108, 0x2528, 0x07BC, 0x0318, 0xE5AA, 0x2946, 0x2000, 0x23F8, 0x2208, 0x2208, 0x2BF8, 0x3208, 0x2208, 0x03F8}},
  {35887, {0x0140, 0x4120, 0x23FE, 0x2220, 0x0620, 0x0BFC, 0xE220, 0x2220, 0x23FC, 0x2220, 0x2220, 0x2BFE, 0x3200, 0x2524, 0x0492, 0x0892}},
  {35888, {0x0200, 0x417C, 0x2504, 0x2444, 0x05F4, 0x0444, 0xE5F4, 0x2554, 0x2574, 0x25D4, 0x2554, 0x25F4, 0x2CE4, 0x3554, 0x2444, 0x044C}},
  {35889, {0x0208, 0x4110, 0x27FC, 0x20A0, 0x04A4, 0x02A8, 0xEFFE, 0x2000, 0x23F8, 0x2208, 0x2208, 0x23F8, 0x2A08, 0x3208, 0x23F8, 0x0208}},
  {35890, {0x0000, 0x47F8, 0x2090, 0x2060, 0x07FC, 0x00A4, 0xE128, 0x26A0, 0x2040, 0x27FC, 0x24A4, 0x2514, 0x2EEC, 0x34A4, 0x24E4, 0x040C}},
  {35891, {0x0108, 0x4108, 0x27CC, 0x210A, 0x0108, 0x07DE, 0xE448, 0x26C8, 0x2548, 0x27C8, 0x2554, 0x27D4, 0x2D54, 0x3554, 0x2454, 0x04E2}},
  {35892, {0x0010, 0x44FE, 0x2292, 0x22FE, 0x0010, 0x01FE, 0xE000, 0x2EFE, 0x2282, 0x22FE, 0x2280, 0x22FE, 0x2A82, 0x32FE, 0x2500, 0x08FE}},
  {35893, {0x0200, 0x43F8, 0x2410, 0x27FE, 0x0D48, 0x1624, 0xE7FE, 0x2400, 0x25FC, 0x2400, 0x25FC, 0x2C00, 0x35FC, 0x2904, 0x09FC, 0x1104}},
  {35894, {0x0448, 0x444C, 0x2AAA, 0x2008, 0x0FFE, 0x0288, 0xEEE8, 0x228A, 0x2EEA, 0x228C, 0x2EEC, 0x2A88, 0x32EA, 0x2F1A, 0x0426, 0x0042}},
  {35895, {0x0820, 0x0810, 0x1108, 0x2104, 0x4280, 0x0440, 0x0820, 0x3018, 0xC006, 0x1FF0, 0x1010, 0x1010, 0x1010, 0x1010, 0x1FF0, 0x1010}},
  {35905, {0x2000, 0x1050, 0xFE48, 0x8284, 0x1124, 0x7C20, 0x1050, 0x7C88, 0x1104, 0xFEFA, 0x1088, 0x7C88, 0x4488, 0x4488, 0x7CF8, 0x4488}},
  {35910, {0x0000, 0x7FFC, 0x0000, 0x0000, 0x1FF0, 0x1010, 0x1010, 0x1010, 0x1010, 0x1FF0, 0x0000, 0x1010, 0x0820, 0x0440, 0xFFFE, 0x0000}},
  {35911, {0x0000, 0xFE00, 0x01FC, 0x0020, 0x7C20, 0x4420, 0x4420, 0x4420, 0x7C20, 0x0020, 0x4420, 0x2820, 0x2E20, 0xF020, 0x43FE, 0x0000}},
  {35913, {0x0020, 0xFE20, 0x0020, 0x01FE, 0x7C20, 0x4420, 0x4420, 0x45FC, 0x7C84, 0x0088, 0x4448, 0x2850, 0x2E20, 0xF050, 0x4188, 0x0606}},
  {35916, {0x0040, 0xFC20, 0x03FE, 0x0202, 0x7D04, 0x4900, 0x49DE, 0x4A52, 0x7A52, 0x0352, 0x8C9A, 0x4894, 0x5110, 0x1912, 0xE212, 0x040E}},
  {35925, {0x0000, 0x7FFC, 0x0200, 0x0600, 0x0908, 0x1190, 0x62A0, 0x04C0, 0x08C0, 0x11A0, 0x6290, 0x0488, 0x0886, 0x3080, 0xC280, 0x0100}},
  {35930, {0x0000, 0x7BFE, 0x4840, 0x4880, 0x4944, 0x7A24, 0x4868, 0x48B0, 0x4930, 0x7A28, 0x4868, 0x48A4, 0x4922, 0x4A20, 0x48A0, 0x9840}},
  {35937, {0x0800, 0x1FE0, 0x2020, 0x7FF8, 0xA108, 0x2208, 0x3FF8, 0x0600, 0x1910, 0x62A0, 0x0CC0, 0x71A0, 0x0690, 0x1888, 0xE286, 0x0100}},
  {35938, {0x1110, 0x0920, 0x7FFC, 0x0400, 0xFFFE, 0x1010, 0x2FC8, 0xC606, 0x1910, 0x62A0, 0x0CC0, 0x71B0, 0x0688, 0x1884, 0xE280, 0x0100}},
  {35946, {0x0100, 0x7FFC, 0x0000, 0x1FF0, 0x1010, 0x1FF0, 0x0000, 0x7FFE, 0x4002, 0x9FF4, 0x0600, 0x1920, 0x06C0, 0x39B0, 0x068C, 0x3980}},
  {35947, {0x0080, 0xF8F8, 0x0908, 0x53FE, 0x2512, 0x1122, 0xFDFE, 0x2440, 0x28A2, 0x2354, 0x2098, 0x2334, 0x2054, 0x2092, 0xA350, 0x4020}},
  {35955, {0x0100, 0x4104, 0x7DF4, 0x4924, 0x5144, 0x6BAC, 0x4D34, 0x5964, 0x6DB4, 0x4B2C, 0x5964, 0x69A4, 0x5964, 0x4104, 0x7FFC, 0x0004}},
  {35960, {0x00E0, 0x0700, 0x7A0C, 0x1130, 0x08C0, 0x0780, 0x7840, 0x00A0, 0x0330, 0x0C50, 0x7090, 0x0110, 0x0610, 0x1810, 0xE0A0, 0x0040}},
  {35961, {0x0C40, 0x3040, 0xC280, 0x14FC, 0x4904, 0x3204, 0xC804, 0x1504, 0x2484, 0xCC44, 0x1444, 0x2404, 0xC404, 0x0404, 0x2828, 0x1010}},
  {35962, {0x0C10, 0x3010, 0xC210, 0x1410, 0x49FE, 0x3010, 0xC830, 0x1430, 0x2450, 0xCC50, 0x1490, 0x2510, 0xC410, 0x0410, 0x2850, 0x1020}},
  {35970, {0x0C00, 0x31FC, 0xC244, 0x1444, 0x4844, 0x3044, 0xC894, 0x1488, 0x2500, 0xCCFC, 0x1484, 0x2484, 0xC484, 0x0484, 0x28FC, 0x1084}},
  {35973, {0x1090, 0x2090, 0xD490, 0x0910, 0x51FE, 0x2310, 0xD510, 0x1938, 0x2938, 0xC954, 0x1954, 0x2992, 0xC910, 0x0910, 0x5110, 0x2110}},
  {35977, {0x1080, 0x2080, 0xD4F8, 0x0908, 0x5310, 0x24A0, 0xD040, 0x18A0, 0x2918, 0xCA06, 0x1DF8, 0x2908, 0xC908, 0x0908, 0x51F8, 0x2108}},
  {35978, {0x0C00, 0x30FE, 0xC220, 0x1420, 0x4840, 0x30FC, 0xC884, 0x1484, 0x2484, 0xCCFC, 0x1484, 0x2484, 0xC484, 0x0484, 0x28FC, 0x1084}},
  {35980, {0x0C20, 0x3040, 0xC3FC, 0x1504, 0x4904, 0x31FC, 0xC904, 0x1504, 0x25FC, 0xCC50, 0x1450, 0x2450, 0xC492, 0x0492, 0x290E, 0x1200}},
  {35988, {0x0C20, 0x3040, 0xC3FC, 0x1504, 0x4954, 0x3124, 0xC954, 0x1504, 0x25FC, 0xCC00, 0x1512, 0x25D4, 0xC518, 0x0552, 0x2992, 0x110E}},
  {35992, {0x0C88, 0x3088, 0xC3FE, 0x1488, 0x4800, 0x31FC, 0xC904, 0x15FC, 0x2504, 0xCDFC, 0x1420, 0x25FE, 0xC450, 0x0488, 0x2904, 0x1202}},
  {36125, {0x0000, 0x1FF0, 0x1010, 0x1010, 0x1010, 0x1110, 0x1110, 0x1110, 0x1110, 0x1110, 0x1210, 0x0280, 0x0440, 0x0820, 0x1010, 0x2008}},
  {36126, {0x0100, 0x0100, 0x01FC, 0x0100, 0x0100, 0x3FF8, 0x2008, 0x2108, 0x2108, 0x2108, 0x2208, 0x2208, 0x04C0, 0x0830, 0x3008, 0xC004}},
  {36127, {0x0400, 0x0400, 0x0FE0, 0x1020, 0x2040, 0x5FF0, 0x1010, 0x1110, 0x1110, 0x1110, 0x1110, 0x1210, 0x02C0, 0x0420, 0x1810, 0x6008}},
  {36129, {0x0000, 0x3FF8, 0x0100, 0x0100, 0x7FFC, 0x0000, 0x0000, 0x1FF0, 0x1010, 0x1110, 0x1110, 0x1110, 0x1210, 0x04C0, 0x1830, 0x6008}},
  {36130, {0x0010, 0x7C10, 0x4410, 0x5410, 0x55FE, 0x5410, 0x5430, 0x5430, 0x5450, 0x5450, 0x5490, 0x1110, 0x2810, 0x2410, 0x4450, 0x8020}},
  {36131, {0x0100, 0x0100, 0x7FFC, 0x0100, 0x3FF8, 0x0100, 0xFFFE, 0x0000, 0x1FF0, 0x1010, 0x1110, 0x1110, 0x1110, 0x0260, 0x0C18, 0x7004}},
  {36132, {0x0400, 0x25F8, 0x2488, 0x2450, 0x2420, 0x24D8, 0x2706, 0x0400, 0x1FF0, 0x1010, 0x1110, 0x1110, 0x1110, 0x0260, 0x0C18, 0x7004}},
  {36133, {0x0040, 0x7C40, 0x4440, 0x5480, 0x54FE, 0x5508, 0x5688, 0x5488, 0x5488, 0x5450, 0x5450, 0x1020, 0x2850, 0x2488, 0x4504, 0x8202}},
  {36134, {0x0080, 0x7C84, 0x4484, 0x5488, 0x5490, 0x54A0, 0x5480, 0x55FE, 0x54A0, 0x54A0, 0x5490, 0x1090, 0x2888, 0x24A4, 0x44C2, 0x8080}},
  {36135, {0x0880, 0x0880, 0x1098, 0x30E0, 0x5784, 0x9084, 0x107C, 0x0000, 0x1FF0, 0x1010, 0x1110, 0x1110, 0x1110, 0x0260, 0x0C18, 0x7004}},
  {36136, {0x007C, 0x3FC0, 0x2040, 0x2040, 0x3FFE, 0x2040, 0x2040, 0x27FC, 0x2404, 0x2444, 0x2444, 0x2444, 0x24B4, 0x4108, 0x4604, 0x9802}},
  {36137, {0x0004, 0x7C0E, 0x44F0, 0x4480, 0x5480, 0x54FC, 0x54A4, 0x54A4, 0x54A4, 0x54A8, 0x54A8, 0x1090, 0x2910, 0x2528, 0x4244, 0x8082}},
  {36138, {0x0100, 0x0280, 0x0440, 0x0920, 0x3098, 0xCFE6, 0x0040, 0x0080, 0x1FF0, 0x1010, 0x1110, 0x1110, 0x1110, 0x0260, 0x0C18, 0x7004}},
  {36139, {0x0440, 0x0820, 0x3018, 0xDFE6, 0x0420, 0x0420, 0x08A0, 0x1040, 0x3FF0, 0x1010, 0x1110, 0x1110, 0x1110, 0x0260, 0x0C18, 0x7004}},
  {36140, {0x0008, 0x7C3C, 0x45C0, 0x4400, 0x5420, 0x5410, 0x55FC, 0x5404, 0x5408, 0x5410, 0x5420, 0x1040, 0x2880, 0x2540, 0x423E, 0x8000}},
  {36141, {0x0080, 0x7C80, 0x4480, 0x54FC, 0x5504, 0x5504, 0x5644, 0x5444, 0x5484, 0x54A4, 0x5514, 0x11F4, 0x2814, 0x2404, 0x4428, 0x8010}},
  {36142, {0x0040, 0x7C20, 0x4420, 0x5400, 0x55FE, 0x5502, 0x5604, 0x5400, 0x5400, 0x5400, 0x5400, 0x1000, 0x2800, 0x25FE, 0x4400, 0x8000}},
  {36143, {0x1FF0, 0x1110, 0x1110, 0xFFFE, 0x1110, 0x1110, 0x1FF0, 0x0000, 0x1FF0, 0x1010, 0x1110, 0x1110, 0x1110, 0x0260, 0x0C18, 0x7004}},
  {36144, {0x0028, 0x0024, 0xFFFE, 0x0020, 0x3FA0, 0x0020, 0x7FA0, 0x0020, 0x3FA0, 0x2090, 0x2490, 0x2490, 0x248A, 0x0A0A, 0x1106, 0x6082}},
  {36145, {0x0050, 0x7C48, 0x4440, 0x445C, 0x55E0, 0x5440, 0x545E, 0x57E0, 0x5444, 0x5448, 0x5430, 0x1022, 0x2852, 0x248A, 0x4306, 0x8002}},
  {36146, {0x0100, 0x3FF8, 0x0100, 0x0820, 0xFFFE, 0x0820, 0x0000, 0x1FF0, 0x1010, 0x1110, 0x1110, 0x1110, 0x1210, 0x04C0, 0x1830, 0x6008}},
  {36147, {0x1220, 0x1220, 0xFFFE, 0x1220, 0x13E0, 0x1000, 0x1FF8, 0x0000, 0x1FF0, 0x1010, 0x1110, 0x1110, 0x1110, 0x0260, 0x0C18, 0x7004}},
  {36148, {0x0020, 0x7C20, 0x4420, 0x5420, 0x543E, 0x5420, 0x5420, 0x5420, 0x55FC, 0x5504, 0x5504, 0x1104, 0x2904, 0x2504, 0x45FC, 0x8104}},
  {36149, {0x0100, 0x1FF0, 0x1110, 0x1110, 0x1FF0, 0x0100, 0xFFFE, 0x0000, 0x1FF0, 0x1010, 0x1110, 0x1110, 0x1110, 0x0260, 0x0C18, 0x7004}},
  {36150, {0x0000, 0x7DFC, 0x4504, 0x4504, 0x5504, 0x5504, 0x55FC, 0x5450, 0x5450, 0x5450, 0x5450, 0x1092, 0x2892, 0x2512, 0x420E, 0x8400}},
  {36151, {0x0890, 0x1088, 0x307E, 0xD7C0, 0x1022, 0x101A, 0x0006, 0x1FF0, 0x1010, 0x1110, 0x1110, 0x1110, 0x1210, 0x04C0, 0x1830, 0x6008}},
  {36152, {0x0600, 0x78FC, 0x4044, 0x4844, 0x4444, 0x5A94, 0x6108, 0x0000, 0x1FF0, 0x1010, 0x1110, 0x1110, 0x1110, 0x0260, 0x0C18, 0x7004}},
  {36153, {0x0440, 0x7FF8, 0x0448, 0x3FF8, 0x2440, 0x3FFC, 0x0844, 0x1054, 0x2008, 0x5FF0, 0x1010, 0x1110, 0x1110, 0x02C0, 0x0C30, 0x3008}},
  {36154, {0x1000, 0x1000, 0x7E7C, 0x1244, 0x2244, 0x2A7C, 0x4400, 0x9FF0, 0x1010, 0x1110, 0x1110, 0x1110, 0x1210, 0x04C0, 0x1830, 0x6008}},
  {36155, {0x0020, 0x7C20, 0x4420, 0x5440, 0x5448, 0x5484, 0x55FE, 0x5482, 0x5400, 0x54FC, 0x5484, 0x1084, 0x2884, 0x2484, 0x44FC, 0x8084}},
  {36156, {0x0014, 0x7C12, 0x4410, 0x45FE, 0x5410, 0x5490, 0x5492, 0x5492, 0x57F2, 0x5494, 0x5494, 0x1088, 0x288A, 0x251A, 0x4126, 0x8242}},
  {36157, {0x1080, 0x1080, 0xFBF0, 0x1090, 0x1990, 0xF094, 0x1154, 0x520C, 0x2404, 0x1FF0, 0x1010, 0x1110, 0x1110, 0x02C0, 0x0C30, 0x3008}},
  {36158, {0x0000, 0x7FFC, 0x0440, 0x3FF8, 0x2448, 0x2448, 0x3FF8, 0x0000, 0x1FF0, 0x1010, 0x1110, 0x1110, 0x1110, 0x0260, 0x0C18, 0x7004}},
  {36159, {0x0020, 0x7C20, 0x45FE, 0x5440, 0x5440, 0x54FC, 0x5484, 0x5584, 0x56FC, 0x5484, 0x5484, 0x10FC, 0x2884, 0x2484, 0x4494, 0x8088}},
  {36160, {0x0880, 0x0888, 0x2E90, 0x28E0, 0x2884, 0x2E84, 0xF07C, 0x0000, 0x1FF0, 0x1010, 0x1110, 0x1110, 0x1110, 0x0260, 0x0C18, 0x7004}},
  {36161, {0x0838, 0x13C0, 0x3040, 0x5040, 0x97FC, 0x1040, 0x1040, 0x13F8, 0x0000, 0x1FF0, 0x1010, 0x1110, 0x1110, 0x02C0, 0x0C30, 0x3008}},
  {36162, {0x0040, 0x7C40, 0x4478, 0x5488, 0x5550, 0x5420, 0x5450, 0x5488, 0x5506, 0x54F8, 0x5488, 0x1088, 0x2888, 0x2488, 0x44F8, 0x8088}},
  {36163, {0x0020, 0x7C10, 0x4410, 0x45FE, 0x5500, 0x5510, 0x5510, 0x5510, 0x557C, 0x5510, 0x5510, 0x1110, 0x2910, 0x2610, 0x42FE, 0x8400}},
  {36164, {0x0100, 0x4100, 0x21FC, 0x0A44, 0x1448, 0xE0A0, 0x2110, 0x260C, 0x1FF0, 0x1010, 0x1110, 0x1110, 0x1110, 0x0260, 0x0C18, 0x7004}},
  {36165, {0x0020, 0x7C10, 0x4410, 0x47FE, 0x5420, 0x5442, 0x5484, 0x55F8, 0x5410, 0x5422, 0x54C4, 0x1308, 0x2810, 0x2428, 0x40C4, 0x8302}},
  {36166, {0x0000, 0x7CFC, 0x4484, 0x5484, 0x54FC, 0x5490, 0x5490, 0x5488, 0x5484, 0x5532, 0x5508, 0x1200, 0x2860, 0x2418, 0x4404, 0x8000}},
  {36167, {0x0028, 0x7C24, 0x4424, 0x5420, 0x55FE, 0x5420, 0x5520, 0x54B2, 0x54B4, 0x5468, 0x54A8, 0x1124, 0x2A22, 0x2420, 0x44A0, 0x8040}},
  {36168, {0x0000, 0x7DFE, 0x4500, 0x4500, 0x557C, 0x5500, 0x5500, 0x55FE, 0x5550, 0x5552, 0x5554, 0x1148, 0x2948, 0x2644, 0x4252, 0x8460}},
  {36169, {0x0100, 0x0100, 0x7FFC, 0x1110, 0x0920, 0xFFFE, 0x0540, 0x0920, 0x3018, 0xDFF6, 0x1010, 0x1110, 0x1110, 0x02C0, 0x0C30, 0x3008}},
  {36170, {0x0020, 0x7C20, 0x4450, 0x5488, 0x5504, 0x56FA, 0x5400, 0x5400, 0x57FE, 0x5420, 0x5528, 0x1124, 0x2A22, 0x2422, 0x44A0, 0x8040}},
  {36171, {0x0008, 0x7C0C, 0x44EA, 0x440A, 0x5408, 0x55FE, 0x5448, 0x5448, 0x5548, 0x5568, 0x5548, 0x1148, 0x294A, 0x256A, 0x4386, 0x8102}},
  {36172, {0x0020, 0x7C22, 0x45FA, 0x4424, 0x5428, 0x57FE, 0x5420, 0x5440, 0x54FC, 0x5584, 0x5684, 0x10FC, 0x2884, 0x2484, 0x40FC, 0x8084}},
  {36173, {0x0100, 0x7FFC, 0x0920, 0x0920, 0x1550, 0x7FFE, 0x4002, 0x8004, 0x1FF0, 0x1010, 0x1110, 0x1110, 0x1110, 0x0260, 0x0C18, 0x7004}},
  {36174, {0x0020, 0x7C20, 0x45FC, 0x4420, 0x5420, 0x57FE, 0x5402, 0x5494, 0x5450, 0x5510, 0x5490, 0x13FE, 0x2828, 0x2444, 0x4082, 0x8302}},
  {36175, {0x1110, 0x0920, 0x3FFC, 0x2004, 0x4FE8, 0x0820, 0x0FE0, 0x0000, 0x1FF0, 0x1010, 0x1110, 0x1110, 0x1110, 0x0260, 0x0C18, 0x7004}},
  {36176, {0x0000, 0x7CFC, 0x4484, 0x5484, 0x54FC, 0x5484, 0x5484, 0x54FC, 0x5440, 0x54FE, 0x552A, 0x124A, 0x2892, 0x2522, 0x444A, 0x8084}},
  {36179, {0x0080, 0x3FFE, 0x2080, 0x2FF8, 0x2088, 0x3FFE, 0x2108, 0x2FF8, 0x2410, 0x2FF8, 0x3416, 0x2490, 0x4490, 0x4160, 0x8210, 0x0C08}},
  {36180, {0x0040, 0x7C20, 0x45FC, 0x5400, 0x5508, 0x5490, 0x5400, 0x57FE, 0x5400, 0x5400, 0x55FC, 0x1104, 0x2904, 0x2504, 0x45FC, 0x8104}},
  {36181, {0x0020, 0x7CA2, 0x44A2, 0x4524, 0x5450, 0x5488, 0x5704, 0x5422, 0x5420, 0x54A4, 0x54A4, 0x1128, 0x2850, 0x2488, 0x4104, 0x8202}},
  {36182, {0x1080, 0x1080, 0xFEF8, 0x1108, 0x1210, 0x7DFC, 0x5504, 0x5524, 0x5524, 0x7D24, 0x1124, 0x3924, 0x5450, 0x9088, 0x1104, 0x1202}},
  {36184, {0x0820, 0x7F20, 0x087E, 0x7E44, 0x08A4, 0xFF28, 0x1010, 0x1E28, 0x2244, 0x4682, 0x9FF0, 0x1010, 0x1110, 0x02C0, 0x0C30, 0x7008}},
  {36185, {0x0028, 0x7C24, 0x47FE, 0x5420, 0x55FC, 0x5524, 0x55FC, 0x5524, 0x55FC, 0x5524, 0x5408, 0x13FE, 0x2888, 0x2448, 0x4448, 0x8018}},
  {36186, {0x0088, 0x7C50, 0x4400, 0x55FE, 0x5450, 0x55FC, 0x5454, 0x57FE, 0x5454, 0x55FC, 0x5450, 0x10D8, 0x2954, 0x2652, 0x4450, 0x8050}},
  {36187, {0x0100, 0x7FFE, 0x4442, 0x9FF4, 0x0440, 0x3FF8, 0x0440, 0xFFFE, 0x0820, 0x1FF0, 0x2928, 0xC926, 0x0920, 0x0AA0, 0x0440, 0x1820}},
  {36188, {0x0020, 0x7DFE, 0x4820, 0x48FC, 0x4820, 0x5DFE, 0x5400, 0x55FC, 0x5504, 0x5D24, 0x4924, 0x4924, 0x4924, 0x7E50, 0x0088, 0x0304}},
  {36189, {0x3FFE, 0x2250, 0x24FE, 0x2D90, 0x36FC, 0x2490, 0x24FC, 0x2490, 0x24FE, 0x2000, 0x27FC, 0x2444, 0x4444, 0x40B0, 0x830C, 0x1C02}},
  {36190, {0x0810, 0x2850, 0x3E7C, 0x4890, 0x7EFE, 0x1428, 0x2548, 0x468A, 0x8106, 0x1FF0, 0x1010, 0x1110, 0x1110, 0x02C0, 0x0C30, 0x3008}},
  {36192, {0x0088, 0x7C48, 0x4450, 0x55FC, 0x5524, 0x55AC, 0x5574, 0x5524, 0x55FC, 0x5400, 0x54F8, 0x1088, 0x28F8, 0x2488, 0x44F8, 0x8088}},
  {36193, {0x0080, 0x7CF8, 0x4508, 0x47FE, 0x5544, 0x5592, 0x55FE, 0x5500, 0x557C, 0x5500, 0x557C, 0x1100, 0x297C, 0x2644, 0x427C, 0x8444}},
  {36194, {0x0100, 0xFFFE, 0x2000, 0x3FF8, 0x0000, 0x3FF8, 0x2008, 0x3FF8, 0x0000, 0x77DC, 0x5454, 0x7554, 0x555C, 0x7556, 0x5296, 0xB462}},
  {36195, {0x1040, 0xFE78, 0x44D0, 0x2920, 0xFE58, 0x0186, 0x7CF8, 0x4420, 0x7DFC, 0x4400, 0x7CF8, 0x1088, 0xFEA8, 0x10A8, 0x1050, 0x1188}},
  {36196, {0x0100, 0x0100, 0x0100, 0x3FF8, 0x0100, 0x0100, 0xFFFE, 0x0440, 0x0440, 0x2448, 0x2444, 0x4442, 0x8842, 0x0840, 0x1140, 0x2080}},
  {36198, {0x0820, 0x0820, 0x0820, 0x7E40, 0x087E, 0x0884, 0xFF44, 0x1444, 0x1444, 0x5628, 0x5528, 0x9510, 0x2410, 0x2428, 0x5444, 0x8882}},
  {36199, {0x0800, 0x08FC, 0x0884, 0x7E84, 0x0894, 0x0888, 0xFF80, 0x14FC, 0x14A4, 0x56A4, 0x55A8, 0x94A8, 0x2490, 0x24A8, 0x54C4, 0x8882}},
  {36203, {0x0820, 0x0820, 0x0820, 0x7EF8, 0x0820, 0x0820, 0xFEFE, 0x1450, 0x1450, 0x56D8, 0x5554, 0x9452, 0x2450, 0x2490, 0x5490, 0x8930}},
  {36205, {0x0820, 0x0824, 0x08F4, 0x7E28, 0x0828, 0x08FE, 0xFF10, 0x1420, 0x147C, 0x56C4, 0x5544, 0x957C, 0x2444, 0x2444, 0x547C, 0x8844}},
  {36208, {0x0100, 0x0100, 0x0100, 0x3FF8, 0x0100, 0x0100, 0xFFFE, 0x0100, 0x0100, 0x1100, 0x11F8, 0x1100, 0x1100, 0x2900, 0x47FE, 0x8000}},
  {36211, {0x0804, 0x0804, 0x0844, 0x7E44, 0x0844, 0x0844, 0xFF44, 0x084C, 0x2854, 0x2864, 0x2E04, 0x2804, 0x2804, 0x5800, 0x4FFE, 0x8000}},
  {36212, {0x0420, 0x0420, 0x0420, 0x3F20, 0x0430, 0x0428, 0x7FA4, 0x0424, 0x0420, 0x2420, 0x27A0, 0x2420, 0x2420, 0x5400, 0x4FFE, 0x8000}},
  {36213, {0x0800, 0x0804, 0x0884, 0x7E44, 0x0828, 0x0828, 0xFE10, 0x0810, 0x2828, 0x2828, 0x2E44, 0x2884, 0x2800, 0x5800, 0x4FFE, 0x8000}},
  {36214, {0x0800, 0x08FC, 0x0820, 0x7E20, 0x0820, 0x0820, 0xFE20, 0x09FE, 0x2820, 0x2820, 0x2E20, 0x2820, 0x2820, 0x5820, 0x4FFE, 0x8000}},
  {36215, {0x0800, 0x0800, 0x08F8, 0x7E08, 0x0808, 0x0808, 0xFEF8, 0x0888, 0x2880, 0x2880, 0x2E84, 0x2884, 0x287C, 0x5800, 0x4FFE, 0x8000}},
  {36225, {0x0820, 0x0820, 0x0850, 0x7E50, 0x0888, 0x0924, 0xFE42, 0x0890, 0x2820, 0x2844, 0x2E88, 0x2810, 0x2820, 0x5840, 0x4FFE, 0x8000}},
  {36228, {0x0800, 0x08F8, 0x0888, 0x7E88, 0x08F8, 0x0888, 0xFF88, 0x08F8, 0x2888, 0x2888, 0x2E88, 0x29FE, 0x2800, 0x5800, 0x4FFE, 0x8000}},
  {36229, {0x0800, 0x09FC, 0x0844, 0x7E44, 0x0844, 0x0894, 0xFF08, 0x08FC, 0x2884, 0x2884, 0x2E84, 0x28FC, 0x2800, 0x5800, 0x4FFE, 0x8000}},
  {36234, {0x1028, 0x1024, 0x1020, 0x7DFC, 0x1120, 0x1124, 0xFD24, 0x1128, 0x1128, 0x5110, 0x5D94, 0x512C, 0x7044, 0x5000, 0x4FFE, 0x8000}},
  {36235, {0x0840, 0x0840, 0x0878, 0x7E88, 0x0910, 0x08FC, 0xFE04, 0x0804, 0x28FC, 0x2804, 0x2E04, 0x29FC, 0x2800, 0x5800, 0x4FFE, 0x8000}},
  {36241, {0x1020, 0x1220, 0x1120, 0x7D3E, 0x1042, 0x1084, 0xFC90, 0x1090, 0x1310, 0x5110, 0x5D28, 0x5124, 0x5142, 0x7082, 0x5000, 0x8FFE}},
  {36244, {0x1002, 0x13F2, 0x1082, 0x7C8A, 0x108A, 0x11EA, 0xFD2A, 0x112A, 0x12AA, 0x504A, 0x5C4A, 0x5082, 0x510A, 0x7204, 0x5000, 0x8FFE}},
  {36255, {0x1020, 0x1124, 0x10A4, 0x7CA8, 0x11FC, 0x1104, 0xFD04, 0x1174, 0x1154, 0x5154, 0x5D74, 0x5104, 0x710C, 0x5000, 0x4FFE, 0x8000}},
  {36259, {0x1000, 0x13E0, 0x115E, 0x7D42, 0x11D2, 0x114A, 0xFD4A, 0x11C4, 0x1144, 0x5164, 0x5DCA, 0x534A, 0x7052, 0x5040, 0x4FFE, 0x8000}},
  {36273, {0x1108, 0x1528, 0x17BE, 0x7948, 0x17BE, 0x1318, 0xFDAA, 0x1946, 0x13F8, 0x5208, 0x5A48, 0x5248, 0x50A0, 0x7110, 0x5208, 0x8FFE}},
  {36275, {0x0000, 0x1FF0, 0x1010, 0x1010, 0x1010, 0x1010, 0x1FF0, 0x0100, 0x0100, 0x1100, 0x11F8, 0x1100, 0x2900, 0x2500, 0x43FE, 0x8000}},
  {36276, {0x0000, 0x7C20, 0x4520, 0x4520, 0x4520, 0x7D20, 0x1120, 0x1120, 0x5D20, 0x5110, 0x5110, 0x5210, 0x5E08, 0xE408, 0x0804, 0x1002}},
  {36277, {0x0040, 0x7C40, 0x4440, 0x44FC, 0x4484, 0x7D04, 0x1004, 0x1104, 0x5C84, 0x5044, 0x5044, 0x5004, 0x5C04, 0xE004, 0x0028, 0x0010}},
  {36280, {0x0000, 0xFFFE, 0x0400, 0x07F0, 0x0810, 0x10A0, 0x6040, 0x0000, 0x1FF0, 0x1010, 0x1FF0, 0x0100, 0x11F8, 0x1100, 0x2900, 0x47FE}},
  {36282, {0x0020, 0x7C20, 0x4420, 0x4420, 0x45FC, 0x7C20, 0x1020, 0x1020, 0x5DFE, 0x5020, 0x5050, 0x5050, 0x5C88, 0xE088, 0x0104, 0x0202}},
  {36284, {0x0000, 0x7DFE, 0x4448, 0x4448, 0x4448, 0x7C48, 0x1048, 0x13FE, 0x5C48, 0x5048, 0x5048, 0x5048, 0x5C88, 0xE088, 0x0108, 0x0208}},
  {36286, {0x0020, 0x7C20, 0x4420, 0x4520, 0x4520, 0x7D20, 0x113C, 0x1120, 0x5D20, 0x5120, 0x5120, 0x5120, 0x5D20, 0xE120, 0x07FE, 0x0000}},
  {36287, {0x0000, 0x7BFC, 0x4884, 0x4888, 0x4888, 0x7890, 0x109C, 0x1084, 0x5144, 0x5D44, 0x5128, 0x5128, 0x5A10, 0xE228, 0x0444, 0x0182}},
  {36291, {0x0008, 0x7C3C, 0x45E0, 0x4420, 0x4420, 0x7C20, 0x13FE, 0x1020, 0x5C20, 0x5050, 0x5050, 0x5050, 0x5C88, 0xE088, 0x0104, 0x0202}},
  {36292, {0x0020, 0x7C20, 0x4450, 0x4450, 0x4488, 0x7D04, 0x1202, 0x10F8, 0x5C88, 0x5088, 0x50A8, 0x5090, 0x5C82, 0xE082, 0x007E, 0x0000}},
  {36294, {0x0020, 0x7C20, 0x4440, 0x4440, 0x4488, 0x7D04, 0x13FE, 0x1002, 0x1000, 0x5DFC, 0x5104, 0x5104, 0x5104, 0x5D04, 0xE1FC, 0x0104}},
  {36299, {0x0050, 0x7C48, 0x4448, 0x4440, 0x47FE, 0x7C80, 0x1080, 0x10FC, 0x5D44, 0x5144, 0x5128, 0x5128, 0x5E10, 0xE228, 0x0444, 0x0182}},
  {36300, {0x0020, 0x7C20, 0x4520, 0x4520, 0x45FC, 0x7D20, 0x1220, 0x1020, 0x11FE, 0x5C20, 0x5050, 0x5050, 0x5088, 0x5C88, 0xE104, 0x0202}},
  {36302, {0x0020, 0x7C10, 0x4410, 0x45FE, 0x4502, 0x7E04, 0x1080, 0x1088, 0x5C90, 0x50A0, 0x50C0, 0x5082, 0x5C82, 0xE082, 0x007E, 0x0000}},
  {36303, {0x0100, 0x7900, 0x4900, 0x491C, 0x4BD4, 0x7954, 0x1154, 0x1154, 0x5154, 0x5D54, 0x5154, 0x5154, 0x5954, 0xE25C, 0x0354, 0x0480}},
  {36305, {0x0080, 0x7C80, 0x45FC, 0x4504, 0x4604, 0x7DF4, 0x1114, 0x1114, 0x5D14, 0x51F4, 0x5104, 0x5128, 0x5D12, 0xE102, 0x00FE, 0x0000}},
  {36310, {0x0000, 0x7C00, 0x45FE, 0x4420, 0x4420, 0x7C40, 0x1040, 0x10FC, 0x1084, 0x5D84, 0x5284, 0x5084, 0x5084, 0x5C84, 0xE0FC, 0x0084}},
  {36311, {0x0088, 0x7888, 0x4888, 0x4908, 0x497E, 0x7B08, 0x1508, 0x1148, 0x5128, 0x5D28, 0x5108, 0x5108, 0x5908, 0xE108, 0x0128, 0x0110}},
  {36314, {0x0000, 0x7DDC, 0x4554, 0x4554, 0x4554, 0x7D54, 0x1154, 0x13FE, 0x5D54, 0x5154, 0x5154, 0x5154, 0x5D54, 0xE2D4, 0x0224, 0x044C}},
  {36315, {0x0010, 0x7C10, 0x4410, 0x45FE, 0x4512, 0x7D14, 0x1110, 0x11FC, 0x5D44, 0x5144, 0x5128, 0x5128, 0x5D10, 0xE228, 0x0244, 0x0482}},
  {36317, {0x0000, 0x7DFE, 0x4500, 0x4500, 0x4500, 0x7DFC, 0x1104, 0x1104, 0x5D04, 0x5104, 0x51FC, 0x5100, 0x5D00, 0xE100, 0x01FE, 0x0000}},
  {36318, {0x0008, 0x7C1C, 0x45E0, 0x4500, 0x4520, 0x7D20, 0x1120, 0x11FE, 0x5C20, 0x5020, 0x50A8, 0x50A4, 0x5D22, 0xE222, 0x00A0, 0x0040}},
  {36319, {0x0000, 0x7DF8, 0x4508, 0x4508, 0x45F8, 0x7D08, 0x1108, 0x11F8, 0x5D44, 0x5148, 0x5130, 0x5120, 0x5D10, 0xE148, 0x0186, 0x0100}},
  {36323, {0x0020, 0x7920, 0x4920, 0x49FC, 0x4920, 0x7A20, 0x1020, 0x13FE, 0x5090, 0x5C90, 0x5090, 0x5090, 0x5912, 0xE112, 0x0212, 0x040E}},
  {36324, {0x0040, 0x7C20, 0x4420, 0x45FE, 0x4400, 0x7C88, 0x1104, 0x1202, 0x1088, 0x5C88, 0x5050, 0x5050, 0x5020, 0x5C50, 0xE088, 0x0306}},
  {36328, {0x0020, 0x7820, 0x4BFE, 0x4850, 0x4888, 0x7904, 0x16FA, 0x1000, 0x53FE, 0x5C40, 0x5080, 0x51FC, 0x5804, 0xE004, 0x0028, 0x0010}},
  {36330, {0x0040, 0x7C40, 0x44FC, 0x4504, 0x4608, 0x7DFE, 0x1100, 0x117C, 0x5D44, 0x5144, 0x5154, 0x5148, 0x5D42, 0xE242, 0x023E, 0x0400}},
  {36331, {0x0000, 0x7DF0, 0x1110, 0x1190, 0x1152, 0x1D12, 0xE20E, 0x4400, 0x1FF0, 0x1010, 0x1FF0, 0x0100, 0x11F8, 0x1100, 0x2900, 0x47FE}},
  {36332, {0x0020, 0x7C20, 0x45FC, 0x4420, 0x4420, 0x7C20, 0x13FE, 0x1000, 0x5C20, 0x5020, 0x51FC, 0x5020, 0x5C20, 0xE020, 0x03FE, 0x0000}},
  {36335, {0x0040, 0x7C40, 0x4478, 0x4488, 0x4550, 0x7C20, 0x1050, 0x1088, 0x1106, 0x5CF8, 0x5088, 0x5088, 0x5088, 0x5C88, 0xE0F8, 0x0088}},
  {36339, {0x0050, 0x7C50, 0x4450, 0x4552, 0x44D4, 0x7C58, 0x1050, 0x1058, 0x10D4, 0x5D52, 0x5050, 0x5050, 0x5092, 0x5C92, 0xE112, 0x020E}},
  {36341, {0x0050, 0x7C48, 0x4440, 0x445C, 0x45E0, 0x7C40, 0x105E, 0x11E0, 0x5C44, 0x5048, 0x5030, 0x5022, 0x5C52, 0xE08A, 0x0306, 0x0002}},
  {36343, {0x0080, 0x7C80, 0x44BC, 0x47C0, 0x4450, 0x7C24, 0x10D4, 0x130C, 0x5C00, 0x53FE, 0x5090, 0x5090, 0x5D12, 0xE112, 0x020E, 0x0400}},
  {36344, {0x0110, 0x7D12, 0x4514, 0x45D8, 0x4510, 0x7D12, 0x1152, 0x118E, 0x1120, 0x5C20, 0x53FE, 0x5020, 0x5020, 0x5C20, 0xE020, 0x0020}},
  {36345, {0x0000, 0x7A0C, 0x4970, 0x4910, 0x4810, 0x7810, 0x10FE, 0x1710, 0x5110, 0x5D10, 0x5110, 0x5110, 0x5910, 0xE280, 0x047E, 0x0000}},
  {36346, {0x0000, 0x7CF8, 0x4488, 0x4488, 0x4488, 0x7C88, 0x1126, 0x1220, 0x5DFE, 0x5020, 0x5070, 0x50A8, 0x5D24, 0xE222, 0x0020, 0x0020}},
  {36347, {0x0040, 0x7C20, 0x45FE, 0x4488, 0x4450, 0x7C20, 0x1050, 0x1088, 0x1106, 0x5C88, 0x5088, 0x5088, 0x5088, 0x5D08, 0xE108, 0x0208}},
  {36349, {0x0000, 0x7DF8, 0x4408, 0x4408, 0x45F8, 0x7D00, 0x1104, 0x1104, 0x5CFC, 0x5040, 0x5020, 0x50A4, 0x5E8A, 0xE28A, 0x0478, 0x0000}},
  {36357, {0x080C, 0x08F0, 0x7E80, 0x0880, 0x0EFE, 0x7888, 0x0888, 0x2908, 0x1208, 0x1FF0, 0x1010, 0x1FF0, 0x0100, 0x11F8, 0x3100, 0xCFFE}},
  {36361, {0x0040, 0x7C20, 0x45FC, 0x4504, 0x4504, 0x7DFC, 0x1104, 0x1104, 0x11FC, 0x5D20, 0x5122, 0x5114, 0x5108, 0x5D44, 0xE182, 0x0100}},
  {36362, {0x0000, 0x7DF8, 0x4408, 0x44D0, 0x4420, 0x7DFC, 0x1124, 0x1124, 0x5DFC, 0x5124, 0x5124, 0x51FC, 0x5D24, 0xE124, 0x0124, 0x010C}},
  {36364, {0x0020, 0x7C20, 0x47FE, 0x4420, 0x45FC, 0x7C40, 0x13FE, 0x1048, 0x5C88, 0x50FE, 0x5108, 0x5148, 0x5E28, 0xE408, 0x0028, 0x0010}},
  {36367, {0x0020, 0x7822, 0x4BB4, 0x48A8, 0x48A8, 0x7924, 0x12A2, 0x1040, 0x51FC, 0x5D04, 0x5104, 0x51FC, 0x5904, 0xE104, 0x01FC, 0x0104}},
  {36372, {0x0020, 0x7C20, 0x443E, 0x4420, 0x45FC, 0x7D04, 0x11FC, 0x1104, 0x5DFC, 0x5124, 0x5020, 0x53FE, 0x5C20, 0xE020, 0x0020, 0x0020}},
  {36381, {0x0000, 0x7DFC, 0x4524, 0x4524, 0x45FC, 0x7D24, 0x1124, 0x11FC, 0x1020, 0x5DFE, 0x5070, 0x50A8, 0x5124, 0x5E22, 0xE020, 0x0020}},
  {36382, {0x0000, 0x7DFE, 0x4502, 0x4502, 0x45FE, 0x7D10, 0x1110, 0x11FE, 0x5D10, 0x5110, 0x517E, 0x5142, 0x5D42, 0xE242, 0x027E, 0x0442}},
  {36383, {0x0100, 0x7900, 0x4900, 0x4BDE, 0x4A92, 0x7C92, 0x1092, 0x1092, 0x53F2, 0x5C92, 0x5092, 0x5152, 0x595E, 0xE220, 0x0420, 0x0800}},
  {36386, {0x0000, 0x7CFC, 0x4484, 0x4484, 0x44FC, 0x7C84, 0x1084, 0x10FC, 0x5C40, 0x50FE, 0x512A, 0x524A, 0x5C92, 0xE122, 0x004A, 0x0084}},
  {36387, {0x0040, 0x7C20, 0x45FC, 0x4400, 0x4508, 0x7C90, 0x1000, 0x13FE, 0x1000, 0x5C00, 0x51FC, 0x5104, 0x5104, 0x5D04, 0xE1FC, 0x0104}},
  {36393, {0x0008, 0x7C3C, 0x45C0, 0x4444, 0x4524, 0x7CA8, 0x1080, 0x1020, 0x5DFE, 0x5070, 0x50A8, 0x50A8, 0x5D24, 0xE222, 0x0420, 0x0020}},
  {36394, {0x0040, 0x7820, 0x4BFE, 0x4A02, 0x4C04, 0x79F8, 0x1000, 0x1000, 0x53FE, 0x5C20, 0x5128, 0x5124, 0x5A22, 0xE422, 0x00A0, 0x0040}},
  {36396, {0x001C, 0x7DE0, 0x4510, 0x4510, 0x45FE, 0x7D10, 0x1110, 0x117C, 0x5D44, 0x5154, 0x5154, 0x5154, 0x5D54, 0xE228, 0x0244, 0x0482}},
  {36398, {0x0020, 0x7C10, 0x45FE, 0x4500, 0x4520, 0x7D20, 0x113C, 0x1120, 0x5D20, 0x517C, 0x5144, 0x5144, 0x5D44, 0xE244, 0x027C, 0x0444}},
  {36399, {0x0440, 0xF25E, 0x9292, 0x9012, 0x97D4, 0xF114, 0x2118, 0x2114, 0xA7F2, 0xB912, 0xA112, 0xA11A, 0xBA94, 0xE250, 0x0450, 0x0810}},
  {36401, {0x0040, 0x7C20, 0x45FE, 0x4548, 0x4548, 0x7DFE, 0x1148, 0x1178, 0x5D00, 0x51FC, 0x5144, 0x5148, 0x5D28, 0xE210, 0x0228, 0x04C6}},
  {36405, {0x0008, 0x7C3C, 0x45E0, 0x4420, 0x47FE, 0x7C20, 0x11FC, 0x1124, 0x5DFC, 0x5124, 0x51FC, 0x5020, 0x5DFC, 0xE020, 0x03FE, 0x0000}},
  {36409, {0x0020, 0x7D24, 0x4524, 0x4524, 0x45FC, 0x7C00, 0x13FE, 0x1020, 0x5C40, 0x51FC, 0x5154, 0x5154, 0x5D54, 0xE154, 0x0154, 0x010C}},
  {36410, {0x0010, 0x7810, 0x4F7C, 0x4914, 0x49FE, 0x7A14, 0x127C, 0x1710, 0x517C, 0x5D10, 0x55FE, 0x5210, 0x5A10, 0xE500, 0x08FE, 0x0000}},
  {36413, {0x0004, 0x7C1E, 0x47E0, 0x4420, 0x45FC, 0x7D24, 0x1124, 0x11FC, 0x5C20, 0x53FE, 0x5222, 0x522A, 0x5EFA, 0xE202, 0x020A, 0x0204}},
  {36416, {0x0048, 0x7D48, 0x4548, 0x47FE, 0x4548, 0x7D48, 0x1178, 0x1100, 0x5DFE, 0x5020, 0x53FE, 0x5070, 0x5CA8, 0xE124, 0x0622, 0x0020}},
  {36417, {0x0040, 0x7C20, 0x45FE, 0x4502, 0x4502, 0x7DFE, 0x1100, 0x1100, 0x5DFE, 0x51AA, 0x51AA, 0x52FE, 0x5EAA, 0xE2AA, 0x04A2, 0x0086}},
  {36418, {0x0000, 0x7DFC, 0x4448, 0x4430, 0x47FE, 0x7C52, 0x1094, 0x1110, 0x5E30, 0x5020, 0x53FE, 0x5070, 0x5CA8, 0xE124, 0x0622, 0x0020}},
  {36420, {0x0040, 0x7C20, 0x45FC, 0x4400, 0x4488, 0x7C50, 0x13FE, 0x1222, 0x5C24, 0x51FC, 0x5124, 0x5124, 0x5D34, 0xE128, 0x0020, 0x0020}},
  {36423, {0x0100, 0x7FFE, 0x4442, 0x9FF4, 0x0440, 0x3FF8, 0x0440, 0xFFFE, 0x0820, 0x1FF0, 0x2828, 0xCFE6, 0x0100, 0x09F0, 0x1500, 0x23FC}},
  {36424, {0x001E, 0x7DE0, 0x4422, 0x4512, 0x4494, 0x7C80, 0x1020, 0x11CE, 0x1102, 0x5D02, 0x51CE, 0x5102, 0x5102, 0x5D02, 0xE1FE, 0x0102}},
  {36425, {0x0084, 0x7C44, 0x4448, 0x45FE, 0x4420, 0x7CFC, 0x1020, 0x11FE, 0x5C40, 0x5080, 0x50FE, 0x5110, 0x5E10, 0xE410, 0x01FE, 0x0000}},
  {36426, {0x001E, 0x7BE0, 0x4922, 0x4894, 0x4840, 0x7888, 0x11F0, 0x1020, 0x50C4, 0x5DFE, 0x5022, 0x5020, 0x5BFE, 0xE050, 0x0088, 0x0306}},
  {36427, {0x0000, 0x7DFC, 0x4504, 0x45FC, 0x4504, 0x7DFC, 0x1000, 0x1000, 0x13DE, 0x5C42, 0x5252, 0x514A, 0x5252, 0x5C42, 0xE14A, 0x0084}},
  {36433, {0x0000, 0x7DFE, 0x4484, 0x44FC, 0x4484, 0x7CFC, 0x1086, 0x13FC, 0x5C04, 0x53DE, 0x5052, 0x5152, 0x5C94, 0xE148, 0x0254, 0x0422}},
  {36434, {0x0048, 0x7C48, 0x45FE, 0x4448, 0x4400, 0x7DFE, 0x1048, 0x1048, 0x5DFE, 0x514A, 0x514A, 0x51B6, 0x5D22, 0xE102, 0x010A, 0x0104}},
  {36441, {0x0024, 0x3FFE, 0x2220, 0x23A4, 0x2224, 0x3FA8, 0x2B10, 0x529A, 0x4626, 0x9FF2, 0x1010, 0x1FF0, 0x0100, 0x11F8, 0x3100, 0xCFFE}},
  {36454, {0x0020, 0x7A22, 0x4A22, 0x4BFE, 0x4800, 0x7BDE, 0x1252, 0x1252, 0x53DE, 0x5E52, 0x5252, 0x53DE, 0x5A52, 0xE252, 0x055A, 0x08A4}},
  {36457, {0x4920, 0x2A3E, 0x7F48, 0x4948, 0x5DA8, 0x6B10, 0x4928, 0x4146, 0x1FF0, 0x1010, 0x1FF0, 0x0100, 0x11F8, 0x1100, 0x2900, 0x47FE}},
  {36460, {0x0010, 0x7BD2, 0x4854, 0x4948, 0x488A, 0x7904, 0x12FA, 0x1400, 0x51FC, 0x5D04, 0x5104, 0x51FC, 0x5904, 0xE088, 0x07FE, 0x0000}},
  {36461, {0x0104, 0x7888, 0x4800, 0x4BFE, 0x4A22, 0x7AAA, 0x1272, 0x1222, 0x53FE, 0x5C00, 0x51FC, 0x5104, 0x59FC, 0xE104, 0x01FC, 0x0104}},
  {36463, {0x003C, 0x7DE0, 0x4524, 0x44A8, 0x45FE, 0x7CA8, 0x1124, 0x1202, 0x5DFC, 0x5124, 0x5124, 0x51FC, 0x5D24, 0xE124, 0x01FC, 0x0104}},
  {36464, {0x0000, 0x7BFE, 0x4A00, 0x4A04, 0x4BF4, 0x7A04, 0x12EE, 0x12A4, 0x52A4, 0x5EEC, 0x5204, 0x52A4, 0x5A44, 0xE274, 0x0594, 0x0008}},
  {36466, {0x0088, 0x7850, 0x4BFE, 0x4850, 0x49FC, 0x7954, 0x118C, 0x1174, 0x5104, 0x5DFC, 0x5008, 0x53FE, 0x5908, 0xE088, 0x00A8, 0x0010}},
  {36468, {0x0214, 0xF112, 0x9FD2, 0x9010, 0x907E, 0xF790, 0x2490, 0x2490, 0xA790, 0xB928, 0xA5A8, 0xA568, 0xA928, 0xB14A, 0xC54A, 0x0286}},
  {36470, {0x0000, 0xF7FE, 0x9400, 0x9628, 0x9548, 0xF7EE, 0x2492, 0x2484, 0xA6A0, 0xBEA8, 0xA7E8, 0xA488, 0xBC94, 0xE514, 0x0924, 0x1242}},
  {36476, {0x0050, 0x7A52, 0x4954, 0x4850, 0x4BFE, 0x7888, 0x1050, 0x13FE, 0x5020, 0x5DFC, 0x5020, 0x53FE, 0x5850, 0xE088, 0x0104, 0x0602}},
  {36479, {0x0040, 0x7820, 0x4BFE, 0x4A8A, 0x4924, 0x7A22, 0x11FC, 0x1124, 0x51FC, 0x5C20, 0x53FE, 0x5222, 0x5BFE, 0xE222, 0x0020, 0x0020}},
  {36481, {0x00F8, 0x7C88, 0x4488, 0x44F8, 0x4400, 0x7DDC, 0x1154, 0x1154, 0x5DDC, 0x5020, 0x53FE, 0x5070, 0x5CA8, 0xE124, 0x0222, 0x0020}},
  {36485, {0x0000, 0x7DFC, 0x4554, 0x4554, 0x45FC, 0x7C80, 0x11FC, 0x1244, 0x11F4, 0x5D54, 0x5154, 0x51F4, 0x5044, 0x5DF4, 0xE014, 0x0008}},
  {36487, {0x0088, 0x7888, 0x4BFE, 0x48A8, 0x4822, 0x79FA, 0x1024, 0x1028, 0x53FE, 0x5C40, 0x50FC, 0x5184, 0x5AFC, 0xE484, 0x00FC, 0x0084}},
  {36495, {0x0048, 0x7DFE, 0x4448, 0x4500, 0x44BE, 0x7C82, 0x1152, 0x117E, 0x11D2, 0x5D7E, 0x5152, 0x517E, 0x5152, 0x5D7E, 0xE142, 0x0106}},
  {36496, {0x0124, 0x7A48, 0x4924, 0x4800, 0x4BFC, 0x7A94, 0x1264, 0x1294, 0x13FC, 0x5E48, 0x5368, 0x5248, 0x536A, 0x5E4A, 0xE246, 0x0362}},
  {36500, {0x0020, 0xF7FE, 0x9400, 0x95FC, 0x9524, 0xF5FC, 0x2524, 0x25FC, 0xA420, 0xBDFC, 0xA420, 0xA7FE, 0xBD24, 0xEAFA, 0x0820, 0x13FE}},
  {36508, {0x0108, 0xF528, 0x97BE, 0x9948, 0x97BE, 0xF318, 0x25AA, 0x2946, 0xA000, 0xBBF8, 0xA208, 0xA248, 0xBA48, 0xE0B0, 0x0108, 0x0604}},
  {36510, {0x0248, 0xF2E8, 0x9308, 0x96EA, 0x9A1C, 0xF2E8, 0x2208, 0x22E8, 0xA5B4, 0xB8E2, 0xA000, 0xA3F8, 0xB910, 0xE0E0, 0x0318, 0x0C06}},
  {36523, {0x0200, 0x0400, 0x1FF0, 0x1010, 0x1FF0, 0x1010, 0x1FF2, 0x1014, 0x1018, 0x7FF0, 0x0050, 0x0090, 0x0310, 0x1C10, 0xE050, 0x0020}},
  {36524, {0x0800, 0x10FC, 0x3E04, 0x2204, 0x3E04, 0x227C, 0x3E40, 0x2240, 0x2280, 0xFEFC, 0x0604, 0x0A04, 0x1204, 0x2204, 0x4A28, 0x0410}},
  {36527, {0x1000, 0x21FE, 0x7D00, 0x4504, 0x7D44, 0x4528, 0x7D28, 0x4510, 0x4510, 0xFD28, 0x0D28, 0x1544, 0x2584, 0x4500, 0x95FE, 0x0800}},
  {36530, {0x1000, 0x20F8, 0x7C88, 0x4488, 0x7C88, 0x4488, 0x7D26, 0x4620, 0x45FE, 0xFC20, 0x0C70, 0x14A8, 0x2524, 0x4622, 0x9420, 0x0820}},
  {36538, {0x1020, 0x2124, 0x7CA4, 0x44A8, 0x7C20, 0x45FC, 0x7D04, 0x4504, 0x4574, 0xFD54, 0x0D54, 0x1554, 0x2574, 0x4504, 0x9514, 0x0908}},
  {36558, {0x0100, 0x7FFC, 0x0100, 0x3FF8, 0x2108, 0x3FF8, 0x2108, 0x3FF8, 0x0100, 0xFFFE, 0x0100, 0x3FF8, 0x2008, 0x2008, 0x3FF8, 0x2008}},
  {36710, {0x0200, 0x0200, 0x0200, 0x7FFC, 0x0400, 0x0900, 0x1100, 0x2100, 0x3FF8, 0x0100, 0x0100, 0xFFFE, 0x0100, 0x0100, 0x0100, 0x0100}},
  {36711, {0x1040, 0x1040, 0x1040, 0xFE40, 0x2040, 0x2840, 0x4840, 0x7E40, 0x0840, 0x0840, 0x0E40, 0xF842, 0x4842, 0x0842, 0x083E, 0x0800}},
  {36712, {0x2080, 0x2080, 0x2080, 0xFC80, 0x43F0, 0x5090, 0x9090, 0xFC90, 0x1090, 0x1090, 0x1C90, 0xF092, 0x5112, 0x1112, 0x120E, 0x1400}},
  {36713, {0x1000, 0x1000, 0x10FE, 0xFE10, 0x2010, 0x2810, 0x4810, 0x7E10, 0x09FE, 0x0810, 0x0E10, 0xF810, 0x4810, 0x0810, 0x0810, 0x0810}},
  {36715, {0x1000, 0x1000, 0x10FC, 0xFE24, 0x2024, 0x28A4, 0x48A4, 0x7EA4, 0x08A4, 0x0924, 0x0E24, 0xF844, 0x4844, 0x0884, 0x0928, 0x0A10}},
  {36716, {0x2020, 0x2020, 0x2020, 0xFDFC, 0x4020, 0x5040, 0x93FE, 0xFC40, 0x1080, 0x11FC, 0x1C04, 0xF088, 0x5050, 0x1020, 0x1010, 0x1010}},
  {36717, {0x2000, 0x21FE, 0x2100, 0xFD00, 0x4178, 0x5148, 0x9148, 0xFD48, 0x1148, 0x1168, 0x1D50, 0xF142, 0x5142, 0x1142, 0x123E, 0x1400}},
  {36718, {0x2040, 0x2040, 0x20A0, 0xFCA0, 0x4110, 0x5208, 0x9406, 0xFD10, 0x1120, 0x1140, 0x1D80, 0xF100, 0x5104, 0x1104, 0x10FC, 0x1000}},
  {36719, {0x1040, 0x1040, 0x1040, 0xFE7C, 0x2084, 0x2888, 0x4920, 0x7E20, 0x0820, 0x0850, 0x0E50, 0xF850, 0x4888, 0x0888, 0x0904, 0x0A02}},
  {36720, {0x0200, 0x0200, 0x7FFC, 0x0800, 0x1100, 0x3FF8, 0x0100, 0xFFFE, 0x0100, 0x0100, 0x3EF8, 0x0288, 0x1450, 0x0820, 0x3458, 0xC286}},
  {36721, {0x1020, 0x1020, 0x1020, 0xFE20, 0x21FE, 0x2820, 0x4820, 0x7E20, 0x08FC, 0x0884, 0x0E84, 0xF884, 0x4884, 0x0884, 0x08FC, 0x0884}},
  {36722, {0x2000, 0x2000, 0x21FE, 0xFC08, 0x4008, 0x51E8, 0x9128, 0xFD28, 0x1128, 0x1128, 0x1DE8, 0xF128, 0x5008, 0x1008, 0x1028, 0x1010}},
  {36723, {0x2020, 0x2020, 0x203E, 0xFC20, 0x4020, 0x51FC, 0x9104, 0xFD04, 0x1104, 0x11FC, 0x1D04, 0xF100, 0x5100, 0x1200, 0x1200, 0x1400}},
  {36724, {0x2020, 0x2020, 0x2020, 0xFC20, 0x41FC, 0x5124, 0x9124, 0xFD24, 0x1124, 0x11FC, 0x1D24, 0xF124, 0x5124, 0x1124, 0x11FC, 0x1104}},
  {36725, {0x2000, 0x2000, 0x21FC, 0xFD04, 0x4104, 0x5104, 0x9104, 0xFD04, 0x11FC, 0x1104, 0x1C00, 0xF090, 0x5088, 0x1104, 0x1202, 0x1402}},
  {36726, {0x2020, 0x2020, 0x2120, 0xFD20, 0x41FC, 0x5120, 0x9220, 0xFC20, 0x13FE, 0x1020, 0x1C50, 0xF050, 0x5088, 0x1088, 0x1104, 0x1202}},
  {36727, {0x2008, 0x203C, 0x23E0, 0xFC20, 0x4124, 0x50A4, 0x90A8, 0xFC20, 0x13FE, 0x1020, 0x1C20, 0xF020, 0x5020, 0x1020, 0x10A0, 0x1040}},
  {36728, {0x2020, 0x2020, 0x2050, 0xFC88, 0x4104, 0x5212, 0x9020, 0xFC40, 0x1188, 0x1010, 0x1C20, 0xF044, 0x5188, 0x1010, 0x1060, 0x1380}},
  {36729, {0x2008, 0x201C, 0x21E0, 0xFD00, 0x4120, 0x5120, 0x9120, 0xFDFE, 0x1020, 0x1020, 0x1CA8, 0xF0A4, 0x5122, 0x1222, 0x10A0, 0x1040}},
  {36730, {0x1000, 0x11FC, 0x1044, 0xFE44, 0x2044, 0x2844, 0x4894, 0x7E88, 0x0900, 0x08FC, 0x0E84, 0xF884, 0x4884, 0x0884, 0x08FC, 0x0884}},
  {36731, {0x2000, 0x21FC, 0x2008, 0xFC10, 0x4030, 0x5048, 0x9084, 0xFF02, 0x1000, 0x11FC, 0x1C20, 0xF020, 0x5020, 0x1020, 0x13FE, 0x1000}},
  {36732, {0x2010, 0x2014, 0x2012, 0xFC10, 0x41FE, 0x5010, 0x9010, 0xFDD0, 0x1090, 0x1090, 0x1C90, 0xF088, 0x50EA, 0x138A, 0x1006, 0x1002}},
  {36733, {0x0820, 0x0828, 0x7F24, 0x0820, 0xFFFE, 0x1020, 0x1024, 0xFF24, 0x2024, 0x4828, 0x7F28, 0x0810, 0x0F12, 0xF82A, 0x0846, 0x0882}},
  {36734, {0x1000, 0x10FE, 0x1010, 0xFE20, 0x2044, 0x2882, 0x48FE, 0x7E12, 0x0810, 0x0810, 0x0EFE, 0xF810, 0x4810, 0x0810, 0x09FE, 0x0800}},
  {36735, {0x2008, 0x203C, 0x21E0, 0xFC20, 0x4020, 0x53FE, 0x9050, 0xFC88, 0x1104, 0x128A, 0x1C88, 0xF088, 0x5088, 0x1108, 0x1108, 0x1208}},
  {36737, {0x2020, 0x2020, 0x2050, 0xFC88, 0x4104, 0x5202, 0x91FC, 0xFC20, 0x1020, 0x1020, 0x1DFC, 0xF020, 0x5020, 0x1020, 0x13FE, 0x1000}},
  {36738, {0x1040, 0x1040, 0x1078, 0xFE88, 0x2150, 0x2820, 0x4850, 0x7E88, 0x0906, 0x08F8, 0x0E88, 0xF888, 0x4888, 0x0888, 0x08F8, 0x0888}},
  {36739, {0x2040, 0x2020, 0x2020, 0xFDFE, 0x4000, 0x5088, 0x9104, 0xFE02, 0x1088, 0x1088, 0x1C50, 0xF050, 0x5020, 0x1050, 0x1088, 0x1306}},
  {36740, {0x2000, 0x23FE, 0x2120, 0xFD28, 0x4128, 0x51E8, 0x9128, 0xFD28, 0x1128, 0x11E8, 0x1D28, 0xF12A, 0x513A, 0x13EA, 0x1026, 0x1020}},
  {36741, {0x2028, 0x2024, 0x23FE, 0xFC20, 0x4020, 0x51FC, 0x9124, 0xFD24, 0x11FC, 0x1124, 0x1D24, 0xF1FC, 0x5124, 0x1124, 0x1124, 0x110C}},
  {36742, {0x2000, 0x23FE, 0x2050, 0xFC50, 0x4050, 0x53FE, 0x9252, 0xFE52, 0x1252, 0x12AA, 0x1EA6, 0xF302, 0x5202, 0x1202, 0x120A, 0x1204}},
  {36743, {0x0820, 0x0820, 0x7EFC, 0x0820, 0xFEFE, 0x1450, 0x2288, 0x4206, 0xBFF8, 0x0500, 0x0900, 0x1FF0, 0x0100, 0xFFFE, 0x0100, 0x0100}},
  {36744, {0x0440, 0x7C7C, 0x0440, 0x3C78, 0x0440, 0x7C7C, 0x0640, 0x0200, 0x3FF8, 0x0500, 0x0900, 0x1FF0, 0x0100, 0xFFFE, 0x0100, 0x0100}},
  {36745, {0x1000, 0x13FE, 0x9202, 0x5444, 0x5840, 0x13FC, 0xFC80, 0x28A0, 0x2920, 0x29FC, 0x2820, 0x2820, 0x2BFE, 0x4C20, 0x4820, 0x8020}},
  {36746, {0x2000, 0x21FC, 0x2104, 0xFD04, 0x41FC, 0x5104, 0x9104, 0xFDFC, 0x1000, 0x1112, 0x1DD4, 0xF118, 0x5110, 0x1152, 0x1192, 0x110E}},
  {36747, {0x2000, 0x23FE, 0x2202, 0xFA8A, 0x4252, 0x53FE, 0x9242, 0xFE22, 0x13FE, 0x1282, 0x1E82, 0xF282, 0x52FA, 0x1202, 0x120A, 0x1204}},
  {36749, {0x2000, 0x23DE, 0x2042, 0xFD4A, 0x4084, 0x514A, 0x9252, 0xFC20, 0x1000, 0x13DE, 0x1C52, 0xF152, 0x5094, 0x1148, 0x1254, 0x1422}},
  {36750, {0x2092, 0x2092, 0x2124, 0xFA48, 0x4124, 0x5092, 0x9092, 0xFC00, 0x11FE, 0x1122, 0x1D22, 0xF1FE, 0x5122, 0x1122, 0x11FE, 0x1102}},
  {36751, {0x2020, 0x2020, 0x23FE, 0xFC20, 0x41FC, 0x5040, 0x93FE, 0xFC88, 0x1104, 0x12FA, 0x1C20, 0xF1FC, 0x5020, 0x1050, 0x1088, 0x1304}},
  {36752, {0x2000, 0x21FE, 0x2000, 0xFCFC, 0x4084, 0x5084, 0x90FC, 0xFC00, 0x11FE, 0x1122, 0x1D22, 0xF1FE, 0x5122, 0x1122, 0x11FE, 0x1102}},
  {36753, {0x2000, 0x21F8, 0x2108, 0xFD08, 0x41F8, 0x5000, 0x97FE, 0xFD08, 0x11F8, 0x1108, 0x1DF8, 0xF108, 0x513E, 0x17C8, 0x1008, 0x1008}},
  {36755, {0x2040, 0x20A0, 0x2110, 0xFA08, 0x25F6, 0x4000, 0x53C4, 0x9254, 0xFA54, 0x13D4, 0x1A54, 0xF254, 0x53D4, 0x1244, 0x1254, 0x12C8}},
  {36756, {0x2208, 0x2208, 0x47D0, 0x8A22, 0xF53C, 0x27C8, 0x4110, 0xF93E, 0x07C0, 0x193E, 0xE100, 0x3FF8, 0x2008, 0x2008, 0x3FF8, 0x2008}},
  {36757, {0x2020, 0x2020, 0x21FC, 0xFC20, 0x43FE, 0x5000, 0x91FC, 0xFD04, 0x1104, 0x11FC, 0x1C52, 0xF094, 0x5188, 0x16A4, 0x10C2, 0x1080}},
  {36758, {0x2040, 0x2020, 0x23FE, 0xFE02, 0x4424, 0x51FC, 0x9020, 0xFDFC, 0x1020, 0x13FE, 0x1C20, 0xF1FC, 0x5104, 0x1104, 0x11FC, 0x1104}},
  {36759, {0x2000, 0x23FC, 0x2204, 0xFA04, 0x43FC, 0x5248, 0x9248, 0xFEFC, 0x1248, 0x1248, 0x1FFE, 0xF2A4, 0x52A8, 0x1490, 0x14C8, 0x1886}},
  {36760, {0x2040, 0x2020, 0x23FE, 0xFA50, 0x4250, 0x53FE, 0x9252, 0xFE52, 0x13FE, 0x1200, 0x1E92, 0xF2D4, 0x5298, 0x1492, 0x14D2, 0x188E}},
  {36761, {0x2208, 0x2108, 0x27C8, 0xFA10, 0x249E, 0x4FD4, 0x5064, 0x9794, 0xFC94, 0x1794, 0x1C94, 0xF788, 0x5488, 0x1494, 0x14A4, 0x15C2}},
  {36762, {0x2020, 0x2124, 0x20A8, 0xFBFE, 0x20A8, 0x4124, 0x5222, 0x9104, 0xF904, 0x11DE, 0x1A44, 0xF554, 0x509E, 0x1104, 0x1204, 0x1404}},
  {36763, {0x0200, 0x0100, 0x3FF8, 0x0000, 0x0820, 0x0440, 0xFFFE, 0x0100, 0x0100, 0x0100, 0x7FFC, 0x0100, 0x0100, 0x0100, 0x0100, 0x0100}},
  {36764, {0x0100, 0x7FFC, 0x0100, 0x1FF0, 0x1010, 0x1FF0, 0x0100, 0x3FF8, 0x0820, 0x0440, 0xFFFE, 0x0100, 0x3FF8, 0x0100, 0x0100, 0x0100}},
  {36766, {0x0840, 0x1C20, 0x71FC, 0x1000, 0x1088, 0xFC50, 0x13FE, 0x1020, 0x7C20, 0x4420, 0x45FC, 0x4420, 0x4420, 0x7C20, 0x4420, 0x0020}},
  {36767, {0x0040, 0x7C20, 0x4420, 0x45FC, 0x4400, 0x7C88, 0x4050, 0x41FE, 0x7C20, 0x6420, 0xA5FC, 0xA420, 0x2420, 0x3C20, 0x2420, 0x0020}},
  {36771, {0x2020, 0x1020, 0x11FC, 0xFC20, 0x0020, 0x45FC, 0x2924, 0xFD24, 0x11FC, 0x1020, 0xFC70, 0x10A8, 0x2124, 0x2222, 0x4020, 0x8020}},
  {36776, {0x2010, 0x1088, 0x1088, 0x7CBE, 0x0080, 0x2A94, 0x1288, 0xFEBE, 0x1288, 0x1088, 0x7C9C, 0x1108, 0x1108, 0x2208, 0x2408, 0x4008}},
  {36777, {0x2010, 0x1208, 0x1108, 0x7D3E, 0x0000, 0x2B14, 0x1108, 0xFD3E, 0x1108, 0x1108, 0x7D1C, 0x1148, 0x1188, 0x2108, 0x2008, 0x4008}},
  {36779, {0x2010, 0x1088, 0x1088, 0x7D3E, 0x0140, 0x2BD4, 0x1088, 0xFCBE, 0x1108, 0x13C8, 0x7C1C, 0x1008, 0x10C8, 0x2308, 0x2008, 0x4008}},
  {36784, {0x0000, 0x3FFC, 0x2000, 0x2000, 0x2FF8, 0x2000, 0x2000, 0x3FFC, 0x2480, 0x2488, 0x2450, 0x2420, 0x4410, 0x4508, 0x8606, 0x0400}},
  {36785, {0x0000, 0x3FFC, 0x2000, 0x2FF8, 0x2000, 0x3FFE, 0x2888, 0x4850, 0x4A30, 0x8C0E, 0x0020, 0xFFFE, 0x0820, 0x0420, 0x04A0, 0x0040}},
  {36790, {0x0000, 0x2000, 0x1000, 0x1000, 0x0000, 0x0000, 0xF000, 0x1000, 0x1000, 0x1000, 0x1000, 0x1000, 0x1000, 0x2800, 0x47FE, 0x0000}},
  {36793, {0x0040, 0x2040, 0x1040, 0x13FC, 0x0044, 0x0044, 0xF044, 0x1084, 0x1084, 0x1104, 0x1104, 0x1228, 0x1410, 0x2800, 0x47FE, 0x0000}},
  {36797, {0x0000, 0x23F8, 0x1010, 0x1020, 0x0040, 0x0040, 0xF040, 0x1040, 0x1040, 0x1040, 0x1040, 0x1140, 0x1080, 0x2800, 0x47FE, 0x0000}},
  {36798, {0x0040, 0x2040, 0x1040, 0x1040, 0x07FE, 0x0040, 0xF040, 0x10A0, 0x1090, 0x1108, 0x1204, 0x1404, 0x1000, 0x2800, 0x47FE, 0x0000}},
  {36801, {0x0010, 0x2078, 0x13C0, 0x1040, 0x0040, 0x0040, 0xF7FE, 0x1040, 0x1040, 0x1040, 0x1040, 0x1040, 0x1040, 0x2800, 0x47FE, 0x0000}},
  {36802, {0x0000, 0x23F8, 0x1040, 0x1040, 0x0040, 0x0040, 0xF7FC, 0x1040, 0x1040, 0x1040, 0x1040, 0x1040, 0x1140, 0x2880, 0x47FE, 0x0000}},
  {36804, {0x0100, 0x2100, 0x11FE, 0x1200, 0x0400, 0x01F8, 0xF010, 0x1060, 0x1080, 0x1104, 0x1104, 0x10FC, 0x1000, 0x2800, 0x47FE, 0x0000}},
  {36805, {0x0000, 0x4FE0, 0x2220, 0x2220, 0x0220, 0x0220, 0xEFA0, 0x2220, 0x2224, 0x2214, 0x2214, 0x220C, 0x2204, 0x5000, 0x8FFE, 0x0000}},
  {36807, {0x0010, 0x2010, 0x1010, 0x17FE, 0x0010, 0x0010, 0xF210, 0x1110, 0x1110, 0x1010, 0x1010, 0x1050, 0x1020, 0x2800, 0x47FE, 0x0000}},
  {36808, {0x0000, 0x2000, 0x17FE, 0x1080, 0x0080, 0x00FC, 0xF084, 0x1084, 0x1084, 0x1104, 0x1104, 0x1228, 0x1410, 0x2800, 0x47FE, 0x0000}},
  {36814, {0x0000, 0x2080, 0x133C, 0x1224, 0x0224, 0x0224, 0xF224, 0x1224, 0x1224, 0x12B4, 0x1328, 0x1220, 0x1020, 0x2820, 0x47FE, 0x0000}},
  {36816, {0x0000, 0x23F8, 0x1000, 0x1000, 0x0000, 0x07FC, 0xF040, 0x1080, 0x1110, 0x1208, 0x17FC, 0x1204, 0x1000, 0x2800, 0x47FE, 0x0000}},
  {36817, {0x0008, 0x201C, 0x11E0, 0x1100, 0x0100, 0x01FE, 0xF110, 0x1110, 0x1110, 0x1110, 0x1210, 0x1210, 0x1410, 0x2800, 0x47FE, 0x0000}},
  {36819, {0x0000, 0x23FC, 0x1010, 0x1110, 0x0110, 0x0210, 0xF3FE, 0x1030, 0x1050, 0x1090, 0x1110, 0x1650, 0x1020, 0x2800, 0x47FE, 0x0000}},
  {36820, {0x0008, 0x203C, 0x13C0, 0x1200, 0x0200, 0x03FC, 0xF204, 0x1288, 0x1250, 0x1220, 0x1250, 0x1488, 0x1504, 0x2800, 0x47FE, 0x0000}},
  {36821, {0x0080, 0x2080, 0x1080, 0x11FC, 0x0120, 0x0220, 0xF020, 0x1020, 0x17FE, 0x1020, 0x1020, 0x1020, 0x1020, 0x2820, 0x47FE, 0x0000}},
  {36824, {0x0000, 0x23FC, 0x1020, 0x1020, 0x0040, 0x0040, 0xF0D0, 0x1148, 0x1244, 0x1444, 0x1040, 0x1040, 0x1040, 0x2800, 0x47FE, 0x0000}},
  {36825, {0x0080, 0x2040, 0x1040, 0x17FC, 0x0010, 0x0210, 0xF120, 0x10A0, 0x1040, 0x10A0, 0x1110, 0x1208, 0x1408, 0x2800, 0x47FE, 0x0000}},
  {36827, {0x0090, 0x2090, 0x1090, 0x13FC, 0x0090, 0x0090, 0xF090, 0x17FE, 0x1090, 0x1090, 0x1110, 0x1110, 0x1210, 0x2800, 0x47FE, 0x0000}},
  {36828, {0x0000, 0x23F8, 0x1000, 0x1000, 0x0000, 0x07FC, 0xF120, 0x1120, 0x1120, 0x1120, 0x1124, 0x1224, 0x1224, 0x141C, 0x2800, 0x47FE}},
  {36829, {0x0080, 0x4080, 0x2FFC, 0x2080, 0x0080, 0x07F8, 0xE080, 0x2080, 0x2FFC, 0x2084, 0x2084, 0x2094, 0x2088, 0x5080, 0x8FFE, 0x0000}},
  {36830, {0x0040, 0x2040, 0x17FE, 0x1080, 0x00A0, 0x0120, 0xF3FC, 0x1020, 0x1020, 0x1020, 0x17FE, 0x1020, 0x1020, 0x2820, 0x47FE, 0x0000}},
  {36831, {0x0000, 0x21F8, 0x1108, 0x1108, 0x0108, 0x01F8, 0xF108, 0x1120, 0x1110, 0x1208, 0x1204, 0x1404, 0x1000, 0x2800, 0x47FE, 0x0000}},
  {36834, {0x0000, 0x23FC, 0x1084, 0x1084, 0x0084, 0x0114, 0xF208, 0x11FC, 0x1104, 0x1104, 0x1104, 0x11FC, 0x1000, 0x2800, 0x47FE, 0x0000}},
  {36836, {0x0200, 0x2200, 0x13FC, 0x1440, 0x0440, 0x0A58, 0xF2E8, 0x1748, 0x1268, 0x1250, 0x1244, 0x1204, 0x11FC, 0x2800, 0x47FE, 0x0000}},
  {36837, {0x0000, 0x23FC, 0x1204, 0x1204, 0x02F4, 0x0294, 0xF294, 0x1294, 0x12F4, 0x1294, 0x1204, 0x1214, 0x1208, 0x2800, 0x47FE, 0x0000}},
  {36838, {0x0400, 0x4400, 0x243C, 0x2FA4, 0x04A4, 0x04A4, 0xE4A4, 0x24A4, 0x24A4, 0x28A4, 0x28BC, 0x32A4, 0x2100, 0x5000, 0x8FFE, 0x0000}},
  {36840, {0x0080, 0x2080, 0x1110, 0x1208, 0x07FC, 0x0204, 0xF000, 0x13F8, 0x1208, 0x1208, 0x1208, 0x13F8, 0x1208, 0x2800, 0x47FE, 0x0000}},
  {36841, {0x0080, 0x2080, 0x1100, 0x11FE, 0x0202, 0x0424, 0xF020, 0x1128, 0x1124, 0x1222, 0x1422, 0x10A0, 0x1040, 0x2800, 0x47FE, 0x0000}},
  {36842, {0x0040, 0x4040, 0x2040, 0x27FC, 0x0444, 0x0444, 0xE444, 0x27FC, 0x2444, 0x2444, 0x2444, 0x27FC, 0x2000, 0x5000, 0x8FFE, 0x0000}},
  {36843, {0x0040, 0x2040, 0x1080, 0x13F8, 0x0208, 0x0208, 0xF208, 0x13F8, 0x1208, 0x1208, 0x1208, 0x13F8, 0x1208, 0x2800, 0x47FE, 0x0000}},
  {36845, {0x0040, 0x2240, 0x1240, 0x13FC, 0x0240, 0x0440, 0xF040, 0x17FE, 0x1040, 0x10A0, 0x1090, 0x1108, 0x1208, 0x2800, 0x47FE, 0x0000}},
  {36846, {0x0100, 0x2100, 0x1100, 0x13FE, 0x0280, 0x0480, 0xF0F8, 0x1080, 0x1080, 0x10FC, 0x1080, 0x1080, 0x1080, 0x2800, 0x47FE, 0x0000}},
  {36848, {0x0040, 0x2050, 0x1048, 0x1040, 0x07FC, 0x00C0, 0xF0E0, 0x1150, 0x1148, 0x1244, 0x1444, 0x1040, 0x1040, 0x2800, 0x47FE, 0x0000}},
  {36851, {0x0000, 0x23F8, 0x1010, 0x1020, 0x0050, 0x0188, 0xF604, 0x13F8, 0x1040, 0x1040, 0x1040, 0x17FC, 0x1000, 0x2800, 0x47FE, 0x0000}},
  {36855, {0x0040, 0x2248, 0x1148, 0x1150, 0x0040, 0x07FC, 0xF040, 0x10E0, 0x1150, 0x1248, 0x1444, 0x1040, 0x1040, 0x2800, 0x47FE, 0x0000}},
  {36856, {0x0208, 0x2110, 0x1000, 0x17FC, 0x0110, 0x0110, 0xF110, 0x17FE, 0x1110, 0x1110, 0x1210, 0x1210, 0x1410, 0x2800, 0x47FE, 0x0000}},
  {36857, {0x0040, 0x2020, 0x1020, 0x17FE, 0x0090, 0x0090, 0xF294, 0x1292, 0x1492, 0x1110, 0x1110, 0x1250, 0x1420, 0x2800, 0x47FE, 0x0000}},
  {36861, {0x0020, 0x2040, 0x13FC, 0x1204, 0x0204, 0x03FC, 0xF200, 0x1200, 0x13FE, 0x1202, 0x1202, 0x13FE, 0x1202, 0x2800, 0x47FE, 0x0000}},
  {36864, {0x03F8, 0x2208, 0x1208, 0x13F8, 0x0208, 0x0208, 0xF3F8, 0x1244, 0x1228, 0x1210, 0x1288, 0x1304, 0x1204, 0x2800, 0x47FE, 0x0000}},
  {36865, {0x0208, 0x2108, 0x1110, 0x13FC, 0x0040, 0x0040, 0xF040, 0x17FE, 0x1040, 0x10A0, 0x1090, 0x1108, 0x1208, 0x2800, 0x47FE, 0x0000}},
  {36866, {0x0078, 0x23C0, 0x1040, 0x1040, 0x07FE, 0x0040, 0xF040, 0x13F8, 0x1208, 0x1208, 0x1208, 0x13F8, 0x1208, 0x2800, 0x47FE, 0x0000}},
  {36867, {0x00A0, 0x20A0, 0x14A4, 0x12A8, 0x01B0, 0x00A0, 0xF1B0, 0x12A8, 0x14A4, 0x1120, 0x1124, 0x1224, 0x141C, 0x2800, 0x47FE, 0x0000}},
  {36868, {0x0080, 0x2080, 0x10FC, 0x1108, 0x0290, 0x0060, 0xF198, 0x1626, 0x1020, 0x11FC, 0x1020, 0x1220, 0x13FE, 0x1020, 0x2820, 0x47FE}},
  {36869, {0x003C, 0x23C0, 0x1200, 0x1200, 0x03FE, 0x0200, 0xF200, 0x12FC, 0x1284, 0x1484, 0x1484, 0x18FC, 0x1084, 0x2800, 0x47FE, 0x0000}},
  {36870, {0x0208, 0x4108, 0x2110, 0x2FFE, 0x0040, 0x0040, 0xE444, 0x2444, 0x2444, 0x27FC, 0x2084, 0x2100, 0x2200, 0x5400, 0x8FFE, 0x0000}},
  {36873, {0x0040, 0x2240, 0x1240, 0x13F8, 0x0440, 0x0040, 0xF7FC, 0x1120, 0x1120, 0x1120, 0x1224, 0x1224, 0x141C, 0x2800, 0x47FE, 0x0000}},
  {36874, {0x0010, 0x4F90, 0x2090, 0x2110, 0x0210, 0x02D8, 0xE354, 0x2254, 0x2692, 0x2A92, 0x2312, 0x2210, 0x2A50, 0x2420, 0x5000, 0x8FFE}},
  {36875, {0x0048, 0x4044, 0x2FFE, 0x2040, 0x07FC, 0x0444, 0xE7FC, 0x2444, 0x27FC, 0x2444, 0x2444, 0x2454, 0x2408, 0x5000, 0x8FFE, 0x0000}},
  {36877, {0x0040, 0x2248, 0x1148, 0x1150, 0x0040, 0x03F8, 0xF208, 0x1208, 0x13F8, 0x1208, 0x1208, 0x13F8, 0x1208, 0x1228, 0x2A10, 0x47FE}},
  {36879, {0x0038, 0x23C0, 0x1040, 0x17FC, 0x0150, 0x0248, 0xF446, 0x13F0, 0x1110, 0x113C, 0x1104, 0x1214, 0x1408, 0x2800, 0x47FE, 0x0000}},
  {36880, {0x0000, 0x23FC, 0x1040, 0x1080, 0x0144, 0x0668, 0xF0B0, 0x1128, 0x1668, 0x10A4, 0x1124, 0x1620, 0x10A0, 0x2840, 0x47FE, 0x0000}},
  {36881, {0x0040, 0x2050, 0x1048, 0x17FC, 0x0040, 0x0248, 0xF150, 0x10E0, 0x1150, 0x1248, 0x1444, 0x1140, 0x1080, 0x2800, 0x47FE, 0x0000}},
  {36882, {0x0110, 0x20A0, 0x13F8, 0x1048, 0x0048, 0x03F8, 0xF240, 0x1240, 0x13FC, 0x10C4, 0x1144, 0x1254, 0x1448, 0x2840, 0x47FE, 0x0000}},
  {36884, {0x0040, 0x20A0, 0x1110, 0x1208, 0x05F6, 0x0040, 0xF040, 0x17FC, 0x1040, 0x1248, 0x1244, 0x1444, 0x1140, 0x2880, 0x47FE, 0x0000}},
  {36886, {0x0910, 0x4510, 0x2210, 0x2652, 0x0A52, 0x0254, 0xE290, 0x2628, 0x2A24, 0x3244, 0x2242, 0x2A82, 0x2500, 0x5000, 0x8FFE, 0x0000}},
  {36887, {0x0000, 0x27FC, 0x1000, 0x1000, 0x03F8, 0x0208, 0xF208, 0x13F8, 0x1000, 0x1208, 0x1110, 0x17FC, 0x1000, 0x2800, 0x47FE, 0x0000}},
  {36890, {0x0000, 0x47F8, 0x2010, 0x21A0, 0x0040, 0x07FC, 0xE444, 0x2444, 0x27FC, 0x2444, 0x2444, 0x27FC, 0x2444, 0x2454, 0x5408, 0x8FFE}},
  {36891, {0x0000, 0x4880, 0x257C, 0x2210, 0x0D10, 0x0110, 0xE17C, 0x2310, 0x2D10, 0x2110, 0x2110, 0x2A7E, 0x2400, 0x5000, 0x8FFE, 0x0000}},
  {36893, {0x0208, 0x421C, 0x2260, 0x2240, 0x0FC0, 0x027E, 0xE2C8, 0x2348, 0x2E48, 0x2248, 0x2248, 0x2A48, 0x2488, 0x5100, 0x8FFE, 0x0000}},
  {36894, {0x03F8, 0x2208, 0x1208, 0x1208, 0x03F8, 0x0000, 0xF7FC, 0x1040, 0x1040, 0x13F8, 0x1040, 0x1040, 0x17FC, 0x2800, 0x47FE, 0x0000}},
  {36895, {0x0040, 0x2040, 0x17FC, 0x1040, 0x03F8, 0x0248, 0xF248, 0x13F8, 0x10E0, 0x1150, 0x1248, 0x1444, 0x1040, 0x2800, 0x47FE, 0x0000}},
  {36896, {0x0040, 0x2240, 0x13F8, 0x1440, 0x0040, 0x07FC, 0xF000, 0x1000, 0x13F8, 0x1208, 0x1208, 0x13F8, 0x1208, 0x2800, 0x47FE, 0x0000}},
  {36897, {0x0080, 0x2110, 0x1208, 0x17FC, 0x0004, 0x0110, 0xF208, 0x1504, 0x11F8, 0x1208, 0x1590, 0x1060, 0x1190, 0x2E08, 0x47FE, 0x0000}},
  {36898, {0x0100, 0x21F8, 0x1308, 0x1490, 0x0060, 0x0198, 0xF606, 0x1040, 0x13F8, 0x1040, 0x13F8, 0x1040, 0x17FC, 0x1040, 0x2840, 0x47FE}},
  {36902, {0x0000, 0x4FFE, 0x2000, 0x2000, 0x07BC, 0x04A4, 0xE4A4, 0x26B4, 0x25AC, 0x24A4, 0x24A4, 0x24A4, 0x25AC, 0x5000, 0x8FFE, 0x0000}},
  {36909, {0x0080, 0x2040, 0x17FC, 0x1404, 0x03F0, 0x0210, 0xF210, 0x13F0, 0x1200, 0x13F8, 0x1208, 0x1208, 0x13F8, 0x2800, 0x47FE, 0x0000}},
  {36910, {0x0040, 0x2040, 0x13F8, 0x1048, 0x07FE, 0x0048, 0xF3F8, 0x1444, 0x1248, 0x1150, 0x1248, 0x1444, 0x1140, 0x2880, 0x47FE, 0x0000}},
  {36911, {0x0000, 0x47F8, 0x2008, 0x23F8, 0x0008, 0x0FFE, 0xE040, 0x2444, 0x22E8, 0x2150, 0x2248, 0x2444, 0x2140, 0x5080, 0x8FFE, 0x0000}},
  {36917, {0x0040, 0x2040, 0x13F8, 0x1040, 0x0040, 0x07FC, 0xF110, 0x1248, 0x1444, 0x13F8, 0x1040, 0x1040, 0x17FC, 0x1000, 0x2800, 0x47FE}},
  {36918, {0x0038, 0x23C0, 0x1040, 0x17FC, 0x0150, 0x0248, 0xF444, 0x1080, 0x1FFE, 0x1108, 0x1390, 0x1060, 0x1198, 0x1604, 0x2800, 0x47FE}},
  {36920, {0x0100, 0x4100, 0x21F0, 0x2210, 0x0420, 0x0FFC, 0xE444, 0x2444, 0x27FC, 0x20A0, 0x2130, 0x212A, 0x2222, 0x241E, 0x5000, 0x8FFE}},
  {36923, {0x0000, 0x47FC, 0x24A4, 0x24A4, 0x07FC, 0x0080, 0xE1F8, 0x2208, 0x2510, 0x20A0, 0x2040, 0x2180, 0x2E00, 0x5000, 0x8FFE, 0x0000}},
  {36924, {0x0000, 0x27FC, 0x1000, 0x13F8, 0x0208, 0x03F8, 0xF000, 0x17FC, 0x1444, 0x17FC, 0x1444, 0x17FC, 0x1404, 0x2800, 0x47FE, 0x0000}},
  {36926, {0x0040, 0x40A0, 0x2110, 0x2208, 0x0DF6, 0x0000, 0xE784, 0x24A4, 0x27A4, 0x24A4, 0x27A4, 0x2484, 0x2494, 0x2588, 0x5000, 0x8FFE}},
  {36929, {0x001E, 0x23E0, 0x1220, 0x1220, 0x03FE, 0x0220, 0xF2FC, 0x1284, 0x12FC, 0x1284, 0x12FC, 0x1484, 0x14FC, 0x2800, 0x47FE, 0x0000}},
  {36930, {0x0110, 0x2090, 0x10A0, 0x17FC, 0x0080, 0x0144, 0xF668, 0x10B0, 0x1128, 0x1668, 0x10A4, 0x1124, 0x16A0, 0x2840, 0x47FE, 0x0000}},
  {36932, {0x0040, 0x4444, 0x2444, 0x2444, 0x07FC, 0x0000, 0xEFFE, 0x2080, 0x27FC, 0x24A4, 0x24A4, 0x24A4, 0x24A4, 0x240C, 0x5000, 0x8FFE}},
  {36935, {0x0000, 0x23F8, 0x1248, 0x13F8, 0x0248, 0x03F8, 0xF040, 0x17FC, 0x1444, 0x1454, 0x1474, 0x1594, 0x1404, 0x140C, 0x2800, 0x47FE}},
  {36941, {0x0080, 0x2040, 0x13FC, 0x1204, 0x0204, 0x03FC, 0xF200, 0x13FC, 0x1354, 0x1554, 0x15FC, 0x1954, 0x1144, 0x110C, 0x2800, 0x47FE}},
  {36943, {0x0000, 0x23F8, 0x1208, 0x13F8, 0x0208, 0x03F8, 0xF100, 0x13FC, 0x1444, 0x1AA4, 0x1204, 0x13F4, 0x1014, 0x2808, 0x47FE, 0x0000}},
  {36944, {0x0000, 0x47BC, 0x2484, 0x2484, 0x07BC, 0x0400, 0xE400, 0x27BC, 0x2404, 0x2404, 0x27A8, 0x2410, 0x2428, 0x5444, 0x8FFE, 0x0000}},
  {36945, {0x0040, 0x2080, 0x13F8, 0x1208, 0x03F8, 0x0208, 0xF3F8, 0x1000, 0x17FC, 0x1040, 0x13F8, 0x1040, 0x17FC, 0x2800, 0x47FE, 0x0000}},
  {36946, {0x0208, 0x4110, 0x2FFE, 0x20A0, 0x07FC, 0x04A4, 0xE4A4, 0x2524, 0x261C, 0x2404, 0x27FC, 0x2404, 0x27FC, 0x5000, 0x8FFE, 0x0000}},
  {36947, {0x0208, 0x2110, 0x1000, 0x17FC, 0x0080, 0x03F8, 0xF208, 0x13F8, 0x1208, 0x13F8, 0x1208, 0x13F8, 0x1208, 0x2800, 0x47FE, 0x0000}},
  {36951, {0x0040, 0x23F8, 0x1248, 0x13F8, 0x0040, 0x0FFE, 0xF000, 0x13F8, 0x1208, 0x1248, 0x1248, 0x10A0, 0x1110, 0x2A08, 0x47FE, 0x0000}},
  {36952, {0x0110, 0x27FC, 0x1110, 0x13F8, 0x0110, 0x07FC, 0xF040, 0x13F8, 0x1248, 0x13F8, 0x1248, 0x17FE, 0x1208, 0x1228, 0x2A10, 0x47FE}},
  {36955, {0x0080, 0x477C, 0x2424, 0x2524, 0x04A4, 0x0554, 0xE648, 0x2080, 0x27FC, 0x2444, 0x27FC, 0x2444, 0x27FC, 0x5000, 0x8FFE, 0x0000}},
  {36962, {0x0000, 0x23F8, 0x1208, 0x13F8, 0x0208, 0x03F8, 0xF000, 0x17BC, 0x1084, 0x14A4, 0x1294, 0x14A4, 0x1294, 0x1108, 0x2800, 0x47FE}},
  {36963, {0x0040, 0x23F8, 0x1248, 0x13F8, 0x0040, 0x07FE, 0xF000, 0x13F8, 0x1208, 0x13F8, 0x1200, 0x13F8, 0x1208, 0x13F8, 0x2800, 0x47FE}},
  {36965, {0x003C, 0x23C0, 0x1004, 0x1244, 0x0128, 0x01FC, 0xF220, 0x1020, 0x13FE, 0x1020, 0x1124, 0x1124, 0x1124, 0x11FC, 0x2800, 0x47FE}},
  {36968, {0x0210, 0x4210, 0x2F90, 0x221E, 0x07A4, 0x0244, 0xEF94, 0x2414, 0x2788, 0x2488, 0x2494, 0x2AA2, 0x2942, 0x5000, 0x8FFE, 0x0000}},
  {36973, {0x00A0, 0x2FFE, 0x10A0, 0x17FC, 0x04A4, 0x07FC, 0xF4A4, 0x17FC, 0x1000, 0x13F8, 0x1208, 0x13F8, 0x1208, 0x13F8, 0x2800, 0x47FE}},
  {36974, {0x0040, 0x4020, 0x27FE, 0x2400, 0x0488, 0x0488, 0xE7FE, 0x2488, 0x2488, 0x24F8, 0x2800, 0x2AA4, 0x3252, 0x2452, 0x5000, 0x8FFE}},
  {36980, {0x0040, 0x2248, 0x1150, 0x17FC, 0x0150, 0x0248, 0xF444, 0x1210, 0x1390, 0x14BC, 0x1A90, 0x1150, 0x117E, 0x1210, 0x2A10, 0x47FE}},
  {36981, {0x0110, 0x4FFE, 0x20A0, 0x27FC, 0x04A4, 0x051C, 0xE604, 0x27FC, 0x2404, 0x27FC, 0x2010, 0x2FFE, 0x2110, 0x20B0, 0x5000, 0x8FFE}},
  {36989, {0x0040, 0x407C, 0x2040, 0x27FE, 0x0442, 0x05F8, 0xE444, 0x27FC, 0x24C0, 0x2722, 0x28D4, 0x2B18, 0x3074, 0x2392, 0x5020, 0x8FFE}},
  {36991, {0x0010, 0x4788, 0x24BE, 0x2480, 0x04A2, 0x0794, 0xE43E, 0x2808, 0x2F88, 0x34BE, 0x2488, 0x2788, 0x2488, 0x5000, 0x8FFE, 0x0000}},
  {36992, {0x0200, 0x4410, 0x2F90, 0x2890, 0x0F9E, 0x08A4, 0xEFC4, 0x2214, 0x3FD4, 0x2408, 0x2788, 0x2894, 0x32A2, 0x2142, 0x5000, 0x8FFE}},
  {36994, {0x0400, 0x4F3C, 0x2914, 0x3214, 0x0F94, 0x0AA8, 0xEAA8, 0x2FBC, 0x2AC8, 0x2A88, 0x2FBE, 0x2A88, 0x2A88, 0x3188, 0x5008, 0x8FFE}},
  {36995, {0x0080, 0x4040, 0x2FFE, 0x2A12, 0x140C, 0x0120, 0xE7FC, 0x2080, 0x2144, 0x2668, 0x21B0, 0x2668, 0x21A4, 0x26A4, 0x5040, 0x8FFE}},
  {37000, {0x0110, 0x4220, 0x2D7C, 0x25C4, 0x0244, 0x0D7C, 0xE344, 0x2544, 0x297C, 0x2328, 0x2528, 0x292A, 0x2546, 0x5280, 0x8FFE, 0x0000}},
  {37003, {0x0248, 0x4490, 0x2248, 0x27F8, 0x0528, 0x04C8, 0xE528, 0x27F8, 0x2490, 0x26D0, 0x2490, 0x26D4, 0x248C, 0x26C4, 0x5000, 0x8FFE}},
  {37009, {0x0000, 0x1FF0, 0x1010, 0x1010, 0x1FF0, 0x0000, 0x3FF8, 0x2108, 0x2108, 0x2108, 0x3FF8, 0x2008, 0x2002, 0x2002, 0x1FFE, 0x0000}},
  {37011, {0x0000, 0x7E7C, 0x0244, 0x0248, 0x4248, 0x2450, 0x1448, 0x0848, 0x0844, 0x1444, 0x1444, 0x2268, 0x4250, 0x8040, 0x0040, 0x0040}},
  {37013, {0x0888, 0x1110, 0x2220, 0x1110, 0x0888, 0x1FF0, 0x1010, 0x1FF0, 0x0000, 0x3FF8, 0x2108, 0x2108, 0x3FF8, 0x2002, 0x2002, 0x1FFE}},
  {37015, {0x0000, 0x7F7C, 0x0844, 0x0848, 0x0848, 0x0850, 0x0848, 0xFFC8, 0x0844, 0x0844, 0x0844, 0x0868, 0x0850, 0x0840, 0x0840, 0x0840}},
  {37017, {0x1000, 0x083E, 0x0822, 0x0024, 0xFFA4, 0x2028, 0x2024, 0x2024, 0x2022, 0x2022, 0x2022, 0x2034, 0x2028, 0x3F20, 0x0020, 0x0020}},
  {37019, {0x0000, 0x007C, 0x7F44, 0x0848, 0x0848, 0x0850, 0x0848, 0x0848, 0x0844, 0x0844, 0x0844, 0x0F68, 0xF050, 0x4040, 0x0040, 0x0040}},
  {37021, {0x0800, 0x043E, 0x0422, 0x3FA4, 0x2024, 0x2028, 0x2024, 0x2024, 0x2022, 0x2022, 0x2022, 0x2034, 0x2028, 0x4020, 0x4020, 0x8020}},
  {37025, {0x1000, 0x083E, 0x0822, 0xFFA4, 0x1024, 0x1028, 0x1F24, 0x1124, 0x1122, 0x1122, 0x1122, 0x1134, 0x2128, 0x2520, 0x4220, 0x8020}},
  {37026, {0x0000, 0x7FBE, 0x1222, 0x1224, 0x1224, 0x1228, 0x1224, 0xFFE4, 0x1222, 0x1222, 0x1222, 0x1234, 0x2228, 0x2220, 0x4220, 0x8220}},
  {37027, {0x0000, 0x7E7C, 0x1244, 0x1248, 0x1248, 0x7E50, 0x1248, 0x1248, 0x7E44, 0x1244, 0x1244, 0x2268, 0x2250, 0x4A40, 0x8440, 0x0040}},
  {37030, {0x0800, 0x087C, 0x0844, 0xFF48, 0x0848, 0x0850, 0x7E48, 0x0848, 0x0844, 0xFF44, 0x0844, 0x1068, 0x1050, 0x2040, 0x4040, 0x8040}},
  {37034, {0x0000, 0x7FBE, 0x0222, 0x2224, 0x2224, 0x2228, 0x4224, 0x7FE4, 0x0622, 0x0A22, 0x1222, 0x2234, 0x4228, 0x8220, 0x0A20, 0x0420}},
  {37036, {0x1000, 0x203E, 0x7E22, 0x4224, 0x4224, 0x4A28, 0x4424, 0x4024, 0x7F22, 0x0122, 0x0122, 0x1D34, 0xE128, 0x4120, 0x0A20, 0x0420}},
  {37038, {0x0800, 0x087C, 0x0844, 0x7F48, 0x4948, 0x4950, 0x4948, 0x4948, 0x7F44, 0x4944, 0x4944, 0x4968, 0x4950, 0x7F40, 0x4140, 0x0040}},
  {37039, {0x2200, 0x223E, 0x2222, 0x2224, 0xFFA4, 0x2228, 0x2224, 0x2224, 0x3E22, 0x2222, 0x2222, 0x2234, 0x2228, 0x3E20, 0x2220, 0x0020}},
  {37040, {0x0800, 0x083E, 0x1022, 0x2224, 0x4124, 0xFFA8, 0x00A4, 0x0024, 0x7F22, 0x4122, 0x4122, 0x4134, 0x4128, 0x4120, 0x7F20, 0x4120}},
  {37041, {0x0000, 0x033E, 0x3C22, 0x2024, 0x2024, 0x2028, 0x3FA4, 0x2224, 0x2222, 0x2222, 0x2222, 0x2234, 0x27A8, 0xF820, 0x4020, 0x0020}},
  {37043, {0x0000, 0xFF7C, 0x0844, 0x0848, 0x1048, 0x1450, 0x3248, 0x5148, 0x9044, 0x1044, 0x1044, 0x0068, 0x0E50, 0xF040, 0x4040, 0x0040}},
  {37044, {0x0000, 0x7FBE, 0x0822, 0x0824, 0x0824, 0x7FA8, 0x48A4, 0x48A4, 0x54A2, 0x52A2, 0x62A2, 0x40B4, 0x40A8, 0x40A0, 0x42A0, 0x4120}},
  {37045, {0x0000, 0x7F3E, 0x1122, 0x1124, 0x2124, 0x2528, 0x4224, 0x8024, 0x3F22, 0x2122, 0x2122, 0x2134, 0x2128, 0x3F20, 0x2120, 0x0020}},
  {37046, {0x1200, 0x123E, 0x1222, 0x1224, 0x1224, 0xF3A8, 0x1224, 0x1224, 0x1222, 0x1222, 0x1222, 0x3234, 0x52A8, 0x9320, 0x1220, 0x0020}},
  {37048, {0x0100, 0x07BE, 0x7C22, 0x4424, 0x4424, 0x4428, 0x4424, 0x7FA4, 0x4422, 0x4422, 0x4422, 0x4234, 0x42A8, 0x52A0, 0x69A0, 0x44A0}},
  {37049, {0x2000, 0x207C, 0x3E44, 0x4248, 0x8448, 0x0850, 0xFE48, 0x0248, 0x0244, 0x7E44, 0x0244, 0x0268, 0x0250, 0xFE40, 0x0240, 0x0040}},
  {37050, {0x1400, 0x143E, 0x1422, 0x14A4, 0x94A4, 0x5528, 0x5524, 0x5624, 0x1422, 0x1422, 0x1422, 0x17B4, 0xF828, 0x4020, 0x0020, 0x0020}},
  {37051, {0x0800, 0x087C, 0x1444, 0x1248, 0x2148, 0x48D0, 0x8448, 0x0448, 0x7F44, 0x0144, 0x2244, 0x1468, 0x0850, 0x0440, 0x0440, 0x0040}},
  {37054, {0x0800, 0x487C, 0x4844, 0x7F48, 0x4848, 0x8850, 0x0848, 0xFFC8, 0x1844, 0x1C44, 0x2A44, 0x2968, 0x4950, 0x8840, 0x0840, 0x0840}},
  {37057, {0x0800, 0x083E, 0xFF22, 0x1024, 0x1024, 0x3F28, 0x2124, 0x6124, 0xBF22, 0x2122, 0x2122, 0x3F34, 0x2128, 0x2120, 0x2520, 0x2220}},
  {37060, {0x0100, 0x323E, 0x0C22, 0x1224, 0x6924, 0x0828, 0xFFA4, 0x1024, 0x2422, 0x2422, 0x4822, 0x8A34, 0x1128, 0x3F20, 0x1120, 0x0020}},
  {37061, {0x0000, 0xFFBE, 0x0822, 0x1024, 0x2224, 0x4128, 0xFFA4, 0x08A4, 0x0822, 0x0822, 0x7F22, 0x0834, 0x0828, 0x0FA0, 0xF820, 0x4020}},
  {37063, {0x2000, 0x203E, 0x7F22, 0x4124, 0x8124, 0x7928, 0x4924, 0x4924, 0x7922, 0x4922, 0x4922, 0x7934, 0x4128, 0x0120, 0x0A20, 0x0420}},
  {37066, {0x1000, 0x087C, 0x0044, 0xFF48, 0x0048, 0x2450, 0x4248, 0x8148, 0x2444, 0x1444, 0x0844, 0x1468, 0x2250, 0x4240, 0x8040, 0x0040}},
  {37070, {0x0800, 0x043E, 0x3F22, 0x2124, 0x2124, 0x3F28, 0x2124, 0x2124, 0x3F22, 0x2022, 0x2422, 0x2234, 0x2528, 0x2920, 0x3020, 0x2020}},
  {37071, {0x0800, 0x083E, 0x0822, 0xFFA4, 0x0824, 0x4928, 0x2924, 0x2A24, 0xFFA2, 0x0822, 0x0822, 0x1434, 0x1228, 0x2120, 0x4120, 0x8020}},
  {37072, {0x0800, 0x083E, 0x1422, 0x2224, 0x4124, 0xBEA8, 0x0024, 0x0024, 0xFFA2, 0x1022, 0x1022, 0x2234, 0x4128, 0xFF20, 0x4120, 0x0020}},
  {37073, {0x2200, 0x123E, 0x1422, 0x7F24, 0x0824, 0x0828, 0x0824, 0xFFA4, 0x0822, 0x0822, 0x1422, 0x1234, 0x2128, 0x4120, 0x8020, 0x0020}},
  {37075, {0x0000, 0x7FBE, 0x48A2, 0x0824, 0x7FA4, 0x1028, 0x1424, 0x2424, 0x7FA2, 0x0422, 0x0422, 0x07B4, 0xFC28, 0x4420, 0x0420, 0x0420}},
  {37079, {0x3080, 0x0D3E, 0x0622, 0x1924, 0x60A4, 0x0828, 0x7FE4, 0x1424, 0x2422, 0x7FA2, 0xA4A2, 0x24B4, 0x26A8, 0x2520, 0x0420, 0x0420}},
  {37083, {0x0200, 0x0F3E, 0xF022, 0x0124, 0x9124, 0x4A28, 0x0024, 0xFE24, 0x0422, 0x0822, 0x0F22, 0xF834, 0x4828, 0x0820, 0x2820, 0x1020}},
  {37084, {0x0800, 0x483E, 0x4822, 0x7F24, 0x4824, 0x8828, 0x0824, 0xFFA4, 0x0022, 0x0022, 0x7F22, 0x4134, 0x4128, 0x4120, 0x7F20, 0x4120}},
  {37085, {0x0800, 0x083E, 0x7F22, 0x0824, 0x0824, 0x0828, 0xFFA4, 0x1224, 0x1222, 0x5322, 0x52A2, 0x92B4, 0x2228, 0x2220, 0x4A20, 0x8420}},
  {37089, {0x0000, 0x7F3E, 0x1122, 0x1124, 0xFFE4, 0x1128, 0x1124, 0x7F24, 0x2022, 0x2022, 0x7F22, 0xA134, 0x2128, 0x2120, 0x3F20, 0x2120}},
  {37090, {0x0000, 0x7F7C, 0x4144, 0x4148, 0x4148, 0x7F50, 0x0048, 0x7F48, 0x0844, 0x0844, 0x7F44, 0x0868, 0x0850, 0x0F40, 0xF040, 0x4040}},
  {37094, {0x0000, 0x7FDE, 0x0012, 0x0012, 0x7BD4, 0x4A54, 0x4A58, 0x4A54, 0x6B52, 0x5AD2, 0x4A52, 0x4A5A, 0x4A54, 0x4A50, 0x4A50, 0x5AD0}},
  {37095, {0x0000, 0x3E3E, 0x2222, 0x2224, 0x3E24, 0x0028, 0x7F24, 0x4124, 0x4922, 0x4922, 0x4922, 0x4934, 0x1428, 0x1220, 0x2120, 0xC120}},
  {37096, {0x1000, 0x083E, 0x7FA2, 0x0024, 0x2124, 0x1228, 0xFFE4, 0x0024, 0x0022, 0x3F22, 0x2122, 0x2134, 0x2128, 0x3F20, 0x2120, 0x0020}},
  {37099, {0x1000, 0x203E, 0x7F22, 0x4924, 0x4924, 0x7F28, 0x4924, 0x5124, 0x7F22, 0x2422, 0x4422, 0xFFB4, 0x0428, 0x0420, 0x0420, 0x0420}},
  {37101, {0x1000, 0x087C, 0xFF44, 0x0048, 0x7E48, 0x4250, 0x7E48, 0x0048, 0x7E44, 0x0444, 0x0844, 0x0F68, 0xF850, 0x0840, 0x2840, 0x1040}},
  {37103, {0x0800, 0x093E, 0x4922, 0x4A24, 0x8824, 0x1428, 0x2224, 0x4924, 0x8822, 0x4922, 0x4922, 0x8A34, 0x1428, 0x2220, 0x4120, 0x80A0}},
  {37108, {0x1100, 0x111E, 0x1112, 0x1112, 0x7BD4, 0x1114, 0x1118, 0x3314, 0x3B92, 0x5552, 0x5512, 0x991A, 0x1114, 0x1110, 0x1110, 0x1110}},
  {37112, {0x4100, 0x223E, 0x1422, 0x7F24, 0x4924, 0x4928, 0x7F24, 0x4924, 0x4922, 0x7F22, 0x0822, 0x0834, 0xFFA8, 0x0820, 0x0820, 0x0820}},
  {37117, {0x0800, 0x08BE, 0x7EA2, 0x0924, 0x0A24, 0xFFE8, 0x0824, 0x1024, 0x3F22, 0x6122, 0xA122, 0x3F34, 0x2128, 0x2120, 0x3F20, 0x2120}},
  {37118, {0x0000, 0x7FDE, 0x4012, 0x5F92, 0x5094, 0x5F94, 0x5098, 0x5F94, 0x4412, 0x7FD2, 0x4912, 0x591A, 0x4614, 0x4910, 0x5090, 0x7FD0}},
  {37122, {0x0000, 0x773E, 0x5522, 0x5524, 0x7724, 0x0028, 0x7F24, 0x0024, 0xFFA2, 0x2022, 0x3F22, 0x0134, 0x0128, 0x0120, 0x0A20, 0x0420}},
  {37124, {0x0000, 0xFF7C, 0x1444, 0x1448, 0x7F48, 0x5550, 0x5548, 0x7F48, 0x0844, 0x0844, 0x7F44, 0x0868, 0x0850, 0x0F40, 0xF040, 0x4040}},
  {37145, {0x1F00, 0x113E, 0x1122, 0x1F24, 0x0424, 0x7FE8, 0x0424, 0x3FA4, 0x20A2, 0x2EA2, 0x2AA2, 0x2EB4, 0x20A8, 0x3FA0, 0x20A0, 0x0020}},
  {37150, {0x2200, 0x227C, 0xFFC4, 0x2248, 0x3E48, 0x0850, 0x7F48, 0x4948, 0x7F44, 0x0844, 0x7F44, 0x0868, 0x7F50, 0x0840, 0x0F40, 0xF040}},
  {37154, {0x0000, 0x7FBE, 0x0422, 0x2724, 0x2424, 0xFFA8, 0x2024, 0x3FA4, 0x4022, 0x7FA2, 0x00A2, 0xAAB4, 0xAAA8, 0x00A0, 0x0520, 0x0220}},
  {37155, {0x0800, 0x7F3E, 0x2222, 0x1424, 0xFFA4, 0x0028, 0x7F24, 0x4124, 0x7F22, 0x4122, 0x7F22, 0x0834, 0xFFA8, 0x0820, 0x0820, 0x0820}},
  {37167, {0x2200, 0x143E, 0xFFA2, 0x0824, 0x7F24, 0x0828, 0xFFA4, 0x4924, 0x2A22, 0xFFA2, 0x0022, 0x7F34, 0x4128, 0x4120, 0x7F20, 0x4120}},
  {37169, {0x0F00, 0xF83E, 0x4922, 0x2A24, 0xFFA4, 0x2A28, 0x4924, 0x80A4, 0x7F22, 0x4922, 0x4922, 0x7F34, 0x4928, 0x4920, 0x7F20, 0x4120}},
  {37177, {0xFC00, 0x4BBE, 0x78A2, 0x4AA4, 0x7924, 0x4D28, 0xFAA4, 0x0CA4, 0x07A2, 0xF822, 0x28A2, 0x4D34, 0x1A28, 0x2920, 0xC8A0, 0x0820}},
  {37187, {0x0000, 0x7FCE, 0x040A, 0xFFEA, 0x842A, 0x358A, 0x040C, 0x358A, 0x000A, 0x000A, 0xEEEA, 0xAAAA, 0xAAAC, 0xAAA8, 0xEEE8, 0xAAA8}},
  {37190, {0x2A00, 0x7F3E, 0xAAA2, 0xFFA4, 0xAAA4, 0xFFA8, 0xAAA4, 0xFFA4, 0x0022, 0xFFA2, 0x0022, 0x7F34, 0x4128, 0x7F20, 0x2220, 0xFFA0}},
  {37193, {0x0000, 0xFFFE, 0x0440, 0x0440, 0x7FFC, 0x4444, 0x4444, 0x4844, 0x503C, 0x6004, 0x4004, 0x7FFC, 0x4004, 0x4004, 0x7FFC, 0x4004}},
  {37194, {0x0000, 0xFF80, 0x147E, 0x1410, 0x7F10, 0x5510, 0x5510, 0x5510, 0x5710, 0x6110, 0x4110, 0x7F10, 0x4110, 0x4110, 0x7F50, 0x4120}},
  {37195, {0x1010, 0x0810, 0x0820, 0xFFFE, 0x0440, 0x0440, 0x7FFC, 0x4444, 0x4844, 0x503C, 0x6004, 0x7FFC, 0x4004, 0x4004, 0x7FFC, 0x4004}},
  {37196, {0x0020, 0xFE20, 0x2820, 0x287C, 0xFE44, 0xAA84, 0xAA04, 0xAA44, 0xAE24, 0xC214, 0x8214, 0xFE04, 0x8204, 0x8204, 0xFE28, 0x8210}},
  {37197, {0x0000, 0xFE00, 0x28F8, 0x2808, 0xFE08, 0xAA08, 0xAA08, 0xAAF8, 0xAE88, 0xC280, 0x8280, 0xFE80, 0x8282, 0x8282, 0xFE7E, 0x8200}},
  {37198, {0x0008, 0xFE08, 0x2808, 0x2808, 0xFEFE, 0xAA08, 0xAA08, 0xAA08, 0xAE48, 0xC228, 0x8228, 0xFE08, 0x8208, 0x8208, 0xFE28, 0x8210}},
  {37199, {0x0020, 0xFE20, 0x2820, 0x28A0, 0xFEAC, 0xAAB4, 0xAAE4, 0xABA4, 0xAEA4, 0xC2B4, 0x82A8, 0xFEA2, 0x82A2, 0x8282, 0xFE7E, 0x8200}},
  {37200, {0x0000, 0xFE7C, 0x2810, 0x2810, 0xFE10, 0xAA10, 0xAA10, 0xAAFE, 0xAE10, 0xC210, 0x8210, 0xFE10, 0x8210, 0x8210, 0xFE10, 0x8210}},
  {37202, {0x0000, 0x4FFE, 0x20A0, 0x20A0, 0x07FC, 0x84A4, 0x44A4, 0x54A4, 0x151C, 0x2604, 0xE404, 0x27FC, 0x2404, 0x2404, 0x27FC, 0x0404}},
  {37207, {0x0000, 0xFE44, 0x2844, 0x2828, 0xFEAA, 0xAAAA, 0xAA92, 0xAA92, 0xAEAA, 0xC2AA, 0x82A6, 0xFEC6, 0x8282, 0x8282, 0xFEFE, 0x8202}},
  {37210, {0x0008, 0xFE28, 0x2828, 0x2828, 0xFE44, 0xAA44, 0xAA82, 0xAB7C, 0xAE24, 0xC224, 0x8224, 0xFE24, 0x8244, 0x8244, 0xFE94, 0x8308}},
  {37213, {0x0000, 0xFE00, 0x287C, 0x2800, 0xFE00, 0xAA00, 0xAAFE, 0xAA10, 0xAE10, 0xC220, 0x8220, 0xFE44, 0x8242, 0x82FE, 0xFE42, 0x8200}},
  {37214, {0x0020, 0xFE20, 0x2820, 0x2820, 0xFE20, 0xABFE, 0xAA20, 0xAA20, 0xAE20, 0xC250, 0x8250, 0xFE50, 0x8288, 0x82C8, 0xFF24, 0x8202}},
  {37217, {0x0020, 0xFE10, 0x2810, 0x28FE, 0xFE82, 0xAA84, 0xAA40, 0xAA44, 0xAE48, 0xC250, 0x8260, 0xFE42, 0x8242, 0x8242, 0xFE3E, 0x8200}},
  {37218, {0x0040, 0xFE40, 0x2840, 0x287E, 0xFEA0, 0xAAA0, 0xAB20, 0xAA3C, 0xAE20, 0xC220, 0x8220, 0xFE3E, 0x8220, 0x8220, 0xFE20, 0x8220}},
  {37219, {0x0044, 0xFE44, 0x2844, 0x2844, 0xFEFE, 0xAA44, 0xAA44, 0xAA44, 0xAE44, 0xC27C, 0x8244, 0xFE44, 0x8244, 0x8244, 0xFE7C, 0x8244}},
  {37220, {0x0010, 0xFE10, 0x2810, 0x2810, 0xFEFE, 0xAA10, 0xAA10, 0xAA10, 0xAE7C, 0xC244, 0x8244, 0xFE44, 0x8244, 0x8244, 0xFE7C, 0x8244}},
  {37221, {0x0004, 0xFE1E, 0x28F0, 0x2810, 0xFE10, 0xAA10, 0xAAFE, 0xAA10, 0xAE38, 0xC234, 0x8254, 0xFE52, 0x8290, 0x8210, 0xFE10, 0x8210}},
  {37225, {0x0020, 0xFE20, 0x287E, 0x2882, 0xFF44, 0xAA28, 0xAA10, 0xAA20, 0xAE40, 0xC2FE, 0x8342, 0xFE42, 0x8242, 0x8242, 0xFE7E, 0x8242}},
  {37226, {0x0020, 0xFE20, 0x283C, 0x2844, 0xFEA8, 0xAA10, 0xAA28, 0xAA44, 0xAE82, 0xC27C, 0x8244, 0xFE44, 0x8244, 0x8244, 0xFE7C, 0x8244}},
  {37228, {0x0004, 0xFE44, 0x2854, 0x2854, 0xFE54, 0xAA54, 0xAADC, 0xAB74, 0xAE54, 0xC254, 0x8254, 0xFE54, 0x8254, 0x8254, 0xFE84, 0x8304}},
  {37230, {0x0000, 0xFEFE, 0x2882, 0x2882, 0xFEBA, 0xAA82, 0xAA82, 0xAABA, 0xAEAA, 0xC2AA, 0x82AA, 0xFEBA, 0x8282, 0x8282, 0xFE8A, 0x8284}},
  {37231, {0x0080, 0xFE82, 0x288C, 0x28F0, 0xFE82, 0xAA82, 0xAA7E, 0xAA00, 0xAEFC, 0xC284, 0x8284, 0xFEFC, 0x8284, 0x8284, 0xFEFC, 0x8284}},
  {37232, {0x0010, 0xFE50, 0x2850, 0x287C, 0xFE90, 0xAA10, 0xAA10, 0xAAFE, 0xAE28, 0xC228, 0x8228, 0xFE28, 0x824A, 0x824A, 0xFE86, 0x8300}},
  {37233, {0x0840, 0x4880, 0x29FC, 0x1A48, 0x2830, 0xC9C0, 0x0800, 0xFFFE, 0x0480, 0x3FF8, 0x2488, 0x2878, 0x3008, 0x3FF8, 0x2008, 0x3FF8}},
  {37234, {0x0000, 0xFE7C, 0x2844, 0x2844, 0xFE44, 0xAA7C, 0xAA00, 0xAA00, 0xAEFE, 0xC210, 0x8210, 0xFE7C, 0x8210, 0x8210, 0xFEFE, 0x8200}},
  {37236, {0x0010, 0xFE10, 0x2828, 0x2828, 0xFE44, 0xAABA, 0xAA10, 0xAA10, 0xAEFE, 0xC210, 0x8258, 0xFE54, 0x8292, 0x8312, 0xFE50, 0x8220}},
  {37237, {0x0020, 0xFE22, 0x29FA, 0x2824, 0xFE24, 0xABFE, 0xAA10, 0xAA20, 0xAFFC, 0xC288, 0x8310, 0xFEFE, 0x8210, 0x8210, 0xFE50, 0x8220}},
  {37238, {0x0040, 0xFE40, 0x287E, 0x2880, 0xFF7C, 0xAA44, 0xAA64, 0xAA54, 0xAEFE, 0xC244, 0x82A4, 0xFE94, 0x82FE, 0x8204, 0xFE28, 0x8210}},
  {37239, {0x0010, 0xFE50, 0x2850, 0x287C, 0xFE50, 0xAA90, 0xAA10, 0xAAFE, 0xAE00, 0xC200, 0x827C, 0xFE44, 0x8244, 0x8244, 0xFE7C, 0x8244}},
  {37240, {0x0010, 0xFE10, 0x2820, 0x2844, 0xFEFE, 0xAA28, 0xAA44, 0xAAA2, 0xAE3C, 0xC244, 0x8244, 0xFEA8, 0x8210, 0x8228, 0xFE44, 0x8282}},
  {37241, {0x0004, 0xFE1E, 0x28E0, 0x2822, 0xFE92, 0xAA54, 0xAA40, 0xAA08, 0xAFFE, 0xC208, 0x8288, 0xFE48, 0x8248, 0x8208, 0xFE28, 0x8210}},
  {37245, {0x0000, 0xFEFE, 0x2828, 0x28AA, 0xFE6C, 0xAA28, 0xAAFE, 0xAA80, 0xAE80, 0xC280, 0x8280, 0xFE80, 0x8280, 0x8300, 0xFF00, 0x8200}},
  {37246, {0x0000, 0xFBFE, 0x2000, 0x2000, 0xFBDE, 0xAA52, 0xAA52, 0xAA52, 0xDB5A, 0x8AD6, 0x8A52, 0xFA52, 0x8A52, 0x8A52, 0xFA52, 0x8AD6}},
  {37247, {0x0020, 0xFE10, 0x28FC, 0x2884, 0xFE84, 0xAAFC, 0xAA84, 0xAA84, 0xAEFC, 0xC2A2, 0x82A4, 0xFE98, 0x8290, 0x8288, 0xFEC4, 0x8282}},
  {37253, {0x0020, 0xFE10, 0x28FC, 0x2800, 0xFE84, 0xAA48, 0xAA00, 0xAAFE, 0xAE00, 0xC200, 0x82FC, 0xFE84, 0x8284, 0x8284, 0xFEFC, 0x8284}},
  {37255, {0x0020, 0xFE10, 0x28FE, 0x2800, 0xFE7C, 0xAA44, 0xAA7C, 0xAA00, 0xAE7C, 0xC208, 0x8210, 0xFEFE, 0x8210, 0x8210, 0xFE50, 0x8220}},
  {37257, {0x0040, 0xFE20, 0x29FE, 0x2800, 0xFE88, 0xAA88, 0xAB54, 0xAA22, 0xAE00, 0xC220, 0x83FE, 0xFE20, 0x8220, 0x8220, 0xFE20, 0x8220}},
  {37259, {0x0048, 0xFE48, 0x2848, 0x29FE, 0xFE48, 0xAA48, 0xABFE, 0xAA00, 0xAEFC, 0xC284, 0x8284, 0xFEFC, 0x8284, 0x8284, 0xFEFC, 0x8284}},
  {37260, {0x0000, 0xFEFC, 0x2884, 0x2884, 0xFEFC, 0xAA84, 0xAA84, 0xAAFC, 0xAE00, 0xC290, 0x8292, 0xFEF4, 0x8298, 0x8292, 0xFED2, 0x828E}},
  {37261, {0x0000, 0xFE7C, 0x2844, 0x287C, 0xFE44, 0xAA7C, 0xAA00, 0xABFE, 0xAE10, 0xC210, 0x825E, 0xFE50, 0x8250, 0x82B0, 0xFE9E, 0x8300}},
  {37264, {0x0100, 0xF93C, 0x2124, 0x27E4, 0xF924, 0xA93C, 0xA924, 0xABA4, 0xDAA4, 0x8ABC, 0x8AA4, 0xFAA4, 0x8BA4, 0x8844, 0xF854, 0x8888}},
  {37265, {0x0000, 0xFEFC, 0x2814, 0x2850, 0xFE5C, 0xAA50, 0xAA7E, 0xAA80, 0xAE7C, 0xC244, 0x827C, 0xFE44, 0x827C, 0x8244, 0xFE44, 0x824C}},
  {37266, {0x0000, 0xFE7C, 0x2844, 0x287C, 0xFE44, 0xAA7C, 0xAA10, 0xAA50, 0xAE7C, 0xC290, 0x8210, 0xFE7C, 0x8210, 0x8210, 0xFEFE, 0x8200}},
  {37274, {0x0008, 0xFE4A, 0x292A, 0x28AC, 0xFE88, 0xAA3E, 0xAA08, 0xAB98, 0xAE9C, 0xC2AA, 0x82CA, 0xFE88, 0x8288, 0x8340, 0xFE3E, 0x8200}},
  {37275, {0x0044, 0xFE44, 0x28FE, 0x2844, 0xFE10, 0xAA28, 0xAA44, 0xAA82, 0xAE7C, 0xC210, 0x8210, 0xFE7C, 0x8210, 0x8210, 0xFEFE, 0x8200}},
  {37282, {0x0020, 0xF820, 0x23FC, 0x2040, 0xF880, 0xA9F8, 0xAA88, 0xAC88, 0xD8F8, 0x8800, 0x89FC, 0xF954, 0x8954, 0x8954, 0xFBFE, 0x8800}},
  {37283, {0x0020, 0xFE10, 0x28FE, 0x2890, 0xFEBC, 0xAA94, 0xAAFE, 0xAA94, 0xAEBC, 0xC290, 0x82BC, 0xFEA4, 0x82A4, 0x82A4, 0xFEBC, 0x8324}},
  {37290, {0x0000, 0xFEEE, 0x2822, 0x28AA, 0xFE66, 0xAAAA, 0xAA10, 0xAA28, 0xAE44, 0xC392, 0x8220, 0xFEC8, 0x8232, 0x82C4, 0xFE18, 0x82E0}},
  {37293, {0x0028, 0xFEAA, 0x286C, 0x2828, 0xFEFE, 0xAA44, 0xAA28, 0xAAFE, 0xAE10, 0xC27C, 0x8210, 0xFEFE, 0x8210, 0x8228, 0xFE44, 0x8282}},
  {37294, {0x0028, 0xFE24, 0x2840, 0x287E, 0xFEC8, 0xAB48, 0xAA7E, 0xAA48, 0xAE48, 0xC27E, 0x8248, 0xFE48, 0x827E, 0x8240, 0xFEAA, 0x832A}},
  {37295, {0x0040, 0xF820, 0x23FE, 0x2040, 0xF884, 0xA9FE, 0xA8A8, 0xA8AA, 0xD926, 0x8A00, 0x89FC, 0xF954, 0x8954, 0x8954, 0xFBFE, 0x8800}},
  {37300, {0x0028, 0xFEFE, 0x28AA, 0x28FE, 0xFEAA, 0xAAFE, 0xAA00, 0xAAFE, 0xAE00, 0xC2FE, 0x8282, 0xFEFE, 0x8244, 0x8228, 0xFEFE, 0x8200}},
  {37301, {0x0040, 0xF87C, 0x2040, 0x23FE, 0xFA42, 0xAA78, 0xABC4, 0xAA3C, 0xDA00, 0x8BFE, 0x8A40, 0xFBA4, 0x8A58, 0x8DB4, 0xFC52, 0x89B0}},
  {37306, {0x001C, 0xF9E0, 0x2020, 0x23FE, 0xF820, 0xA9FC, 0xA9AC, 0xA974, 0xD9FC, 0x8820, 0x89FC, 0xF820, 0x8BFE, 0x8800, 0xF954, 0x8A2A}},
  {37319, {0x0010, 0x00F8, 0x3F00, 0x0200, 0x1110, 0x0910, 0x0820, 0x0100, 0x7FFC, 0x0380, 0x0540, 0x0920, 0x1110, 0x2108, 0xC106, 0x0100}},
  {37321, {0x0C20, 0xF020, 0x1020, 0x5420, 0x39FC, 0x1124, 0xFD24, 0x1124, 0x3124, 0x39FC, 0x5524, 0x5124, 0x9124, 0x1124, 0x11FC, 0x1104}},
  {37322, {0x0C00, 0xF3FC, 0x1104, 0x5488, 0x3850, 0x1020, 0xFCD8, 0x1326, 0x3020, 0x39FC, 0x5420, 0x5020, 0x93FE, 0x1020, 0x1020, 0x1020}},
  {37324, {0x0000, 0x3FF8, 0x2108, 0x2108, 0x3FF8, 0x2108, 0x2108, 0x3FF8, 0x0100, 0x0100, 0x3FF8, 0x0100, 0x0100, 0x0100, 0xFFFE, 0x0000}},
  {37325, {0x0010, 0x00F8, 0x3F00, 0x0100, 0xFFFE, 0x0100, 0x1FF0, 0x1110, 0x1FF0, 0x1110, 0x1FF0, 0x0100, 0x3FF8, 0x0100, 0xFFFE, 0x0000}},
  {37326, {0x0000, 0x7F7C, 0x4904, 0x4928, 0x7F10, 0x4908, 0x497E, 0x7F12, 0x0814, 0x0810, 0x7F10, 0x0810, 0x0810, 0x0F10, 0xF050, 0x4020}},
  {37327, {0x0000, 0x1FF0, 0x1010, 0x1FF0, 0x1010, 0xFFFE, 0x0000, 0x1FF0, 0x1110, 0x1FF0, 0x1110, 0x1FF0, 0x0100, 0x1FF0, 0x0100, 0x7FFC}},
  {37329, {0x0100, 0x0100, 0x0280, 0x0440, 0x0820, 0x1010, 0x2FE8, 0xC106, 0x0100, 0x3FF8, 0x0100, 0x1110, 0x0910, 0x0920, 0xFFFE, 0x0000}},
  {37340, {0x0440, 0x0820, 0x1850, 0x2488, 0x0300, 0x0CC0, 0x3030, 0xC00E, 0x1FF0, 0x0100, 0x0100, 0x3FF8, 0x0100, 0x1110, 0x0920, 0x7FFC}},
  {37492, {0x0440, 0x2440, 0x247C, 0x2490, 0x2488, 0x2508, 0x0280, 0x0C60, 0x3018, 0xCFE6, 0x0100, 0x3FF8, 0x0920, 0x0540, 0x7FFC, 0x0000}},
  {37518, {0x0000, 0x7DF0, 0x1110, 0x1190, 0x1152, 0x1D12, 0xE20E, 0x4500, 0x06C0, 0x1830, 0xEFEE, 0x0100, 0x3FF8, 0x1110, 0x0920, 0xFFFE}},
  {37550, {0x0200, 0x0100, 0xFFFE, 0x0440, 0x1450, 0x2448, 0x4444, 0x0100, 0x06C0, 0x1830, 0xEFEE, 0x0100, 0x3FF8, 0x1110, 0x0920, 0xFFFE}},
  {37576, {0x101C, 0x09E0, 0x4020, 0x2420, 0x0BFE, 0x7050, 0x1088, 0x1104, 0x06C0, 0x1830, 0xEFEE, 0x0100, 0x3FF8, 0x1110, 0x0920, 0xFFFE}},
  {37694, {0x1004, 0xFF78, 0x2840, 0x7F7E, 0x0848, 0x0F48, 0xF888, 0x0908, 0x06C0, 0x1830, 0xEFEE, 0x0100, 0x3FF8, 0x1110, 0x0920, 0xFFFE}},
  {37738, {0x0020, 0x7E20, 0x247E, 0x1884, 0xFF28, 0x2910, 0x4A28, 0x9944, 0x06C0, 0x1830, 0xEFEE, 0x0100, 0x3FF8, 0x1110, 0x0920, 0xFFFE}},
  {37775, {0x2040, 0x17FE, 0x8090, 0x4908, 0x13FC, 0xE150, 0x2252, 0x244E, 0x0100, 0x06C0, 0x1830, 0xEFEE, 0x0100, 0x3FF8, 0x0920, 0xFFFE}},
  {37834, {0x0820, 0x7F20, 0x083E, 0x7E44, 0x0884, 0xFF28, 0x2010, 0x3E28, 0x4344, 0x86C2, 0x1830, 0xEFEE, 0x0100, 0x3FF8, 0x0920, 0xFFFE}},
  {37846, {0x0080, 0x3FFE, 0x2220, 0x3FFC, 0x2224, 0x3FFC, 0x2420, 0x27BC, 0x2462, 0x27BE, 0x2318, 0x2DF6, 0x2040, 0x47FC, 0x4248, 0x8FFE}},
  {37950, {0x3E10, 0x22FE, 0x3E44, 0x2028, 0x7EFE, 0xA210, 0x3EFC, 0x2310, 0x06C0, 0x1830, 0xEFEE, 0x0100, 0x3FF8, 0x1110, 0x0920, 0xFFFE}},
  {37995, {0x0100, 0x06C0, 0x1830, 0xEFEE, 0x0100, 0x1FF0, 0x0920, 0x3FF8, 0x1010, 0x2828, 0x7C7C, 0x9292, 0x7C7C, 0x1010, 0x5454, 0xFEFE}},
  {38021, {0x1000, 0x1000, 0x1E00, 0x2000, 0x2000, 0x7C00, 0x9000, 0x1000, 0xFE00, 0x1000, 0x1000, 0x1200, 0x1400, 0x1800, 0x1000, 0x0000}},
  {38022, {0x1080, 0x1080, 0x1E80, 0x2080, 0x2080, 0x7C80, 0x9080, 0x1080, 0xFE80, 0x1080, 0x1080, 0x1284, 0x1484, 0x1884, 0x107C, 0x0000}},
  {38023, {0x1000, 0x1000, 0x3DFC, 0x2008, 0x4010, 0xBC20, 0x1040, 0x1040, 0xFC80, 0x1080, 0x1100, 0x1104, 0x1504, 0x1904, 0x10FC, 0x0000}},
  {38024, {0x1020, 0x1020, 0x1E20, 0x2020, 0x2020, 0x7C20, 0x93FE, 0x1020, 0xFE20, 0x1020, 0x1020, 0x1220, 0x1420, 0x1820, 0x1020, 0x0020}},
  {38025, {0x1000, 0x1000, 0x3DFE, 0x2020, 0x4020, 0xBC20, 0x1020, 0x1020, 0xFC20, 0x1020, 0x1020, 0x1020, 0x1420, 0x1820, 0x10A0, 0x0040}},
  {38026, {0x1004, 0x1004, 0x1E04, 0x2044, 0x2044, 0x7C44, 0x9044, 0x1044, 0xFE44, 0x1044, 0x1044, 0x1204, 0x1404, 0x1804, 0x1014, 0x0008}},
  {38027, {0x1040, 0x1040, 0x1E40, 0x2040, 0x2040, 0x7C60, 0x9050, 0x1048, 0xFE44, 0x1044, 0x1040, 0x1240, 0x1440, 0x1840, 0x1040, 0x0040}},
  {38028, {0x1000, 0x11FC, 0x1E04, 0x2008, 0x2010, 0x7C20, 0x9020, 0x1020, 0xFE20, 0x1020, 0x1020, 0x1220, 0x1420, 0x1820, 0x10A0, 0x0040}},
  {38029, {0x1020, 0x1020, 0x3C20, 0x2020, 0x4020, 0xBC20, 0x11FC, 0x1020, 0xFC20, 0x1020, 0x1020, 0x1020, 0x1420, 0x1820, 0x13FE, 0x0000}},
  {38030, {0x1008, 0x103C, 0x3DE0, 0x2020, 0x4020, 0xBC20, 0x1020, 0x13FE, 0xFC20, 0x1020, 0x1020, 0x1020, 0x1420, 0x1820, 0x1020, 0x0020}},
  {38031, {0x1104, 0x1124, 0x3D24, 0x2124, 0x4124, 0xBD24, 0x1124, 0x1124, 0xFD24, 0x1124, 0x1124, 0x1124, 0x1524, 0x1A24, 0x1204, 0x0404}},
  {38032, {0x1008, 0x1008, 0x1E10, 0x2020, 0x2040, 0x7C88, 0x9008, 0x1010, 0xFE20, 0x1044, 0x1084, 0x1208, 0x1410, 0x1820, 0x10C0, 0x0300}},
  {38034, {0x1000, 0x11F0, 0x3D10, 0x2110, 0x4110, 0xBD10, 0x1190, 0x1150, 0xFD50, 0x1110, 0x1110, 0x1112, 0x1512, 0x1A12, 0x120E, 0x0400}},
  {38035, {0x1040, 0x1040, 0x3C80, 0x20FC, 0x4104, 0xBE04, 0x1004, 0x1104, 0xFC84, 0x1044, 0x1044, 0x1004, 0x1404, 0x1804, 0x1028, 0x0010}},
  {38036, {0x1080, 0x1040, 0x3C5E, 0x2102, 0x4102, 0xBD02, 0x1102, 0x1102, 0xFD02, 0x1102, 0x1102, 0x1102, 0x1502, 0x1902, 0x110A, 0x0104}},
  {38037, {0x1040, 0x1040, 0x3C40, 0x2040, 0x43FE, 0xBC88, 0x1088, 0x1088, 0xFC88, 0x1108, 0x1090, 0x1050, 0x1420, 0x1850, 0x1088, 0x0304}},
  {38039, {0x1000, 0x13FC, 0x3D04, 0x2144, 0x4124, 0xBCA8, 0x1088, 0x1088, 0xFC50, 0x1050, 0x1020, 0x1020, 0x1450, 0x1888, 0x1104, 0x0602}},
  {38041, {0x1000, 0x13FE, 0x3C20, 0x2020, 0x4120, 0xBD3E, 0x1120, 0x1120, 0xFD20, 0x11FE, 0x1002, 0x1002, 0x1402, 0x1802, 0x1014, 0x0008}},
  {38042, {0x1000, 0x1000, 0x3DFE, 0x2010, 0x4010, 0xBC20, 0x1020, 0x1068, 0xFCA4, 0x1122, 0x1222, 0x1020, 0x1420, 0x1820, 0x1020, 0x0020}},
  {38043, {0x1020, 0x1020, 0x1E20, 0x2020, 0x2020, 0x7DFE, 0x9020, 0x1020, 0xFE20, 0x1050, 0x1050, 0x1250, 0x1488, 0x18C8, 0x1124, 0x0202}},
  {38044, {0x1000, 0x11FE, 0x3D00, 0x2100, 0x4100, 0xBDFC, 0x1104, 0x1104, 0xFD04, 0x1104, 0x11FC, 0x1100, 0x1500, 0x1900, 0x11FE, 0x0000}},
  {38045, {0x2040, 0x2040, 0x3840, 0x27FC, 0x4040, 0x7A48, 0xA248, 0x2248, 0xFA48, 0x23F8, 0x2048, 0x2040, 0x2842, 0x3042, 0x203E, 0x0000}},
  {38046, {0x1020, 0x1020, 0x3C20, 0x20A8, 0x40A4, 0xBCA2, 0x1122, 0x1120, 0xFE24, 0x1024, 0x1028, 0x1008, 0x1410, 0x1820, 0x10C0, 0x0300}},
  {38047, {0x1020, 0x1020, 0x3C20, 0x2020, 0x41FC, 0xBD24, 0x1124, 0x1124, 0xFD24, 0x11FC, 0x1124, 0x1020, 0x1420, 0x1820, 0x1020, 0x0020}},
  {38048, {0x1020, 0x1020, 0x3C20, 0x21FE, 0x4122, 0xBD22, 0x1122, 0x1122, 0xFD52, 0x114A, 0x118A, 0x1102, 0x1502, 0x1902, 0x110A, 0x0104}},
  {38049, {0x1000, 0x11FC, 0x3D04, 0x2104, 0x4124, 0xBD24, 0x1124, 0x1124, 0xFD24, 0x1124, 0x1124, 0x1050, 0x1448, 0x1884, 0x1102, 0x0602}},
  {38050, {0x1000, 0x11FC, 0x3D04, 0x2104, 0x4194, 0xBD54, 0x1154, 0x1124, 0xFD24, 0x1154, 0x1154, 0x1194, 0x1504, 0x1904, 0x1114, 0x0108}},
  {38051, {0x1008, 0x101C, 0x3DE0, 0x2100, 0x4100, 0xBDFC, 0x1144, 0x1144, 0xFD44, 0x1128, 0x1128, 0x1110, 0x1510, 0x1A28, 0x1244, 0x0482}},
  {38052, {0x1020, 0x1020, 0x3C50, 0x2050, 0x4088, 0xBD44, 0x1222, 0x1020, 0xFC00, 0x11FC, 0x1004, 0x1008, 0x1408, 0x1810, 0x1010, 0x0020}},
  {38053, {0x1000, 0x10FC, 0x3C84, 0x2084, 0x4084, 0xBCFC, 0x1084, 0x1084, 0xFC84, 0x10FC, 0x1084, 0x1084, 0x1504, 0x1904, 0x1214, 0x0408}},
  {38054, {0x1040, 0x1040, 0x3C40, 0x207C, 0x4084, 0xBC88, 0x1120, 0x1020, 0xFC20, 0x1050, 0x1050, 0x1050, 0x1488, 0x1888, 0x1104, 0x0202}},
  {38055, {0x1040, 0x1040, 0x3C80, 0x20FC, 0x4104, 0xBE04, 0x1084, 0x1044, 0xFC44, 0x1014, 0x1024, 0x1044, 0x1584, 0x1804, 0x1028, 0x0010}},
  {38056, {0x1020, 0x1040, 0x3CFC, 0x2084, 0x4084, 0xBC84, 0x1094, 0x1088, 0xFC80, 0x10FE, 0x1002, 0x1002, 0x15FA, 0x1802, 0x1014, 0x0008}},
  {38057, {0x1080, 0x1080, 0x3C80, 0x20FC, 0x4104, 0xBD04, 0x1244, 0x1044, 0xFC84, 0x10A4, 0x1114, 0x11F4, 0x1414, 0x1804, 0x1028, 0x0010}},
  {38058, {0x1040, 0x1020, 0x3C00, 0x21FC, 0x4000, 0xBC00, 0x10F0, 0x1090, 0xFC90, 0x1090, 0x1090, 0x1092, 0x1492, 0x1912, 0x110E, 0x0200}},
  {38059, {0x1040, 0x1020, 0x3C20, 0x23FE, 0x4080, 0xBC80, 0x1080, 0x10FC, 0xFC84, 0x1084, 0x1084, 0x1084, 0x1504, 0x1904, 0x1228, 0x0410}},
  {38060, {0x1020, 0x1020, 0x1E20, 0x2024, 0x20A4, 0x7CA4, 0x90A8, 0x1120, 0xFE20, 0x1050, 0x1050, 0x1250, 0x1488, 0x1888, 0x1104, 0x0202}},
  {38061, {0x1010, 0x1110, 0x3C90, 0x2090, 0x4010, 0xBD10, 0x1090, 0x1090, 0xFC10, 0x101E, 0x13F0, 0x1010, 0x1410, 0x1810, 0x1010, 0x0010}},
  {38062, {0x1000, 0x11F8, 0x3C48, 0x2048, 0x4048, 0xBC48, 0x1048, 0x11F8, 0xFC88, 0x1088, 0x1088, 0x1088, 0x1488, 0x1888, 0x13FE, 0x0000}},
  {38063, {0x1000, 0x11FC, 0x3D24, 0x2124, 0x4124, 0xBD24, 0x1124, 0x11FC, 0xFD04, 0x1100, 0x1100, 0x1100, 0x1502, 0x1902, 0x10FE, 0x0000}},
  {38064, {0x1000, 0x1000, 0x3DFC, 0x2020, 0x4020, 0xBC20, 0x1020, 0x1020, 0xFDFC, 0x1020, 0x1028, 0x1024, 0x1424, 0x1820, 0x13FE, 0x0000}},
  {38065, {0x1050, 0x1048, 0x3C40, 0x205C, 0x41E0, 0xBC40, 0x105E, 0x11E0, 0xFC44, 0x1048, 0x1030, 0x1022, 0x1452, 0x188A, 0x1306, 0x0002}},
  {38066, {0x1000, 0x1000, 0x3DFE, 0x2010, 0x4010, 0xBC10, 0x1090, 0x1090, 0xFC9E, 0x1090, 0x1090, 0x1090, 0x1490, 0x1890, 0x13FE, 0x0000}},
  {38067, {0x1088, 0x1088, 0x3C88, 0x2088, 0x43FE, 0xBC88, 0x1088, 0x1088, 0xFC88, 0x10F8, 0x1088, 0x1088, 0x1488, 0x1888, 0x10F8, 0x0088}},
  {38068, {0x1020, 0x1020, 0x3C20, 0x2020, 0x43FE, 0xBC20, 0x1020, 0x1020, 0xFDFC, 0x1104, 0x1104, 0x1104, 0x1504, 0x1904, 0x11FC, 0x0104}},
  {38069, {0x1020, 0x1020, 0x3C20, 0x2020, 0x41FE, 0xBC70, 0x10A8, 0x10A8, 0xFD24, 0x1124, 0x1222, 0x10F8, 0x1420, 0x1820, 0x1020, 0x0020}},
  {38070, {0x1000, 0x1000, 0x3DFE, 0x2008, 0x4008, 0xBDE8, 0x1128, 0x1128, 0xFD28, 0x1128, 0x11E8, 0x1128, 0x1408, 0x1808, 0x1028, 0x0010}},
  {38071, {0x1000, 0x11FE, 0x3D00, 0x2100, 0x417C, 0xBD44, 0x1144, 0x1144, 0xFD44, 0x1144, 0x117C, 0x1144, 0x1500, 0x1900, 0x11FE, 0x0000}},
  {38072, {0x2040, 0x2040, 0x3840, 0x23FE, 0x4080, 0x78A0, 0xA120, 0x21FC, 0xFB24, 0x2524, 0x2124, 0x2124, 0x2934, 0x3128, 0x2020, 0x0020}},
  {38073, {0x1050, 0x1048, 0x3C48, 0x2040, 0x43FE, 0xBC80, 0x1080, 0x10FC, 0xFD44, 0x1144, 0x1128, 0x1128, 0x1610, 0x1A28, 0x1444, 0x0182}},
  {38074, {0x2028, 0x2024, 0x3824, 0x2020, 0x43FE, 0x7A20, 0xA224, 0x2224, 0xFA24, 0x2228, 0x2228, 0x2290, 0x2B12, 0x322A, 0x2046, 0x0082}},
  {38075, {0x1020, 0x1020, 0x3C20, 0x2020, 0x403E, 0xBC20, 0x1020, 0x1020, 0xFDFC, 0x1104, 0x1104, 0x1104, 0x1504, 0x1904, 0x11FC, 0x0104}},
  {38076, {0x1000, 0x11FC, 0x3D04, 0x2104, 0x4104, 0xBDFC, 0x1104, 0x1104, 0xFD04, 0x11FC, 0x1104, 0x1104, 0x1504, 0x1904, 0x11FC, 0x0104}},
  {38077, {0x1000, 0x1000, 0x3DFC, 0x2104, 0x4104, 0xBD04, 0x11FC, 0x1104, 0xFD04, 0x1104, 0x11FC, 0x1104, 0x1400, 0x1800, 0x13FE, 0x0000}},
  {38078, {0x1000, 0x11FC, 0x3D24, 0x2124, 0x4124, 0xBDFC, 0x1124, 0x1124, 0xFD24, 0x11FC, 0x1124, 0x1020, 0x1420, 0x1820, 0x1020, 0x0020}},
  {38079, {0x1000, 0x1000, 0x3DFC, 0x2124, 0x4124, 0xBD24, 0x1124, 0x1124, 0xFDFC, 0x1124, 0x1124, 0x1124, 0x1524, 0x1924, 0x11FC, 0x0104}},
  {38080, {0x1020, 0x1020, 0x3C20, 0x2020, 0x41FC, 0xBD24, 0x1124, 0x1124, 0xFD24, 0x11FC, 0x1124, 0x1124, 0x1524, 0x1924, 0x11FC, 0x0104}},
  {38081, {0x1020, 0x1020, 0x3D20, 0x2120, 0x41FC, 0xBD20, 0x1220, 0x1020, 0xFDFE, 0x1020, 0x1050, 0x1050, 0x1488, 0x1888, 0x1104, 0x0202}},
  {38082, {0x1020, 0x1020, 0x3C40, 0x21FC, 0x4104, 0xBD04, 0x1104, 0x1104, 0xFDFC, 0x1104, 0x1104, 0x1104, 0x1504, 0x1904, 0x11FC, 0x0104}},
  {38083, {0x2040, 0x2040, 0x38A0, 0x20A0, 0x4110, 0x7A48, 0xA426, 0x2020, 0xFBF8, 0x2008, 0x2010, 0x2110, 0x28A0, 0x3040, 0x2020, 0x0020}},
  {38084, {0x2008, 0x203C, 0x3BC0, 0x2200, 0x4220, 0x7A20, 0xA220, 0x23FE, 0xF820, 0x2020, 0x2128, 0x2124, 0x2A22, 0x3422, 0x20A0, 0x0040}},
  {38085, {0x1000, 0x10F8, 0x3C88, 0x2088, 0x4088, 0xBC88, 0x1106, 0x1200, 0xFC00, 0x11FC, 0x1104, 0x1104, 0x1504, 0x1904, 0x11FC, 0x0104}},
  {38086, {0x2000, 0x2080, 0x3B1E, 0x2252, 0x4252, 0x7A52, 0xA252, 0x2252, 0xFA52, 0x22D2, 0x235A, 0x2254, 0x2890, 0x3090, 0x2110, 0x0210}},
  {38088, {0x1040, 0x1020, 0x3C00, 0x23FE, 0x4020, 0xBC20, 0x11FC, 0x1124, 0xFD24, 0x1124, 0x1124, 0x1124, 0x1534, 0x1928, 0x1020, 0x0020}},
  {38089, {0x1020, 0x1010, 0x3C10, 0x21FE, 0x4020, 0xBC20, 0x1044, 0x1084, 0xFDF8, 0x1010, 0x1020, 0x1044, 0x1482, 0x19FE, 0x1082, 0x0000}},
  {38090, {0x1020, 0x1010, 0x3C10, 0x21FE, 0x4102, 0xBE04, 0x1080, 0x1088, 0xFC90, 0x10A0, 0x10C0, 0x1082, 0x1482, 0x1882, 0x107E, 0x0000}},
  {38091, {0x1040, 0x1020, 0x3C28, 0x2008, 0x4008, 0xBC48, 0x1054, 0x1152, 0xFD52, 0x1160, 0x1260, 0x1044, 0x14C4, 0x1944, 0x123C, 0x0000}},
  {38092, {0x1000, 0x11FC, 0x3D04, 0x2104, 0x4104, 0xBDFC, 0x1100, 0x1140, 0xFD44, 0x1148, 0x1170, 0x1140, 0x1542, 0x1A42, 0x123E, 0x0400}},
  {38093, {0x1010, 0x1010, 0x3C10, 0x21FE, 0x4112, 0xBD14, 0x1110, 0x11FC, 0xFD44, 0x1144, 0x1128, 0x1128, 0x1510, 0x1A28, 0x1244, 0x0482}},
  {38094, {0x1000, 0x13FC, 0x3D04, 0x2088, 0x4050, 0xBC20, 0x10D8, 0x1326, 0xFC20, 0x11FC, 0x1020, 0x1020, 0x17FE, 0x1820, 0x1020, 0x0020}},
  {38096, {0x1040, 0x1044, 0x3DF4, 0x2048, 0x4050, 0xBDFE, 0x1040, 0x1080, 0xFDFE, 0x1240, 0x1480, 0x10FC, 0x1404, 0x1804, 0x1028, 0x0010}},
  {38097, {0x1040, 0x1040, 0x3C44, 0x21F4, 0x4048, 0xBC50, 0x13FE, 0x1040, 0xFC80, 0x1184, 0x1298, 0x10E0, 0x1482, 0x1882, 0x107E, 0x0000}},
  {38098, {0x1000, 0x11FE, 0x3C88, 0x2088, 0x4088, 0xBCF8, 0x1088, 0x1088, 0xFCF8, 0x1088, 0x1088, 0x109E, 0x15E8, 0x1808, 0x1008, 0x0008}},
  {38101, {0x1020, 0x1020, 0x3DFE, 0x2040, 0x4040, 0xBCFC, 0x1084, 0x1184, 0xFEFC, 0x1084, 0x1084, 0x10FC, 0x1484, 0x1884, 0x1094, 0x0088}},
  {38102, {0x2028, 0x2024, 0x3824, 0x2020, 0x43FE, 0x7A20, 0xA224, 0x2224, 0xFBA4, 0x22A8, 0x22A8, 0x2290, 0x2A92, 0x35AA, 0x2446, 0x0882}},
  {38103, {0x1020, 0x1020, 0x3C20, 0x21FC, 0x4020, 0xBD24, 0x10A4, 0x10A8, 0xFC20, 0x13FE, 0x1050, 0x1050, 0x1488, 0x1888, 0x1104, 0x0202}},
  {38104, {0x2000, 0x27DE, 0x3892, 0x4492, 0x4494, 0x7C94, 0xA7D8, 0x2094, 0xF992, 0x2192, 0x2292, 0x2A9A, 0x3494, 0x2890, 0x0290, 0x0110}},
  {38105, {0x2080, 0x2080, 0x38BC, 0x23C0, 0x4050, 0x7824, 0xA0D4, 0x230C, 0xF800, 0x23FE, 0x2090, 0x2090, 0x2912, 0x3112, 0x220E, 0x0400}},
  {38107, {0x1020, 0x1124, 0x3CA4, 0x20A4, 0x40A8, 0xBC20, 0x13FC, 0x1004, 0xFC04, 0x1004, 0x11FC, 0x1004, 0x1404, 0x1804, 0x13FC, 0x0004}},
  {38108, {0x2000, 0x23FC, 0x3A04, 0x2204, 0x42F4, 0x7A04, 0xA204, 0x22F4, 0xFA94, 0x2294, 0x2294, 0x22F4, 0x2A04, 0x3204, 0x2214, 0x0208}},
  {38109, {0x1000, 0x10FC, 0x3C84, 0x2084, 0x4084, 0xBC84, 0x10FC, 0x1000, 0xFC00, 0x11FE, 0x1102, 0x1102, 0x1502, 0x1902, 0x11FE, 0x0102}},
  {38110, {0x2000, 0x21FC, 0x3904, 0x2104, 0x41FC, 0x7820, 0xA020, 0x23FE, 0xFA22, 0x2222, 0x2222, 0x2222, 0x2A2A, 0x3224, 0x2020, 0x0020}},
  {38111, {0x2000, 0x23FE, 0x3A02, 0x2222, 0x4222, 0x7A22, 0xA3FE, 0x2222, 0xFA22, 0x2252, 0x224A, 0x228A, 0x2B02, 0x3202, 0x23FE, 0x0202}},
  {38112, {0x1020, 0x1124, 0x3D24, 0x2124, 0x41FC, 0xBC00, 0x11FC, 0x1004, 0xFC04, 0x11FC, 0x1100, 0x1100, 0x1502, 0x1902, 0x10FE, 0x0000}},
  {38113, {0x2002, 0x23E2, 0x3A22, 0x222A, 0x42AA, 0x7AAA, 0xA2AA, 0x22AA, 0xFAAA, 0x22AA, 0x22AA, 0x2082, 0x2942, 0x3122, 0x220A, 0x0404}},
  {38114, {0x2020, 0x2120, 0x3920, 0x21FC, 0x4120, 0x7A20, 0xA020, 0x23FE, 0xF870, 0x20A8, 0x20A8, 0x2124, 0x2924, 0x3222, 0x2020, 0x0020}},
  {38115, {0x1020, 0x1120, 0x3D20, 0x21FC, 0x4120, 0xBE20, 0x1020, 0x13FE, 0xFC90, 0x1090, 0x1090, 0x1090, 0x1512, 0x1912, 0x1212, 0x040E}},
  {38116, {0x2000, 0x2006, 0x3BB8, 0x2088, 0x4088, 0x7908, 0xA13E, 0x2388, 0xF888, 0x2288, 0x2288, 0x213E, 0x2900, 0x3280, 0x247E, 0x0800}},
  {38117, {0x1008, 0x103C, 0x3DE0, 0x2020, 0x4020, 0xBDFC, 0x1020, 0x1020, 0xFC20, 0x13FE, 0x1020, 0x1040, 0x1488, 0x1904, 0x13FE, 0x0102}},
  {38119, {0x1090, 0x1094, 0x3D14, 0x2118, 0x4310, 0xBD32, 0x1152, 0x110E, 0xFD20, 0x1020, 0x13FE, 0x1020, 0x1420, 0x1820, 0x1020, 0x0020}},
  {38120, {0x2040, 0x2040, 0x38A0, 0x2110, 0x4208, 0x7C06, 0xA3F8, 0x2040, 0xF840, 0x2040, 0x23F8, 0x2040, 0x2840, 0x3040, 0x27FE, 0x0000}},
  {38121, {0x1004, 0x1188, 0x3C50, 0x2020, 0x4050, 0xBC88, 0x1124, 0x1020, 0xFFFE, 0x1020, 0x10A8, 0x10A4, 0x1522, 0x1A22, 0x10A0, 0x0040}},
  {38122, {0x2040, 0x2040, 0x38A0, 0x2110, 0x4208, 0x7C06, 0xA3F8, 0x2000, 0xF800, 0x23F8, 0x2208, 0x2208, 0x2A08, 0x3208, 0x23F8, 0x0208}},
  {38123, {0x1050, 0x1050, 0x3C50, 0x2152, 0x40D4, 0xBC58, 0x1050, 0x1058, 0xFCD4, 0x1152, 0x1250, 0x1050, 0x1492, 0x1892, 0x1112, 0x020E}},
  {38124, {0x1040, 0x1040, 0x3C78, 0x2088, 0x4150, 0xBC20, 0x1050, 0x1088, 0xFD06, 0x10F8, 0x1088, 0x1088, 0x1488, 0x1888, 0x10F8, 0x0088}},
  {38125, {0x1040, 0x1040, 0x3CFC, 0x2104, 0x4288, 0xBC50, 0x1020, 0x1040, 0xFC80, 0x11FC, 0x1284, 0x1084, 0x1484, 0x1884, 0x10FC, 0x0084}},
  {38126, {0x2080, 0x2080, 0x39F8, 0x2208, 0x4010, 0x7BFC, 0xA024, 0x2024, 0xFBFE, 0x2024, 0x2024, 0x23FC, 0x2824, 0x3020, 0x20A0, 0x0040}},
  {38127, {0x1080, 0x1080, 0x3CF8, 0x2108, 0x4210, 0xBDFC, 0x1124, 0x1124, 0xFD24, 0x11FC, 0x1100, 0x1100, 0x1502, 0x1902, 0x10FE, 0x0000}},
  {38128, {0x1040, 0x1020, 0x3C20, 0x21FE, 0x4000, 0xBC88, 0x1104, 0x1202, 0xFC88, 0x1088, 0x1050, 0x1050, 0x1420, 0x1850, 0x1088, 0x0306}},
  {38129, {0x1040, 0x1020, 0x3C20, 0x23FE, 0x4040, 0xBC40, 0x10A0, 0x10A2, 0xFDA4, 0x1298, 0x1490, 0x1088, 0x1484, 0x18A2, 0x10C0, 0x0080}},
  {38130, {0x2040, 0x2020, 0x3BFC, 0x2000, 0x4108, 0x7890, 0xA3FE, 0x2200, 0xFA00, 0x2200, 0x2200, 0x2200, 0x2A00, 0x3400, 0x2400, 0x0800}},
  {38131, {0x1040, 0x1020, 0x3C20, 0x23FE, 0x4040, 0xBC88, 0x1104, 0x13FE, 0xFC92, 0x1090, 0x1090, 0x1090, 0x1512, 0x1912, 0x120E, 0x0400}},
  {38132, {0x2200, 0x217C, 0x3904, 0x2408, 0x4210, 0x7A20, 0xA07E, 0x212A, 0xF92A, 0x222A, 0x264A, 0x2252, 0x2A92, 0x3322, 0x224A, 0x0084}},
  {38133, {0x2040, 0x2020, 0x3820, 0x23FE, 0x4202, 0x7C44, 0xA040, 0x23FE, 0xF888, 0x2088, 0x2108, 0x20D0, 0x2820, 0x3050, 0x2088, 0x0304}},
  {38134, {0x1000, 0x11F8, 0x3D08, 0x2108, 0x41F8, 0xBD08, 0x1108, 0x11F8, 0xFD44, 0x1148, 0x1130, 0x1120, 0x1510, 0x1948, 0x1186, 0x0100}},
  {38135, {0x2100, 0x2100, 0x3900, 0x211E, 0x47D2, 0x7A52, 0xA252, 0x2252, 0xFA52, 0x2492, 0x2292, 0x2112, 0x2A92, 0x325E, 0x2452, 0x0800}},
  {38136, {0x1020, 0x1020, 0x3DFC, 0x2020, 0x40FC, 0xBC20, 0x11FE, 0x1048, 0xFC48, 0x10FE, 0x1088, 0x1148, 0x1528, 0x1A08, 0x1028, 0x0010}},
  {38137, {0x2088, 0x2088, 0x3BFE, 0x2088, 0x4000, 0x7BFE, 0xA202, 0x2444, 0xF840, 0x23FC, 0x2044, 0x2084, 0x2884, 0x3104, 0x2228, 0x0410}},
  {38138, {0x2048, 0x2044, 0x3BFE, 0x2040, 0x4040, 0x7BFC, 0xA244, 0x2244, 0xFBFC, 0x2244, 0x2244, 0x23FC, 0x2A44, 0x3244, 0x2254, 0x0208}},
  {38140, {0x2020, 0x2020, 0x3820, 0x23FE, 0x4020, 0x7924, 0xA0A4, 0x20A8, 0xFBFE, 0x2070, 0x20A8, 0x20A8, 0x2924, 0x3222, 0x2420, 0x0020}},
  {38141, {0x2010, 0x2014, 0x3812, 0x2010, 0x43FE, 0x7810, 0xA090, 0x2050, 0xF848, 0x2008, 0x2088, 0x22A8, 0x2A9A, 0x32AA, 0x2466, 0x0002}},
  {38142, {0x2010, 0x2210, 0x3910, 0x217E, 0x4020, 0x7828, 0xA748, 0x217E, 0xF908, 0x2108, 0x21FE, 0x2108, 0x2908, 0x3288, 0x247E, 0x0000}},
  {38143, {0x2080, 0x22FC, 0x3AA4, 0x22A4, 0x42A8, 0x7A90, 0xA2A8, 0x20C6, 0xF820, 0x2020, 0x21FC, 0x2020, 0x2820, 0x3020, 0x23FE, 0x0000}},
  {38144, {0x1020, 0x1124, 0x3CA4, 0x20A8, 0x4020, 0xBDFC, 0x1104, 0x1104, 0xFDFC, 0x1104, 0x1104, 0x11FC, 0x1504, 0x1904, 0x1114, 0x0108}},
  {38145, {0x1020, 0x1124, 0x3CA4, 0x20A8, 0x4020, 0xBDFC, 0x1104, 0x1124, 0xFD24, 0x1124, 0x1124, 0x1124, 0x1450, 0x1888, 0x1104, 0x0202}},
  {38146, {0x1000, 0x11FC, 0x3D24, 0x2124, 0x41FC, 0xBD24, 0x1124, 0x11FC, 0xFC20, 0x1020, 0x11FC, 0x1020, 0x1420, 0x1820, 0x13FE, 0x0000}},
  {38147, {0x1000, 0x11FC, 0x3D04, 0x2104, 0x4104, 0xBDFC, 0x1000, 0x1000, 0xFDFE, 0x1020, 0x1020, 0x11FC, 0x1420, 0x1820, 0x13FE, 0x0000}},
  {38148, {0x2008, 0x2008, 0x3BC8, 0x2248, 0x425E, 0x7A4A, 0xA3CA, 0x224A, 0xFA4A, 0x23CA, 0x224A, 0x224A, 0x2A6A, 0x33D2, 0x2612, 0x0026}},
  {38149, {0x2000, 0x21FC, 0x3904, 0x2104, 0x4104, 0x79FC, 0xA020, 0x2020, 0xFBFE, 0x2222, 0x2252, 0x228A, 0x2B0A, 0x3202, 0x220A, 0x0204}},
  {38150, {0x2020, 0x2120, 0x3920, 0x21FC, 0x4120, 0x7A20, 0xA020, 0x23FE, 0xF800, 0x2000, 0x21FC, 0x2104, 0x2904, 0x3104, 0x21FC, 0x0104}},
  {38151, {0x2010, 0x20D8, 0x3B94, 0x2094, 0x4090, 0x7BFE, 0xA090, 0x2094, 0xF894, 0x20D8, 0x2398, 0x2090, 0x28AA, 0x30CA, 0x2286, 0x0102}},
  {38152, {0x101C, 0x11E0, 0x3C20, 0x2020, 0x43FE, 0xBCA8, 0x1124, 0x1222, 0xFDF8, 0x1088, 0x1090, 0x10BE, 0x1502, 0x1902, 0x1214, 0x0408}},
  {38153, {0x1020, 0x1020, 0x3D24, 0x2124, 0x4124, 0xBD24, 0x12AA, 0x1472, 0xFC20, 0x1020, 0x11FC, 0x1020, 0x1420, 0x1820, 0x13FE, 0x0000}},
  {38154, {0x1004, 0x101E, 0x3DE0, 0x2022, 0x4112, 0xBC94, 0x1080, 0x1008, 0xFDFE, 0x1008, 0x1088, 0x1048, 0x1448, 0x1808, 0x1028, 0x0010}},
  {38155, {0x1040, 0x1040, 0x3CFC, 0x2088, 0x4150, 0xBC20, 0x10D8, 0x1326, 0xFCF8, 0x1020, 0x10F8, 0x1020, 0x17FE, 0x1820, 0x1020, 0x0020}},
  {38156, {0x1040, 0x1020, 0x3DFC, 0x2000, 0x4088, 0xBC50, 0x13FE, 0x1020, 0xFC20, 0x1020, 0x11FC, 0x1020, 0x1420, 0x1820, 0x1020, 0x0020}},
  {38157, {0x2040, 0x2020, 0x3BFC, 0x2040, 0x4090, 0x7908, 0xA3FC, 0x2004, 0xF950, 0x2150, 0x2150, 0x2150, 0x2A50, 0x3252, 0x2452, 0x080E}},
  {38158, {0x2100, 0x20BE, 0x3A82, 0x2202, 0x42FA, 0x7A52, 0xA252, 0x2252, 0xFBFE, 0x2252, 0x2252, 0x2292, 0x2B12, 0x3202, 0x220A, 0x0204}},
  {38159, {0x2100, 0x20BE, 0x3A82, 0x2202, 0x4202, 0x7AFA, 0xA28A, 0x228A, 0xFAFA, 0x228A, 0x228A, 0x22FA, 0x2A02, 0x3202, 0x220A, 0x0204}},
  {38160, {0x2208, 0x2108, 0x3910, 0x4020, 0x43F8, 0x7A08, 0xA208, 0x2208, 0xFBF8, 0x20A0, 0x20A0, 0x2920, 0x3124, 0x2224, 0x041C, 0x0800}},
  {38161, {0x2108, 0x2088, 0x3890, 0x23FC, 0x4024, 0x7824, 0xA3FC, 0x2220, 0xFA20, 0x23FE, 0x2062, 0x20A2, 0x292A, 0x3224, 0x2420, 0x0020}},
  {38162, {0x1040, 0x1020, 0x3DFC, 0x2104, 0x4104, 0xBDFC, 0x1104, 0x1104, 0xFDFC, 0x1120, 0x1122, 0x1114, 0x1508, 0x1944, 0x1182, 0x0100}},
  {38163, {0x1000, 0x11FC, 0x3C04, 0x20FC, 0x4004, 0xBDFC, 0x1000, 0x13FE, 0xFE02, 0x11F8, 0x1088, 0x1088, 0x1450, 0x1820, 0x10D8, 0x0306}},
  {38164, {0x2000, 0x23F8, 0x3A08, 0x4208, 0x43F8, 0x7A00, 0xA200, 0x23FC, 0xFA04, 0x22F4, 0x2294, 0x2A94, 0x34F4, 0x2404, 0x0828, 0x0010}},
  {38165, {0x2000, 0x277E, 0x3D04, 0x2504, 0x4574, 0x7D54, 0xA654, 0x2554, 0xFD54, 0x2554, 0x2574, 0x2554, 0x2E04, 0x3404, 0x2414, 0x0408}},
  {38166, {0x2020, 0x2020, 0x3BFE, 0x2020, 0x41FC, 0x7820, 0xA3FE, 0x2000, 0xF9FC, 0x2104, 0x21FC, 0x2104, 0x29FC, 0x3104, 0x2114, 0x0108}},
  {38167, {0x2020, 0x2022, 0x39FA, 0x2024, 0x4028, 0x7BFE, 0xA020, 0x2040, 0xF8FC, 0x2184, 0x2284, 0x20FC, 0x2884, 0x3084, 0x20FC, 0x0084}},
  {38168, {0x2088, 0x2088, 0x3BFE, 0x2088, 0x40A8, 0x7820, 0xA3FE, 0x2040, 0xF880, 0x20FC, 0x2184, 0x2284, 0x2884, 0x3084, 0x20FC, 0x0084}},
  {38169, {0x2110, 0x2110, 0x3910, 0x27FC, 0x4110, 0x7910, 0xAFFE, 0x2000, 0xFBF8, 0x2208, 0x2208, 0x23F8, 0x2A08, 0x3208, 0x23F8, 0x0208}},
  {38170, {0x2088, 0x2088, 0x3BFE, 0x2088, 0x4088, 0x7800, 0xA1FC, 0x2124, 0xF924, 0x2124, 0x21FC, 0x2124, 0x2924, 0x3124, 0x21FC, 0x0104}},
  {38171, {0x2020, 0x2020, 0x3BFE, 0x2050, 0x40A8, 0x7924, 0xA2FA, 0x2020, 0xF8A8, 0x2088, 0x23FE, 0x2088, 0x2888, 0x3088, 0x2108, 0x0208}},
  {38173, {0x1000, 0x11FC, 0x3D04, 0x21FC, 0x4104, 0xBDFC, 0x1000, 0x11FE, 0xFC08, 0x13FE, 0x1008, 0x1108, 0x1488, 0x1808, 0x1028, 0x0010}},
  {38174, {0x1000, 0x11FC, 0x3D24, 0x2124, 0x41FC, 0xBD24, 0x1124, 0x11FC, 0xFC20, 0x13FE, 0x1070, 0x10A8, 0x1524, 0x1A22, 0x1020, 0x0020}},
  {38175, {0x1000, 0x11FC, 0x3D04, 0x2104, 0x41FC, 0xBD04, 0x1104, 0x11FC, 0xFC00, 0x1112, 0x11D4, 0x1118, 0x1510, 0x1952, 0x1192, 0x010E}},
  {38177, {0x1000, 0x11F8, 0x3D08, 0x2108, 0x41F8, 0xBD08, 0x1108, 0x11F8, 0xFC80, 0x11FC, 0x1254, 0x1094, 0x1524, 0x1A44, 0x1094, 0x0108}},
  {38178, {0x1000, 0x11FC, 0x3D04, 0x2124, 0x4124, 0xBDFC, 0x1124, 0x1124, 0xFD74, 0x1154, 0x1154, 0x1174, 0x1504, 0x1904, 0x11FC, 0x0104}},
  {38179, {0x2000, 0x23FE, 0x3A52, 0x2252, 0x4252, 0x7BFE, 0xA020, 0x2040, 0xF8FC, 0x2104, 0x2288, 0x2050, 0x2820, 0x3040, 0x2180, 0x0600}},
  {38180, {0x2008, 0x203C, 0x39E0, 0x2020, 0x4020, 0x7BFE, 0xA124, 0x2124, 0xFBFE, 0x2124, 0x2124, 0x23FE, 0x2820, 0x3020, 0x23FE, 0x0000}},
  {38181, {0x1050, 0x1048, 0x3C80, 0x20FE, 0x4190, 0xBE90, 0x10FC, 0x1090, 0xFC90, 0x10FC, 0x1090, 0x1090, 0x1490, 0x18FE, 0x1080, 0x0080}},
  {38182, {0x1020, 0x1040, 0x3DFC, 0x2104, 0x41FC, 0xBD04, 0x11FC, 0x1020, 0xFC20, 0x13FE, 0x1222, 0x1222, 0x162A, 0x1A24, 0x1020, 0x0020}},
  {38184, {0x2010, 0x2050, 0x3B90, 0x221E, 0x4212, 0x7A24, 0xA3C8, 0x2288, 0xFA88, 0x2288, 0x2288, 0x2294, 0x2A94, 0x3494, 0x2494, 0x0822}},
  {38185, {0x1020, 0x1124, 0x3CA8, 0x2020, 0x41FC, 0xBC40, 0x13FE, 0x1088, 0xFD04, 0x12FA, 0x1488, 0x1088, 0x14A8, 0x1892, 0x1082, 0x007E}},
  {38186, {0x2080, 0x2080, 0x38FC, 0x2154, 0x4254, 0x78A4, 0xA124, 0x2244, 0xF894, 0x2108, 0x2040, 0x20A4, 0x2AAA, 0x328A, 0x2478, 0x0000}},
  {38187, {0x1040, 0x1020, 0x3DFC, 0x2000, 0x4108, 0xBC90, 0x1000, 0x13FE, 0xFC00, 0x1000, 0x11FC, 0x1104, 0x1504, 0x1904, 0x11FC, 0x0104}},
  {38188, {0x2040, 0x2244, 0x3A44, 0x2448, 0x40A0, 0x7910, 0xA608, 0x2044, 0xF840, 0x2248, 0x2248, 0x2450, 0x28A0, 0x3110, 0x2208, 0x0C06}},
  {38189, {0x2040, 0x2020, 0x3BFE, 0x2202, 0x4404, 0x7800, 0xA3FE, 0x2020, 0xF820, 0x2120, 0x213C, 0x2120, 0x2AA0, 0x3260, 0x243E, 0x0800}},
  {38190, {0x2010, 0x2010, 0x3B7C, 0x2114, 0x41FE, 0x7A14, 0xA27C, 0x2710, 0xF97C, 0x2510, 0x25FE, 0x2210, 0x2A10, 0x3500, 0x28FE, 0x0000}},
  {38191, {0x2000, 0x23FC, 0x3A04, 0x2204, 0x43FC, 0x7A20, 0xA220, 0x23FE, 0xFA20, 0x2220, 0x22FC, 0x2284, 0x2A84, 0x3484, 0x24FC, 0x0884}},
  {38192, {0x2000, 0x21FC, 0x3808, 0x2010, 0x4020, 0x7BFE, 0xA020, 0x20A0, 0xF840, 0x21FC, 0x2154, 0x2154, 0x2954, 0x3154, 0x27FE, 0x0000}},
  {38193, {0x1092, 0x1092, 0x3D24, 0x2248, 0x4124, 0xBC92, 0x1092, 0x1000, 0xFDFE, 0x1122, 0x1122, 0x11FE, 0x1522, 0x1922, 0x11FE, 0x0102}},
  {38194, {0x2100, 0x213C, 0x3BD4, 0x2114, 0x4394, 0x7914, 0xA7D4, 0x2124, 0xF94C, 0x2040, 0x27FE, 0x2040, 0x28A0, 0x3110, 0x2208, 0x0C06}},
  {38196, {0x1110, 0x1112, 0x3DD4, 0x2118, 0x4152, 0xBD92, 0x112E, 0x1040, 0xFDFC, 0x1104, 0x1104, 0x11FC, 0x1504, 0x1904, 0x11FC, 0x0104}},
  {38197, {0x1090, 0x1090, 0x3C9E, 0x22A2, 0x41D4, 0xBC88, 0x1094, 0x10A4, 0xFDFE, 0x1284, 0x14A4, 0x1094, 0x1494, 0x1884, 0x1094, 0x0088}},
  {38198, {0x2000, 0x21FC, 0x3924, 0x2124, 0x41FC, 0x7924, 0xA124, 0x21FC, 0xF800, 0x2040, 0x2024, 0x22A2, 0x2A8A, 0x3488, 0x2078, 0x0000}},
  {38199, {0x2000, 0x23DE, 0x3A52, 0x2252, 0x43DE, 0x7800, 0xA1FC, 0x2000, 0xFBFE, 0x2080, 0x2100, 0x21FC, 0x2804, 0x3004, 0x2028, 0x0010}},
  {38200, {0x1008, 0x103C, 0x3DE0, 0x2020, 0x4020, 0xBDFE, 0x1020, 0x10A0, 0xFD2C, 0x1124, 0x1124, 0x11AC, 0x1524, 0x1924, 0x11FC, 0x0104}},
  {38201, {0x2008, 0x20C8, 0x3B08, 0x2108, 0x412A, 0x792A, 0xA3AC, 0x2148, 0xF908, 0x2388, 0x2554, 0x2114, 0x2914, 0x3124, 0x2124, 0x0142}},
  {38202, {0x1008, 0x103C, 0x3DE0, 0x2020, 0x43FE, 0xBC20, 0x11FC, 0x1124, 0xFDFC, 0x1124, 0x11FC, 0x1020, 0x15FC, 0x1820, 0x13FE, 0x0000}},
  {38203, {0x2080, 0x2338, 0x3A28, 0x2228, 0x43A8, 0x7A46, 0xA200, 0x227C, 0xFBA4, 0x2224, 0x2228, 0x23A8, 0x2E10, 0x3228, 0x2244, 0x0282}},
  {38204, {0x10A0, 0x112C, 0x3D24, 0x2124, 0x41AC, 0xBD24, 0x1124, 0x11FC, 0xFC20, 0x11FC, 0x1088, 0x1050, 0x1420, 0x1850, 0x1088, 0x0306}},
  {38206, {0x101E, 0x13E0, 0x3C44, 0x2124, 0x4088, 0xBDFC, 0x1040, 0x1040, 0xFDFE, 0x1080, 0x10FC, 0x1144, 0x1528, 0x1A10, 0x1068, 0x0186}},
  {38207, {0x2040, 0x2020, 0x3BFE, 0x2000, 0x41FC, 0x7904, 0xA104, 0x2104, 0xF9FC, 0x2052, 0x2094, 0x2188, 0x2A88, 0x34A4, 0x20C2, 0x0080}},
  {38208, {0x2040, 0x2020, 0x3BFE, 0x2248, 0x4248, 0x7BFE, 0xA248, 0x2278, 0xFA00, 0x22FC, 0x2244, 0x2248, 0x2A28, 0x3410, 0x2468, 0x0986}},
  {38209, {0x2104, 0x2088, 0x3BFE, 0x2020, 0x4020, 0x79FC, 0xA020, 0x2020, 0xFBFE, 0x2000, 0x2020, 0x23FE, 0x2820, 0x3050, 0x2088, 0x0306}},
  {38210, {0x1020, 0x1124, 0x3CA8, 0x2020, 0x43FE, 0xBCA8, 0x1124, 0x1202, 0xFC40, 0x13FE, 0x1088, 0x1108, 0x1590, 0x1860, 0x1198, 0x0604}},
  {38212, {0x2090, 0x27FC, 0x3894, 0x23FC, 0x4290, 0x7BFE, 0xA112, 0x2216, 0xFDFC, 0x2104, 0x2124, 0x2124, 0x2924, 0x3050, 0x2088, 0x0304}},
  {38213, {0x2000, 0x23FC, 0x3A24, 0x4224, 0x43FC, 0x7A00, 0xA2FC, 0x2284, 0xFA84, 0x22FC, 0x2284, 0x2AFC, 0x3484, 0x2484, 0x08FC, 0x1084}},
  {38214, {0x2088, 0x2088, 0x3BFE, 0x2088, 0x4000, 0x79FC, 0xA104, 0x21FC, 0xF904, 0x21FC, 0x2020, 0x23FE, 0x2850, 0x3088, 0x2104, 0x0202}},
  {38215, {0x2020, 0x2020, 0x3BFE, 0x4020, 0x41FC, 0x7904, 0xA1FC, 0x2104, 0xF9FC, 0x2104, 0x21FC, 0x2904, 0x37FE, 0x2088, 0x0104, 0x0202}},
  {38217, {0x2000, 0x23FE, 0x3800, 0x21FC, 0x4104, 0x7904, 0xA1FC, 0x2000, 0xFBFE, 0x228A, 0x2252, 0x23FE, 0x2A22, 0x3222, 0x222A, 0x0204}},
  {38218, {0x2000, 0x23FC, 0x3908, 0x21F8, 0x4108, 0x79F8, 0xA10E, 0x27F8, 0xF808, 0x27BC, 0x20A4, 0x22A4, 0x2928, 0x3290, 0x24A8, 0x0846}},
  {38220, {0x20A0, 0x2090, 0x39FE, 0x2320, 0x45FC, 0x7920, 0xA1FC, 0x2120, 0xF9FE, 0x2100, 0x23FC, 0x2088, 0x289E, 0x3102, 0x220A, 0x0404}},
  {38221, {0x2040, 0x2080, 0x3BF8, 0x2208, 0x43F8, 0x7A08, 0xA3F8, 0x2208, 0xFBF8, 0x2040, 0x27FE, 0x20E0, 0x2950, 0x3248, 0x2446, 0x0040}},
  {38222, {0x1020, 0x1050, 0x3C88, 0x2174, 0x4202, 0xBCF8, 0x1088, 0x10F8, 0xFC0C, 0x11F0, 0x1020, 0x11FC, 0x1420, 0x1BFE, 0x1020, 0x0060}},
  {38223, {0x2040, 0x23BE, 0x3A12, 0x2292, 0x4252, 0x7AAA, 0xA324, 0x2040, 0xFBFE, 0x2222, 0x2222, 0x23FE, 0x2A22, 0x3222, 0x23FE, 0x0202}},
  {38224, {0x2040, 0x2020, 0x3BFE, 0x2000, 0x41FC, 0x7904, 0xA1FC, 0x2000, 0xFBFE, 0x2202, 0x22FA, 0x228A, 0x2AFA, 0x3202, 0x220A, 0x0204}},
  {38225, {0x2040, 0x2020, 0x3BFC, 0x2108, 0x4090, 0x7BFE, 0xA202, 0x2444, 0xF820, 0x23FC, 0x2080, 0x20F8, 0x2888, 0x3108, 0x2128, 0x0210}},
  {38226, {0x2104, 0x2084, 0x3888, 0x2000, 0x43FE, 0x7800, 0xA088, 0x2104, 0xFA02, 0x21FC, 0x2154, 0x2154, 0x2954, 0x3154, 0x27FE, 0x0000}},
  {38227, {0x2040, 0x2020, 0x3BFE, 0x2202, 0x4000, 0x79FC, 0xA040, 0x20A2, 0xFB34, 0x2058, 0x2094, 0x2334, 0x2852, 0x3090, 0x2350, 0x0020}},
  {38228, {0x2040, 0x2020, 0x3BFE, 0x2202, 0x4414, 0x79E0, 0xA100, 0x2100, 0xF9FC, 0x2110, 0x2110, 0x27FE, 0x2800, 0x3090, 0x2108, 0x0204}},
  {38230, {0x1000, 0x13FE, 0x3C50, 0x21FC, 0x4154, 0xBD54, 0x11FC, 0x1000, 0xFDFC, 0x1000, 0x13FE, 0x1020, 0x14A8, 0x1924, 0x12A2, 0x0040}},
  {38231, {0x2020, 0x2124, 0x38A8, 0x23FE, 0x4202, 0x78F8, 0xA088, 0x2088, 0xF8F8, 0x2020, 0x2020, 0x21FC, 0x2820, 0x3020, 0x23FE, 0x0000}},
  {38232, {0x2000, 0x21F8, 0x3908, 0x21F8, 0x4108, 0x79F8, 0xA000, 0x23FC, 0xFA94, 0x23FC, 0x2000, 0x21F8, 0x2890, 0x3060, 0x2198, 0x0606}},
  {38233, {0x1000, 0x11FC, 0x3D24, 0x21FC, 0x4124, 0xBDFC, 0x1040, 0x1088, 0xFDF0, 0x1020, 0x1044, 0x13FE, 0x1422, 0x1924, 0x1222, 0x0060}},
  {38235, {0x2020, 0x27FE, 0x3C20, 0x25FC, 0x4424, 0x77FE, 0xA424, 0x25FC, 0xFC20, 0x25FC, 0x2524, 0x25FC, 0x2D24, 0x39FC, 0x2924, 0x112C}},
  {38236, {0x2080, 0x2040, 0x3BF8, 0x2110, 0x40A0, 0x77FE, 0xA000, 0x23F8, 0xFA08, 0x23F8, 0x2208, 0x23F8, 0x2920, 0x3122, 0x2222, 0x0C1E}},
  {38237, {0x2040, 0x2020, 0x3BFE, 0x2088, 0x4050, 0x7BFE, 0xA222, 0x22FA, 0xFA22, 0x22FA, 0x228A, 0x228A, 0x2AFA, 0x3202, 0x220A, 0x0204}},
  {38238, {0x2220, 0x2120, 0x3920, 0x47BE, 0x4240, 0x7A20, 0xA3BC, 0x22D0, 0xFA90, 0x2290, 0x22FE, 0x2A90, 0x34A8, 0x25A8, 0x0844, 0x1082}},
  {38239, {0x2210, 0x2110, 0x3910, 0x47BE, 0x4240, 0x7A00, 0xA3BE, 0x228A, 0xFA88, 0x22A8, 0x22AE, 0x2AA8, 0x34A8, 0x25A8, 0x085E, 0x1080}},
  {38241, {0x2000, 0x23FE, 0x3850, 0x23FE, 0x4252, 0x7BFE, 0xA000, 0x21FC, 0xF904, 0x21FC, 0x2104, 0x21FC, 0x2820, 0x33FE, 0x2020, 0x0020}},
  {38242, {0x2000, 0x2FFE, 0x3800, 0x4A28, 0x4948, 0x7BEE, 0xA892, 0x2884, 0xFAA0, 0x2AA8, 0x2BE8, 0x2888, 0x3894, 0x2914, 0x0924, 0x1242}},
  {38243, {0x2020, 0x2020, 0x3BFE, 0x2050, 0x428A, 0x7904, 0xA3FE, 0x2504, 0xF9FC, 0x2104, 0x21FC, 0x2020, 0x2924, 0x3222, 0x24A2, 0x0040}},
  {38244, {0x20A0, 0x24A4, 0x3AA8, 0x20A0, 0x47FC, 0x7910, 0xA0A0, 0x27FC, 0xF840, 0x23F8, 0x2040, 0x27FC, 0x28A0, 0x3110, 0x2208, 0x0C06}},
  {38245, {0x2080, 0x20F8, 0x3910, 0x23FC, 0x4524, 0x79FC, 0xA124, 0x21FC, 0xF800, 0x23FE, 0x2000, 0x21FC, 0x2904, 0x31FC, 0x2104, 0x01FC}},
  {38246, {0x2108, 0x2088, 0x3BC8, 0x2010, 0x43DE, 0x7A64, 0xA3D4, 0x2014, 0xFBD4, 0x2054, 0x2094, 0x20E8, 0x2B88, 0x3094, 0x2294, 0x0122}},
  {38247, {0x2200, 0x217C, 0x3D04, 0x2444, 0x45F4, 0x7C44, 0xA5F4, 0x2554, 0xFD74, 0x25D4, 0x2554, 0x25F4, 0x2CE4, 0x3554, 0x2444, 0x044C}},
  {38248, {0x2108, 0x2090, 0x3BFC, 0x2090, 0x4294, 0x7998, 0xA090, 0x27FE, 0xF800, 0x21F8, 0x2108, 0x2108, 0x29F8, 0x3108, 0x2108, 0x01F8}},
  {38249, {0x2040, 0x2020, 0x3BFE, 0x228A, 0x4124, 0x7A22, 0xA1FC, 0x2124, 0xF9FC, 0x2020, 0x23FE, 0x2222, 0x2BFE, 0x3222, 0x2020, 0x0020}},
  {38250, {0x2000, 0x23BE, 0x38A2, 0x20A2, 0x40BE, 0x7B88, 0xA208, 0x223E, 0xFA2A, 0x23AA, 0x20AA, 0x20BE, 0x2888, 0x308A, 0x257E, 0x0202}},
  {38251, {0x2020, 0x27A4, 0x38A8, 0x2292, 0x4114, 0x7A08, 0xA5F4, 0x2802, 0xFBF8, 0x2208, 0x2208, 0x23F8, 0x2A08, 0x3110, 0x2FFE, 0x0000}},
  {38252, {0x2088, 0x23FE, 0x38A8, 0x2090, 0x41FE, 0x7B20, 0xA1FC, 0x2120, 0xF9FC, 0x2120, 0x21FE, 0x2100, 0x2BFC, 0x3088, 0x2070, 0x038E}},
  {38253, {0x1000, 0x11FC, 0x3C20, 0x23FE, 0x4222, 0xBDAC, 0x1020, 0x11AC, 0xFC00, 0x11FC, 0x1124, 0x1124, 0x15FC, 0x1924, 0x1124, 0x01FC}},
  {38255, {0x2000, 0x23F8, 0x3AA8, 0x22A8, 0x43F8, 0x7900, 0xA3FC, 0x2484, 0xFBE4, 0x22A4, 0x22A4, 0x23E4, 0x2894, 0x37F4, 0x2014, 0x0008}},
  {38256, {0x2020, 0x23FE, 0x3A88, 0x2250, 0x43FE, 0x7A50, 0xA2FC, 0x2254, 0xFBFE, 0x2254, 0x22FC, 0x2250, 0x2AD8, 0x3554, 0x2652, 0x0850}},
  {38257, {0x2040, 0x2020, 0x39FC, 0x2088, 0x4050, 0x7BFE, 0xA000, 0x21FC, 0xF904, 0x21FC, 0x2104, 0x21FC, 0x2820, 0x3294, 0x228A, 0x047A}},
  {38258, {0x2080, 0x2040, 0x37FE, 0x4402, 0x4A24, 0x73BC, 0xA4A4, 0x2AA8, 0xF510, 0x22E8, 0x2404, 0x23F8, 0x2840, 0x3248, 0x2444, 0x00C0}},
  {38259, {0x2040, 0x2020, 0x3BFE, 0x2250, 0x43FE, 0x7A52, 0xA3FE, 0x2200, 0xFA94, 0x22D8, 0x2290, 0x22D2, 0x2A8E, 0x3400, 0x2554, 0x0A2A}},
  {38262, {0x2040, 0x27FC, 0x3800, 0x23B8, 0x42A8, 0x7BB8, 0xA110, 0x27FC, 0xF910, 0x27FC, 0x2110, 0x27FE, 0x2928, 0x3310, 0x2548, 0x0186}},
  {38271, {0x0800, 0x0810, 0x0820, 0x0840, 0x0880, 0x0900, 0x0800, 0xFFFE, 0x0A00, 0x0900, 0x0880, 0x0840, 0x0920, 0x0A18, 0x0C06, 0x0800}},
  {38376, {0x2000, 0x13FC, 0x1004, 0x4004, 0x4004, 0x4004, 0x4004, 0x4004, 0x4004, 0x4004, 0x4004, 0x4004, 0x4004, 0x4004, 0x4014, 0x4008}},
  {38377, {0x2000, 0x17FC, 0x0004, 0x4004, 0x4004, 0x4004, 0x4004, 0x5FF4, 0x4004, 0x4004, 0x4004, 0x4004, 0x4004, 0x4004, 0x4014, 0x4008}},
  {38378, {0x2000, 0x17FC, 0x0004, 0x4004, 0x4104, 0x4104, 0x4104, 0x4104, 0x4284, 0x4244, 0x4424, 0x4824, 0x4004, 0x4004, 0x4014, 0x4008}},
  {38379, {0x2000, 0x17FC, 0x0004, 0x4004, 0x5FF4, 0x4004, 0x4004, 0x4004, 0x4FE4, 0x4004, 0x4004, 0x4004, 0x5FF4, 0x4004, 0x4014, 0x4008}},
  {38381, {0x2000, 0x17FC, 0x0004, 0x4084, 0x4084, 0x5FF4, 0x4084, 0x4184, 0x4284, 0x4484, 0x4884, 0x5084, 0x4284, 0x4104, 0x4014, 0x4008}},
  {38382, {0x2000, 0x17FC, 0x0004, 0x4004, 0x4004, 0x47C4, 0x4444, 0x4444, 0x4444, 0x4444, 0x4444, 0x47C4, 0x4444, 0x4004, 0x4014, 0x4008}},
  {38383, {0x2000, 0x13FC, 0x1004, 0x4004, 0x5F84, 0x4084, 0x4884, 0x4884, 0x4FE4, 0x4024, 0x4024, 0x5FA4, 0x4024, 0x4144, 0x4094, 0x4008}},
  {38384, {0x2000, 0x13FC, 0x1004, 0x4004, 0x4004, 0x5FF4, 0x4104, 0x4104, 0x4FE4, 0x4104, 0x4104, 0x4104, 0x5FF4, 0x4004, 0x4014, 0x4008}},
  {38385, {0x2000, 0x17FC, 0x0104, 0x4104, 0x5FF4, 0x4104, 0x4104, 0x4FE4, 0x4104, 0x4104, 0x5FF4, 0x4114, 0x4114, 0x4154, 0x4124, 0x400C}},
  {38386, {0x2000, 0x17FC, 0x0004, 0x4104, 0x4104, 0x4104, 0x5FF4, 0x4104, 0x4384, 0x4544, 0x4924, 0x5114, 0x4104, 0x4104, 0x4014, 0x4008}},
  {38387, {0x2000, 0x17FC, 0x0204, 0x4204, 0x4204, 0x5FF4, 0x4404, 0x4484, 0x4884, 0x4904, 0x5144, 0x5224, 0x67F4, 0x4214, 0x4014, 0x4008}},
  {38388, {0x2000, 0x13FC, 0x1004, 0x4004, 0x47C4, 0x4444, 0x4444, 0x4444, 0x47C4, 0x4444, 0x4444, 0x4444, 0x47C4, 0x4004, 0x4014, 0x4008}},
  {38389, {0x2000, 0x17FC, 0x0004, 0x4204, 0x4104, 0x5FF4, 0x4044, 0x4444, 0x4284, 0x4104, 0x4284, 0x4444, 0x4844, 0x4004, 0x4014, 0x4008}},
  {38390, {0x2000, 0x17FC, 0x0004, 0x4204, 0x4104, 0x5FF4, 0x4004, 0x4004, 0x47C4, 0x4444, 0x4444, 0x4454, 0x4834, 0x5004, 0x4014, 0x4008}},
  {38391, {0x2000, 0x17FC, 0x0004, 0x4204, 0x4104, 0x4104, 0x4404, 0x5424, 0x5414, 0x6454, 0x4444, 0x43C4, 0x4004, 0x4004, 0x4014, 0x4008}},
  {38392, {0x2000, 0x17FC, 0x0004, 0x4004, 0x4FE4, 0x4924, 0x4924, 0x4FE4, 0x4924, 0x4924, 0x4FE4, 0x4924, 0x4104, 0x4104, 0x4114, 0x4008}},
  {38393, {0x2000, 0x17FC, 0x0004, 0x4204, 0x4104, 0x5FF4, 0x4104, 0x4104, 0x4FE4, 0x4924, 0x4924, 0x49A4, 0x4944, 0x4104, 0x4114, 0x4008}},
  {38394, {0x2000, 0x17FC, 0x0004, 0x4104, 0x4FE4, 0x4104, 0x4104, 0x5FF4, 0x4004, 0x4104, 0x4FE4, 0x4104, 0x4104, 0x5FF4, 0x4004, 0x400C}},
  {38395, {0x2000, 0x17FC, 0x0004, 0x4004, 0x5FF4, 0x4444, 0x47C4, 0x4444, 0x47C4, 0x4444, 0x4474, 0x5FC4, 0x4044, 0x4044, 0x4054, 0x4008}},
  {38396, {0x2000, 0x17FC, 0x0004, 0x4844, 0x4444, 0x45F4, 0x4044, 0x5C44, 0x44A4, 0x4494, 0x4514, 0x4A04, 0x51F4, 0x4004, 0x4014, 0x4008}},
  {38397, {0x2000, 0x17FC, 0x0004, 0x4104, 0x4104, 0x4FE4, 0x4924, 0x4924, 0x4924, 0x4FE4, 0x4904, 0x4124, 0x41F4, 0x5E14, 0x4804, 0x400C}},
  {38398, {0x2000, 0x17FC, 0x0004, 0x4004, 0x47C4, 0x4444, 0x4444, 0x47C4, 0x4004, 0x4FE4, 0x4824, 0x4824, 0x4FE4, 0x4004, 0x4014, 0x4008}},
  {38400, {0x2000, 0x17FC, 0x0004, 0x4544, 0x4524, 0x4904, 0x59F4, 0x6F04, 0x4924, 0x4924, 0x48C4, 0x4894, 0x4954, 0x4A34, 0x4814, 0x4008}},
  {38401, {0x2000, 0x17FC, 0x0204, 0x4204, 0x47E4, 0x4C44, 0x5284, 0x4104, 0x4284, 0x4C64, 0x77DC, 0x4444, 0x4444, 0x47C4, 0x4014, 0x4008}},
  {38402, {0x2000, 0x17FC, 0x0004, 0x4204, 0x4104, 0x5FF4, 0x4204, 0x4444, 0x4F84, 0x4124, 0x4644, 0x5884, 0x4344, 0x4C24, 0x4004, 0x400C}},
  {38403, {0x2000, 0x17FC, 0x0004, 0x4004, 0x5FF4, 0x5114, 0x5114, 0x5FF4, 0x5114, 0x5394, 0x5554, 0x5934, 0x5114, 0x5FF4, 0x4004, 0x400C}},
  {38404, {0x2000, 0x17FC, 0x0004, 0x4404, 0x47C4, 0x4884, 0x5104, 0x6FE4, 0x4924, 0x4FE4, 0x4924, 0x4FE4, 0x4114, 0x4114, 0x40F4, 0x400C}},
  {38405, {0x2000, 0x17FC, 0x0004, 0x4444, 0x4284, 0x4004, 0x4FE4, 0x4824, 0x4824, 0x4FE4, 0x4284, 0x4284, 0x4484, 0x4894, 0x5074, 0x4008}},
  {38406, {0x2000, 0x17FC, 0x0204, 0x4104, 0x4FE4, 0x4824, 0x4FE4, 0x4824, 0x4FE4, 0x4914, 0x48A4, 0x4A44, 0x4C24, 0x4814, 0x4004, 0x400C}},
  {38408, {0x2000, 0x17FC, 0x0084, 0x40A4, 0x4094, 0x5FF4, 0x4084, 0x4EA4, 0x4AA4, 0x4EA4, 0x40C4, 0x4654, 0x58B4, 0x4114, 0x4204, 0x400C}},
  {38409, {0x2000, 0x17FC, 0x0004, 0x4204, 0x5FF4, 0x4444, 0x4924, 0x711C, 0x4FE4, 0x4924, 0x4FE4, 0x4924, 0x4FE4, 0x4114, 0x40F4, 0x4008}},
  {38410, {0x2000, 0x17FC, 0x0004, 0x4FE4, 0x4824, 0x4FE4, 0x4824, 0x4FE4, 0x4004, 0x5FF4, 0x5014, 0x5FF4, 0x5014, 0x5FF4, 0x4004, 0x400C}},
  {38411, {0x2000, 0x17FC, 0x0004, 0x4204, 0x4CE4, 0x4824, 0x4EE4, 0x4824, 0x4FE4, 0x4284, 0x4284, 0x4494, 0x4494, 0x4874, 0x5004, 0x400C}},
  {38412, {0x2000, 0x17FC, 0x0004, 0x40E4, 0x5F04, 0x4A24, 0x4544, 0x5FF4, 0x5014, 0x47C4, 0x4044, 0x4684, 0x4104, 0x4284, 0x4444, 0x482C}},
  {38413, {0x2000, 0x17FC, 0x0004, 0x4064, 0x5F84, 0x5104, 0x5FF4, 0x5084, 0x5C54, 0x5034, 0x4FE4, 0x4824, 0x4FE4, 0x4824, 0x4FE4, 0x482C}},
  {38414, {0x2000, 0x17FC, 0x0204, 0x4204, 0x47E4, 0x4824, 0x5244, 0x4CE4, 0x4824, 0x4824, 0x4EE4, 0x4824, 0x4824, 0x4FE4, 0x4014, 0x4008}},
  {38415, {0x2000, 0x17FC, 0x0004, 0x4844, 0x4444, 0x5EA4, 0x48A4, 0x4914, 0x4E0C, 0x4A44, 0x4A24, 0x4A04, 0x4A84, 0x5244, 0x5624, 0x600C}},
  {38416, {0x2000, 0x17FC, 0x0004, 0x4444, 0x4284, 0x4FE4, 0x4924, 0x4FE4, 0x4924, 0x4FE4, 0x4104, 0x5FF4, 0x4104, 0x4104, 0x4014, 0x4008}},
  {38417, {0x2000, 0x17FC, 0x0104, 0x4104, 0x5FF4, 0x4104, 0x5FF4, 0x5114, 0x5554, 0x5394, 0x5FF4, 0x4544, 0x4924, 0x5124, 0x4104, 0x410C}},
  {38418, {0x2000, 0x17FC, 0x0004, 0x4FE4, 0x4824, 0x4FE4, 0x4824, 0x4FE4, 0x4824, 0x4FE4, 0x4144, 0x5FF4, 0x4104, 0x4284, 0x4444, 0x482C}},
  {38420, {0x2000, 0x17FC, 0x0004, 0x4834, 0x45C4, 0x6444, 0x5044, 0x51F4, 0x4444, 0x4844, 0x79F4, 0x4914, 0x4914, 0x49F4, 0x4004, 0x400C}},
  {38421, {0x2000, 0x17FC, 0x0004, 0x4084, 0x5E94, 0x42A4, 0x4A4C, 0x4454, 0x4824, 0x57D4, 0x610C, 0x4FE4, 0x4104, 0x4284, 0x4444, 0x582C}},
  {38422, {0x2000, 0x13FC, 0x1104, 0x4FE4, 0x4104, 0x5FF4, 0x4204, 0x4444, 0x4FE4, 0x4004, 0x4FE4, 0x4AA4, 0x4AA4, 0x5FF4, 0x4014, 0x4008}},
  {38423, {0x2000, 0x17FC, 0x0104, 0x5FF4, 0x4104, 0x4FE4, 0x4824, 0x4FE4, 0x4824, 0x4FE4, 0x4824, 0x4FE4, 0x4824, 0x7FFC, 0x4444, 0x482C}},
  {38425, {0x2000, 0x17FC, 0x0004, 0x5144, 0x4A44, 0x5F74, 0x4494, 0x5524, 0x5544, 0x5F44, 0x4444, 0x48A4, 0x4914, 0x5204, 0x4014, 0x4008}},
  {38426, {0x2000, 0x17FC, 0x0004, 0x5C44, 0x447C, 0x7F54, 0x5294, 0x5E14, 0x5254, 0x5E24, 0x53A4, 0x7E54, 0x4294, 0x4304, 0x4014, 0x4008}},
  {38428, {0x0200, 0x0400, 0x3FF0, 0x2010, 0x3FF0, 0x2000, 0x3FF8, 0x2008, 0x2008, 0x3FF8, 0x0100, 0x0100, 0xFFFE, 0x0100, 0x0100, 0x0100}},
  {38429, {0x0000, 0x7C00, 0x4400, 0x4800, 0x4800, 0x5000, 0x4800, 0x4800, 0x4400, 0x4400, 0x4400, 0x6800, 0x5000, 0x4000, 0x4000, 0x4000}},
  {38431, {0x0040, 0x7C40, 0x4440, 0x4840, 0x4840, 0x5040, 0x4840, 0x4840, 0x44A0, 0x44A0, 0x44A0, 0x6910, 0x5110, 0x4208, 0x4404, 0x4802}},
  {38433, {0x0008, 0x7C3C, 0x45E0, 0x4820, 0x4820, 0x5020, 0x4820, 0x4BFE, 0x4420, 0x4420, 0x4420, 0x6820, 0x5020, 0x4020, 0x4020, 0x4020}},
  {38434, {0x0000, 0x7C00, 0x47FC, 0x4890, 0x4890, 0x5090, 0x4890, 0x4890, 0x4490, 0x4490, 0x4490, 0x6892, 0x5112, 0x4112, 0x420E, 0x4400}},
  {38442, {0x0008, 0x7C1C, 0x45E0, 0x4900, 0x4900, 0x51FC, 0x4944, 0x4944, 0x4544, 0x4528, 0x4528, 0x6910, 0x5110, 0x4228, 0x4244, 0x4482}},
  {38446, {0x0000, 0x7DFC, 0x4400, 0x4800, 0x4800, 0x53FE, 0x4890, 0x4890, 0x4490, 0x4490, 0x4490, 0x6892, 0x5112, 0x4112, 0x420E, 0x4400}},
  {38449, {0x0088, 0x7C88, 0x4488, 0x4888, 0x4BFE, 0x5088, 0x4888, 0x4888, 0x4488, 0x47FE, 0x4488, 0x6888, 0x5088, 0x4108, 0x4108, 0x4208}},
  {38450, {0x0040, 0x7C20, 0x4420, 0x4BFE, 0x4880, 0x5080, 0x4880, 0x48FC, 0x4484, 0x4484, 0x4484, 0x6884, 0x5104, 0x4104, 0x4228, 0x4410}},
  {38451, {0x0000, 0x7C00, 0x45FC, 0x4904, 0x4904, 0x5104, 0x4904, 0x4904, 0x45FC, 0x4504, 0x4504, 0x6904, 0x5104, 0x4104, 0x41FC, 0x4104}},
  {38452, {0x0000, 0x7DFC, 0x4504, 0x4904, 0x4904, 0x51FC, 0x4904, 0x4904, 0x4504, 0x45FC, 0x4504, 0x6904, 0x5204, 0x4204, 0x4414, 0x4808}},
  {38453, {0x0040, 0x7C40, 0x4440, 0x4BFE, 0x4880, 0x50A0, 0x4920, 0x49FC, 0x4420, 0x4420, 0x4420, 0x6BFE, 0x5020, 0x4020, 0x4020, 0x4020}},
  {38454, {0x0020, 0x7C20, 0x4450, 0x4850, 0x4888, 0x5104, 0x4A02, 0x4888, 0x4488, 0x4488, 0x4488, 0x6888, 0x5088, 0x4108, 0x4108, 0x4208}},
  {38459, {0x0000, 0x7DF8, 0x4508, 0x4908, 0x4908, 0x51F8, 0x4908, 0x4908, 0x4508, 0x45F8, 0x4508, 0x6908, 0x5108, 0x4108, 0x47FE, 0x4000}},
  {38460, {0x0080, 0x7C80, 0x4480, 0x48FE, 0x4940, 0x5140, 0x4A40, 0x487C, 0x4440, 0x4440, 0x4440, 0x687E, 0x5040, 0x4040, 0x4040, 0x4040}},
  {38461, {0x0020, 0x7C20, 0x4420, 0x4820, 0x483E, 0x5020, 0x4820, 0x4820, 0x45FC, 0x4504, 0x4504, 0x6904, 0x5104, 0x4104, 0x41FC, 0x4104}},
  {38463, {0x0000, 0x7DFE, 0x4408, 0x4808, 0x49E8, 0x5128, 0x4928, 0x4928, 0x4528, 0x4528, 0x45E8, 0x6928, 0x5008, 0x4008, 0x4028, 0x4010}},
  {38464, {0x0040, 0x7C20, 0x4420, 0x49FE, 0x4902, 0x5204, 0x4900, 0x4908, 0x4510, 0x4520, 0x45C0, 0x6904, 0x5104, 0x4104, 0x40FC, 0x4000}},
  {38466, {0x0020, 0x7820, 0x4820, 0x53FE, 0x5222, 0x6224, 0x5220, 0x4BFC, 0x4A84, 0x4A88, 0x6A48, 0x5250, 0x4220, 0x4450, 0x4488, 0x4906}},
  {38468, {0x0088, 0x7C88, 0x4488, 0x4908, 0x497E, 0x5308, 0x4D08, 0x4948, 0x4528, 0x4528, 0x4508, 0x6908, 0x5108, 0x4108, 0x4128, 0x4110}},
  {38469, {0x0000, 0x79FC, 0x4800, 0x5000, 0x5000, 0x63FE, 0x5020, 0x4820, 0x4928, 0x4924, 0x6A24, 0x5222, 0x4422, 0x4020, 0x40A0, 0x4040}},
  {38470, {0x0020, 0x7C20, 0x4420, 0x49FC, 0x4820, 0x5020, 0x4820, 0x4BFE, 0x4420, 0x4420, 0x4524, 0x6924, 0x5124, 0x4124, 0x41FC, 0x4004}},
  {38471, {0x0090, 0x7C88, 0x4488, 0x4880, 0x4BFE, 0x50A0, 0x48A0, 0x48A4, 0x44A4, 0x4528, 0x4528, 0x6932, 0x5222, 0x4262, 0x449E, 0x4800}},
  {38472, {0x0040, 0x7840, 0x4840, 0x57FE, 0x5080, 0x6120, 0x5120, 0x4A20, 0x4BFC, 0x4820, 0x6928, 0x5124, 0x4222, 0x4422, 0x40A0, 0x4040}},
  {38473, {0x0000, 0x7DFC, 0x4408, 0x4810, 0x4830, 0x5048, 0x4884, 0x4B02, 0x4400, 0x45FC, 0x4420, 0x6820, 0x5020, 0x4020, 0x43FE, 0x4000}},
  {38475, {0x0000, 0x7BFE, 0x4820, 0x5020, 0x52FC, 0x62A4, 0x52A4, 0x4AA4, 0x4AD4, 0x4A84, 0x6A84, 0x5294, 0x4288, 0x4200, 0x43FE, 0x4000}},
  {38476, {0x0000, 0x7DFE, 0x4420, 0x4820, 0x4840, 0x51FC, 0x4904, 0x4904, 0x4504, 0x45FC, 0x4504, 0x6904, 0x5104, 0x4104, 0x41FC, 0x4104}},
  {38477, {0x0080, 0x7C80, 0x44FC, 0x4908, 0x4A90, 0x5060, 0x4998, 0x4E26, 0x4420, 0x45FC, 0x4420, 0x6A20, 0x53FE, 0x4020, 0x4020, 0x4020}},
  {38480, {0x0000, 0x7BF8, 0x4A08, 0x5208, 0x53F8, 0x6208, 0x5208, 0x4BF8, 0x4A44, 0x4A48, 0x6A30, 0x5220, 0x4210, 0x4288, 0x4306, 0x4200}},
  {38484, {0x0040, 0x7820, 0x4820, 0x57FE, 0x5040, 0x6084, 0x5108, 0x4BF0, 0x4822, 0x4844, 0x6988, 0x5610, 0x4020, 0x4050, 0x4188, 0x4604}},
  {38485, {0x0040, 0x7840, 0x4840, 0x57FC, 0x5040, 0x6248, 0x5150, 0x4840, 0x4FFE, 0x48A0, 0x68A0, 0x5110, 0x4110, 0x4208, 0x4404, 0x4802}},
  {38491, {0x0220, 0x7A24, 0x4A28, 0x53B0, 0x5220, 0x6222, 0x52A2, 0x4B1E, 0x4840, 0x4840, 0x6BFC, 0x5040, 0x4040, 0x4040, 0x47FE, 0x4000}},
  {38495, {0x0020, 0x7820, 0x4920, 0x513C, 0x5120, 0x6120, 0x57FE, 0x4800, 0x4820, 0x4924, 0x6924, 0x5228, 0x4410, 0x4020, 0x40C0, 0x4700}},
  {38497, {0x0020, 0x7C20, 0x45FC, 0x4820, 0x4820, 0x5020, 0x4BFE, 0x4820, 0x4420, 0x4520, 0x453C, 0x6920, 0x52A0, 0x4260, 0x443E, 0x4800}},
  {38498, {0x0040, 0x7820, 0x4BFE, 0x5202, 0x5404, 0x61F8, 0x5000, 0x4800, 0x4BFE, 0x4890, 0x6890, 0x5090, 0x4112, 0x4112, 0x420E, 0x4400}},
  {38500, {0x0000, 0x7840, 0x4840, 0x50A0, 0x5110, 0x6208, 0x55F6, 0x4840, 0x4840, 0x4BFC, 0x6840, 0x5150, 0x4248, 0x4444, 0x4144, 0x4080}},
  {38503, {0x0000, 0x7DFC, 0x4504, 0x4904, 0x49FC, 0x5104, 0x4904, 0x49FC, 0x4420, 0x4420, 0x45FC, 0x6820, 0x5020, 0x4020, 0x43FE, 0x4000}},
  {38504, {0x0000, 0x7CF8, 0x4488, 0x4888, 0x48F8, 0x5000, 0x49FC, 0x4904, 0x4524, 0x4524, 0x4524, 0x6924, 0x5050, 0x4048, 0x4084, 0x4304}},
  {38505, {0x0040, 0x7840, 0x48A0, 0x50A0, 0x5110, 0x6208, 0x55F6, 0x4800, 0x4888, 0x4848, 0x6A48, 0x5150, 0x4110, 0x4020, 0x47FE, 0x4000}},
  {38506, {0x0040, 0x7C20, 0x45FC, 0x4800, 0x4908, 0x5090, 0x4800, 0x4BFE, 0x4400, 0x4400, 0x45FC, 0x6904, 0x5104, 0x4104, 0x41FC, 0x4104}},
  {38508, {0x0000, 0x7FE0, 0x4A5E, 0x5252, 0x5252, 0x63D2, 0x5252, 0x4A54, 0x4BD4, 0x4A54, 0x6A48, 0x52E8, 0x4754, 0x4054, 0x4062, 0x4040}},
  {38514, {0x0008, 0x783C, 0x49E0, 0x5020, 0x5020, 0x63FE, 0x5124, 0x4924, 0x4FFE, 0x4924, 0x6924, 0x53FE, 0x4020, 0x4020, 0x43FE, 0x4000}},
  {38516, {0x0040, 0x7880, 0x4BFC, 0x5224, 0x5224, 0x63FC, 0x5224, 0x4A44, 0x4BFC, 0x4890, 0x6910, 0x57FE, 0x4010, 0x4010, 0x4010, 0x4010}},
  {38517, {0x0020, 0x7820, 0x49FC, 0x5020, 0x5020, 0x63FE, 0x5088, 0x4944, 0x4A42, 0x48F8, 0x6988, 0x5250, 0x4020, 0x4050, 0x4188, 0x4606}},
  {38518, {0x0100, 0x7900, 0x49FC, 0x5204, 0x5504, 0x61E4, 0x5284, 0x4884, 0x4FF4, 0x4884, 0x6AA4, 0x52A4, 0x43E4, 0x4004, 0x4028, 0x4010}},
  {38519, {0x0080, 0x7880, 0x48F8, 0x5108, 0x5210, 0x6400, 0x5040, 0x4B9C, 0x4A04, 0x4A04, 0x6B9C, 0x5204, 0x4204, 0x4204, 0x43FC, 0x4204}},
  {38533, {0x01FC, 0x7924, 0x4924, 0x49FC, 0x5124, 0x5124, 0x61FC, 0x5020, 0x4820, 0x4BFE, 0x4A22, 0x6A2A, 0x52FA, 0x420A, 0x4202, 0x4206}},
  {38534, {0x0080, 0x79F8, 0x4A08, 0x5510, 0x50E0, 0x6318, 0x5C06, 0x4BF8, 0x4840, 0x4A40, 0x6BFC, 0x5440, 0x43F8, 0x4040, 0x4FFE, 0x4000}},
  {38536, {0x0000, 0x7BF8, 0x4A48, 0x4A48, 0x53F8, 0x5248, 0x6248, 0x53F8, 0x4800, 0x4FFE, 0x4A40, 0x6A44, 0x5228, 0x4290, 0x4308, 0x4206}},
  {38539, {0x0040, 0x7840, 0x4BFE, 0x5080, 0x51FC, 0x6220, 0x55FE, 0x4800, 0x49FC, 0x4904, 0x69FC, 0x5104, 0x41FC, 0x4104, 0x4114, 0x4108}},
  {38541, {0x0020, 0x7C40, 0x45FC, 0x4904, 0x49FC, 0x5104, 0x49FC, 0x4800, 0x47FE, 0x4420, 0x4420, 0x69FC, 0x5020, 0x4020, 0x43FE, 0x4000}},
  {38543, {0x0010, 0x7810, 0x49FE, 0x5420, 0x5240, 0x60FC, 0x5144, 0x4844, 0x4E7C, 0x4A44, 0x6A7C, 0x5244, 0x4254, 0x4248, 0x4500, 0x48FE}},
  {38544, {0x0080, 0x7880, 0x49F8, 0x4A08, 0x5410, 0x53FC, 0x6004, 0x51FC, 0x4804, 0x4BFC, 0x4804, 0x6840, 0x5124, 0x452A, 0x450A, 0x48F8}},
  {38548, {0x0000, 0x7BFE, 0x4800, 0x51FC, 0x5104, 0x6104, 0x51FC, 0x4800, 0x4BFE, 0x4A8A, 0x6A52, 0x53FE, 0x4222, 0x4222, 0x422A, 0x4204}},
  {38551, {0x0020, 0x7840, 0x4BFC, 0x4A24, 0x5224, 0x53FC, 0x6224, 0x5244, 0x4BFC, 0x4840, 0x48A8, 0x68B4, 0x513C, 0x4122, 0x4222, 0x441E}},
  {38552, {0x0208, 0x7908, 0x4910, 0x4800, 0x57FC, 0x5000, 0x6110, 0x5208, 0x4C04, 0x4BF8, 0x4AA8, 0x6AA8, 0x52A8, 0x42A8, 0x4FFE, 0x4000}},
  {38553, {0x0020, 0x7CA8, 0x4524, 0x4A22, 0x4800, 0x51FC, 0x4904, 0x49FC, 0x4504, 0x45FC, 0x4420, 0x68A8, 0x5124, 0x4222, 0x40A0, 0x4040}},
  {38556, {0x0020, 0x7DFC, 0x4488, 0x4850, 0x4BFE, 0x5000, 0x49FC, 0x4904, 0x45FC, 0x4504, 0x45FC, 0x6820, 0x53FE, 0x4020, 0x4020, 0x4020}},
  {38567, {0x0088, 0x7C48, 0x4A50, 0x50FC, 0x5020, 0x6050, 0x5694, 0x4A38, 0x4A50, 0x4A98, 0x6A34, 0x5254, 0x4290, 0x4220, 0x45FE, 0x4800}},
  {38576, {0x0000, 0x7BFE, 0x4A02, 0x4BFE, 0x5202, 0x53FE, 0x6108, 0x5252, 0x4B9C, 0x4908, 0x4A52, 0x6BDE, 0x5000, 0x42A4, 0x4252, 0x4452}},
  {38579, {0x0040, 0x7BFC, 0x4880, 0x51F8, 0x4A20, 0x4DFC, 0x6888, 0x50F8, 0x4188, 0x46C0, 0x1930, 0xE10E, 0x1190, 0x2148, 0x4524, 0x0200}},
  {38582, {0x0100, 0x0100, 0x3FF8, 0x0108, 0x0108, 0xFFFE, 0x0108, 0x0108, 0x3FF8, 0x2108, 0x1190, 0x0560, 0x0920, 0x3118, 0xC506, 0x0200}},
  {38585, {0x0900, 0x0880, 0x0880, 0x1FFC, 0x1080, 0x3080, 0x5FF8, 0x9080, 0x1080, 0x1FF8, 0x1080, 0x1080, 0x1080, 0x1FFC, 0x1000, 0x1000}},
  {38588, {0x0900, 0x0880, 0x1FFC, 0x3080, 0x5FF8, 0x9080, 0x1FF8, 0x1080, 0x1FFC, 0x1100, 0x0100, 0xFFFE, 0x0100, 0x0100, 0x0100, 0x0100}},
  {38589, {0x0900, 0x0880, 0x1FFC, 0x3080, 0x5FF8, 0x9080, 0x1FF8, 0x1080, 0x1FFC, 0x1000, 0x3FE0, 0x0420, 0x047C, 0x0804, 0x3014, 0xC008}},
  {38590, {0x00A0, 0x0090, 0xFC80, 0x05FE, 0x0510, 0x4B10, 0x2DFC, 0x2910, 0x1110, 0x11FC, 0x2910, 0x2510, 0x4510, 0x81FE, 0x0100, 0x0100}},
  {38592, {0x0100, 0x1110, 0x1108, 0x2124, 0x40C0, 0x0300, 0x0C80, 0x3040, 0xDFFC, 0x1080, 0x1FF8, 0x1080, 0x1FF8, 0x1080, 0x1FFC, 0x1000}},
  {38593, {0x0000, 0x3FFE, 0x2000, 0x2250, 0x2248, 0x24FE, 0x2490, 0x2D90, 0x36FE, 0x2490, 0x2490, 0x24FE, 0x2490, 0x4490, 0x44FE, 0x8480}},
  {38596, {0x0850, 0x0848, 0x0880, 0x7EFE, 0x1190, 0x1290, 0x20FC, 0x2890, 0x4890, 0x48FC, 0x9090, 0x1490, 0x2290, 0x7EFE, 0x2280, 0x0080}},
  {38597, {0x0050, 0x7E48, 0x0480, 0x24FE, 0x2590, 0x2690, 0x44FC, 0x7F90, 0x0C90, 0x14FC, 0x1490, 0x2490, 0x4490, 0x84FE, 0x1480, 0x0880}},
  {38598, {0x0900, 0x0880, 0x1FFC, 0x3080, 0x5FF8, 0x9080, 0x1FF8, 0x1080, 0x1FFC, 0x1100, 0xFFFE, 0x0540, 0x0920, 0x3118, 0xC106, 0x0100}},
  {38599, {0x0100, 0x0080, 0x3FFC, 0x2004, 0x3FFC, 0x2280, 0x2240, 0x27FC, 0x2C40, 0x37F8, 0x2440, 0x27F8, 0x4440, 0x4440, 0x87FC, 0x0400}},
  {38601, {0x20A0, 0x2090, 0x2080, 0x7DFE, 0x5110, 0x9310, 0x15FC, 0xFD10, 0x1110, 0x11FC, 0x1110, 0x2910, 0x2510, 0x45FE, 0x4100, 0x8100}},
  {38604, {0x1450, 0x1448, 0x1480, 0x54FE, 0x5590, 0x5E90, 0x54FC, 0x5490, 0x5490, 0x54FC, 0x5490, 0x5490, 0x5D90, 0x76FE, 0xC480, 0x0080}},
  {38605, {0x0200, 0x0100, 0xFFFE, 0x1050, 0x1048, 0x24FE, 0x4590, 0x7A90, 0x10FC, 0x2490, 0x4490, 0x78FC, 0x0890, 0x1090, 0x20FE, 0xC080}},
  {38606, {0x0050, 0x7C48, 0x4480, 0x44FE, 0x4590, 0x7E90, 0x44FC, 0x4490, 0x7C90, 0x44FC, 0x4490, 0x4490, 0x4E90, 0xF0FE, 0x0080, 0x0080}},
  {38607, {0x2050, 0x2048, 0x3E80, 0x42FE, 0x8590, 0x0A90, 0xFEFC, 0x0290, 0x0290, 0x7EFC, 0x0290, 0x0290, 0x0290, 0xFEFE, 0x0280, 0x0080}},
  {38610, {0x2050, 0x2048, 0x3C80, 0x44FE, 0xC590, 0x2A90, 0x10FC, 0x2890, 0x4490, 0x82FC, 0x7C90, 0x4490, 0x4490, 0x44FE, 0x7C80, 0x4480}},
  {38613, {0x0028, 0x7F24, 0x4940, 0x497E, 0x5DC8, 0x4948, 0x7F7E, 0x4148, 0x5D48, 0x557E, 0x5548, 0x5D48, 0x4148, 0x417E, 0x4540, 0x8240}},
  {38624, {0x3018, 0x2A14, 0x4120, 0x7D3E, 0xD068, 0x5328, 0x7D3E, 0x5128, 0x5128, 0x7D3E, 0x5128, 0x5168, 0x51A8, 0x7D3E, 0x4020, 0x4020}},
  {38632, {0x0000, 0xFFFE, 0x0100, 0x0100, 0x0100, 0x7FFC, 0x4104, 0x4104, 0x4944, 0x4524, 0x4104, 0x4944, 0x4524, 0x4104, 0x4114, 0x4008}},
  {38633, {0x3FF8, 0x0100, 0x7FFE, 0x4102, 0x9D74, 0x0100, 0x1D70, 0x0000, 0x3FF8, 0x0000, 0xFFFE, 0x0400, 0x0FF0, 0x0010, 0x00A0, 0x0040}},
  {38634, {0x3FF8, 0x0100, 0x7FFE, 0x4102, 0x9D74, 0x0100, 0x1D70, 0x0000, 0x3FF8, 0x0008, 0x0008, 0x1FF8, 0x0008, 0x0008, 0x3FF8, 0x0008}},
  {38639, {0x3FF8, 0x0100, 0x7FFE, 0x4102, 0x9D74, 0x0100, 0x1D70, 0x0200, 0x0100, 0x7FFC, 0x0820, 0x0440, 0x0380, 0x0440, 0x1830, 0xE00E}},
  {38643, {0x3FF8, 0x0100, 0x7FFE, 0x4102, 0x9D74, 0x0100, 0x1D70, 0x0000, 0x3FFC, 0x2000, 0x2100, 0x2FF8, 0x2108, 0x4208, 0x4450, 0x9820}},
  {38646, {0x3FF8, 0x0100, 0x7FFE, 0x4102, 0x9D74, 0x0100, 0x1D70, 0x0280, 0x0C60, 0x3218, 0xC106, 0x1FE0, 0x0020, 0x0640, 0x0180, 0x0040}},
  {38647, {0x0000, 0x3FF8, 0x0100, 0x7FFE, 0x4102, 0x9D74, 0x0100, 0x1D70, 0x0000, 0x3FF8, 0x2108, 0x2108, 0x3FF8, 0x2108, 0x2108, 0x3FF8}},
  {38649, {0x3FF8, 0x0100, 0x7FFE, 0x4102, 0x9D74, 0x0100, 0x1D70, 0x0800, 0x1FF0, 0x2010, 0x5F90, 0x1090, 0x1FD0, 0x1020, 0x1004, 0x0FFC}},
  {38654, {0x3FF8, 0x0100, 0x7FFE, 0x4102, 0x9D74, 0x0100, 0x1D70, 0x0400, 0x0FE0, 0x1440, 0x0380, 0x1C70, 0xE20E, 0x0FE0, 0x0420, 0x1860}},
  {38656, {0x0000, 0x3FF8, 0x0100, 0x7FFE, 0x4102, 0x9D74, 0x0100, 0x1D70, 0x0000, 0xFFFE, 0x0200, 0x3FF8, 0x2488, 0x2488, 0x24A8, 0x2010}},
  {38657, {0x3FF8, 0x0100, 0x7FFE, 0x4102, 0x9D74, 0x0100, 0x1D70, 0x0080, 0x7FFC, 0x0820, 0x07C0, 0x1830, 0xE44E, 0x0440, 0x0840, 0x1040}},
  {38660, {0x3FF8, 0x0100, 0x7FFE, 0x4102, 0x9D74, 0x0100, 0x1D70, 0x1110, 0x0920, 0x3FF8, 0x2008, 0x3FF8, 0x2008, 0x3FF8, 0x2008, 0x2018}},
  {38662, {0x3FF8, 0x0100, 0x7FFE, 0x4102, 0x9D74, 0x0100, 0x1D70, 0x0008, 0x7C3C, 0x09E0, 0x1020, 0x3DFC, 0x4420, 0x2BFE, 0x1000, 0x6FFE}},
  {38663, {0x3FF8, 0x0100, 0x7FFE, 0x4102, 0x9D74, 0x0100, 0x1D70, 0x0000, 0x3FFC, 0x2000, 0x2FF8, 0x2000, 0x3FFC, 0x2448, 0x4430, 0x860E}},
  {38664, {0x0000, 0x3FF8, 0x0100, 0x7FFE, 0x4102, 0x9D74, 0x0100, 0x1D70, 0x2040, 0x17FC, 0x4040, 0x2BF8, 0x0A48, 0x7248, 0x1258, 0x1040}},
  {38665, {0x3FF8, 0x0100, 0x7FFE, 0x4102, 0x9D74, 0x0100, 0x1D70, 0x1000, 0x1FFC, 0x2000, 0x5FF0, 0x1210, 0xFFFE, 0x2090, 0x3FFC, 0x0030}},
  {38669, {0x3FF8, 0x0100, 0x7FFE, 0x4102, 0x9D74, 0x0100, 0x1D70, 0x0880, 0x1FFC, 0x3080, 0x5FF8, 0x9080, 0x1FF8, 0x1080, 0x1FFC, 0x1000}},
  {38670, {0x3FF8, 0x0100, 0x7FFE, 0x4102, 0x9D74, 0x0100, 0x1D70, 0x0200, 0x3FF8, 0x0820, 0x7FFC, 0x0200, 0xFFFE, 0x0820, 0x07C0, 0x7838}},
  {38671, {0x0000, 0x3FF8, 0x0100, 0x7FFE, 0x4102, 0x9D74, 0x0100, 0x1D70, 0x0440, 0x7C7C, 0x0440, 0x3C78, 0x0440, 0x7C7C, 0x0440, 0x0440}},
  {38675, {0x3FF8, 0x0100, 0x7FFE, 0x4102, 0x9D74, 0x0100, 0x1D70, 0x0600, 0x38F8, 0x2008, 0x3CF8, 0x2008, 0x3FF8, 0x0842, 0x1042, 0xE03E}},
  {38678, {0x3FF8, 0x0100, 0x7FFE, 0x4102, 0x9D74, 0x0100, 0x1D70, 0x0820, 0x0820, 0x7EFC, 0x0830, 0x1C68, 0x2AA4, 0xC922, 0x0820, 0x0820}},
  {38684, {0x3FF8, 0x0100, 0x7FFE, 0x4102, 0x9D74, 0x0100, 0x1D70, 0x0000, 0x08FC, 0x7E84, 0x18FC, 0x2C84, 0x4AFC, 0x8884, 0x08FC, 0x0884}},
  {38686, {0x3FF8, 0x0100, 0x7FFE, 0x4102, 0x9D74, 0x0100, 0x1D70, 0x0000, 0x3EF8, 0x2208, 0x3EF8, 0x2000, 0x3EF8, 0x2048, 0x3E30, 0x20CC}},
  {38698, {0x3FF8, 0x0100, 0x7FFE, 0x4102, 0x9D74, 0x0100, 0x1D70, 0x203C, 0x17C0, 0x8244, 0x4128, 0x17FC, 0x2040, 0xEFFE, 0x2040, 0x27FC}},
  {38701, {0x3FF8, 0x0100, 0x7FFE, 0x4922, 0x8414, 0x23F8, 0x1208, 0x03F8, 0x7208, 0x13F8, 0x1100, 0x13FC, 0x1444, 0x1AA4, 0x13F4, 0x000C}},
  {38704, {0x3FF8, 0x0100, 0x7FFE, 0x4102, 0x9D74, 0x0000, 0x1220, 0x3F20, 0x123E, 0x7F44, 0x00A4, 0x3F24, 0x2128, 0x3F10, 0x2128, 0x2346}},
  {38706, {0x3FF8, 0x0100, 0x7FFE, 0x4102, 0x9D74, 0x0100, 0x1D70, 0x0040, 0x7CF8, 0x4548, 0x7C30, 0x11CE, 0x5C00, 0x50F8, 0x5C88, 0xE0F8}},
  {38712, {0x3FF8, 0x0100, 0x7FFE, 0x4102, 0x9D74, 0x2200, 0x7F7C, 0x2244, 0x3E44, 0x087C, 0x7F44, 0x4944, 0x7F7C, 0x0844, 0xFF54, 0x0888}},
  {38713, {0x3FF8, 0x0100, 0x7FFE, 0x4102, 0x9D74, 0x0100, 0x1D70, 0x0010, 0x7EFE, 0x4244, 0x7E28, 0x40FE, 0x7E10, 0x627C, 0xBE10, 0x2210}},
  {38718, {0x3FF8, 0x0100, 0x7FFE, 0x4102, 0x9D74, 0x3000, 0xCBFC, 0x2D24, 0x31FC, 0xC924, 0x15FC, 0x6420, 0x0DFC, 0x3420, 0xC5FE, 0x1800}},
  {38738, {0x0100, 0x0100, 0x7FFC, 0x0100, 0x3FF8, 0x0100, 0xFFFE, 0x0000, 0x1FF0, 0x1010, 0x1FF0, 0x1010, 0x1FF0, 0x1010, 0x1050, 0x1020}},
  {38739, {0x1000, 0x10FC, 0xFE84, 0x1084, 0x7CA4, 0x10A4, 0xFEA4, 0x00A4, 0x7CA4, 0x44A4, 0x7C50, 0x4450, 0x7C50, 0x4492, 0x5492, 0x490E}},
  {38742, {0x2020, 0x1020, 0x13FE, 0xFC20, 0x01FC, 0x0820, 0x8BFE, 0x8800, 0x49FC, 0x4904, 0x51FC, 0x5104, 0x1DFC, 0xE104, 0x4114, 0x0108}},
  {38745, {0x1040, 0x1040, 0xFE78, 0x1088, 0x7C10, 0x11FC, 0xFE24, 0x0024, 0x7DFE, 0x4424, 0x7C24, 0x45FC, 0x7C24, 0x4420, 0x54A0, 0x4840}},
  {38747, {0x1020, 0x1010, 0xFEFE, 0x1082, 0x7D04, 0x1000, 0xFEFE, 0x0010, 0x7C10, 0x4490, 0x7C9E, 0x4490, 0x7C90, 0x44D0, 0x553E, 0x4A00}},
  {38750, {0x0440, 0x0440, 0x0440, 0xFC7E, 0x0440, 0x0440, 0x0440, 0x7C7C, 0x0440, 0x0440, 0x0440, 0x0440, 0xFC7E, 0x0440, 0x0440, 0x0440}},
  {38752, {0x1100, 0x1FF0, 0x2100, 0xFFFE, 0x0000, 0x1FF0, 0x1010, 0x1FF0, 0x0440, 0x7C7C, 0x0440, 0x3C78, 0x0440, 0x7C7C, 0x0440, 0x0440}},
  {38753, {0x0080, 0x3FFE, 0x2410, 0x3F7C, 0x2638, 0x2D54, 0x3412, 0x2120, 0x2120, 0x3F3E, 0x2120, 0x2F3C, 0x2120, 0x5F3E, 0x4120, 0x8120}},
  {38754, {0x0000, 0xFFFE, 0x0200, 0x0200, 0x0400, 0x3FF8, 0x2448, 0x2448, 0x27C8, 0x2448, 0x2448, 0x27C8, 0x2448, 0x2448, 0x3FF8, 0x2008}},
  {38757, {0x3FFC, 0x2090, 0x3FFC, 0x2140, 0x2630, 0x380C, 0x27F0, 0x2080, 0x2FF8, 0x2A28, 0x2BE8, 0x2A28, 0x4BE8, 0x4A28, 0x8FF8, 0x0808}},
  {38761, {0x0820, 0x0820, 0x7FFC, 0x0820, 0x0820, 0x0FE0, 0x0100, 0x3FF8, 0x2108, 0x2108, 0x3FF8, 0x0100, 0xFFFE, 0x0100, 0x0100, 0x0100}},
  {38771, {0x2204, 0x220E, 0xFF70, 0x2240, 0x3E40, 0x0840, 0x7F7E, 0x4948, 0x4948, 0x7F48, 0x0848, 0xFFC8, 0x0848, 0x0888, 0x0888, 0x0908}},
  {38772, {0x2850, 0x2850, 0xFE50, 0x2892, 0x3892, 0x1194, 0x7E98, 0x5490, 0x54B0, 0x7CD0, 0x1090, 0xFE90, 0x1092, 0x1092, 0x108E, 0x1080}},
  {38774, {0x2800, 0x29FC, 0xFD24, 0x2924, 0x3924, 0x1124, 0x7D24, 0x55FC, 0x5504, 0x7D00, 0x1100, 0xFD00, 0x1102, 0x1102, 0x10FE, 0x1000}},
  {38780, {0x2800, 0x2800, 0xFEFC, 0x2884, 0x3884, 0x1084, 0x7CFC, 0x5484, 0x5484, 0x7C84, 0x10FC, 0xFE84, 0x1000, 0x1000, 0x11FE, 0x1000}},
  {38789, {0x2820, 0x2820, 0xFE20, 0x29FC, 0x3924, 0x1124, 0x7D24, 0x5524, 0x5524, 0x7FFE, 0x1020, 0xFE50, 0x1050, 0x1088, 0x1104, 0x1202}},
  {38795, {0x2820, 0x2820, 0xFEFC, 0x2820, 0x3820, 0x1020, 0x7DFE, 0x5400, 0x5420, 0x7C20, 0x10FC, 0xFE20, 0x1020, 0x1020, 0x11FE, 0x1000}},
  {38797, {0x2840, 0x2820, 0xFC20, 0x2BFE, 0x3A02, 0x1444, 0x7C40, 0x57FE, 0x5488, 0x7C88, 0x1108, 0xFCD0, 0x1020, 0x1050, 0x1088, 0x1304}},
  {38801, {0x2810, 0x2910, 0xFC90, 0x2890, 0x387E, 0x1010, 0x7D90, 0x5490, 0x5498, 0x7CA8, 0x10A4, 0xFCC4, 0x1080, 0x1140, 0x123E, 0x1000}},
  {38802, {0x2808, 0x281C, 0xFEE0, 0x2820, 0x3820, 0x11FE, 0x7C50, 0x5488, 0x5504, 0x7E8A, 0x1088, 0xFE88, 0x1088, 0x1088, 0x1088, 0x1108}},
  {38804, {0x2880, 0x2880, 0xFCF8, 0x2908, 0x3A10, 0x11FC, 0x7D24, 0x5524, 0x5524, 0x7DFC, 0x1050, 0xFC50, 0x1090, 0x1092, 0x1112, 0x120E}},
  {38808, {0x2810, 0x2892, 0xFE52, 0x2854, 0x3810, 0x10FE, 0x7C82, 0x5482, 0x54FE, 0x7C82, 0x1082, 0xFEFE, 0x1082, 0x1082, 0x108A, 0x1084}},
  {38816, {0x2880, 0x2880, 0xFEFE, 0x2902, 0x3A22, 0x10AA, 0x7C72, 0x5422, 0x55FE, 0x7C22, 0x1072, 0xFEAA, 0x1122, 0x1022, 0x100A, 0x1004}},
  {38819, {0x2800, 0x29FC, 0xFC48, 0x2830, 0x3BFE, 0x1052, 0x7C94, 0x5510, 0x5630, 0x7C20, 0x13FE, 0xFC70, 0x10A8, 0x1124, 0x1622, 0x1020}},
  {38827, {0x2880, 0x2880, 0xFCFE, 0x2902, 0x3A42, 0x11FA, 0x7C02, 0x55F2, 0x5402, 0x7DF2, 0x1002, 0xFDF2, 0x1112, 0x11F2, 0x1014, 0x1008}},
  {38829, {0x2880, 0x28FE, 0xFE90, 0x297C, 0x3954, 0x1354, 0x7D7C, 0x5554, 0x5554, 0x7D7C, 0x1190, 0xFF50, 0x1120, 0x1130, 0x1148, 0x1186}},
  {38831, {0x2848, 0x2848, 0xFDFE, 0x2848, 0x3820, 0x11FE, 0x7C40, 0x5440, 0x54BC, 0x7D84, 0x1288, 0xFCBE, 0x1088, 0x1088, 0x10A8, 0x1090}},
  {38834, {0x5088, 0x5088, 0xFBFE, 0x5088, 0x71FC, 0x2088, 0xFBFE, 0xA820, 0xA9FC, 0xF924, 0x21FC, 0xF924, 0x23FE, 0x2104, 0x2114, 0x2108}},
  {38836, {0x5088, 0x5088, 0xFBFE, 0x5088, 0x7088, 0x27FE, 0xF880, 0xA9FC, 0xAB24, 0xFDFC, 0x2124, 0xF9FC, 0x2124, 0x2124, 0x2124, 0x210C}},
  {38886, {0x0100, 0x0100, 0x0100, 0x7FFE, 0x0100, 0x0100, 0x3FF8, 0x0100, 0x0100, 0x7FFC, 0x0104, 0x0104, 0x0104, 0x0128, 0x0110, 0x0100}},
  {38887, {0x2000, 0x2000, 0x21FC, 0xFC24, 0x2024, 0x20A4, 0xF8A4, 0x20A4, 0x2124, 0xFC24, 0x2424, 0x2444, 0x3444, 0x2884, 0x2114, 0x2208}},
  {38889, {0x1020, 0x1020, 0x1020, 0xFEFE, 0x1020, 0x7C20, 0x44FC, 0x7C20, 0x4420, 0x7DFE, 0x1022, 0xFE22, 0x102A, 0x1024, 0x1020, 0x1020}},
  {38890, {0x0020, 0x3E20, 0x22FC, 0x3E20, 0x2220, 0x3EF8, 0x0020, 0xFF20, 0x08FC, 0x0824, 0x2F24, 0x2834, 0x2828, 0x5820, 0x4FFE, 0x8000}},
  {38891, {0x2000, 0x20F8, 0x2088, 0xFC88, 0x20F8, 0x2088, 0xF888, 0x20F8, 0x2000, 0xFDFC, 0x2554, 0x2554, 0x3554, 0x2954, 0x23FE, 0x2000}},
  {38892, {0x201E, 0x21E0, 0x2022, 0xFD12, 0x2094, 0x2080, 0xF820, 0x21CE, 0x2102, 0xFD02, 0x25CE, 0x2502, 0x3502, 0x2902, 0x21FE, 0x2102}},
  {38893, {0x0440, 0x0440, 0x7C7C, 0x0440, 0x0440, 0x0440, 0x7C7C, 0x0440, 0x0440, 0x0440, 0x7C7C, 0x0440, 0x0440, 0x0440, 0xFFFE, 0x0000}},
  {38899, {0x0200, 0x0100, 0x3FF8, 0x0000, 0x0820, 0x0440, 0xFFFE, 0x0000, 0x1FF0, 0x1010, 0x1010, 0x1FF0, 0x1010, 0x1010, 0x1FF0, 0x1010}},
  {38901, {0x2040, 0x1040, 0x7C80, 0x00FC, 0x4504, 0x2A04, 0xFE84, 0x0044, 0x7C44, 0x4414, 0x4424, 0x7C44, 0x4584, 0x4404, 0x7C28, 0x4410}},
  {38902, {0x2000, 0x11FC, 0x7C44, 0x0044, 0x4444, 0x2844, 0xFE94, 0x0088, 0x7D00, 0x44FC, 0x4484, 0x7C84, 0x4484, 0x4484, 0x7CFC, 0x4484}},
  {39029, {0x0000, 0x7FFC, 0x0200, 0x0400, 0x1FF0, 0x1010, 0x1110, 0x1110, 0x1110, 0x1110, 0x1110, 0x1290, 0x0240, 0x0420, 0x1810, 0x6008}},
  {39030, {0x0000, 0x01FE, 0xFE20, 0x1040, 0x11FC, 0x1104, 0x1124, 0x1124, 0x1124, 0x1124, 0x1124, 0x1144, 0x1050, 0x5088, 0x2104, 0x0202}},
  {39031, {0x0000, 0x21FE, 0x2020, 0x2040, 0x21FC, 0x3D04, 0x2124, 0x2124, 0x2124, 0x2524, 0x2924, 0x3144, 0x2050, 0x0088, 0x0104, 0x0202}},
  {39032, {0x0000, 0x79FE, 0x1020, 0x1040, 0x11FC, 0x1104, 0x1124, 0xFD24, 0x1124, 0x1124, 0x1124, 0x1144, 0x1050, 0x1088, 0x1104, 0x1202}},
  {39033, {0x0000, 0x01FE, 0x0020, 0xFC40, 0x11FC, 0x1104, 0x1124, 0x1124, 0x1124, 0x1124, 0x1124, 0x1D44, 0xE050, 0x4088, 0x0104, 0x0202}},
  {39034, {0x0400, 0x45FE, 0x5420, 0x5440, 0x55FC, 0x5504, 0x5524, 0x5524, 0x5524, 0x5524, 0x5524, 0x5544, 0x5450, 0x5488, 0x8504, 0x0602}},
  {39035, {0x0800, 0x09FE, 0x1020, 0x2040, 0x41FC, 0x8904, 0x0924, 0x1124, 0x2124, 0x4524, 0x8524, 0x0944, 0x1050, 0x2088, 0x4104, 0x8202}},
  {39036, {0x0000, 0x01FE, 0x7C20, 0x1040, 0x11FC, 0x1104, 0x7D24, 0x1124, 0x1124, 0x1124, 0x1124, 0x1D44, 0xE050, 0x4088, 0x0104, 0x0202}},
  {39037, {0x0000, 0x7CFE, 0x0020, 0x0040, 0x00FC, 0xFE84, 0x2894, 0x2894, 0x2894, 0x2894, 0x2894, 0x2AA4, 0x4C30, 0x4848, 0x8084, 0x0302}},
  {39038, {0x0000, 0x7EFE, 0x4020, 0x4040, 0x5EFC, 0x5284, 0x5294, 0x5294, 0x5A94, 0x5494, 0x5094, 0x52A4, 0x5430, 0x5848, 0x5084, 0x8302}},
  {39039, {0x1000, 0x11FE, 0x1020, 0xFE40, 0x11FC, 0x5504, 0x5524, 0x5524, 0x5524, 0x7D24, 0x1124, 0x1144, 0x1450, 0x1888, 0x1104, 0x0202}},
  {39040, {0x0800, 0x1CFE, 0x6020, 0x4040, 0x40FC, 0x4084, 0x7E94, 0x4894, 0x4894, 0x4894, 0x4894, 0x48A4, 0x4830, 0x4848, 0x8884, 0x0B02}},
  {39041, {0x0000, 0x29FE, 0x2820, 0x2440, 0x45FC, 0x4504, 0x8124, 0x7D24, 0x2524, 0x2524, 0x2524, 0x2544, 0x2450, 0x4488, 0x5504, 0x8A02}},
  {39042, {0x0000, 0x28FE, 0x2420, 0x2440, 0x42FC, 0x5284, 0x9094, 0x1094, 0x2094, 0x2094, 0x4894, 0x44A4, 0xFC30, 0x4448, 0x0084, 0x0302}},
  {39043, {0x1000, 0x08FE, 0x0820, 0xFF40, 0x00FC, 0x0084, 0x3C94, 0x2494, 0x2494, 0x2494, 0x2494, 0x25A4, 0x4630, 0x4448, 0x8084, 0x0302}},
  {39044, {0x0000, 0xF9FE, 0x0820, 0x5040, 0x21FC, 0x1104, 0xFD24, 0x2524, 0x2924, 0x2124, 0x2124, 0x2144, 0x2050, 0x2088, 0xA104, 0x4202}},
  {39045, {0x1000, 0x10FE, 0x1E20, 0x1040, 0x10FC, 0x7C84, 0x4494, 0x4494, 0x4494, 0x7C94, 0x4494, 0x40A4, 0x4030, 0x4048, 0x8084, 0x0302}},
  {39046, {0x1000, 0x11FE, 0x2820, 0x2440, 0x43FC, 0x9104, 0x0924, 0x0124, 0xFD24, 0x0524, 0x0924, 0x5144, 0x2050, 0x1088, 0x1104, 0x0202}},
  {39047, {0x0800, 0x08FE, 0x0810, 0x7F20, 0x497C, 0x4A44, 0x4854, 0x7F54, 0x4154, 0x5254, 0x4A54, 0x4454, 0x4A28, 0x9124, 0x2142, 0x0082}},
  {39048, {0x0000, 0x7EFE, 0x0410, 0x0820, 0x187C, 0x2444, 0x4254, 0x8154, 0x0054, 0x7E54, 0x0854, 0x0854, 0x0828, 0x0E24, 0xF042, 0x4082}},
  {39049, {0x1000, 0x10FE, 0x1020, 0xFE40, 0x10FC, 0x1084, 0x7C94, 0x0094, 0x0094, 0x7C94, 0x4494, 0x44A4, 0x4430, 0x7C48, 0x4484, 0x0302}},
  {39050, {0x0800, 0x08FE, 0x0820, 0x7E40, 0x08FC, 0x4A84, 0x2A94, 0x2C94, 0x0894, 0xFE94, 0x0894, 0x14A4, 0x1230, 0x2248, 0x4084, 0x8302}},
  {39052, {0x1000, 0x10FE, 0x2820, 0x2440, 0x42FC, 0x8084, 0x7C94, 0x0094, 0x0094, 0x7C94, 0x4494, 0x44A4, 0x4430, 0x7C48, 0x4484, 0x0302}},
  {39053, {0x2000, 0x24FE, 0x3820, 0x2240, 0x22FC, 0x1E84, 0x0094, 0x0894, 0x0A94, 0xEC94, 0x2894, 0x2CA4, 0x4A30, 0x4A48, 0xA884, 0x1302}},
  {39055, {0x1000, 0x08FE, 0x0820, 0xFF40, 0x08FC, 0x1084, 0x2294, 0x7C94, 0x0994, 0x1294, 0x2494, 0xC8A4, 0x1430, 0x2248, 0xC084, 0x0302}},
  {39056, {0x0000, 0x7DFE, 0x4820, 0x4840, 0x49FC, 0x5D04, 0x5524, 0x5524, 0x5524, 0x5D24, 0x4924, 0x4944, 0x4850, 0x7E88, 0x0104, 0x0202}},
  {39057, {0x1000, 0x11FE, 0x5020, 0x5C40, 0x51FC, 0x5104, 0xFF24, 0x0124, 0x1124, 0x5524, 0x5524, 0x5544, 0x8450, 0x0888, 0x3104, 0xC202}},
  {39059, {0x0C00, 0x71FE, 0x1020, 0xFE40, 0x11FC, 0x3904, 0x5524, 0x9324, 0x0124, 0x3924, 0x2924, 0x2944, 0x2A50, 0x4C88, 0x4904, 0x8202}},
  {39060, {0x0800, 0x08FE, 0x1410, 0x2220, 0x517C, 0x8844, 0x7E54, 0x0254, 0x0454, 0x0854, 0x7E54, 0x4254, 0x4228, 0x7E24, 0x4242, 0x0082}},
  {39062, {0x4000, 0x4DFE, 0x7020, 0x4440, 0x45FC, 0x3D04, 0x0124, 0x0D24, 0x7124, 0x1124, 0xFF24, 0x1144, 0x3850, 0x5488, 0x9104, 0x1202}},
  {39063, {0x0000, 0x7F7E, 0x4910, 0x4920, 0x7F7C, 0x4944, 0x4954, 0x7F54, 0x0854, 0xFF54, 0x1C54, 0x2A54, 0x4920, 0x8828, 0x0844, 0x0882}},
  {39064, {0x0000, 0x3EFE, 0x2210, 0x3E20, 0x227C, 0x3E44, 0x0054, 0xFF54, 0x0854, 0x0854, 0x2F28, 0x2844, 0x2882, 0x5800, 0x4FFE, 0x8000}},
  {39066, {0x0000, 0xEEFE, 0xAA10, 0xAA20, 0xEE7C, 0x0044, 0xFE54, 0x0054, 0xFF54, 0x4054, 0x7E54, 0x0254, 0x0228, 0x0224, 0x1442, 0x0882}},
  {39067, {0x0800, 0x497E, 0x4910, 0x4920, 0x7F7C, 0x0044, 0xFFD4, 0x0854, 0x1054, 0x7F54, 0x5554, 0x5554, 0x5520, 0x5528, 0x5544, 0x4382}},
  {39068, {0x1000, 0x08FE, 0x7F10, 0x2220, 0x147C, 0x7F44, 0x4454, 0x4854, 0x5254, 0x4454, 0x4854, 0x5154, 0x4228, 0x4424, 0x8842, 0x3082}},
  {39069, {0x1000, 0x08FE, 0x7F10, 0x4120, 0x107C, 0x1E44, 0x2254, 0x5454, 0x0854, 0x1454, 0x2254, 0x7F54, 0xA228, 0x2224, 0x3E42, 0x2282}},
  {39070, {0x0000, 0x7F7E, 0x2210, 0x3E20, 0x227C, 0x3E44, 0x23D4, 0xFE54, 0x0254, 0xF754, 0x1154, 0x5554, 0x2220, 0x5528, 0x8944, 0x1082}},
  {39071, {0x2400, 0x24FE, 0xFF10, 0x2420, 0x007C, 0xFF44, 0x2454, 0x2454, 0xFF54, 0xA554, 0xA554, 0xDB54, 0x9128, 0x8124, 0x8542, 0x8282}},
  {39072, {0x0800, 0x08FE, 0x7F10, 0x0820, 0x3E7C, 0x2244, 0x3E54, 0x2254, 0x3E54, 0x2254, 0x3E54, 0x2254, 0x7F28, 0x1424, 0x2242, 0x4182}},
  {39073, {0x0000, 0x7EFE, 0x2210, 0x1C20, 0x227C, 0x7744, 0x5554, 0x2254, 0x5554, 0x0854, 0x7F54, 0x1C54, 0x2A28, 0x4924, 0x8842, 0x0882}},
  {39074, {0x0000, 0x7F7E, 0x4110, 0x7F20, 0x417C, 0x7F44, 0x0854, 0xFFD4, 0x0054, 0x7F54, 0x4154, 0x7F54, 0x0820, 0x4928, 0x88C4, 0x1882}},
  {39076, {0x0800, 0xFF7E, 0x0010, 0xFF20, 0x817C, 0xBD44, 0xA554, 0xFF54, 0x0054, 0x7E54, 0x4254, 0x7E54, 0x4220, 0x7E28, 0x0044, 0xFE82}},
  {39077, {0x0000, 0x7F7E, 0x0810, 0xFFA0, 0x88FC, 0x6B44, 0x0854, 0x6B54, 0x0054, 0xFFD4, 0x0854, 0x7F54, 0x5520, 0x5528, 0x5544, 0x4382}},
  {39078, {0x0800, 0x2EFE, 0x2820, 0xFF7C, 0x2A54, 0x4C54, 0x3228, 0xC444, 0x3FF8, 0x2108, 0x3FF8, 0x2208, 0x3FF8, 0x0880, 0xFFFE, 0x0080}},
  {39079, {0x2200, 0x227E, 0xFF90, 0x2220, 0x777C, 0x5544, 0x7754, 0x1254, 0x3F54, 0x6454, 0xBF54, 0x2454, 0x3F20, 0x2428, 0x3F44, 0x2082}},
  {39118, {0x0000, 0x3FF0, 0x2010, 0x2010, 0x2850, 0x2450, 0x2290, 0x2290, 0x2110, 0x2110, 0x2290, 0x2292, 0x244A, 0x484A, 0x4006, 0x8002}},
  {39121, {0x0040, 0x7C40, 0x44FC, 0x4504, 0x46F4, 0x4C94, 0x6CF4, 0x5484, 0x5494, 0x548A, 0x6C82, 0x447E, 0x4400, 0x4202, 0x41FE, 0x8000}},
  {39122, {0x2000, 0x13F8, 0x1208, 0xFE08, 0x0328, 0x0AA8, 0x8AA8, 0x8A48, 0x4A48, 0x4AA8, 0x52A8, 0x532A, 0x1C0A, 0xE40A, 0x4806, 0x1002}},
  {39123, {0x0000, 0x7CF8, 0x4488, 0x44F8, 0x4488, 0x4CF8, 0x6C88, 0x54F8, 0x5488, 0x55FC, 0x6C00, 0x4450, 0x4488, 0x4202, 0x41FE, 0x8000}},
  {39125, {0x00A0, 0x7D2C, 0x4524, 0x45AC, 0x4524, 0x4DFC, 0x6C20, 0x55FC, 0x5404, 0x54C8, 0x6C30, 0x4448, 0x4584, 0x4202, 0x41FE, 0x8000}},
  {39128, {0x0000, 0xFEF8, 0x2888, 0xFE88, 0xAA88, 0xAA98, 0xFED8, 0x00A8, 0x7CA8, 0x00A8, 0xFED8, 0x108A, 0x548A, 0x930A, 0x5106, 0x2202}},
  {39129, {0x0000, 0x14F8, 0x1088, 0xFE88, 0x2888, 0x4498, 0x82D8, 0x24A8, 0x36A8, 0x24A8, 0xFFD8, 0x248A, 0x548A, 0x4B0A, 0x8906, 0x1202}},
  {39130, {0x0020, 0x7CA4, 0x44A4, 0x4528, 0x4450, 0x4C88, 0x6D04, 0x5488, 0x56AA, 0x55DC, 0x6C88, 0x4554, 0x4622, 0x4202, 0x41FE, 0x8000}},
  {39134, {0x0000, 0xFFC0, 0x0040, 0x0044, 0x0048, 0x0050, 0x0060, 0x0050, 0x0048, 0x0044, 0x0020, 0x0020, 0x0012, 0x000A, 0x0006, 0x0002}},
  {39135, {0x0100, 0x0280, 0x0440, 0x0A20, 0x3118, 0xDFF6, 0x1010, 0x1FF0, 0x1010, 0x1FF0, 0x1008, 0x1190, 0x1060, 0x1210, 0x1408, 0x1804}},
  {39143, {0x2020, 0x2020, 0x2050, 0x3C48, 0x24A4, 0x45FA, 0x4688, 0xA4F8, 0x1488, 0x08F8, 0x08A2, 0x1094, 0x1088, 0x20A4, 0x40C4, 0x8080}},
  {39144, {0x1020, 0x1020, 0x1050, 0x2448, 0x24A4, 0x79FA, 0x0A88, 0x10F8, 0x2488, 0x7CF8, 0x04A2, 0x0894, 0x0888, 0x10A4, 0x20C4, 0x4080}},
  {39181, {0x0000, 0x3FFE, 0x2108, 0x3FFC, 0x2410, 0x2888, 0x3364, 0x2C98, 0x37F6, 0x2410, 0x27F0, 0x2410, 0x27F4, 0x4468, 0x4518, 0x8604}},
  {39184, {0x0800, 0x0F78, 0x2808, 0x7F28, 0xA110, 0x1728, 0x3AC4, 0xCD60, 0x3FF8, 0xC826, 0x0FE0, 0x0820, 0x0FE8, 0x08D0, 0x0A30, 0x0C08}},
  {39214, {0x7F20, 0x1050, 0x1E88, 0x2346, 0x5490, 0x0924, 0x1048, 0x6190, 0x0660, 0x1FF8, 0xE816, 0x0FF0, 0x0810, 0x0FF4, 0x0868, 0x0C1C}},
  {39252, {0x0100, 0xFFFE, 0x10A0, 0x25FE, 0x7B20, 0x15FC, 0x7920, 0x11FE, 0xE660, 0x1FF8, 0xE816, 0x0FF0, 0x0810, 0x0FF4, 0x0868, 0x0C1C}},
  {39253, {0x7C1C, 0x4410, 0xFEFE, 0x2092, 0x7CF8, 0x0494, 0x28BC, 0x11AA, 0x0666, 0x1FF8, 0xE816, 0x0FF0, 0x0810, 0x0FF4, 0x0868, 0x0C1C}},
  {39267, {0x2000, 0x2000, 0x2000, 0x3E00, 0x4400, 0x4800, 0x8000, 0x1000, 0x1000, 0x1000, 0x1000, 0x1200, 0x1400, 0x1800, 0x1000, 0x0000}},
  {39269, {0x2000, 0x21F0, 0x2110, 0x3D10, 0x4510, 0x4910, 0xA110, 0x2110, 0x2110, 0x2110, 0x2110, 0x2112, 0x2912, 0x3212, 0x220E, 0x0400}},
  {39271, {0x2000, 0x21F8, 0x2010, 0x3C20, 0x4440, 0x4880, 0xA1FE, 0x2092, 0x2092, 0x2092, 0x2112, 0x2122, 0x2A22, 0x3442, 0x2094, 0x0108}},
  {39272, {0x2040, 0x2040, 0x2040, 0x3BFC, 0x4840, 0x5248, 0x8248, 0x2248, 0x2248, 0x23F8, 0x2048, 0x2040, 0x2842, 0x3042, 0x203E, 0x0000}},
  {39273, {0x2080, 0x2080, 0x20FC, 0x3D00, 0x4600, 0x48F8, 0x8000, 0x2000, 0x21F8, 0x2008, 0x2008, 0x2408, 0x280A, 0x300A, 0x2006, 0x0002}},
  {39274, {0x2008, 0x203C, 0x21E0, 0x3C20, 0x4420, 0x4820, 0x8020, 0x23FE, 0x2020, 0x2020, 0x2020, 0x2420, 0x2820, 0x3020, 0x21FC, 0x0000}},
  {39275, {0x2008, 0x203C, 0x21E0, 0x3C20, 0x4420, 0x4820, 0x83FE, 0x2020, 0x2020, 0x2050, 0x2050, 0x2450, 0x2888, 0x3088, 0x2104, 0x0202}},
  {39276, {0x2080, 0x2080, 0x2100, 0x39FE, 0x4A00, 0x5440, 0x8040, 0x23FC, 0x2044, 0x2044, 0x2084, 0x2084, 0x2904, 0x3104, 0x2228, 0x0410}},
  {39277, {0x2008, 0x201C, 0x21E0, 0x3D00, 0x4500, 0x49FC, 0xA144, 0x2144, 0x2144, 0x2128, 0x2128, 0x2110, 0x2910, 0x3228, 0x2244, 0x0482}},
  {39278, {0x2040, 0x2040, 0x2040, 0x3E7C, 0x4484, 0x4888, 0x8120, 0x1020, 0x1020, 0x1050, 0x1050, 0x1250, 0x1488, 0x1888, 0x1104, 0x0202}},
  {39279, {0x2050, 0x2048, 0x2040, 0x3C5C, 0x45E0, 0x4840, 0xA05E, 0x23E0, 0x2044, 0x2048, 0x2030, 0x2022, 0x2852, 0x308A, 0x2306, 0x0002}},
  {39280, {0x2080, 0x2080, 0x2080, 0x3CFE, 0x4520, 0x4A20, 0x8020, 0x21FC, 0x2124, 0x2124, 0x2124, 0x2524, 0x2934, 0x3128, 0x2020, 0x0020}},
  {39281, {0x2080, 0x2080, 0x21FC, 0x3904, 0x4A04, 0x55F4, 0x8114, 0x2114, 0x2114, 0x21F4, 0x2104, 0x2128, 0x2912, 0x3102, 0x20FE, 0x0000}},
  {39282, {0x2000, 0x23FC, 0x2004, 0x3C04, 0x47F4, 0x4804, 0xA004, 0x23E4, 0x2224, 0x2224, 0x2224, 0x23E4, 0x2804, 0x3004, 0x2014, 0x0008}},
  {39284, {0x2020, 0x2020, 0x2040, 0x3C88, 0x4504, 0x4BFE, 0x8002, 0x2000, 0x21FC, 0x2104, 0x2104, 0x2504, 0x2904, 0x3104, 0x21FC, 0x0104}},
  {39285, {0x2000, 0x23FE, 0x2108, 0x3D08, 0x4508, 0x49F8, 0xA108, 0x2108, 0x21F8, 0x2108, 0x2108, 0x211E, 0x2BE8, 0x3008, 0x2008, 0x0008}},
  {39286, {0x2080, 0x2080, 0x20BC, 0x3BC0, 0x4850, 0x5024, 0x80D4, 0x230C, 0x2000, 0x27FE, 0x2090, 0x2090, 0x2912, 0x3112, 0x220E, 0x0400}},
  {39287, {0x2040, 0x2040, 0x2080, 0x3BFC, 0x4A04, 0x5204, 0x82F4, 0x2294, 0x2294, 0x2294, 0x2294, 0x22F4, 0x2A04, 0x3204, 0x2214, 0x0208}},
  {39290, {0x2040, 0x2020, 0x2020, 0x3DFE, 0x4400, 0x4888, 0xA104, 0x2202, 0x2088, 0x2088, 0x2050, 0x2050, 0x2820, 0x3050, 0x2088, 0x0306}},
  {39292, {0x2104, 0x2084, 0x2088, 0x3800, 0x4BFE, 0x5088, 0x8088, 0x2088, 0x2088, 0x27FE, 0x2088, 0x2088, 0x2908, 0x3108, 0x2208, 0x0408}},
  {39293, {0x2020, 0x2020, 0x23FE, 0x3C20, 0x4420, 0x4BFE, 0xA202, 0x2404, 0x21F8, 0x2010, 0x2020, 0x23FE, 0x2820, 0x3020, 0x20A0, 0x0040}},
  {39295, {0x2010, 0x20D8, 0x2394, 0x3C94, 0x4490, 0x4BFE, 0xA090, 0x2094, 0x2094, 0x20D8, 0x2398, 0x2090, 0x28AA, 0x30CA, 0x2286, 0x0102}},
  {39296, {0x2020, 0x2020, 0x2050, 0x3C88, 0x4504, 0x4AFA, 0xA020, 0x2020, 0x23FE, 0x2020, 0x2128, 0x2124, 0x2A22, 0x3422, 0x20A0, 0x0040}},
  {39297, {0x2008, 0x203C, 0x23C0, 0x3844, 0x4A24, 0x5128, 0x8100, 0x2040, 0x23FE, 0x2088, 0x2108, 0x2390, 0x2860, 0x3050, 0x2188, 0x0604}},
  {39300, {0x2000, 0x21FC, 0x2104, 0x3D04, 0x45FC, 0x4904, 0xA104, 0x21FC, 0x2000, 0x2112, 0x21D4, 0x2118, 0x2910, 0x3152, 0x2192, 0x010E}},
  {39301, {0x2080, 0x2080, 0x20F8, 0x3908, 0x4A10, 0x5400, 0x8040, 0x239C, 0x2204, 0x2204, 0x239C, 0x2204, 0x2A04, 0x3204, 0x23FC, 0x0204}},
  {39302, {0x2040, 0x2020, 0x23FE, 0x3A02, 0x4C04, 0x51F8, 0x8108, 0x2108, 0x21F8, 0x2100, 0x2100, 0x21FC, 0x2904, 0x3104, 0x21FC, 0x0104}},
  {39303, {0x2040, 0x2040, 0x27FC, 0x38E0, 0x4950, 0x5248, 0x8446, 0x23F8, 0x2208, 0x23F8, 0x2208, 0x23F8, 0x2A08, 0x3000, 0x27FE, 0x0000}},
  {39304, {0x2020, 0x2020, 0x21FC, 0x3D24, 0x45FC, 0x4820, 0x83FE, 0x2000, 0x21FC, 0x2104, 0x2124, 0x2524, 0x2924, 0x3050, 0x2088, 0x0304}},
  {39306, {0x20A0, 0x232E, 0x2222, 0x3E22, 0x47AE, 0x4A22, 0xA222, 0x23FE, 0x2020, 0x23FE, 0x2104, 0x2088, 0x2850, 0x3020, 0x20D8, 0x0706}},
  {39307, {0x2100, 0x21F0, 0x2210, 0x3C20, 0x4BFC, 0x5244, 0x8244, 0x23FC, 0x20A0, 0x2122, 0x261E, 0x20C0, 0x2830, 0x3180, 0x2060, 0x0010}},
  {39309, {0x2110, 0x2110, 0x27FC, 0x3910, 0x4800, 0x53F8, 0x8208, 0x23F8, 0x2208, 0x23F8, 0x2040, 0x23FC, 0x28A0, 0x3110, 0x2208, 0x0406}},
  {39311, {0x2040, 0x23BE, 0x2212, 0x3A92, 0x4A52, 0x52AA, 0x8324, 0x2040, 0x23FE, 0x2222, 0x2222, 0x23FE, 0x2A22, 0x3222, 0x23FE, 0x0202}},
  {39312, {0x2208, 0x2110, 0x27FC, 0x3840, 0x4BF8, 0x5080, 0x87FC, 0x2100, 0x23F8, 0x2488, 0x2888, 0x23F8, 0x2908, 0x3108, 0x27FE, 0x0000}},
  {39313, {0x2088, 0x2088, 0x23FE, 0x3C88, 0x44F8, 0x4820, 0xA1FC, 0x2124, 0x21FC, 0x2020, 0x23FE, 0x2020, 0x29FC, 0x3020, 0x23FE, 0x0000}},
  {39314, {0x23F8, 0x2208, 0x23F8, 0x3A08, 0x4BF8, 0x5000, 0x87FC, 0x24A4, 0x24A4, 0x27FC, 0x2000, 0x23F8, 0x2910, 0x30E0, 0x2318, 0x0C06}},
  {39315, {0x2288, 0x2288, 0x27C8, 0x3A90, 0x4A9E, 0x57D4, 0x8024, 0x27D4, 0x2454, 0x27D4, 0x2454, 0x27C8, 0x2C48, 0x3454, 0x2464, 0x04C2}},
  {39316, {0x2000, 0x23DE, 0x2252, 0x3BDE, 0x4A10, 0x5252, 0x81CE, 0x2000, 0x2088, 0x23FE, 0x2088, 0x2088, 0x2BFE, 0x3088, 0x2104, 0x0202}},
  {39317, {0x2040, 0x27FC, 0x2248, 0x3BF8, 0x4840, 0x5FFE, 0x8AAA, 0x23B8, 0x2110, 0x27FC, 0x2110, 0x2FFE, 0x2928, 0x3310, 0x2D48, 0x0186}},
  {39318, {0x1010, 0x0820, 0xFFFE, 0x0200, 0x0400, 0x3FF8, 0x2008, 0x2008, 0x3FF8, 0x2008, 0x2008, 0x3FF8, 0x2008, 0x2008, 0x3FF8, 0x2008}},
  {39319, {0x2110, 0x20A0, 0x2000, 0x23FC, 0xFC80, 0x25F8, 0x2508, 0x25F8, 0x2508, 0x25F8, 0x2508, 0x25FA, 0x250A, 0x4402, 0x43FE, 0x8000}},
  {39320, {0x4414, 0x2412, 0x2810, 0xFDFE, 0x1010, 0x2010, 0x7DD2, 0x4552, 0x4552, 0x7D54, 0x45D4, 0x7C08, 0x44CA, 0x471A, 0x7C26, 0x4442}},
  {39321, {0x0070, 0x1F80, 0x0100, 0x0100, 0xFFFE, 0x0540, 0x0920, 0x3118, 0xDFF6, 0x1010, 0x1010, 0x1FF0, 0x1010, 0x1010, 0x1FF0, 0x1010}},
  {39333, {0x0440, 0x7840, 0x10FE, 0xFE80, 0x11FC, 0x3A84, 0x54FC, 0x9084, 0x7CFC, 0x4440, 0x447C, 0x7CC4, 0x4528, 0x4410, 0x7C68, 0x4586}},
  {39336, {0x0878, 0xFF48, 0x0886, 0x3E78, 0x2A48, 0x3E30, 0x4048, 0x9FE4, 0x0100, 0x7FFC, 0x0920, 0x3FF8, 0xC826, 0x0FE0, 0x0820, 0x0FE0}},
  {39532, {0x0000, 0x7FE0, 0x0020, 0x0020, 0x1020, 0x1020, 0x1020, 0x1FFC, 0x0004, 0x0004, 0x0004, 0xFFE4, 0x0004, 0x0004, 0x0028, 0x0010}},
  {39533, {0x0000, 0x7C00, 0x05FC, 0x2484, 0x2484, 0x2484, 0x2488, 0x3E88, 0x0250, 0x0250, 0x1A20, 0xE220, 0x4250, 0x0288, 0x1504, 0x0A02}},
  {39534, {0x0020, 0x7C20, 0x0420, 0x2420, 0x2420, 0x25FE, 0x2420, 0x3E20, 0x0220, 0x0250, 0x1A50, 0xE250, 0x4288, 0x0288, 0x1504, 0x0A02}},
  {39535, {0x0104, 0xF924, 0x0924, 0x4924, 0x4924, 0x4924, 0x4924, 0x7D24, 0x0524, 0x0524, 0x1D24, 0xE524, 0x4524, 0x0624, 0x2A04, 0x1404}},
  {39536, {0x0020, 0xF820, 0x0820, 0x4920, 0x492C, 0x4934, 0x4964, 0x7FA4, 0x0524, 0x0534, 0x1D28, 0xE522, 0x4522, 0x0502, 0x28FE, 0x1000}},
  {39537, {0x0000, 0xF9FE, 0x0900, 0x4904, 0x4944, 0x4928, 0x4928, 0x7D10, 0x0510, 0x0528, 0x1D28, 0xE544, 0x4584, 0x0500, 0x29FE, 0x1000}},
  {39539, {0x0008, 0xF888, 0x0850, 0x4820, 0x4850, 0x4888, 0x4900, 0x7C08, 0x0488, 0x0488, 0x1C50, 0xE450, 0x4420, 0x0450, 0x2888, 0x1306}},
  {39540, {0x0040, 0xF820, 0x0820, 0x48FC, 0x4884, 0x4884, 0x4884, 0x7CFC, 0x0484, 0x0480, 0x1C80, 0xE480, 0x4480, 0x0500, 0x2900, 0x1200}},
  {39541, {0x0000, 0xF8F8, 0x0888, 0x4888, 0x4888, 0x48F8, 0x4888, 0x7C88, 0x0488, 0x04F8, 0x1C88, 0xE488, 0x4488, 0x0488, 0x2BFE, 0x1000}},
  {39542, {0x0020, 0xF820, 0x0820, 0x49FC, 0x4924, 0x4924, 0x4924, 0x7D24, 0x05FC, 0x0420, 0x1CA0, 0xE460, 0x4460, 0x0490, 0x2908, 0x1206}},
  {39543, {0x0000, 0xF9FC, 0x0954, 0x4954, 0x4954, 0x4954, 0x4954, 0x7D54, 0x0594, 0x058C, 0x1D04, 0xE504, 0x4504, 0x05FC, 0x2904, 0x1000}},
  {39544, {0x0088, 0xF888, 0x0888, 0x4908, 0x497E, 0x4B08, 0x4D08, 0x7D48, 0x0528, 0x0528, 0x1D08, 0xE508, 0x4508, 0x0508, 0x2928, 0x1110}},
  {39545, {0x0080, 0xF880, 0x0900, 0x49FC, 0x4A04, 0x4C04, 0x49E4, 0x7D24, 0x0524, 0x0524, 0x1DE4, 0xE524, 0x4404, 0x0404, 0x2828, 0x1010}},
  {39546, {0x0080, 0xF880, 0x08F8, 0x4908, 0x4A10, 0x4C20, 0x4BFC, 0x7C04, 0x0404, 0x0404, 0x1DFC, 0xE404, 0x4404, 0x0404, 0x2BFC, 0x1004}},
  {39547, {0x0040, 0xF820, 0x0800, 0x4BFE, 0x4820, 0x4820, 0x4820, 0x7C20, 0x05FC, 0x0420, 0x1C20, 0xE420, 0x4420, 0x0420, 0x2BFE, 0x1000}},
  {39548, {0x0020, 0xF810, 0x0810, 0x49FE, 0x4902, 0x4A04, 0x4880, 0x7C88, 0x0490, 0x04A0, 0x1CC0, 0xE482, 0x4482, 0x0482, 0x287E, 0x1000}},
  {39549, {0x0800, 0x7F7C, 0x1144, 0x3228, 0x0C10, 0x1228, 0x6146, 0x1FE0, 0x0020, 0x0820, 0x0820, 0x0FFC, 0x0004, 0x7FC4, 0x0014, 0x0008}},
  {39550, {0x0800, 0x0800, 0x7F7C, 0x1144, 0x1144, 0x257C, 0x4200, 0x1FE0, 0x0020, 0x0820, 0x0820, 0x0FFC, 0x0004, 0x7FC4, 0x0014, 0x0008}},
  {39551, {0x0000, 0xFBFC, 0x0904, 0x4888, 0x4850, 0x4820, 0x48D8, 0x7F26, 0x0420, 0x05FC, 0x1C20, 0xE420, 0x47FE, 0x0420, 0x2820, 0x1020}},
  {39552, {0x0020, 0xF820, 0x0840, 0x4888, 0x4904, 0x4BFE, 0x4802, 0x7C00, 0x05FC, 0x0504, 0x1D04, 0xE504, 0x4504, 0x0504, 0x29FC, 0x1104}},
  {39553, {0x0080, 0xF880, 0x08BC, 0x4BC0, 0x4850, 0x4824, 0x48D4, 0x7F0C, 0x0400, 0x07FE, 0x1C90, 0xE490, 0x4512, 0x0512, 0x2A0E, 0x1400}},
  {39554, {0x0000, 0x7CF8, 0x4488, 0x4488, 0x7CF8, 0x0000, 0x3FE0, 0x0020, 0x0820, 0x0820, 0x0FFC, 0x0004, 0x7FE4, 0x0004, 0x0028, 0x0010}},
  {39556, {0x0008, 0xF83C, 0x09E0, 0x4820, 0x4820, 0x4BFE, 0x4850, 0x7C88, 0x0504, 0x068A, 0x1C88, 0xE488, 0x4488, 0x0508, 0x2908, 0x1208}},
  {39557, {0x0090, 0xF894, 0x0914, 0x4918, 0x4B10, 0x4D32, 0x4952, 0x7D0E, 0x0520, 0x0420, 0x1FFE, 0xE420, 0x4420, 0x0420, 0x2820, 0x1020}},
  {39558, {0x0080, 0xF880, 0x08F8, 0x4908, 0x4B10, 0x4CA0, 0x4840, 0x7CA0, 0x0518, 0x0606, 0x1DF8, 0xE508, 0x4508, 0x0508, 0x29F8, 0x1108}},
  {39559, {0x0020, 0xF810, 0x0810, 0x49FE, 0x4820, 0x4824, 0x4844, 0x7CF8, 0x0412, 0x0422, 0x1C44, 0xE588, 0x4410, 0x0428, 0x2844, 0x1182}},
  {39560, {0x0084, 0xF844, 0x0848, 0x4800, 0x49FE, 0x4848, 0x4848, 0x7C48, 0x0448, 0x07FE, 0x1C48, 0xE448, 0x4448, 0x0448, 0x2888, 0x1108}},
  {39562, {0x0000, 0xF3FE, 0x1000, 0x5000, 0x53DE, 0x5252, 0x5252, 0x7A52, 0x0B5A, 0x0AD6, 0x3A52, 0xCA52, 0x0A52, 0x0A52, 0x2A52, 0x12D6}},
  {39563, {0x0020, 0xF820, 0x09FC, 0x4924, 0x49FC, 0x4924, 0x49FC, 0x7C00, 0x07FE, 0x0480, 0x1D00, 0xE5FC, 0x4404, 0x0404, 0x2828, 0x1010}},
  {39564, {0x0020, 0xF820, 0x0850, 0x4850, 0x4888, 0x4904, 0x4AFA, 0x7C00, 0x0444, 0x0424, 0x1D24, 0xE4A8, 0x4488, 0x0410, 0x2BFE, 0x1000}},
  {39567, {0x0040, 0xF840, 0x0888, 0x4904, 0x4BFE, 0x4802, 0x4888, 0x7D44, 0x0642, 0x04F8, 0x1D88, 0xE650, 0x4420, 0x0450, 0x2988, 0x1606}},
  {39568, {0x0088, 0xF888, 0x0BFE, 0x4888, 0x4888, 0x48F8, 0x4888, 0x7C88, 0x04F8, 0x0488, 0x1C88, 0xE7FE, 0x4400, 0x0488, 0x2884, 0x1104}},
  {39569, {0x0020, 0xF820, 0x09FC, 0x4850, 0x4888, 0x4904, 0x4BFE, 0x7C08, 0x05E8, 0x0528, 0x1D28, 0xE5E8, 0x4528, 0x0408, 0x2828, 0x1010}},
  {39570, {0x0000, 0xF9FC, 0x0924, 0x4924, 0x49FC, 0x4924, 0x4924, 0x7DFC, 0x0420, 0x07FE, 0x1C70, 0xE4A8, 0x4524, 0x0622, 0x2820, 0x1020}},
  {39571, {0x0050, 0xF848, 0x0880, 0x48FE, 0x4990, 0x4A90, 0x48FC, 0x7C90, 0x0490, 0x04FC, 0x1C90, 0xE490, 0x4490, 0x04FE, 0x2880, 0x1080}},
  {39574, {0x0040, 0xF848, 0x0884, 0x49FE, 0x4820, 0x4BFE, 0x4888, 0x7D24, 0x0642, 0x0588, 0x1C10, 0xE462, 0x4584, 0x0418, 0x2860, 0x1380}},
  {39575, {0x0040, 0xF820, 0x09FE, 0x4902, 0x4902, 0x49FE, 0x4900, 0x7D00, 0x05FE, 0x05AA, 0x1EAA, 0xE6FE, 0x44AA, 0x04AA, 0x28A2, 0x1086}},
  {39576, {0x0020, 0x793C, 0x4920, 0x53FE, 0x48A4, 0x6B28, 0x5070, 0x4380, 0x1FE0, 0x0020, 0x0820, 0x0FFC, 0x0004, 0x7FC4, 0x0014, 0x0008}},
  {39578, {0x0000, 0xF9FC, 0x08A4, 0x4888, 0x4850, 0x4820, 0x48D8, 0x7F26, 0x0420, 0x05FC, 0x1D24, 0xE524, 0x45FC, 0x0422, 0x2BFE, 0x1002}},
  {39579, {0x7E20, 0x243E, 0x1848, 0xFFA8, 0x2910, 0x4A28, 0x9846, 0x0000, 0x1FE0, 0x0020, 0x0820, 0x0FFC, 0x0004, 0x7FC4, 0x0014, 0x0008}},
  {39580, {0x0820, 0x7F20, 0x087E, 0x7E44, 0x08A4, 0xFF28, 0x1010, 0x1E28, 0x2244, 0x5FE2, 0x8020, 0x0820, 0x0FFC, 0x0004, 0x7FD4, 0x0008}},
  {39581, {0x0040, 0xF9BC, 0x0914, 0x4994, 0x4954, 0x49A4, 0x494C, 0x7C00, 0x05FC, 0x0524, 0x1D24, 0xE5FC, 0x4524, 0x0524, 0x29FC, 0x1104}},
  {39582, {0x0100, 0x7FFE, 0x4442, 0x9FF4, 0x0440, 0x3FF8, 0x0440, 0xFFFE, 0x0820, 0x1FD0, 0x2048, 0xC846, 0x0FF8, 0x0008, 0x7FA8, 0x0010}},
  {39583, {0x0020, 0xF810, 0x09FE, 0x4902, 0x4902, 0x49FE, 0x4900, 0x7DEE, 0x0522, 0x05AA, 0x1D66, 0xE522, 0x4566, 0x06AA, 0x2A22, 0x1466}},
  {39584, {0x0000, 0xFBFE, 0x0850, 0x49FC, 0x4954, 0x4954, 0x49FC, 0x7C00, 0x05FC, 0x0400, 0x1FFE, 0xE420, 0x44A8, 0x0524, 0x2AA2, 0x1040}},
  {39585, {0x0000, 0xF9FC, 0x0924, 0x49FC, 0x4924, 0x49FC, 0x4840, 0x7C88, 0x05F0, 0x0420, 0x1C44, 0xE7FE, 0x4422, 0x0524, 0x2A22, 0x1060}},
  {39586, {0x0020, 0xF840, 0x09FC, 0x4924, 0x497C, 0x498C, 0x4954, 0x7D24, 0x0554, 0x05FC, 0x1C20, 0xE410, 0x4554, 0x0542, 0x294A, 0x1238}},
  {39587, {0x03FE, 0xF202, 0x13FE, 0x5200, 0x52FC, 0x5208, 0x53FE, 0x7A10, 0x0A30, 0x0BCE, 0x3A42, 0xCA84, 0x0CEE, 0x0F84, 0x2884, 0x118C}},
  {39588, {0x07E0, 0xF25C, 0x13C4, 0x5254, 0x53C8, 0x5268, 0x57D4, 0x7864, 0x083C, 0x0FC0, 0x3944, 0xCA68, 0x08D0, 0x0948, 0x2E46, 0x1040}},
  {39589, {0x0094, 0xFB98, 0x0892, 0x498E, 0x4A80, 0x49FC, 0x4924, 0x7DFC, 0x0524, 0x05FC, 0x1C88, 0xE5FC, 0x4488, 0x07FE, 0x2888, 0x1104}},
  {39591, {0x0020, 0xF3FE, 0x1000, 0x51DC, 0x5154, 0x51DC, 0x5088, 0x7BFE, 0x0888, 0x0BFE, 0x3888, 0xCBFE, 0x0894, 0x0988, 0x2AA4, 0x10C2}},
  {39592, {0x1FF0, 0x1010, 0x1F90, 0x1090, 0x1090, 0x7FFE, 0x4002, 0x9FF4, 0x1010, 0x1FF0, 0x1010, 0x1FF0, 0x1010, 0x1010, 0x1050, 0x1020}},
  {39600, {0x0000, 0x7CF8, 0x4488, 0x7488, 0x5488, 0xFF06, 0x8200, 0x7DFC, 0x4484, 0x7C84, 0x4448, 0x7C50, 0x4420, 0x4450, 0x5488, 0x4B06}},
  {39601, {0x0020, 0x7C20, 0x4420, 0x7450, 0x5450, 0xFE88, 0x8306, 0x7C48, 0x4448, 0x7C48, 0x4448, 0x7C48, 0x4448, 0x4488, 0x5488, 0x4908}},
  {39606, {0x0004, 0x7C1E, 0x44F0, 0x7490, 0x5490, 0xFE90, 0x8290, 0x7CFE, 0x4490, 0x7C90, 0x4490, 0x7C88, 0x448A, 0x44AA, 0x54D6, 0x488A}},
  {39607, {0x0020, 0x7C20, 0x4420, 0x7420, 0x55FE, 0xFE20, 0x8220, 0x7C20, 0x44FC, 0x7C84, 0x4484, 0x7C84, 0x4484, 0x4484, 0x54FC, 0x4884}},
  {39608, {0x0020, 0x7C10, 0x4410, 0x75FE, 0x5420, 0xFE24, 0x8244, 0x7CF8, 0x4412, 0x7C22, 0x4444, 0x7D88, 0x4410, 0x4428, 0x5444, 0x4982}},
  {39610, {0x0008, 0x7C1C, 0x44E0, 0x7480, 0x5480, 0xFEFE, 0x8280, 0x7C80, 0x44BC, 0x7CA4, 0x44A4, 0x7CA4, 0x44A4, 0x453C, 0x5524, 0x4A00}},
  {39612, {0x0040, 0x7C40, 0x4478, 0x7488, 0x5550, 0xFE20, 0x8250, 0x7C88, 0x4506, 0x7CF8, 0x4488, 0x7C88, 0x4488, 0x4488, 0x54F8, 0x4888}},
  {39616, {0x0020, 0x7C40, 0x44FE, 0x7492, 0x5492, 0xFEFE, 0x8292, 0x7CA2, 0x44FE, 0x7C48, 0x4488, 0x7DFE, 0x4408, 0x4408, 0x5408, 0x4808}},
  {39617, {0x0000, 0x7CF8, 0x44A8, 0x74A8, 0x54F8, 0xFEA8, 0x82A8, 0x7CF8, 0x4420, 0x7DFC, 0x4420, 0x7C70, 0x44A8, 0x4526, 0x5420, 0x4820}},
  {39618, {0x0040, 0x7C20, 0x45FC, 0x7504, 0x5440, 0xFE78, 0x8288, 0x7D50, 0x4420, 0x7CD8, 0x4706, 0x7CF8, 0x4488, 0x4488, 0x54F8, 0x4888}},
  {39621, {0x0020, 0x7D24, 0x44A8, 0x7420, 0x55FE, 0xFE68, 0x82A4, 0x7D02, 0x4420, 0x7DFE, 0x4448, 0x7C88, 0x44D0, 0x4430, 0x544C, 0x4982}},
  {39627, {0x0020, 0x7C10, 0x45FE, 0x7502, 0x5448, 0xFEFC, 0x8248, 0x7C00, 0x44FC, 0x7C84, 0x44A4, 0x7CA4, 0x44A4, 0x4450, 0x5492, 0x4B0E}},
  {39628, {0x0040, 0x7C20, 0x45FE, 0x7502, 0x5418, 0xFEE0, 0x8280, 0x7CFC, 0x4490, 0x7C90, 0x4490, 0x7DFE, 0x4400, 0x4488, 0x5504, 0x4A02}},
  {39633, {0x0000, 0x7CFE, 0x44AA, 0x74AA, 0x54FE, 0xFE40, 0x82FE, 0x7D22, 0x44FA, 0x7CAA, 0x44AA, 0x7CFA, 0x4422, 0x44FA, 0x540A, 0x4804}},
  {39635, {0x0010, 0x7C7E, 0x4520, 0x74BC, 0x54C8, 0xFEBE, 0x8200, 0x7DBC, 0x44A4, 0x7CBC, 0x44A4, 0x7CBC, 0x44A4, 0x44AC, 0x5540, 0x4A3E}},
  {39640, {0x0200, 0x0100, 0xFFFE, 0x0000, 0x0FE0, 0x0820, 0x0820, 0x0FE0, 0x0000, 0x7FFC, 0x4004, 0x4FE4, 0x4824, 0x4824, 0x4FE4, 0x400C}},
  {39647, {0x3F04, 0x2004, 0x2008, 0x3E10, 0x2020, 0x2044, 0x3E04, 0x2008, 0x2010, 0xFF22, 0x1042, 0x2404, 0x4208, 0xFF10, 0x4120, 0x00C0}},
  {39649, {0x3E04, 0x2018, 0x3E60, 0x2004, 0x3E18, 0x2062, 0xFF04, 0x2218, 0x7F60, 0x0000, 0x7FFC, 0x0440, 0x0440, 0x0842, 0x3042, 0xC03E}},
  {39654, {0x3E04, 0x2018, 0x3E60, 0x2004, 0x3E18, 0x2062, 0xFF04, 0x2218, 0x7F60, 0x01F0, 0x3E00, 0x03F0, 0x3E00, 0x03FA, 0x7E02, 0x01FE}},
  {39659, {0x3E04, 0x2018, 0x3E60, 0x2004, 0x3E18, 0x2062, 0xFF04, 0x2218, 0x7F60, 0x0000, 0x7FF8, 0x0808, 0x1030, 0x3FF8, 0xD008, 0x1FF8}},
  {39661, {0x3E04, 0x2018, 0x3E60, 0x2004, 0x3E18, 0x2062, 0xFF04, 0x2218, 0x7F60, 0x0880, 0x0888, 0x2E90, 0x28E0, 0x2884, 0x2E84, 0xF07C}},
  {39663, {0x3F08, 0x2030, 0x3EC4, 0x2018, 0xFF62, 0x220C, 0x7F70, 0x0100, 0x3FF8, 0x2108, 0x3FF8, 0x2108, 0xFFFE, 0x2008, 0x2028, 0x2010}},
  {39673, {0x3E04, 0x2018, 0x3E60, 0x2004, 0x3E18, 0x2062, 0xFF04, 0x2218, 0x7F60, 0x0840, 0x1040, 0x37FC, 0xD0E0, 0x1358, 0x1C46, 0x1040}},
  {39675, {0x3F08, 0x2030, 0x3EC4, 0x2018, 0xFF62, 0x220C, 0x7F70, 0x0100, 0xFFFE, 0x0100, 0x3FF8, 0x0000, 0x3FF8, 0x2008, 0x3FF8, 0x2008}},
  {39683, {0x3F08, 0x2030, 0x3EC4, 0x2018, 0xFF62, 0x220C, 0x7F70, 0x0100, 0x7FFC, 0x4004, 0x1FF0, 0x0000, 0x7FFC, 0x1110, 0x2508, 0x4204}},
  {39688, {0x3F04, 0x2018, 0xFF62, 0x220C, 0x7F70, 0x1110, 0x0920, 0x7FFC, 0x0400, 0xFFFE, 0x1010, 0x2FE8, 0xC826, 0x08A0, 0x0848, 0x07F8}},
  {39695, {0x3E04, 0x2018, 0x3E60, 0x2004, 0x3E18, 0x2062, 0xFF04, 0x2218, 0x7F60, 0x0000, 0x7C10, 0x1052, 0xFE94, 0x3828, 0x5444, 0x9282}},
  {39699, {0x3F04, 0x2018, 0xFF62, 0x220C, 0x7F70, 0x0200, 0x0100, 0x7FFE, 0x4022, 0x9FC4, 0x1000, 0x1FF8, 0x1080, 0xFFFE, 0x1020, 0x2010}},
  {39711, {0x3F08, 0x2030, 0x3EC4, 0x2018, 0xFF62, 0x220C, 0x7F70, 0x0100, 0x3FF8, 0x2448, 0xFFFE, 0x1010, 0x1FF0, 0x0C88, 0x3470, 0xC60E}},
  {39715, {0x3F04, 0x2018, 0xFF62, 0x220C, 0x7F70, 0x1084, 0x2108, 0x1084, 0x3FF8, 0x2448, 0x2388, 0x2448, 0x3FF8, 0x294A, 0x2526, 0x3182}},
  {39727, {0x0920, 0x2448, 0x2288, 0x2928, 0x2288, 0x2448, 0x2928, 0x3FF8, 0x1000, 0x1038, 0x11C0, 0x1E04, 0x1004, 0x1004, 0x0FFC, 0x0000}},
  {39730, {0x0000, 0xFFFE, 0x0000, 0x1FF0, 0x1010, 0x1010, 0x1FF0, 0x0000, 0x7FFC, 0x4824, 0x4444, 0x5FF4, 0x4104, 0x4104, 0x4114, 0x4008}},
  {39739, {0x711C, 0x1544, 0x711C, 0x47D0, 0x739C, 0x1544, 0x310C, 0x0000, 0xFFFE, 0x1010, 0x1FF0, 0x0000, 0x7FFC, 0x4444, 0x4FE4, 0x410C}},
  {39740, {0x0200, 0x0400, 0x3FF8, 0x2108, 0x2108, 0x3FF8, 0x2208, 0x2208, 0x3FF8, 0x0510, 0x0920, 0x0948, 0x117C, 0x2102, 0x4102, 0x80FE}},
  {39745, {0x0808, 0x1048, 0x7F28, 0x4928, 0x4908, 0x7F48, 0x4928, 0x4928, 0x7F0E, 0x10F8, 0x1A08, 0x2C88, 0x2F88, 0x4808, 0x4802, 0x87FE}},
  {39746, {0x0020, 0x0040, 0x7DFC, 0x0124, 0x0124, 0x01FC, 0xFF24, 0x2124, 0x21FC, 0x2040, 0x4868, 0x44B2, 0xFCBE, 0x4520, 0x0122, 0x021E}},
  {39747, {0x1028, 0x2024, 0x7C20, 0x55FE, 0x5420, 0x7C20, 0x547C, 0x5444, 0x7C54, 0x1088, 0x2A94, 0x2D24, 0x4F40, 0x4802, 0x87FE, 0x0000}},
  {39748, {0x1020, 0x1040, 0x21FC, 0x7D24, 0x4524, 0x45FC, 0x4524, 0x7D24, 0x45FC, 0x4440, 0x4468, 0x44B2, 0x7CBE, 0x4520, 0x0122, 0x021E}},
  {39749, {0x0810, 0x1010, 0x7F10, 0x497C, 0x4910, 0x7F10, 0x49FE, 0x4910, 0x7F38, 0x1054, 0x1A92, 0x2C90, 0x2F90, 0x4810, 0x4802, 0x87FE}},
  {39751, {0x3FFC, 0x2090, 0x3FFC, 0x2140, 0x2630, 0x388C, 0x2100, 0x2FF8, 0x2888, 0x2FF8, 0x2888, 0x2FF8, 0x4150, 0x42FA, 0x8C8A, 0x307E}},
  {39752, {0x0810, 0x1054, 0x7F38, 0x4910, 0x497C, 0x7F44, 0x4944, 0x497C, 0x7F44, 0x1044, 0x1A7C, 0x2CC4, 0x2FC4, 0x484C, 0x4802, 0x87FE}},
  {39753, {0x1000, 0x21FC, 0x7C50, 0x5450, 0x55FC, 0x7D54, 0x5554, 0x5554, 0x7DAC, 0x1104, 0x2B04, 0x2D14, 0x4F08, 0x4802, 0x87FE, 0x0000}},
  {39757, {0x1000, 0x21FC, 0x7D04, 0x558C, 0x5554, 0x7DFC, 0x5544, 0x5524, 0x7DFC, 0x1144, 0x2B74, 0x2D04, 0x4F0C, 0x4802, 0x87FE, 0x0000}},
  {39759, {0x0C20, 0x7040, 0x11FC, 0xFF24, 0x3924, 0x55FC, 0x9324, 0x0124, 0x11FC, 0xFC40, 0x2468, 0x44B2, 0x28BE, 0x1120, 0x2922, 0xC61E}},
  {39761, {0x1040, 0x2020, 0x7DFC, 0x5450, 0x5524, 0x7D54, 0x55FC, 0x5420, 0x7DFC, 0x1144, 0x2B54, 0x2D74, 0x4F0C, 0x4802, 0x87FE, 0x0000}},
  {39764, {0x0080, 0x3FFE, 0x2410, 0x3F7C, 0x2638, 0x2D54, 0x3512, 0x2FF8, 0x2888, 0x2FF8, 0x2888, 0x2FF8, 0x2150, 0x42F8, 0x4C8A, 0xB07E}},
  {40060, {0x0400, 0x0400, 0x0FE0, 0x1020, 0x2040, 0x7FF8, 0xA108, 0x2108, 0x3FF8, 0x2108, 0x2108, 0x3FF8, 0x0000, 0x0000, 0xFFFE, 0x0000}},
  {40063, {0x2040, 0x2050, 0x7C48, 0x4448, 0x8840, 0x7DFE, 0x5450, 0x5450, 0x7C50, 0x5450, 0x5490, 0x7C90, 0x0092, 0x1D12, 0xE10E, 0x4200}},
  {40065, {0x0800, 0x1FE0, 0x2020, 0x7FF8, 0xA108, 0x3FF8, 0x2108, 0x3FF8, 0x0000, 0xFFFE, 0x0000, 0x1FF0, 0x1010, 0x1FF0, 0x1010, 0x1FF0}},
  {40066, {0x1020, 0x1010, 0x1E10, 0x23FE, 0x2440, 0x7E40, 0xAA40, 0x2A7C, 0x3E44, 0x2A44, 0x2A44, 0x3E44, 0x0084, 0x0E84, 0x7128, 0x2210}},
  {40069, {0x2050, 0x2048, 0x7C48, 0x4440, 0x89FE, 0x7C40, 0x5440, 0x547C, 0x7CA4, 0x54A4, 0x54A8, 0x7D28, 0x0110, 0x1E28, 0xE044, 0x4082}},
  {40070, {0x2000, 0x2000, 0x7DFC, 0x4420, 0x8820, 0x7D24, 0x54A4, 0x54A8, 0x7C20, 0x57FE, 0x5420, 0x7C20, 0x0020, 0x1C20, 0xE020, 0x4020}},
  {40071, {0x1010, 0x1010, 0x1E10, 0x2210, 0x241E, 0x7E10, 0xAA10, 0x2A10, 0x3EFC, 0x2A84, 0x2A84, 0x3E84, 0x0084, 0x0E84, 0x70FC, 0x2084}},
  {40072, {0x1010, 0x1010, 0x1E1E, 0x2210, 0x2410, 0x7EFE, 0xAA82, 0x2A82, 0x3E82, 0x2AFE, 0x2A82, 0x3E80, 0x0080, 0x0F00, 0x7100, 0x2200}},
  {40075, {0x2044, 0x2044, 0x7C44, 0x4484, 0x88BE, 0x7D84, 0x5684, 0x54A4, 0x7C94, 0x5494, 0x5484, 0x7C84, 0x0084, 0x1C84, 0xE094, 0x4088}},
  {40077, {0x2040, 0x2040, 0x7CFC, 0x4484, 0x8904, 0x7EF4, 0x5494, 0x5494, 0x7CF4, 0x5484, 0x5494, 0x7C88, 0x0082, 0x1C82, 0xE07E, 0x4000}},
  {40078, {0x2208, 0x1110, 0x0020, 0x7FFC, 0x4404, 0x8408, 0x0FC0, 0x1040, 0x3FF0, 0x5110, 0x1FF0, 0x1110, 0x1FF0, 0x0000, 0xFFFE, 0x0000}},
  {40080, {0x1020, 0x1020, 0x1E20, 0x2240, 0x2448, 0x7E84, 0xABFE, 0x2A82, 0x3E00, 0x2AFC, 0x2A84, 0x3E84, 0x0084, 0x0E84, 0x70FC, 0x2084}},
  {40081, {0x2020, 0x2020, 0x7DFC, 0x4420, 0x8820, 0x7C20, 0x57FE, 0x5400, 0x7C20, 0x5420, 0x55FC, 0x7C20, 0x0020, 0x1C20, 0xE3FE, 0x4000}},
  {40082, {0x2020, 0x2020, 0x7C20, 0x47FE, 0x8820, 0x7C20, 0x55FC, 0x5400, 0x7C00, 0x55FC, 0x5504, 0x7D04, 0x0104, 0x1D04, 0xE1FC, 0x4104}},
  {40084, {0x2020, 0x2020, 0x7DFE, 0x4440, 0x8840, 0x7CFC, 0x5484, 0x5584, 0x7EFC, 0x5484, 0x5484, 0x7CFC, 0x0084, 0x1C84, 0xE094, 0x4088}},
  {40085, {0x2000, 0x21FE, 0x7C20, 0x4420, 0x8840, 0x7DFC, 0x5554, 0x5554, 0x7D54, 0x5554, 0x5554, 0x7D54, 0x0154, 0x1D54, 0xE104, 0x410C}},
  {40090, {0x2040, 0x2020, 0x7DFE, 0x4488, 0x8850, 0x7C20, 0x5450, 0x5488, 0x7D06, 0x5488, 0x5488, 0x7C88, 0x0088, 0x1D08, 0xE108, 0x4208}},
  {40091, {0x2040, 0x2020, 0x7C20, 0x45FE, 0x8800, 0x7C88, 0x5504, 0x5602, 0x7C88, 0x5488, 0x5450, 0x7C50, 0x0020, 0x1C50, 0xE088, 0x4306}},
  {40092, {0x1082, 0x1044, 0x1E28, 0x22FE, 0x2410, 0x7E10, 0xAA10, 0x2A7C, 0x3E10, 0x2A10, 0x2A10, 0x3EFE, 0x0010, 0x0E10, 0x7010, 0x2010}},
  {40094, {0x1110, 0x0920, 0x7FFC, 0x0200, 0xFFFE, 0x0820, 0x3418, 0xCFC6, 0x1040, 0x3FF0, 0x5110, 0x1FF0, 0x1110, 0x1FF0, 0x0000, 0xFFFE}},
  {40095, {0x2000, 0x21FC, 0x7C04, 0x4404, 0x88FC, 0x7C04, 0x5404, 0x55FC, 0x7C08, 0x5408, 0x55FE, 0x7C88, 0x0048, 0x1C48, 0xE008, 0x4018}},
  {40096, {0x2000, 0x21FE, 0x7C20, 0x4420, 0x89FC, 0x7D24, 0x5524, 0x55FC, 0x7D24, 0x5524, 0x55FC, 0x7D20, 0x00A0, 0x1C40, 0xE0B0, 0x430E}},
  {40097, {0x4000, 0x43FE, 0x7800, 0x8800, 0x13DE, 0xFA52, 0xAA52, 0xAA52, 0xFB5A, 0xAAD6, 0xAA52, 0xFA52, 0x0252, 0x1A52, 0xE252, 0x42D6}},
  {40098, {0x4010, 0x4210, 0x7910, 0x897E, 0x1020, 0xF828, 0xAF48, 0xA97E, 0xF908, 0xA908, 0xA9FE, 0xF908, 0x0108, 0x1A88, 0xE47E, 0x4000}},
  {40099, {0x2040, 0x217E, 0x7D52, 0x4552, 0x8954, 0x7D48, 0x5554, 0x5462, 0x7C10, 0x5410, 0x54FE, 0x7C10, 0x0010, 0x1C10, 0xE1FE, 0x4000}},
  {40100, {0x2000, 0x21FC, 0x7D24, 0x4524, 0x89FC, 0x7D24, 0x5524, 0x55FC, 0x7C20, 0x5420, 0x55FC, 0x7C20, 0x0020, 0x1C20, 0xE3FE, 0x4000}},
  {40101, {0x4004, 0x4004, 0x7BC4, 0x8A44, 0x127E, 0xFA44, 0xAA44, 0xABE4, 0xFA54, 0xAA54, 0xAA44, 0xFA44, 0x03C4, 0x1A44, 0xE014, 0x4008}},
  {40102, {0x2040, 0x2040, 0x7CF8, 0x4488, 0x8950, 0x7C20, 0x54D8, 0x5726, 0x7C20, 0x55FC, 0x5420, 0x7D28, 0x0124, 0x1E24, 0xE0A0, 0x4040}},
  {40103, {0x200C, 0x21F0, 0x7C20, 0x4444, 0x8888, 0x7DF0, 0x5420, 0x5444, 0x7DFE, 0x5422, 0x5420, 0x7CA8, 0x0124, 0x1E22, 0xE0A0, 0x4040}},
  {40104, {0x2040, 0x1248, 0x4444, 0x2014, 0x0860, 0x7380, 0x2800, 0x0FC0, 0x1040, 0x3FF0, 0x5110, 0x1FF0, 0x1110, 0x1FF0, 0x0000, 0xFFFE}},
  {40105, {0x2020, 0x2010, 0x7DFE, 0x4502, 0x8A04, 0x7CF8, 0x5400, 0x5400, 0x7DFE, 0x5450, 0x5450, 0x7C50, 0x0092, 0x1C92, 0xE10E, 0x4200}},
  {40107, {0x4000, 0x43DE, 0x7A52, 0x8A52, 0x1252, 0xFBD2, 0xAA52, 0xAA52, 0xFA52, 0xABD2, 0xAA1A, 0xFA94, 0x0250, 0x1AB0, 0xE310, 0x4010}},
  {40109, {0x2020, 0x2020, 0x7DFE, 0x4420, 0x88FC, 0x7C20, 0x55FE, 0x5400, 0x7CFC, 0x5484, 0x54FC, 0x7C84, 0x00FC, 0x1C84, 0xE094, 0x4088}},
  {40110, {0x2020, 0x2020, 0x7CFC, 0x4420, 0x8820, 0x7DFE, 0x5448, 0x5484, 0x7D22, 0x5478, 0x5488, 0x7D48, 0x0050, 0x1C20, 0xE050, 0x418C}},
  {40112, {0x2000, 0x23E0, 0x7D5C, 0x4554, 0x8954, 0x7DD4, 0x5554, 0x5554, 0x7DD4, 0x5554, 0x5548, 0x7D68, 0x03C8, 0x1C54, 0xE054, 0x4062}},
  {40113, {0x2050, 0x2050, 0x7C50, 0x47DE, 0x8850, 0x7C50, 0x5450, 0x55DC, 0x7C50, 0x5450, 0x5450, 0x7C50, 0x03DE, 0x1C50, 0xE050, 0x4050}},
  {40114, {0x2000, 0x21FC, 0x7D04, 0x4504, 0x89FC, 0x7D04, 0x5504, 0x55FC, 0x7C00, 0x5512, 0x55D4, 0x7D18, 0x0110, 0x1D52, 0xE192, 0x410E}},
  {40115, {0x20FC, 0x2084, 0x7C84, 0x44FC, 0x8884, 0x7C84, 0x54FC, 0x5400, 0x7DFE, 0x5502, 0x5502, 0x7DFE, 0x0102, 0x1D02, 0xE1FE, 0x4102}},
  {40116, {0x2000, 0x21FC, 0x7D04, 0x4524, 0x8924, 0x7DFC, 0x5524, 0x5524, 0x7D74, 0x5554, 0x5554, 0x7D74, 0x0104, 0x1D04, 0xE1FC, 0x4104}},
  {40117, {0x2000, 0x2040, 0x7D9C, 0x4504, 0x8904, 0x7DDC, 0x5504, 0x5504, 0x7DFC, 0x5450, 0x5450, 0x7C50, 0x0090, 0x1C92, 0xE112, 0x420E}},
  {40118, {0x4020, 0x4020, 0x7850, 0x8888, 0x1144, 0xFA22, 0xA9F8, 0xA808, 0xF850, 0xA820, 0xA8A4, 0xFA82, 0x028A, 0x1A8A, 0xE478, 0x4000}},
  {40119, {0x2000, 0x21FC, 0x7D24, 0x4524, 0x8974, 0x7D24, 0x55FC, 0x5504, 0x7D74, 0x5554, 0x5554, 0x7D74, 0x0104, 0x1E04, 0xE214, 0x4408}},
  {40120, {0x2040, 0x2020, 0x7DFE, 0x4400, 0x8800, 0x7CF8, 0x5488, 0x5488, 0x7C88, 0x54F8, 0x5420, 0x7CA8, 0x0124, 0x1E22, 0xE0A0, 0x4040}},
  {40122, {0x2000, 0x21FC, 0x7C04, 0x4434, 0x89C4, 0x7C44, 0x5444, 0x55F4, 0x7D54, 0x5554, 0x55F4, 0x7C44, 0x0054, 0x1C76, 0xE196, 0x4002}},
  {40123, {0x2092, 0x2092, 0x7D24, 0x4648, 0x8924, 0x7C92, 0x5492, 0x5400, 0x7DFE, 0x5522, 0x5522, 0x7DFE, 0x0122, 0x1D22, 0xE1FE, 0x4102}},
  {40124, {0x2020, 0x21FC, 0x7C20, 0x4488, 0x8BFE, 0x7C88, 0x5400, 0x55FC, 0x7D04, 0x5524, 0x5524, 0x7D24, 0x0124, 0x1C50, 0xE088, 0x4304}},
  {40125, {0x4048, 0x4148, 0x7948, 0x8BFE, 0x1148, 0xF948, 0xA978, 0xA900, 0xF9FE, 0xA820, 0xABFE, 0xF870, 0x00A8, 0x1924, 0xE622, 0x4020}},
  {40131, {0x2000, 0x21FC, 0x7D24, 0x4524, 0x89FC, 0x7D24, 0x5524, 0x55FC, 0x7C20, 0x5410, 0x5454, 0x7D42, 0x0142, 0x1D4A, 0xE238, 0x4000}},
  {40132, {0x2000, 0x21DC, 0x7D54, 0x4554, 0x89DC, 0x7C00, 0x55FC, 0x5400, 0x7DFE, 0x5480, 0x54FC, 0x7C04, 0x0004, 0x1C04, 0xE028, 0x4010}},
  {40133, {0x4008, 0x40C8, 0x7B08, 0x8908, 0x112A, 0xF92A, 0xABAC, 0xA948, 0xF908, 0xAB88, 0xAD54, 0xF914, 0x0114, 0x1924, 0xE124, 0x4142}},
  {40134, {0x2040, 0x2040, 0x7CFE, 0x4480, 0x89FC, 0x7E84, 0x54FC, 0x5484, 0x7CFC, 0x5440, 0x547C, 0x7CC4, 0x0128, 0x1C10, 0xE068, 0x4186}},
  {40135, {0x2020, 0x2040, 0x7DFC, 0x4504, 0x89FC, 0x7D04, 0x55FC, 0x5400, 0x7FFE, 0x5420, 0x5420, 0x7DFC, 0x0020, 0x1C20, 0xE3FE, 0x4000}},
  {40138, {0x2020, 0x2010, 0x7DFE, 0x4502, 0x8902, 0x7DFE, 0x5500, 0x5500, 0x7DFE, 0x55AA, 0x56AA, 0x7CFE, 0x00AA, 0x1CAA, 0xE0AA, 0x4086}},
  {40139, {0x2000, 0x21FC, 0x7CA4, 0x4488, 0x8850, 0x7C20, 0x54D8, 0x5726, 0x7C20, 0x55FC, 0x5524, 0x7D24, 0x01FC, 0x1C22, 0xE3FE, 0x4002}},
  {40140, {0x0820, 0x7E20, 0x087E, 0xFEC4, 0x1028, 0x1E10, 0x2228, 0x4FC6, 0x9040, 0x3FF0, 0x5110, 0x1FF0, 0x1110, 0x1FF0, 0x0000, 0xFFFE}},
  {40141, {0x2040, 0x2044, 0x7DF8, 0x4450, 0x8BFE, 0x7C40, 0x54F8, 0x5582, 0x7E7E, 0x5400, 0x55FC, 0x7D04, 0x01FC, 0x1D04, 0xE1FC, 0x4104}},
  {40142, {0x2000, 0x20FC, 0x7C84, 0x44FC, 0x8884, 0x7CFC, 0x5400, 0x5400, 0x7DDC, 0x5444, 0x5554, 0x7CCC, 0x0154, 0x1C44, 0xE154, 0x4088}},
  {40143, {0x2000, 0x21FC, 0x7D54, 0x4554, 0x8954, 0x7DFC, 0x5420, 0x54A8, 0x7CA4, 0x5524, 0x5420, 0x7CA8, 0x00A4, 0x1D24, 0xE020, 0x4020}},
  {40144, {0x2004, 0x201E, 0x7DE0, 0x4402, 0x8922, 0x7C94, 0x54FE, 0x5510, 0x7C10, 0x55FE, 0x5410, 0x7C92, 0x0092, 0x1C92, 0xE0FE, 0x4002}},
  {40147, {0x4148, 0x4148, 0x7BE8, 0x8948, 0x11DE, 0xF88A, 0xABEA, 0xAAAA, 0xFAAA, 0xABEA, 0xA88A, 0xFBEA, 0x0092, 0x1892, 0xE0AA, 0x40C4}},
  {40148, {0x2000, 0x23FE, 0x7C50, 0x45FC, 0x8954, 0x7D54, 0x55FC, 0x5400, 0x7DFC, 0x5400, 0x57FE, 0x7C20, 0x00A8, 0x1D24, 0xE2A2, 0x4040}},
  {40149, {0x2000, 0x21FC, 0x7C20, 0x47FE, 0x8A22, 0x7DAC, 0x5420, 0x55AC, 0x7C00, 0x55FC, 0x5404, 0x7DFC, 0x0004, 0x1C04, 0xE1FC, 0x4004}},
  {40150, {0x4920, 0x2A3E, 0x7F48, 0x4948, 0x5DA8, 0x6B10, 0x4928, 0x4FC6, 0x1040, 0x3FF0, 0x5110, 0x1FF0, 0x1110, 0x1FF0, 0x0000, 0xFFFE}},
  {40151, {0x4000, 0x41F8, 0x7908, 0x89F8, 0x1108, 0xF9F8, 0xA800, 0xABFC, 0xFA94, 0xABFC, 0xA800, 0xF9F8, 0x0090, 0x1860, 0xE198, 0x4606}},
  {40152, {0x2020, 0x3F20, 0x407E, 0xBEA8, 0x2A28, 0xFF10, 0x4A28, 0x7FC6, 0x1040, 0x3FF0, 0x5110, 0x1FF0, 0x1110, 0x1FF0, 0x0000, 0xFFFE}},
  {40153, {0x2010, 0x21FE, 0x7D10, 0x457C, 0x8914, 0x7DFE, 0x5514, 0x557C, 0x7D10, 0x557C, 0x5554, 0x7D7C, 0x0154, 0x1E7C, 0xE254, 0x444C}},
  {40156, {0x4000, 0x43FE, 0x7A00, 0x8B14, 0x12A4, 0xFBF6, 0xAA4A, 0xAA42, 0xFB50, 0xAB54, 0xABF4, 0xFA44, 0x024A, 0x1A8A, 0xE492, 0x4920}},
  {40157, {0x4088, 0x4050, 0x7BFE, 0x8820, 0x11FC, 0xF820, 0xABFE, 0xA924, 0xF8A8, 0xABFE, 0xA800, 0xF9FC, 0x0104, 0x1904, 0xE1FC, 0x4104}},
  {40158, {0x4020, 0x4124, 0x78A8, 0x8BFE, 0x10A8, 0xF924, 0xAA22, 0xA904, 0xF904, 0xA9DE, 0xAA44, 0xFD54, 0x009E, 0x1904, 0xE204, 0x4404}},
  {40159, {0x2088, 0x2050, 0x7DFE, 0x4450, 0x89FC, 0x7D54, 0x559C, 0x5504, 0x7DFC, 0x5504, 0x55FC, 0x7C08, 0x01FE, 0x1C88, 0xE048, 0x4018}},
  {40162, {0x2050, 0x21FC, 0x7D54, 0x45FC, 0x8954, 0x7DFC, 0x5400, 0x55FC, 0x7C00, 0x55FC, 0x5504, 0x7DFC, 0x0088, 0x1C50, 0xE3FE, 0x4000}},
  {40479, {0x0100, 0x0200, 0x1FF0, 0x1010, 0x1210, 0x1110, 0x1150, 0x1020, 0x1000, 0x1FFC, 0x0004, 0x0004, 0x7FE4, 0x0004, 0x0028, 0x0010}},
  {40480, {0x2020, 0x2040, 0x20FC, 0x2084, 0xFCA4, 0x2484, 0x2494, 0x2488, 0x2480, 0x24FE, 0x2502, 0x2602, 0x45FA, 0x4002, 0x8014, 0x0008}},
  {40481, {0x0020, 0x0040, 0x00FC, 0xFC84, 0x04A4, 0x0484, 0x4894, 0x2888, 0x1080, 0x10FE, 0x2802, 0x2402, 0x45FA, 0x8002, 0x0014, 0x0008}},
  {40482, {0x0420, 0x0410, 0x023E, 0xFFC0, 0x0080, 0x0042, 0x0232, 0x1FEE, 0x1420, 0x1260, 0x1000, 0x1FF8, 0x0008, 0x7F88, 0x0028, 0x0010}},
  {40483, {0x0020, 0x0040, 0x79FC, 0x4904, 0x4944, 0x4924, 0x4924, 0x490C, 0x4900, 0x49FE, 0x7802, 0x4802, 0x03FA, 0x0002, 0x0014, 0x0008}},
  {40485, {0x0020, 0x7E40, 0x40FC, 0x4484, 0x64A4, 0x5484, 0x4894, 0x4888, 0x5480, 0x54FE, 0x6402, 0x4002, 0x41FA, 0x7E02, 0x0014, 0x0008}},
  {40486, {0x0020, 0x7E40, 0x04FC, 0x2484, 0x24A4, 0x2484, 0x4494, 0x7F88, 0x0C80, 0x14FE, 0x1402, 0x2402, 0x45FA, 0x8402, 0x1414, 0x0808}},
  {40488, {0x4020, 0x4840, 0x50FC, 0x6084, 0x44A4, 0x4484, 0x3C94, 0x1088, 0x1080, 0x10FE, 0xFE02, 0x1002, 0x11FA, 0x1002, 0x1014, 0x1008}},
  {40489, {0x0810, 0x0820, 0x087C, 0x7F44, 0x4964, 0x0854, 0x0844, 0x144C, 0x1440, 0x147E, 0x1402, 0x2502, 0x267A, 0x4402, 0x800A, 0x0004}},
  {40490, {0x1020, 0x1040, 0x10FC, 0x1084, 0xFEA4, 0x1084, 0x1094, 0x1088, 0x7C80, 0x44FE, 0x4402, 0x4402, 0x45FA, 0x7C02, 0x4414, 0x0008}},
  {40491, {0x1010, 0x1020, 0x107C, 0xFF44, 0x2064, 0x2854, 0x4844, 0x484C, 0x7E40, 0x087E, 0x2C02, 0x2A02, 0x497A, 0x8902, 0x280A, 0x1004}},
  {40492, {0x1020, 0x1040, 0x1EFC, 0x1084, 0x10A4, 0x7C84, 0x4494, 0x4488, 0x4480, 0x7CFE, 0x4402, 0x4002, 0x41FA, 0x4002, 0x8014, 0x0008}},
  {40493, {0x0020, 0xFE40, 0x92FC, 0x9284, 0x92A4, 0xFE84, 0x9294, 0x9288, 0x9280, 0xFEFE, 0x9202, 0x1002, 0x11FA, 0x1002, 0x1014, 0x1008}},
  {40495, {0x0100, 0x1FF0, 0x1110, 0x1110, 0xFFFE, 0x0280, 0x1C70, 0xE20E, 0x0400, 0x1FE0, 0x1220, 0x1160, 0x1FFC, 0x0004, 0x7FD4, 0x0008}},
  {40497, {0x0110, 0x07A0, 0x7C7C, 0x4444, 0x4464, 0x4454, 0x4444, 0x7F4C, 0x4440, 0x447E, 0x4402, 0x4202, 0x42FA, 0x5282, 0x698A, 0x4484}},
  {40498, {0x2020, 0x2040, 0x40FC, 0x7E84, 0x82A4, 0x0284, 0x7A94, 0x4A88, 0x4A80, 0x4AFE, 0x7A02, 0x4A02, 0x03FA, 0x0202, 0x1414, 0x0808}},
  {40499, {0x1000, 0x3EF8, 0x4288, 0xA2AA, 0x1492, 0x187E, 0xE200, 0x1FE0, 0x1420, 0x1260, 0x1000, 0x1FF8, 0x0008, 0x7F88, 0x0028, 0x0010}},
  {40501, {0x1020, 0x2010, 0x7C10, 0x44FE, 0x5482, 0x4504, 0x5440, 0x4848, 0x4050, 0x7E60, 0x0240, 0x0242, 0xFA42, 0x0242, 0x143E, 0x0800}},
  {40502, {0x1020, 0x2448, 0x78F0, 0x1020, 0x7EFC, 0x0000, 0xFFFE, 0x0200, 0x0400, 0x1FE0, 0x1220, 0x1160, 0x1FFC, 0x0004, 0x7FD4, 0x0008}},
  {40503, {0x1080, 0x1080, 0xFBF0, 0x1090, 0x1990, 0xF094, 0x1154, 0x520C, 0x2404, 0x1FE0, 0x1220, 0x1160, 0x1FFC, 0x0004, 0x7FD4, 0x0008}},
  {40504, {0x0010, 0x7F20, 0x087C, 0x0844, 0x1064, 0x7F54, 0x5544, 0x554C, 0x5540, 0x557E, 0x5502, 0x5502, 0x557A, 0x5102, 0x450A, 0x4204}},
  {40505, {0x0420, 0x0E40, 0x38FC, 0x0884, 0x08A4, 0xFF84, 0x0894, 0x0888, 0x3E80, 0x22FE, 0x2202, 0x2202, 0x23FA, 0x3E02, 0x2214, 0x0008}},
  {40506, {0x1208, 0x1210, 0x123E, 0x2222, 0x2FB2, 0x622A, 0xA622, 0x2726, 0x2AA0, 0x2ABE, 0x3202, 0x2202, 0x227A, 0x2202, 0x220A, 0x2204}},
  {40509, {0x1020, 0x1040, 0x28FC, 0x2484, 0x42A4, 0x8084, 0x7C94, 0x0088, 0x0080, 0x7CFE, 0x4402, 0x4402, 0x45FA, 0x7C02, 0x4414, 0x0008}},
  {40510, {0x0200, 0x0100, 0xFFFE, 0x0440, 0x1450, 0x2448, 0x4204, 0x1FE0, 0x1420, 0x1260, 0x1000, 0x1FF8, 0x0008, 0x7F88, 0x0028, 0x0010}},
  {40511, {0x0010, 0x8020, 0x407C, 0x1F44, 0x8464, 0x4454, 0x4444, 0x044C, 0x2440, 0x447E, 0xC402, 0x4702, 0x5C7A, 0x4802, 0x400A, 0x0004}},
  {40513, {0x1020, 0x1040, 0xFEFC, 0x1084, 0x10A4, 0xFE84, 0x8294, 0x0488, 0x7880, 0x08FE, 0x1002, 0x1E02, 0xF1FA, 0x1002, 0x5014, 0x2008}},
  {40514, {0x0008, 0xFF90, 0x003E, 0x0022, 0xF7B2, 0x94AA, 0x94A2, 0x94A6, 0xD6A0, 0xB5BE, 0x9482, 0x9482, 0x94FA, 0x9482, 0x948A, 0xB584}},
  {40515, {0x0010, 0x3E20, 0x227C, 0x2244, 0x3E64, 0x0054, 0x7F44, 0x414C, 0x4140, 0x7F7E, 0x4102, 0x4102, 0x7F7A, 0x4102, 0x450A, 0x4204}},
  {40516, {0x0810, 0x4820, 0x487C, 0x7F44, 0x8864, 0x0854, 0x0844, 0xFF4C, 0x0040, 0x007E, 0x7E02, 0x4202, 0x427A, 0x4202, 0x7E0A, 0x4204}},
  {40517, {0x0410, 0x3620, 0xE57C, 0x2544, 0x2464, 0xFFD4, 0x2444, 0x254C, 0x2540, 0x367E, 0xE602, 0x2402, 0x2AFA, 0x3282, 0xA18A, 0x4084}},
  {40518, {0x2820, 0x2440, 0x42FC, 0x9284, 0x10A4, 0x2884, 0x4494, 0x8288, 0x7C80, 0x44FE, 0x4402, 0x4402, 0x45FA, 0x7C02, 0x4414, 0x0008}},
  {40519, {0x4010, 0x2F20, 0x017C, 0x4944, 0x4964, 0x4954, 0x7F44, 0x494C, 0x5D40, 0x6B7E, 0x4902, 0x4902, 0x497A, 0x4102, 0x450A, 0x4204}},
  {40520, {0x4420, 0x2440, 0x28FC, 0xFC84, 0x14A4, 0x1484, 0xFC94, 0x9088, 0x9080, 0xFEFE, 0x3202, 0x3202, 0x53FA, 0x9602, 0x1014, 0x1008}},
  {40521, {0x0410, 0x0620, 0x757C, 0x0544, 0x0464, 0xFF54, 0x0444, 0x144C, 0x1440, 0x5C7E, 0x5402, 0x5402, 0x557A, 0x5D02, 0xE30A, 0x4104}},
  {40522, {0x2410, 0x2420, 0x247C, 0xFF44, 0x2464, 0x2454, 0xFFC4, 0x004C, 0x7E40, 0x427E, 0x4202, 0x7E02, 0x427A, 0x4202, 0x7E0A, 0x4204}},
  {40523, {0x2208, 0x2210, 0xFFBE, 0x2222, 0x2232, 0x002A, 0x7F22, 0x4926, 0x4920, 0x493E, 0x7F02, 0x4902, 0x497A, 0x4902, 0x7F0A, 0x4104}},
  {40524, {0x0808, 0x0810, 0xFFBE, 0x1422, 0x2232, 0x492A, 0x88A2, 0x7F26, 0x4920, 0x7F3E, 0x4902, 0x7F02, 0x087A, 0x0A02, 0x0C0A, 0x0804}},
  {40526, {0x1010, 0x2020, 0x7F7C, 0x4944, 0x4964, 0x7F54, 0x4944, 0x514C, 0x7F40, 0x247E, 0x4402, 0xFF82, 0x047A, 0x0402, 0x040A, 0x0404}},
  {40527, {0x0010, 0x7720, 0x557C, 0x5544, 0x5564, 0x7754, 0x5544, 0x554C, 0x5540, 0x777E, 0x5502, 0x5502, 0x557A, 0xB502, 0x890A, 0x1304}},
  {40529, {0x1010, 0x0820, 0xFF7C, 0x0044, 0x7E64, 0x4254, 0x7E44, 0x004C, 0x7E40, 0x047E, 0x0802, 0x0F02, 0xF87A, 0x0802, 0x280A, 0x1004}},
  {40533, {0x2008, 0x2790, 0x24BE, 0xFCA2, 0x24B2, 0x27AA, 0x24A2, 0x74A6, 0x54A0, 0x57BE, 0x5482, 0x5482, 0x74FA, 0x0882, 0x0A8A, 0x1104}},
  {40535, {0x0010, 0x7720, 0x557C, 0x5544, 0x7764, 0x0054, 0x7F44, 0x004C, 0xFFC0, 0x207E, 0x3F02, 0x0102, 0x017A, 0x0102, 0x0A0A, 0x0404}},
  {40536, {0x0020, 0x7C40, 0x44FC, 0x7484, 0x54A4, 0xFE94, 0x8294, 0x7C8C, 0x4480, 0x7CFE, 0x4402, 0x7C02, 0x45FA, 0x4402, 0x5414, 0x4808}},
  {40538, {0x2108, 0x1110, 0x123E, 0xFFE2, 0x2132, 0x212A, 0x4222, 0x52A6, 0x94A0, 0xE73E, 0x2102, 0x4202, 0x427A, 0x9482, 0xF78A, 0x1084}},
  {40539, {0x0010, 0x7F20, 0x497C, 0x4944, 0x7F64, 0x4054, 0x5F44, 0x514C, 0x5140, 0x5F7E, 0x5102, 0x5F02, 0x517A, 0x5102, 0x9F0A, 0x1104}},
  {40540, {0x0020, 0x7E20, 0x247E, 0x18A4, 0xFF28, 0x2910, 0x4A28, 0x9AC6, 0x0400, 0x1FE0, 0x1220, 0x1160, 0x1FFC, 0x0004, 0x7FD4, 0x0008}},
  {40542, {0x0E20, 0xF040, 0x22FC, 0x9284, 0x44A4, 0x2084, 0x3C94, 0x5088, 0x1080, 0xFEFE, 0x1002, 0x5402, 0x55FA, 0x5C02, 0x6414, 0x0008}},
  {40547, {0x2210, 0x1420, 0x007C, 0x7FC4, 0x1464, 0x7F54, 0x1544, 0xFFCC, 0x1540, 0x7F7E, 0x1402, 0x3602, 0x557A, 0x9482, 0x140A, 0x1404}},
  {40548, {0x0810, 0x0820, 0x7F7C, 0x5544, 0x1264, 0x3F54, 0x6444, 0xA44C, 0x3F40, 0x247E, 0x2402, 0x3F02, 0x247A, 0x2402, 0x3F0A, 0x2004}},
  {40550, {0x0010, 0x7720, 0x557C, 0x5544, 0x5564, 0x5554, 0x2244, 0x554C, 0x0840, 0xFF7E, 0x1202, 0x2202, 0x347A, 0x0C02, 0x320A, 0xC104}},
  {40551, {0x1010, 0x0820, 0x7F7C, 0x4044, 0x5264, 0x5254, 0x7F44, 0x524C, 0x5240, 0x5E7E, 0x4002, 0x5502, 0x557A, 0x5502, 0x800A, 0x0004}},
  {40552, {0x0010, 0x7720, 0x117C, 0x5544, 0x3364, 0x5554, 0x0C44, 0x334C, 0xC4C0, 0x187E, 0x6202, 0x0C82, 0x717A, 0x0602, 0x180A, 0xE004}},
  {40553, {0x0810, 0x0820, 0x7F7C, 0x0844, 0x5564, 0x2254, 0x4144, 0xBECC, 0x2240, 0x3E7E, 0x2202, 0x3E02, 0x087A, 0x2A02, 0x490A, 0x1804}},
  {40554, {0x2820, 0x2440, 0x7EFC, 0xC884, 0x48A4, 0x7E84, 0x4894, 0x4888, 0x7E80, 0x48FE, 0x4802, 0x7E02, 0x41FA, 0xAA02, 0xAA14, 0x0008}},
  {40555, {0x0828, 0x7F24, 0x00FE, 0x3E20, 0x2250, 0x3E50, 0x4952, 0x9A8E, 0x0400, 0x1FE0, 0x1220, 0x1160, 0x1FFC, 0x0004, 0x7FD4, 0x0008}},
  {40556, {0x7E10, 0x1420, 0x087C, 0xFF44, 0x2964, 0x4A54, 0xA844, 0x104C, 0x7F40, 0x557E, 0x6302, 0x5D02, 0x557A, 0x5D02, 0x410A, 0x4304}},
  {40557, {0x0040, 0x3EFC, 0x2348, 0x3E30, 0x09CE, 0x2E78, 0x2848, 0x7E78, 0x0400, 0x1FE0, 0x1220, 0x1160, 0x1FFC, 0x0004, 0x7FD4, 0x0008}},
  {40560, {0x0080, 0x3FFE, 0x2250, 0x24FC, 0x2D90, 0x36FC, 0x2490, 0x24FC, 0x2100, 0x27F0, 0x2490, 0x2420, 0x47FC, 0x4004, 0x9FD4, 0x0008}},
  {40561, {0x1044, 0x21FE, 0x7C54, 0x4448, 0x64FE, 0x5590, 0x44FE, 0x4C90, 0x40FE, 0x7C90, 0x04FE, 0x0480, 0xF5FE, 0x0444, 0x1438, 0x09C6}},
  {40563, {0x2208, 0xFF90, 0x223E, 0xF7A2, 0x94B2, 0xF7AA, 0x2822, 0x2426, 0x7FA0, 0x483E, 0xFF02, 0x4802, 0x7F7A, 0x4802, 0x7F8A, 0x4004}},
  {40574, {0x2084, 0x2044, 0x3C48, 0x21FE, 0x2020, 0xFCFC, 0x8420, 0x95FE, 0xD440, 0xA480, 0xD4FE, 0x9510, 0x8610, 0xFC10, 0x85FE, 0x0000}},
  {40575, {0x0100, 0x0080, 0x3FFE, 0x2220, 0x2220, 0x3FFC, 0x2224, 0x2224, 0x3FFC, 0x2840, 0x2844, 0x2F58, 0x4860, 0x4844, 0x8B44, 0x0C3C}},
  {40578, {0x0100, 0x0080, 0x3FFE, 0x2220, 0x3FFC, 0x2224, 0x3FFC, 0x2840, 0x2F78, 0x2842, 0x2F3E, 0x2000, 0x23F0, 0x4210, 0x4412, 0x980E}},
  {40583, {0x0080, 0x3FFE, 0x2220, 0x3FFC, 0x2224, 0x3FFC, 0x2420, 0x27BC, 0x2422, 0x279E, 0x2008, 0x23F0, 0x2040, 0x4FFE, 0x4150, 0x8E4E}},
  {40584, {0x0080, 0x3FFE, 0x2220, 0x3FFC, 0x2224, 0x3FFC, 0x2420, 0x27BC, 0x2422, 0x279E, 0x2080, 0x2FFE, 0x2040, 0x47FC, 0x4040, 0x9FFE}},
  {40587, {0x0080, 0x3FFE, 0x2220, 0x3FFC, 0x2224, 0x3FFC, 0x2420, 0x27BC, 0x2422, 0x279E, 0x2248, 0x2150, 0x2FFE, 0x4150, 0x4248, 0x8C46}},
  {40594, {0x0844, 0x7F44, 0x55FE, 0x5444, 0x7F44, 0x557C, 0x5544, 0x7F44, 0x547C, 0x5444, 0x5E44, 0x55FE, 0x5400, 0x5C28, 0x5644, 0x8082}},
  {40595, {0x0820, 0x0820, 0x7EFC, 0x1C70, 0x2AA8, 0xC926, 0x08A0, 0x3FFC, 0x2240, 0x3FF8, 0x2248, 0x3FF8, 0x2844, 0x2F78, 0x4842, 0x8F3E}},
  {40605, {0x0080, 0x3FFE, 0x2220, 0x3FFC, 0x2224, 0x3FFC, 0x2420, 0x27BC, 0x2422, 0x2F9E, 0x2908, 0x2F7E, 0x2948, 0x5F28, 0x4508, 0x9B18}},
  {40607, {0x0810, 0x7F54, 0x5438, 0x54FE, 0x7F10, 0x5538, 0x5556, 0x7F90, 0x5484, 0x54EE, 0x5EA4, 0x54B4, 0x555E, 0x5C44, 0x5684, 0x8104}},
  {40614, {0x0100, 0x0100, 0x7FFC, 0x0100, 0x0100, 0x3FF8, 0x0100, 0x0100, 0xFFFE, 0x0800, 0x1FF0, 0x2820, 0x4440, 0x0380, 0x1C70, 0xE00E}},
  {40628, {0x1080, 0x1080, 0xFEFE, 0x5502, 0x5622, 0xBAAA, 0x1072, 0x3822, 0x55FE, 0xA222, 0x3C72, 0x44AA, 0xA922, 0x1022, 0x280A, 0xC004}},
  {40632, {0x1020, 0x1020, 0xFE20, 0x1020, 0x7DFC, 0x1020, 0xFE20, 0x2020, 0x3DFE, 0x4420, 0x4850, 0xA850, 0x1088, 0x2888, 0x4104, 0x8202}},
  {40635, {0x0100, 0x0080, 0x3FFE, 0x2210, 0x2210, 0x2210, 0x3FBE, 0x2210, 0x2610, 0x2738, 0x2AB4, 0x2A54, 0x5292, 0x4210, 0x8210, 0x0210}},
  {40637, {0x0100, 0x0080, 0x3FFE, 0x2210, 0x2210, 0x2FBC, 0x2318, 0x26B4, 0x2A52, 0x2100, 0x2240, 0x2480, 0x4910, 0x4208, 0x87FC, 0x0004}},
  {40638, {0x0100, 0x0080, 0x3FFE, 0x2210, 0x2F7C, 0x2638, 0x2B54, 0x3292, 0x2078, 0x2F80, 0x20F8, 0x2F80, 0x20FC, 0x5F82, 0x4082, 0x807E}},
  {40644, {0x0440, 0x3FF8, 0x0440, 0x0440, 0xFFFE, 0x0100, 0x1FF0, 0x1110, 0x1110, 0x1FF0, 0x1110, 0x1110, 0x1FF0, 0x0820, 0x1010, 0x2008}},
  {40649, {0x1108, 0x0890, 0x7FFE, 0x4442, 0x9FF4, 0x0440, 0x7FFC, 0x0100, 0x1FF0, 0x1110, 0x1FF0, 0x1110, 0x1FF0, 0x0440, 0x0820, 0x1010}},
  {40653, {0x00F8, 0x3F00, 0x0100, 0x7FFC, 0x0920, 0x1110, 0x2288, 0xC444, 0x0920, 0x3118, 0xCB26, 0x05C0, 0x1930, 0x6108, 0x0500, 0x0200}},
  {40654, {0x0640, 0x387C, 0x0894, 0x7E24, 0x1C44, 0x2A94, 0x4908, 0x0280, 0x0C60, 0x3118, 0xC926, 0x0540, 0x0920, 0x1110, 0x2508, 0x0200}},
  {40655, {0x0C20, 0x7020, 0x1020, 0xFE20, 0x383E, 0x5420, 0x9020, 0x2820, 0x55FC, 0x9104, 0x5504, 0x3904, 0x5504, 0x9304, 0x51FC, 0x2104}},
  {40657, {0x0000, 0x3FF8, 0x2108, 0x2928, 0x2548, 0x3FF8, 0x0100, 0x0100, 0x3FF8, 0x0100, 0x0100, 0xFFFE, 0x0000, 0x4888, 0x4444, 0x8444}},
  {40660, {0x0020, 0xFE20, 0x9220, 0xD650, 0xBA50, 0x9288, 0xFF44, 0x1222, 0xFE20, 0x10F8, 0x1E08, 0xE008, 0x0210, 0xAA10, 0xA820, 0x8020}},
  {40664, {0x0020, 0xFE28, 0x9224, 0xD624, 0xBA20, 0x93FE, 0xFE20, 0x1020, 0xFE20, 0x1050, 0x1E50, 0xE050, 0x0288, 0xAA88, 0xA904, 0x8202}},
  {40667, {0x0890, 0x1088, 0x307E, 0xD7C0, 0x1022, 0x101A, 0x0006, 0x3FF8, 0x2928, 0x2548, 0x3FF8, 0x0100, 0x7FFC, 0x0100, 0xFFFE, 0x4444}},
  {40668, {0x0010, 0xFE10, 0x9292, 0xD692, 0xBA92, 0x9292, 0xFEFE, 0x1010, 0xFE10, 0x1092, 0x1E92, 0xE092, 0x0292, 0xAA92, 0xA8FE, 0x8002}},
  {40669, {0x0010, 0xFE50, 0x9250, 0xD690, 0xBAFC, 0x9354, 0xFFD4, 0x1094, 0xFE94, 0x1114, 0x1F54, 0xE1D4, 0x0254, 0xAA24, 0xA834, 0x8048}},
  {40671, {0x0020, 0xFE20, 0x927C, 0xD684, 0xBB48, 0x9230, 0xFE20, 0x1048, 0xFE90, 0x103E, 0x1E42, 0xE0A4, 0x0218, 0xAA10, 0xA820, 0x80C0}},
  {40672, {0x0020, 0xFE20, 0x9220, 0xD7FE, 0xBA20, 0x9220, 0xFEFC, 0x1000, 0xFE00, 0x10FC, 0x1E84, 0xE084, 0x0284, 0xAA84, 0xA8FC, 0x8084}},
  {40674, {0x0010, 0xFE10, 0x9220, 0xD644, 0xBAFE, 0x9228, 0xFE44, 0x10A2, 0xFE3C, 0x1044, 0x1E44, 0xE0A8, 0x0210, 0xAA28, 0xA844, 0x8082}},
  {40677, {0x0020, 0xFE10, 0x92FE, 0xD600, 0xBA00, 0x927C, 0xFE44, 0x1044, 0xFE7C, 0x1010, 0x1E54, 0xE052, 0x0292, 0xAA10, 0xA850, 0x8020}},
  {40679, {0x0640, 0x387C, 0x0894, 0x7E24, 0x1C44, 0x2A94, 0x4808, 0x3FF8, 0x2928, 0x2548, 0x3FF8, 0x0100, 0x7FFC, 0x0100, 0xFFFE, 0x4444}},
  {40681, {0x0010, 0xFE10, 0x92FC, 0xD610, 0xBA10, 0x93FE, 0xFE02, 0x1054, 0xFE30, 0x1090, 0x1E50, 0xE1FE, 0x0228, 0xAA44, 0xA882, 0x8102}},
  {40682, {0x0020, 0xFE28, 0x9244, 0xD6FE, 0xBA20, 0x93FE, 0xFE88, 0x1114, 0xFE22, 0x1048, 0x1E10, 0xE022, 0x02C4, 0xAA18, 0xA860, 0x8180}},
  {40687, {0x0020, 0xFE10, 0x92FE, 0xD600, 0xBA44, 0x9228, 0xFEFE, 0x1000, 0xFE7C, 0x1044, 0x1E44, 0xE07C, 0x0244, 0xAA44, 0xA87C, 0x8044}},
  {40697, {0x0440, 0x2448, 0x1450, 0x0440, 0xFFFE, 0x0100, 0x1110, 0x0920, 0x3FF8, 0x2108, 0x2548, 0x2528, 0x2928, 0x2108, 0x2128, 0x2110}},
  {40699, {0x1428, 0x5524, 0x3624, 0x1420, 0xFF7E, 0x4920, 0x2A20, 0x7F3C, 0x4934, 0x4954, 0x5D54, 0x6B54, 0x4988, 0x4988, 0x4914, 0x4B22}},
  {40700, {0x1414, 0x5512, 0x367E, 0x1410, 0xFF10, 0x497E, 0x2A52, 0x7F52, 0x497E, 0x4952, 0x5D52, 0x6B7E, 0x4952, 0x4952, 0x4952, 0x4B46}},
  {40702, {0x1FF0, 0x1010, 0x1010, 0x1FF0, 0x0100, 0x3FF8, 0x2108, 0x2108, 0x3FF8, 0x2108, 0x2108, 0x3FF8, 0x210A, 0x0102, 0x0102, 0x00FE}},
  {40715, {0x1FF0, 0x0000, 0xFFFE, 0x0844, 0x303C, 0xDFF0, 0x1010, 0x1FF0, 0x0100, 0x3FF8, 0x2108, 0x3FF8, 0x2108, 0x3FFA, 0x0102, 0x00FE}},
  {40717, {0x0000, 0x3EF8, 0x2288, 0x3FF8, 0x1110, 0x1FF0, 0x1110, 0xFFFE, 0x0100, 0x3FF8, 0x2108, 0x3FF8, 0x2108, 0x3FFA, 0x0102, 0x00FE}},
  {40718, {0x0FE0, 0x0820, 0x0FE0, 0x4824, 0x4FE4, 0x4824, 0x4FE4, 0x4004, 0x7C7C, 0x0440, 0x0440, 0xFC7C, 0x2444, 0x2444, 0x4444, 0x8444}},
  {40720, {0x7FF8, 0x1008, 0x101E, 0x2FE2, 0x482A, 0x8FE4, 0x0820, 0x4FE4, 0x4824, 0x4FE4, 0x4004, 0x7C7C, 0x0440, 0xFC7C, 0x2444, 0x4444}},
  {40723, {0x0810, 0x0810, 0xFF10, 0x08FE, 0x0810, 0x7E10, 0x00FC, 0x7E44, 0x4244, 0x4244, 0x7E28, 0x4228, 0x2410, 0x0F28, 0xF044, 0x4082}},
  {40727, {0x2490, 0x14A0, 0x2494, 0x0884, 0x707C, 0x0810, 0xFF10, 0x08FE, 0x7E10, 0x00FC, 0x7E44, 0x4248, 0x7E28, 0x2410, 0x1E28, 0xE0C6}},
  {40729, {0x0810, 0xFF7E, 0x0810, 0x7F7C, 0x4144, 0x7F28, 0x2210, 0x1F28, 0xFFF6, 0x1110, 0x1FF0, 0x1210, 0x1FF0, 0x0440, 0x7FFC, 0x0040}},
  {40736, {0x0600, 0x38F8, 0x2008, 0x3EF8, 0x2008, 0x2008, 0x3FF8, 0x0000, 0x2948, 0x2528, 0x2108, 0x2948, 0x252A, 0x210A, 0x2D66, 0x3182}},
  {40738, {0x2008, 0xCE28, 0x8228, 0xEE28, 0x8244, 0x8244, 0xFE82, 0x017C, 0x9224, 0x9224, 0xDA24, 0x9224, 0xDA44, 0x9244, 0x9394, 0xD908}},
  {40748, {0x2010, 0xCE10, 0x8210, 0xEE10, 0x82FE, 0x8292, 0xFE92, 0x0092, 0x9292, 0x92FE, 0xDA92, 0x9292, 0xDA92, 0x9292, 0x93FE, 0xD982}},
  {40751, {0x2000, 0xCEFE, 0x8210, 0xEE10, 0x827C, 0x8224, 0xFE24, 0x00FE, 0x9200, 0x9200, 0xDA7C, 0x9244, 0xDA44, 0x9244, 0x937C, 0xD944}},
  {40759, {0x200E, 0xCEF0, 0x8222, 0xEE92, 0x8244, 0x8220, 0xFE44, 0x00F8, 0x9210, 0x9224, 0xDAFE, 0x9210, 0xDAFE, 0x9228, 0x9344, 0xD982}},
  {40761, {0x2000, 0xCE7C, 0x8244, 0xEE7C, 0x8244, 0x827C, 0xFE10, 0x00FE, 0x9282, 0x9210, 0xDAFE, 0x9224, 0xDA68, 0x9210, 0x9328, 0xD944}},
  {40763, {0x0200, 0x1FF0, 0x1010, 0x1FF0, 0x1010, 0x1FF0, 0x0000, 0x3FF8, 0x2108, 0x3FF8, 0x2108, 0x3FF8, 0x0000, 0xFFFE, 0x0820, 0x1020}},
  {40765, {0x1020, 0x3E20, 0x2220, 0x3E20, 0x22F8, 0x3E28, 0x0028, 0x7F28, 0x4928, 0x7F28, 0x4928, 0x7F2A, 0x002A, 0xFFCA, 0x2246, 0x4280}},
  {40766, {0x1000, 0x3E00, 0x227C, 0x3E10, 0x2210, 0x3E10, 0x0010, 0x7F10, 0x49FE, 0x7F10, 0x4910, 0x7F10, 0x0010, 0xFF90, 0x2210, 0x4210}},
  {40772, {0x1010, 0x3E10, 0x22FE, 0x3E38, 0x2254, 0x3E92, 0x0000, 0x7F7C, 0x4944, 0x7F7C, 0x4944, 0x7F7C, 0x0044, 0xFF80, 0x22FE, 0x4200}},
  {40784, {0x0200, 0x0100, 0x7FFC, 0x0820, 0x0440, 0x0380, 0x0C60, 0x3018, 0xC826, 0x0820, 0x0820, 0x0820, 0x0820, 0x1020, 0x1020, 0x2020}},
  {40785, {0x0200, 0x0100, 0x7FFC, 0x0820, 0x0440, 0x0380, 0x1C70, 0xE28E, 0x2EE8, 0x2288, 0x2EE8, 0x2288, 0x2EE8, 0x2288, 0x5FF8, 0x8008}},
  {40831, {0x0100, 0x0100, 0x11F8, 0x1100, 0x1100, 0x1100, 0xFFFE, 0x0000, 0x2108, 0x2108, 0x2288, 0x2448, 0x2828, 0x2008, 0x3FF8, 0x0008}},
  {40832, {0x0820, 0x0820, 0x2820, 0x2F22, 0x2822, 0x2824, 0xFF28, 0x0030, 0x4920, 0x4960, 0x55A0, 0x6322, 0x4122, 0x4722, 0x791E, 0x0100}},
  {40835, {0x0800, 0x087C, 0x2844, 0x2F44, 0x2844, 0x287C, 0xFF44, 0x0044, 0x4944, 0x497C, 0x5544, 0x6344, 0x4144, 0x4744, 0x79FE, 0x0100}},
  {40836, {0x1020, 0x1020, 0x5050, 0x5E50, 0x5088, 0x5124, 0xFE12, 0x0010, 0x93FC, 0x9204, 0xAA08, 0xC688, 0x8250, 0x8E20, 0xF210, 0x0210}},
  {40837, {0x1040, 0x1040, 0x507C, 0x5E84, 0x5084, 0x51F4, 0xFE94, 0x0094, 0x9294, 0x92F4, 0xAA84, 0xC6A8, 0x8292, 0x8E82, 0xF27E, 0x0200}},
  {40838, {0x0800, 0x08FE, 0x2822, 0x2F22, 0x2822, 0x2822, 0xFF4A, 0x0044, 0x4980, 0x497E, 0x5542, 0x6342, 0x4142, 0x4742, 0x797E, 0x0142}},
  {40839, {0x1008, 0x1028, 0x5028, 0x5E28, 0x50A8, 0x50AA, 0xFEBC, 0x00A8, 0x92A8, 0x92A8, 0xAAA8, 0xC6A8, 0x82AA, 0x8EBA, 0xF2EA, 0x0386}},
  {40840, {0x1000, 0x10FC, 0x5084, 0x5E84, 0x50FC, 0x5084, 0xFE84, 0x00FC, 0x92A2, 0x92A4, 0xAA98, 0xC690, 0x8288, 0x8EA4, 0xF2C2, 0x0280}},
  {40841, {0x1000, 0x11FC, 0x5020, 0x5E20, 0x50FC, 0x5044, 0xFE44, 0x01FE, 0x9200, 0x9200, 0xAAFC, 0xC684, 0x8284, 0x8E84, 0xF2FC, 0x0284}},
  {40842, {0x0800, 0x087C, 0x2844, 0x2F44, 0x2844, 0x2844, 0xFF7C, 0x0010, 0x4910, 0x4950, 0x555E, 0x6350, 0x4150, 0x4770, 0x799E, 0x0100}},
  {40843, {0x100E, 0x11F0, 0x5010, 0x5EFE, 0x5092, 0x5092, 0xFEFE, 0x0010, 0x92FE, 0x9292, 0xAA9A, 0xC696, 0x82FE, 0x8E82, 0xF28A, 0x0284}},
  {40844, {0x1000, 0x10FE, 0x5082, 0x5E82, 0x50FE, 0x5080, 0xFEFE, 0x0090, 0x92A4, 0x92FE, 0xAA92, 0xC690, 0x82FC, 0x8E90, 0xF310, 0x02FE}},
  {40857, {0x0420, 0x0410, 0x0410, 0x0400, 0xFFFE, 0x0480, 0x0488, 0x0488, 0x0490, 0x08A0, 0x08C0, 0x1082, 0x1182, 0x2282, 0x447E, 0x8000}},
  {40858, {0x0420, 0x0410, 0x7FFC, 0x0920, 0x09C4, 0x1704, 0x20FC, 0xC440, 0x0440, 0x3FF8, 0x0440, 0x0440, 0xFFFE, 0x0820, 0x1010, 0x2008}},
  {40859, {0x0100, 0x06C0, 0x1830, 0xEFEE, 0x0000, 0x1FF0, 0x1010, 0x1FF0, 0x0440, 0x0420, 0xFFFE, 0x0910, 0x1160, 0x2184, 0x4F04, 0x80FC}},
  {40863, {0x0400, 0x0400, 0x0FE0, 0x1020, 0x2040, 0x7FF8, 0xA108, 0x2108, 0x3FF8, 0x2108, 0x2108, 0x3FF8, 0x2108, 0x0102, 0x0102, 0x00FE}},
  {40864, {0x0100, 0x0280, 0x0C60, 0x3018, 0xDFF6, 0x0000, 0x3BB8, 0x2AA8, 0x3BB8, 0x0000, 0x3FF8, 0x2488, 0x3FF8, 0x2488, 0x24A8, 0x2010}},
  {65281, {0x0000, 0x0000, 0x0200, 0x0700, 0x0700, 0x0700, 0x0700, 0x0200, 0x0200, 0x0200, 0x0000, 0x0000, 0x0200, 0x0200, 0x0000, 0x0000}},
  {65283, {0x0000, 0x0000, 0x0000, 0x0220, 0x0220, 0x0220, 0x1FF8, 0x0440, 0x0440, 0x0440, 0x0440, 0x3FF0, 0x0880, 0x0880, 0x0880, 0x0880}},
  {65285, {0x0000, 0x0000, 0x0000, 0x0E04, 0x1108, 0x1110, 0x1120, 0x0E40, 0x0080, 0x0100, 0x0270, 0x0488, 0x0888, 0x1088, 0x2070, 0x0000}},
  {65286, {0x0000, 0x0000, 0x0000, 0x0E00, 0x1100, 0x1100, 0x1100, 0x0A00, 0x0438, 0x0A10, 0x1120, 0x20C0, 0x20C0, 0x1120, 0x0E18, 0x0000}},
  {65288, {0x0000, 0x0010, 0x0020, 0x0040, 0x0080, 0x0080, 0x0100, 0x0100, 0x0100, 0x0100, 0x0080, 0x0080, 0x0040, 0x0020, 0x0010, 0x0000}},
  {65289, {0x0000, 0x1000, 0x0800, 0x0400, 0x0200, 0x0200, 0x0100, 0x0100, 0x0100, 0x0100, 0x0200, 0x0200, 0x0400, 0x0800, 0x1000, 0x0000}},
  {65290, {0x0000, 0x0000, 0x0000, 0x0000, 0x0100, 0x1110, 0x0920, 0x0540, 0x0380, 0x0380, 0x0540, 0x0920, 0x1110, 0x0100, 0x0000, 0x0000}},
  {65291, {0x0000, 0x0000, 0x0000, 0x0100, 0x0100, 0x0100, 0x0100, 0x0100, 0x3FF8, 0x0100, 0x0100, 0x0100, 0x0100, 0x0100, 0x0000, 0x0000}},
  {65292, {0x0000, 0x0000, 0x0000, 0x0000, 0x0000, 0x0000, 0x0000, 0x0000, 0x0000, 0x0000, 0x0C00, 0x0C00, 0x0400, 0x0400, 0x0800, 0x0000}},
  {65293, {0x0000, 0x0000, 0x0000, 0x0000, 0x0000, 0x0000, 0x0000, 0x0000, 0x3FF8, 0x0000, 0x0000, 0x0000, 0x0000, 0x0000, 0x0000, 0x0000}},
  {65295, {0x0000, 0x0002, 0x0004, 0x0008, 0x0010, 0x0020, 0x0040, 0x0080, 0x0100, 0x0200, 0x0400, 0x0800, 0x1000, 0x2000, 0x4000, 0x0000}},
  {65306, {0x0000, 0x0000, 0x0000, 0x0000, 0x0000, 0x0600, 0x0600, 0x0000, 0x0000, 0x0000, 0x0600, 0x0600, 0x0000, 0x0000, 0x0000, 0x0000}},
  {65307, {0x0000, 0x0000, 0x0000, 0x0000, 0x0000, 0x0600, 0x0600, 0x0000, 0x0000, 0x0000, 0x0600, 0x0600, 0x0200, 0x0200, 0x0400, 0x0000}},
  {65309, {0x0000, 0x0000, 0x0000, 0x0000, 0x0000, 0x0000, 0x3FF8, 0x0000, 0x0000, 0x0000, 0x3FF8, 0x0000, 0x0000, 0x0000, 0x0000, 0x0000}},
  {65311, {0x0000, 0x0000, 0x07C0, 0x0820, 0x1010, 0x0010, 0x0020, 0x00C0, 0x0100, 0x0100, 0x0000, 0x0000, 0x0100, 0x0100, 0x0000, 0x0000}},
  {65312, {0x0000, 0x0000, 0x0000, 0x03C0, 0x0C30, 0x1008, 0x21C4, 0x2244, 0x2444, 0x2444, 0x24C8, 0x1330, 0x1004, 0x0C18, 0x03E0, 0x0000}},
  {65374, {0x0000, 0x0000, 0x0000, 0x0000, 0x0000, 0x0000, 0x0000, 0x3E00, 0x4184, 0x0078, 0x0000, 0x0000, 0x0000, 0x0000, 0x0000, 0x0000}},
  {65509, {0x0000, 0x0000, 0x3838, 0x1010, 0x0820, 0x3FF8, 0x0440, 0x0280, 0x3FF8, 0x0100, 0x0100, 0x0100, 0x0100, 0x0380, 0x0000, 0x0000}},
};
inline constexpr std::size_t kGlyphCount = sizeof(kGlyphs)/sizeof(kGlyphs[0]);
static_assert(kGlyphCount >= 6763, "Unifont glyphs must cover GB2312");
} // namespace thermal_terminal::unifont_data
